ili,qid,synset_definition,synset_id,synset_ili,synset_members,synset_source,synset_wikidata_qids,violation_type,wikidata_description,wikidata_label,category,is_real_violation,categorization_notes
i23969,Q109519169,make void or empty of contents,00450647-v,i23969,empty,OEWN,,single_value,removing the contents of a container,emptying,MULTIPLE_ILIS,REVIEW,"Multiple ILIs (4): i23969, i37484, i37484, i23969"
i37484,Q109519169,the act of removing the contents of something,00396605-n,i37484,emptying|voidance|evacuation,OEWN,,single_value,removing the contents of a container,emptying,MULTIPLE_ILIS,REVIEW,"Multiple ILIs (4): i23969, i37484, i37484, i23969"
i37484,Q109519169,the act of removing the contents of something,00396605-n,i37484,emptying|voidance|evacuation,OEWN,,single_value,removing the contents of a container,emptying,MULTIPLE_ILIS,REVIEW,"Multiple ILIs (4): i23969, i37484, i37484, i23969"
i23969,Q109519169,make void or empty of contents,00450647-v,i23969,empty,OEWN,,single_value,removing the contents of a container,emptying,MULTIPLE_ILIS,REVIEW,"Multiple ILIs (4): i23969, i37484, i37484, i23969"
i35882,Q110458569,getting rid of something that is regarded as useless or undesirable,00092054-n,i35882,discard|throwing away,OEWN,,single_value,getting rid of something no longer wanted,discarding,MULTIPLE_ILIS,REVIEW,"Multiple ILIs (4): i35882, i32865, i32865, i35882"
i32865,Q110458569,dispose of,02228837-v,i32865,get rid of|remove|waste,OEWN,,single_value,getting rid of something no longer wanted,discarding,MULTIPLE_ILIS,REVIEW,"Multiple ILIs (4): i35882, i32865, i32865, i35882"
i32865,Q110458569,dispose of,02228837-v,i32865,get rid of|remove|waste,OEWN,,single_value,getting rid of something no longer wanted,discarding,MULTIPLE_ILIS,REVIEW,"Multiple ILIs (4): i35882, i32865, i32865, i35882"
i35882,Q110458569,getting rid of something that is regarded as useless or undesirable,00092054-n,i35882,discard|throwing away,OEWN,,single_value,getting rid of something no longer wanted,discarding,MULTIPLE_ILIS,REVIEW,"Multiple ILIs (4): i35882, i32865, i32865, i35882"
i29801,Q124174090,apply force so as to cause motion towards the source of the motion,01612191-v,i29801,pull,OEWN,,single_value,act of applying mechanical tension to draw an object closer,pulling,MULTIPLE_ILIS,REVIEW,"Multiple ILIs (4): i29801, i36009, i36009, i29801"
i36009,Q124174090,the act of pulling; applying force to move something toward or with you,00115251-n,i36009,pull|pulling,OEWN,,single_value,act of applying mechanical tension to draw an object closer,pulling,MULTIPLE_ILIS,REVIEW,"Multiple ILIs (4): i29801, i36009, i36009, i29801"
i36009,Q124174090,the act of pulling; applying force to move something toward or with you,00115251-n,i36009,pull|pulling,OEWN,,single_value,act of applying mechanical tension to draw an object closer,pulling,MULTIPLE_ILIS,REVIEW,"Multiple ILIs (4): i29801, i36009, i36009, i29801"
i29801,Q124174090,apply force so as to cause motion towards the source of the motion,01612191-v,i29801,pull,OEWN,,single_value,act of applying mechanical tension to draw an object closer,pulling,MULTIPLE_ILIS,REVIEW,"Multiple ILIs (4): i29801, i36009, i36009, i29801"
i30371,Q130271870,perform music on (a musical instrument),01730049-v,i30371,play,OEWN,,single_value,making sound with a musical instrument,instrument playing,MULTIPLE_ILIS,REVIEW,"Multiple ILIs (4): i30371, i35935, i35935, i30371"
i35935,Q130271870,the act of playing a musical instrument,00102011-n,i35935,playing,OEWN,,single_value,making sound with a musical instrument,instrument playing,MULTIPLE_ILIS,REVIEW,"Multiple ILIs (4): i30371, i35935, i35935, i30371"
i35935,Q130271870,the act of playing a musical instrument,00102011-n,i35935,playing,OEWN,,single_value,making sound with a musical instrument,instrument playing,MULTIPLE_ILIS,REVIEW,"Multiple ILIs (4): i30371, i35935, i35935, i30371"
i30371,Q130271870,perform music on (a musical instrument),01730049-v,i30371,play,OEWN,,single_value,making sound with a musical instrument,instrument playing,MULTIPLE_ILIS,REVIEW,"Multiple ILIs (4): i30371, i35935, i35935, i30371"
i15988,Q138844709,having or consisting of a single cell,02831334-a,i15988,unicellular,OEWN,,single_value,consisting of a single cell,unicellular,MULTIPLE_ILIS,REVIEW,"Multiple ILIs (4): i15988, i1823, i1823, i15988"
i1823,Q138844709,having a single cell (and thus not divided into cells),00329299-s,i1823,single-celled|one-celled,OEWN,,single_value,consisting of a single cell,unicellular,MULTIPLE_ILIS,REVIEW,"Multiple ILIs (4): i15988, i1823, i1823, i15988"
i1823,Q138844709,having a single cell (and thus not divided into cells),00329299-s,i1823,single-celled|one-celled,OEWN,,single_value,consisting of a single cell,unicellular,MULTIPLE_ILIS,REVIEW,"Multiple ILIs (4): i15988, i1823, i1823, i15988"
i15988,Q138844709,having or consisting of a single cell,02831334-a,i15988,unicellular,OEWN,,single_value,consisting of a single cell,unicellular,MULTIPLE_ILIS,REVIEW,"Multiple ILIs (4): i15988, i1823, i1823, i15988"
i32755,Q16509017,transfer possession of something concrete or abstract to somebody,02204104-v,i32755,give,OEWN,,single_value,"transfer of possession; granting, conveying, presenting, offering",giving,MULTIPLE_ILIS,REVIEW,"Multiple ILIs (4): i32755, i41097, i41097, i32755"
i41097,Q16509017,the act of giving,01088005-n,i41097,giving|gift,OEWN,,single_value,"transfer of possession; granting, conveying, presenting, offering",giving,MULTIPLE_ILIS,REVIEW,"Multiple ILIs (4): i32755, i41097, i41097, i32755"
i41097,Q16509017,the act of giving,01088005-n,i41097,giving|gift,OEWN,,single_value,"transfer of possession; granting, conveying, presenting, offering",giving,MULTIPLE_ILIS,REVIEW,"Multiple ILIs (4): i32755, i41097, i41097, i32755"
i32755,Q16509017,transfer possession of something concrete or abstract to somebody,02204104-v,i32755,give,OEWN,,single_value,"transfer of possession; granting, conveying, presenting, offering",giving,MULTIPLE_ILIS,REVIEW,"Multiple ILIs (4): i32755, i41097, i41097, i32755"
i39366,Q2647488,consumption of alcoholic drinks,00749309-n,i39366,intemperance|intemperateness,OEWN,,single_value,drinking of drinks that contain ethanol,alcohol consumption,MULTIPLE_ILIS,REVIEW,"Multiple ILIs (4): i39366, i27471, i27471, i39366"
i27471,Q2647488,consume alcohol,01173463-v,i27471,hit the bottle|drink|booze|fuddle,OEWN,,single_value,drinking of drinks that contain ethanol,alcohol consumption,MULTIPLE_ILIS,REVIEW,"Multiple ILIs (4): i39366, i27471, i27471, i39366"
i27471,Q2647488,consume alcohol,01173463-v,i27471,hit the bottle|drink|booze|fuddle,OEWN,,single_value,drinking of drinks that contain ethanol,alcohol consumption,MULTIPLE_ILIS,REVIEW,"Multiple ILIs (4): i39366, i27471, i27471, i39366"
i39366,Q2647488,consumption of alcoholic drinks,00749309-n,i39366,intemperance|intemperateness,OEWN,,single_value,drinking of drinks that contain ethanol,alcohol consumption,MULTIPLE_ILIS,REVIEW,"Multiple ILIs (4): i39366, i27471, i27471, i39366"
i29506,Q320553,divide a deck of cards at random into two parts to make selection difficult,01558219-v,i29506,cut,OEWN,,single_value,a procedure to split a deck of cards by someone other than the dealer,cut,MULTIPLE_ILIS,REVIEW,"Multiple ILIs (4): i29506, i37954, i37954, i29506"
i37954,Q320553,the division of a deck of cards before dealing,00490486-n,i37954,cut|cutting,OEWN,,single_value,a procedure to split a deck of cards by someone other than the dealer,cut,MULTIPLE_ILIS,REVIEW,"Multiple ILIs (4): i29506, i37954, i37954, i29506"
i37954,Q320553,the division of a deck of cards before dealing,00490486-n,i37954,cut|cutting,OEWN,,single_value,a procedure to split a deck of cards by someone other than the dealer,cut,MULTIPLE_ILIS,REVIEW,"Multiple ILIs (4): i29506, i37954, i37954, i29506"
i29506,Q320553,divide a deck of cards at random into two parts to make selection difficult,01558219-v,i29506,cut,OEWN,,single_value,a procedure to split a deck of cards by someone other than the dealer,cut,MULTIPLE_ILIS,REVIEW,"Multiple ILIs (4): i29506, i37954, i37954, i29506"
i27552,Q333203,gradually deprive (infants and young mammals) of mother's milk,01189491-v,i27552,wean|ablactate,OEWN,,single_value,process of replacing breastmilk with solid foods in infants,weaning,MULTIPLE_ILIS,REVIEW,"Multiple ILIs (4): i27552, i36451, i36451, i27552"
i36451,Q333203,the act of substituting other food for the mother's milk in the diet of a child or young mammal,00199119-n,i36451,weaning|ablactation,OEWN,,single_value,process of replacing breastmilk with solid foods in infants,weaning,MULTIPLE_ILIS,REVIEW,"Multiple ILIs (4): i27552, i36451, i36451, i27552"
i36451,Q333203,the act of substituting other food for the mother's milk in the diet of a child or young mammal,00199119-n,i36451,weaning|ablactation,OEWN,,single_value,process of replacing breastmilk with solid foods in infants,weaning,MULTIPLE_ILIS,REVIEW,"Multiple ILIs (4): i27552, i36451, i36451, i27552"
i27552,Q333203,gradually deprive (infants and young mammals) of mother's milk,01189491-v,i27552,wean|ablactate,OEWN,,single_value,process of replacing breastmilk with solid foods in infants,weaning,MULTIPLE_ILIS,REVIEW,"Multiple ILIs (4): i27552, i36451, i36451, i27552"
i34211,Q4096995,arrange for and reserve (something for someone else) in advance,02503969-v,i34211,reserve|hold|book,OEWN,,single_value,"scheduling of a service, such as accommodation in an hotel",booking,MULTIPLE_ILIS,REVIEW,"Multiple ILIs (4): i34211, i41768, i41768, i34211"
i41768,Q4096995,the act of reserving (a place or passage) or engaging the services of (a person or group),01220817-n,i41768,booking|reservation,OEWN,,single_value,"scheduling of a service, such as accommodation in an hotel",booking,MULTIPLE_ILIS,REVIEW,"Multiple ILIs (4): i34211, i41768, i41768, i34211"
i41768,Q4096995,the act of reserving (a place or passage) or engaging the services of (a person or group),01220817-n,i41768,booking|reservation,OEWN,,single_value,"scheduling of a service, such as accommodation in an hotel",booking,MULTIPLE_ILIS,REVIEW,"Multiple ILIs (4): i34211, i41768, i41768, i34211"
i34211,Q4096995,arrange for and reserve (something for someone else) in advance,02503969-v,i34211,reserve|hold|book,OEWN,,single_value,"scheduling of a service, such as accommodation in an hotel",booking,MULTIPLE_ILIS,REVIEW,"Multiple ILIs (4): i34211, i41768, i41768, i34211"
i23984,Q62069734,"make full, also in a metaphorical sense",00453467-v,i23984,fill|fill up|make full,OEWN,,single_value,process of adding contents and making full,filling,MULTIPLE_ILIS,REVIEW,"Multiple ILIs (4): i23984, i37519, i37519, i23984"
i37519,Q62069734,the act of filling something,00403343-n,i37519,filling,OEWN,,single_value,process of adding contents and making full,filling,MULTIPLE_ILIS,REVIEW,"Multiple ILIs (4): i23984, i37519, i37519, i23984"
i37519,Q62069734,the act of filling something,00403343-n,i37519,filling,OEWN,,single_value,process of adding contents and making full,filling,MULTIPLE_ILIS,REVIEW,"Multiple ILIs (4): i23984, i37519, i37519, i23984"
i23984,Q62069734,"make full, also in a metaphorical sense",00453467-v,i23984,fill|fill up|make full,OEWN,,single_value,process of adding contents and making full,filling,MULTIPLE_ILIS,REVIEW,"Multiple ILIs (4): i23984, i37519, i37519, i23984"
i37500,Q65757353,the act of changing in form or shape or appearance,00399512-n,i37500,transformation|translation,OEWN,,single_value,process involving change into a qualitatively different form,transformation,MULTIPLE_ILIS,REVIEW,"Multiple ILIs (4): i37500, i23647, i23647, i37500"
i23647,Q65757353,"change or alter in form, appearance, or nature",00383306-v,i23647,transform|transmute|transubstantiate,OEWN,,single_value,process involving change into a qualitatively different form,transformation,MULTIPLE_ILIS,REVIEW,"Multiple ILIs (4): i37500, i23647, i23647, i37500"
i23647,Q65757353,"change or alter in form, appearance, or nature",00383306-v,i23647,transform|transmute|transubstantiate,OEWN,,single_value,process involving change into a qualitatively different form,transformation,MULTIPLE_ILIS,REVIEW,"Multiple ILIs (4): i37500, i23647, i23647, i37500"
i37500,Q65757353,the act of changing in form or shape or appearance,00399512-n,i37500,transformation|translation,OEWN,,single_value,process involving change into a qualitatively different form,transformation,MULTIPLE_ILIS,REVIEW,"Multiple ILIs (4): i37500, i23647, i23647, i37500"
i31065,Q69396773,move with force,01875972-v,i31065,push|force,OEWN,,single_value,causing an item to move by applying a compressive force to it,pushing,MULTIPLE_ILIS,REVIEW,"Multiple ILIs (4): i31065, i35999, i35999, i31065"
i35999,Q69396773,the act of applying force in order to move something away,00113132-n,i35999,push|pushing,OEWN,,single_value,causing an item to move by applying a compressive force to it,pushing,MULTIPLE_ILIS,REVIEW,"Multiple ILIs (4): i31065, i35999, i35999, i31065"
i35999,Q69396773,the act of applying force in order to move something away,00113132-n,i35999,push|pushing,OEWN,,single_value,causing an item to move by applying a compressive force to it,pushing,MULTIPLE_ILIS,REVIEW,"Multiple ILIs (4): i31065, i35999, i35999, i31065"
i31065,Q69396773,move with force,01875972-v,i31065,push|force,OEWN,,single_value,causing an item to move by applying a compressive force to it,pushing,MULTIPLE_ILIS,REVIEW,"Multiple ILIs (4): i31065, i35999, i35999, i31065"
i26880,Q7548771,refuse to acknowledge,01061436-v,i26880,ignore|disregard|snub|cut,OEWN,,single_value,a refusal to socially acknowledge an acquaintance,snub,MULTIPLE_ILIS,REVIEW,"Multiple ILIs (4): i26880, i41811, i41811, i26880"
i41811,Q7548771,a refusal to recognize someone you know,01228486-n,i41811,snub|cut|cold shoulder,OEWN,,single_value,a refusal to socially acknowledge an acquaintance,snub,MULTIPLE_ILIS,REVIEW,"Multiple ILIs (4): i26880, i41811, i41811, i26880"
i41811,Q7548771,a refusal to recognize someone you know,01228486-n,i41811,snub|cut|cold shoulder,OEWN,,single_value,a refusal to socially acknowledge an acquaintance,snub,MULTIPLE_ILIS,REVIEW,"Multiple ILIs (4): i26880, i41811, i41811, i26880"
i26880,Q7548771,refuse to acknowledge,01061436-v,i26880,ignore|disregard|snub|cut,OEWN,,single_value,a refusal to socially acknowledge an acquaintance,snub,MULTIPLE_ILIS,REVIEW,"Multiple ILIs (4): i26880, i41811, i41811, i26880"
i27466,Q876776,take in liquids,01172332-v,i27466,drink|imbibe,OEWN,,single_value,ingesting water or other liquids into the body through the mouth,drinking,MULTIPLE_ILIS,REVIEW,"Multiple ILIs (4): i27466, i39834, i39834, i27466"
i39834,Q876776,the act of consuming liquids,00844789-n,i39834,drinking|imbibing|imbibition,OEWN,,single_value,ingesting water or other liquids into the body through the mouth,drinking,MULTIPLE_ILIS,REVIEW,"Multiple ILIs (4): i27466, i39834, i39834, i27466"
i39834,Q876776,the act of consuming liquids,00844789-n,i39834,drinking|imbibing|imbibition,OEWN,,single_value,ingesting water or other liquids into the body through the mouth,drinking,MULTIPLE_ILIS,REVIEW,"Multiple ILIs (4): i27466, i39834, i39834, i27466"
i27466,Q876776,take in liquids,01172332-v,i27466,drink|imbibe,OEWN,,single_value,ingesting water or other liquids into the body through the mouth,drinking,MULTIPLE_ILIS,REVIEW,"Multiple ILIs (4): i27466, i39834, i39834, i27466"
i100254,Q3978815,annual Eurasian herb similar in fragrance and medicinal uses to chamomile though taste is more bitter and effect is considered inferior,12015561-n,i100254,sweet false chamomile|wild chamomile|German chamomile|Matricaria recutita|Matricaria chamomilla,OEWN,Q28437,unique_value,species of plant,Matricaria recutita,UNIQUE_VALUE_VIOLATION,REVIEW,"ILI i100254 maps to multiple QIDs: Q3978815, Q28437, Q28437, Q3978815"
i100254,Q28437,annual Eurasian herb similar in fragrance and medicinal uses to chamomile though taste is more bitter and effect is considered inferior,12015561-n,i100254,sweet false chamomile|wild chamomile|German chamomile|Matricaria recutita|Matricaria chamomilla,OEWN,Q28437,unique_value,species of plant,Matricaria chamomilla,UNIQUE_VALUE_VIOLATION,REVIEW,"ILI i100254 maps to multiple QIDs: Q3978815, Q28437, Q28437, Q3978815"
i100254,Q28437,annual Eurasian herb similar in fragrance and medicinal uses to chamomile though taste is more bitter and effect is considered inferior,12015561-n,i100254,sweet false chamomile|wild chamomile|German chamomile|Matricaria recutita|Matricaria chamomilla,OEWN,Q28437,unique_value,species of plant,Matricaria chamomilla,UNIQUE_VALUE_VIOLATION,REVIEW,"ILI i100254 maps to multiple QIDs: Q3978815, Q28437, Q28437, Q3978815"
i100254,Q3978815,annual Eurasian herb similar in fragrance and medicinal uses to chamomile though taste is more bitter and effect is considered inferior,12015561-n,i100254,sweet false chamomile|wild chamomile|German chamomile|Matricaria recutita|Matricaria chamomilla,OEWN,Q28437,unique_value,species of plant,Matricaria recutita,UNIQUE_VALUE_VIOLATION,REVIEW,"ILI i100254 maps to multiple QIDs: Q3978815, Q28437, Q28437, Q3978815"
i100316,Q104247213,the state flower of Maryland; of central and southeastern United States; having daisylike flowers with dark centers and yellow to orange rays,12028956-n,i100316,black-eyed Susan|Rudbeckia hirta|Rudbeckia serotina,OEWN,Q104247213,unique_value,species of plant,Rudbeckia serotina,UNIQUE_VALUE_VIOLATION,REVIEW,"ILI i100316 maps to multiple QIDs: Q104247213, Q2532820, Q2532820, Q104247213"
i100316,Q2532820,the state flower of Maryland; of central and southeastern United States; having daisylike flowers with dark centers and yellow to orange rays,12028956-n,i100316,black-eyed Susan|Rudbeckia hirta|Rudbeckia serotina,OEWN,Q104247213,unique_value,species of plant,Rudbeckia hirta,UNIQUE_VALUE_VIOLATION,REVIEW,"ILI i100316 maps to multiple QIDs: Q104247213, Q2532820, Q2532820, Q104247213"
i100316,Q2532820,the state flower of Maryland; of central and southeastern United States; having daisylike flowers with dark centers and yellow to orange rays,12028956-n,i100316,black-eyed Susan|Rudbeckia hirta|Rudbeckia serotina,OEWN,Q104247213,unique_value,species of plant,Rudbeckia hirta,UNIQUE_VALUE_VIOLATION,REVIEW,"ILI i100316 maps to multiple QIDs: Q104247213, Q2532820, Q2532820, Q104247213"
i100316,Q104247213,the state flower of Maryland; of central and southeastern United States; having daisylike flowers with dark centers and yellow to orange rays,12028956-n,i100316,black-eyed Susan|Rudbeckia hirta|Rudbeckia serotina,OEWN,Q104247213,unique_value,species of plant,Rudbeckia serotina,UNIQUE_VALUE_VIOLATION,REVIEW,"ILI i100316 maps to multiple QIDs: Q104247213, Q2532820, Q2532820, Q104247213"
i100342,Q1431474,low much-branched perennial of western United States having silvery leaves; an important browse and shelter plant,12034554-n,i100342,silver sage|silver sagebrush|grey sage|gray sage|Seriphidium canum|Artemisia cana,OEWN,Q1431474|Q583160|Q15562485,unique_value,species of plant,Salvia argentea,UNIQUE_VALUE_VIOLATION,REVIEW,"ILI i100342 maps to multiple QIDs: Q1431474, Q583160, Q583160, Q1431474"
i100342,Q583160,low much-branched perennial of western United States having silvery leaves; an important browse and shelter plant,12034554-n,i100342,silver sage|silver sagebrush|grey sage|gray sage|Seriphidium canum|Artemisia cana,OEWN,Q1431474|Q583160|Q15562485,unique_value,species of plant,Artemisia cana,UNIQUE_VALUE_VIOLATION,REVIEW,"ILI i100342 maps to multiple QIDs: Q1431474, Q583160, Q583160, Q1431474"
i100342,Q583160,low much-branched perennial of western United States having silvery leaves; an important browse and shelter plant,12034554-n,i100342,silver sage|silver sagebrush|grey sage|gray sage|Seriphidium canum|Artemisia cana,OEWN,Q1431474|Q583160|Q15562485,unique_value,species of plant,Artemisia cana,UNIQUE_VALUE_VIOLATION,REVIEW,"ILI i100342 maps to multiple QIDs: Q1431474, Q583160, Q583160, Q1431474"
i100342,Q1431474,low much-branched perennial of western United States having silvery leaves; an important browse and shelter plant,12034554-n,i100342,silver sage|silver sagebrush|grey sage|gray sage|Seriphidium canum|Artemisia cana,OEWN,Q1431474|Q583160|Q15562485,unique_value,species of plant,Salvia argentea,UNIQUE_VALUE_VIOLATION,REVIEW,"ILI i100342 maps to multiple QIDs: Q1431474, Q583160, Q583160, Q1431474"
i101316,Q7607619,tree or tall shrub with shiny leaves and umbels of fragrant creamy-white flowers; yields hard heavy reddish wood,12243677-n,i101316,scrub beefwood|beefwood|Stenocarpus salignus,OEWN,Q7607619,unique_value,species of plant,Stenocarpus salignus,UNIQUE_VALUE_VIOLATION,REVIEW,"ILI i101316 maps to multiple QIDs: Q7607619, Q4879779, Q4879779, Q7607619"
i101316,Q4879779,tree or tall shrub with shiny leaves and umbels of fragrant creamy-white flowers; yields hard heavy reddish wood,12243677-n,i101316,scrub beefwood|beefwood|Stenocarpus salignus,OEWN,Q7607619,unique_value,Wikimedia disambiguation page,Beefwood,UNIQUE_VALUE_VIOLATION,REVIEW,"ILI i101316 maps to multiple QIDs: Q7607619, Q4879779, Q4879779, Q7607619"
i101316,Q4879779,tree or tall shrub with shiny leaves and umbels of fragrant creamy-white flowers; yields hard heavy reddish wood,12243677-n,i101316,scrub beefwood|beefwood|Stenocarpus salignus,OEWN,Q7607619,unique_value,Wikimedia disambiguation page,Beefwood,UNIQUE_VALUE_VIOLATION,REVIEW,"ILI i101316 maps to multiple QIDs: Q7607619, Q4879779, Q4879779, Q7607619"
i101316,Q7607619,tree or tall shrub with shiny leaves and umbels of fragrant creamy-white flowers; yields hard heavy reddish wood,12243677-n,i101316,scrub beefwood|beefwood|Stenocarpus salignus,OEWN,Q7607619,unique_value,species of plant,Stenocarpus salignus,UNIQUE_VALUE_VIOLATION,REVIEW,"ILI i101316 maps to multiple QIDs: Q7607619, Q4879779, Q4879779, Q7607619"
i101844,Q3004081,a genus of tropical American trees and shrubs of the myrtle family,12353383-n,i101844,Myrciaria|genus Myrciaria|Myrcia,OENN,Q2470494|Q3004081,unique_value,genus of plants,Myrcia,UNIQUE_VALUE_VIOLATION,REVIEW,"ILI i101844 maps to multiple QIDs: Q3004081, Q2470494, Q2470494, Q3004081"
i101844,Q2470494,a genus of tropical American trees and shrubs of the myrtle family,12353383-n,i101844,Myrciaria|genus Myrciaria|Myrcia,OENN,Q2470494|Q3004081,unique_value,genus of plants,Myrciaria,UNIQUE_VALUE_VIOLATION,REVIEW,"ILI i101844 maps to multiple QIDs: Q3004081, Q2470494, Q2470494, Q3004081"
i101844,Q2470494,a genus of tropical American trees and shrubs of the myrtle family,12353383-n,i101844,Myrciaria|genus Myrciaria|Myrcia,OENN,Q2470494|Q3004081,unique_value,genus of plants,Myrciaria,UNIQUE_VALUE_VIOLATION,REVIEW,"ILI i101844 maps to multiple QIDs: Q3004081, Q2470494, Q2470494, Q3004081"
i101844,Q3004081,a genus of tropical American trees and shrubs of the myrtle family,12353383-n,i101844,Myrciaria|genus Myrciaria|Myrcia,OENN,Q2470494|Q3004081,unique_value,genus of plants,Myrcia,UNIQUE_VALUE_VIOLATION,REVIEW,"ILI i101844 maps to multiple QIDs: Q3004081, Q2470494, Q2470494, Q3004081"
i101862,Q5850228,somewhat crooked red gum tree growing chiefly along rivers; has durable reddish lumber used in heavy construction,12356850-n,i101862,river red gum|river gum|Eucalyptus camaldulensis|Eucalyptus rostrata,OEWN,Q162822|Q5850228,unique_value,species of plant,Eucalyptus rostrata,UNIQUE_VALUE_VIOLATION,REVIEW,"ILI i101862 maps to multiple QIDs: Q5850228, Q162822, Q162822, Q5850228"
i101862,Q162822,somewhat crooked red gum tree growing chiefly along rivers; has durable reddish lumber used in heavy construction,12356850-n,i101862,river red gum|river gum|Eucalyptus camaldulensis|Eucalyptus rostrata,OEWN,Q162822|Q5850228,unique_value,Species of plant,Eucalyptus camaldulensis,UNIQUE_VALUE_VIOLATION,REVIEW,"ILI i101862 maps to multiple QIDs: Q5850228, Q162822, Q162822, Q5850228"
i101862,Q162822,somewhat crooked red gum tree growing chiefly along rivers; has durable reddish lumber used in heavy construction,12356850-n,i101862,river red gum|river gum|Eucalyptus camaldulensis|Eucalyptus rostrata,OEWN,Q162822|Q5850228,unique_value,Species of plant,Eucalyptus camaldulensis,UNIQUE_VALUE_VIOLATION,REVIEW,"ILI i101862 maps to multiple QIDs: Q5850228, Q162822, Q162822, Q5850228"
i101862,Q5850228,somewhat crooked red gum tree growing chiefly along rivers; has durable reddish lumber used in heavy construction,12356850-n,i101862,river red gum|river gum|Eucalyptus camaldulensis|Eucalyptus rostrata,OEWN,Q162822|Q5850228,unique_value,species of plant,Eucalyptus rostrata,UNIQUE_VALUE_VIOLATION,REVIEW,"ILI i101862 maps to multiple QIDs: Q5850228, Q162822, Q162822, Q5850228"
i102013,Q2089493,low spreading tree of Indonesia yielding an orange to brown gum resin (gamboge) used as a pigment when powdered,12387387-n,i102013,gamboge tree|Garcinia hanburyi|Garcinia cambogia|Garcinia gummi-gutta,OEWN,Q767747|Q2089493|Q18187249,unique_value,species of plant,Garcinia cambogia,UNIQUE_VALUE_VIOLATION,REVIEW,"ILI i102013 maps to multiple QIDs: Q2089493, Q767747, Q767747, Q2089493"
i102013,Q767747,low spreading tree of Indonesia yielding an orange to brown gum resin (gamboge) used as a pigment when powdered,12387387-n,i102013,gamboge tree|Garcinia hanburyi|Garcinia cambogia|Garcinia gummi-gutta,OEWN,Q767747|Q2089493|Q18187249,unique_value,species of plant,Garcinia hanburyi,UNIQUE_VALUE_VIOLATION,REVIEW,"ILI i102013 maps to multiple QIDs: Q2089493, Q767747, Q767747, Q2089493"
i102013,Q767747,low spreading tree of Indonesia yielding an orange to brown gum resin (gamboge) used as a pigment when powdered,12387387-n,i102013,gamboge tree|Garcinia hanburyi|Garcinia cambogia|Garcinia gummi-gutta,OEWN,Q767747|Q2089493|Q18187249,unique_value,species of plant,Garcinia hanburyi,UNIQUE_VALUE_VIOLATION,REVIEW,"ILI i102013 maps to multiple QIDs: Q2089493, Q767747, Q767747, Q2089493"
i102013,Q2089493,low spreading tree of Indonesia yielding an orange to brown gum resin (gamboge) used as a pigment when powdered,12387387-n,i102013,gamboge tree|Garcinia hanburyi|Garcinia cambogia|Garcinia gummi-gutta,OEWN,Q767747|Q2089493|Q18187249,unique_value,species of plant,Garcinia cambogia,UNIQUE_VALUE_VIOLATION,REVIEW,"ILI i102013 maps to multiple QIDs: Q2089493, Q767747, Q767747, Q2089493"
i102034,Q343300,climbing vine native to China; cultivated in New Zealand for its fuzzy edible fruit with green meat,12391956-n,i102034,Chinese gooseberry|kiwi|kiwi vine|Actinidia chinensis|Actinidia deliciosa,OEWN,Q343300|Q163522,unique_value,species of plant,Actinidia deliciosa,UNIQUE_VALUE_VIOLATION,REVIEW,"ILI i102034 maps to multiple QIDs: Q343300, Q163522, Q163522, Q343300"
i102034,Q163522,climbing vine native to China; cultivated in New Zealand for its fuzzy edible fruit with green meat,12391956-n,i102034,Chinese gooseberry|kiwi|kiwi vine|Actinidia chinensis|Actinidia deliciosa,OEWN,Q343300|Q163522,unique_value,species of plant,Actinidia chinensis,UNIQUE_VALUE_VIOLATION,REVIEW,"ILI i102034 maps to multiple QIDs: Q343300, Q163522, Q163522, Q343300"
i102034,Q163522,climbing vine native to China; cultivated in New Zealand for its fuzzy edible fruit with green meat,12391956-n,i102034,Chinese gooseberry|kiwi|kiwi vine|Actinidia chinensis|Actinidia deliciosa,OEWN,Q343300|Q163522,unique_value,species of plant,Actinidia chinensis,UNIQUE_VALUE_VIOLATION,REVIEW,"ILI i102034 maps to multiple QIDs: Q343300, Q163522, Q163522, Q343300"
i102034,Q343300,climbing vine native to China; cultivated in New Zealand for its fuzzy edible fruit with green meat,12391956-n,i102034,Chinese gooseberry|kiwi|kiwi vine|Actinidia chinensis|Actinidia deliciosa,OEWN,Q343300|Q163522,unique_value,species of plant,Actinidia deliciosa,UNIQUE_VALUE_VIOLATION,REVIEW,"ILI i102034 maps to multiple QIDs: Q343300, Q163522, Q163522, Q343300"
i102518,Q7226448,North American perennial herb with smooth foliage and drooping tubular greenish flowers,12494923-n,i102518,great Solomon's-seal|Polygonatum biflorum|Polygonatum commutatum,OEWN,Q7226448|Q4117736,unique_value,species of plant,Polygonatum commutatum,UNIQUE_VALUE_VIOLATION,REVIEW,"ILI i102518 maps to multiple QIDs: Q7226448, Q4117736, Q4117736, Q7226448"
i102518,Q4117736,North American perennial herb with smooth foliage and drooping tubular greenish flowers,12494923-n,i102518,great Solomon's-seal|Polygonatum biflorum|Polygonatum commutatum,OEWN,Q7226448|Q4117736,unique_value,species of plant,Polygonatum biflorum,UNIQUE_VALUE_VIOLATION,REVIEW,"ILI i102518 maps to multiple QIDs: Q7226448, Q4117736, Q4117736, Q7226448"
i102518,Q4117736,North American perennial herb with smooth foliage and drooping tubular greenish flowers,12494923-n,i102518,great Solomon's-seal|Polygonatum biflorum|Polygonatum commutatum,OEWN,Q7226448|Q4117736,unique_value,species of plant,Polygonatum biflorum,UNIQUE_VALUE_VIOLATION,REVIEW,"ILI i102518 maps to multiple QIDs: Q7226448, Q4117736, Q4117736, Q7226448"
i102518,Q7226448,North American perennial herb with smooth foliage and drooping tubular greenish flowers,12494923-n,i102518,great Solomon's-seal|Polygonatum biflorum|Polygonatum commutatum,OEWN,Q7226448|Q4117736,unique_value,species of plant,Polygonatum commutatum,UNIQUE_VALUE_VIOLATION,REVIEW,"ILI i102518 maps to multiple QIDs: Q7226448, Q4117736, Q4117736, Q7226448"
i102636,Q21872227,cosmopolitan tropical herb or subshrub with yellow flowers and slender curved pods; a weed; sometimes placed in genus Cassia,12521023-n,i102636,sicklepod|Senna obtusifolia|Cassia tora,OEWN,Q21872227|Q1378803,unique_value,species of plant,Cassia tora,UNIQUE_VALUE_VIOLATION,REVIEW,"ILI i102636 maps to multiple QIDs: Q21872227, Q1378803, Q1378803, Q21872227"
i102636,Q1378803,cosmopolitan tropical herb or subshrub with yellow flowers and slender curved pods; a weed; sometimes placed in genus Cassia,12521023-n,i102636,sicklepod|Senna obtusifolia|Cassia tora,OEWN,Q21872227|Q1378803,unique_value,species of legume,Senna obtusifolia,UNIQUE_VALUE_VIOLATION,REVIEW,"ILI i102636 maps to multiple QIDs: Q21872227, Q1378803, Q1378803, Q21872227"
i102636,Q1378803,cosmopolitan tropical herb or subshrub with yellow flowers and slender curved pods; a weed; sometimes placed in genus Cassia,12521023-n,i102636,sicklepod|Senna obtusifolia|Cassia tora,OEWN,Q21872227|Q1378803,unique_value,species of legume,Senna obtusifolia,UNIQUE_VALUE_VIOLATION,REVIEW,"ILI i102636 maps to multiple QIDs: Q21872227, Q1378803, Q1378803, Q21872227"
i102636,Q21872227,cosmopolitan tropical herb or subshrub with yellow flowers and slender curved pods; a weed; sometimes placed in genus Cassia,12521023-n,i102636,sicklepod|Senna obtusifolia|Cassia tora,OEWN,Q21872227|Q1378803,unique_value,species of plant,Cassia tora,UNIQUE_VALUE_VIOLATION,REVIEW,"ILI i102636 maps to multiple QIDs: Q21872227, Q1378803, Q1378803, Q21872227"
i102693,Q15531292,shrub of Canary Islands having bristle-tipped oblanceolate leaves; used as cattle fodder,12535097-n,i102693,tagasaste|Chamaecytisus palmensis|Cytesis proliferus,OEWN,Q15531292|Q7675170,unique_value,species of plant,Cytisus proliferus,UNIQUE_VALUE_VIOLATION,REVIEW,"ILI i102693 maps to multiple QIDs: Q15531292, Q7675170, Q7675170, Q15531292"
i102693,Q7675170,shrub of Canary Islands having bristle-tipped oblanceolate leaves; used as cattle fodder,12535097-n,i102693,tagasaste|Chamaecytisus palmensis|Cytesis proliferus,OEWN,Q15531292|Q7675170,unique_value,species of plant,Chamaecytisus palmensis,UNIQUE_VALUE_VIOLATION,REVIEW,"ILI i102693 maps to multiple QIDs: Q15531292, Q7675170, Q7675170, Q15531292"
i102693,Q7675170,shrub of Canary Islands having bristle-tipped oblanceolate leaves; used as cattle fodder,12535097-n,i102693,tagasaste|Chamaecytisus palmensis|Cytesis proliferus,OEWN,Q15531292|Q7675170,unique_value,species of plant,Chamaecytisus palmensis,UNIQUE_VALUE_VIOLATION,REVIEW,"ILI i102693 maps to multiple QIDs: Q15531292, Q7675170, Q7675170, Q15531292"
i102693,Q15531292,shrub of Canary Islands having bristle-tipped oblanceolate leaves; used as cattle fodder,12535097-n,i102693,tagasaste|Chamaecytisus palmensis|Cytesis proliferus,OEWN,Q15531292|Q7675170,unique_value,species of plant,Cytisus proliferus,UNIQUE_VALUE_VIOLATION,REVIEW,"ILI i102693 maps to multiple QIDs: Q15531292, Q7675170, Q7675170, Q15531292"
i102781,Q8000935,North American plant similar to true licorice and having a root with similar properties,12553695-n,i102781,wild licorice|wild liquorice|American licorice|American liquorice|Glycyrrhiza lepidota,OEWN,Q164138,unique_value,Wikimedia disambiguation page,Wild liquorice,UNIQUE_VALUE_VIOLATION,REVIEW,"ILI i102781 maps to multiple QIDs: Q8000935, Q164138, Q164138, Q8000935"
i102781,Q164138,North American plant similar to true licorice and having a root with similar properties,12553695-n,i102781,wild licorice|wild liquorice|American licorice|American liquorice|Glycyrrhiza lepidota,OEWN,Q164138,unique_value,species of plant,American licorice,UNIQUE_VALUE_VIOLATION,REVIEW,"ILI i102781 maps to multiple QIDs: Q8000935, Q164138, Q164138, Q8000935"
i102781,Q164138,North American plant similar to true licorice and having a root with similar properties,12553695-n,i102781,wild licorice|wild liquorice|American licorice|American liquorice|Glycyrrhiza lepidota,OEWN,Q164138,unique_value,species of plant,American licorice,UNIQUE_VALUE_VIOLATION,REVIEW,"ILI i102781 maps to multiple QIDs: Q8000935, Q164138, Q164138, Q8000935"
i102781,Q8000935,North American plant similar to true licorice and having a root with similar properties,12553695-n,i102781,wild licorice|wild liquorice|American licorice|American liquorice|Glycyrrhiza lepidota,OEWN,Q164138,unique_value,Wikimedia disambiguation page,Wild liquorice,UNIQUE_VALUE_VIOLATION,REVIEW,"ILI i102781 maps to multiple QIDs: Q8000935, Q164138, Q164138, Q8000935"
i103173,Q2720105,submersed plant with whorled lanceolate leaves and solitary axillary flowers; Old World plant naturalized in southern United States and clogging Florida's waterways,12634467-n,i103173,hydrilla|Hydrilla verticillata,OEWN,Q164181,unique_value,genus of aquatic plant,Hydrilla,UNIQUE_VALUE_VIOLATION,REVIEW,"ILI i103173 maps to multiple QIDs: Q2720105, Q164181, Q164181, Q2720105"
i103173,Q164181,submersed plant with whorled lanceolate leaves and solitary axillary flowers; Old World plant naturalized in southern United States and clogging Florida's waterways,12634467-n,i103173,hydrilla|Hydrilla verticillata,OEWN,Q164181,unique_value,species of plant,Hydrilla verticillata,UNIQUE_VALUE_VIOLATION,REVIEW,"ILI i103173 maps to multiple QIDs: Q2720105, Q164181, Q164181, Q2720105"
i103173,Q164181,submersed plant with whorled lanceolate leaves and solitary axillary flowers; Old World plant naturalized in southern United States and clogging Florida's waterways,12634467-n,i103173,hydrilla|Hydrilla verticillata,OEWN,Q164181,unique_value,species of plant,Hydrilla verticillata,UNIQUE_VALUE_VIOLATION,REVIEW,"ILI i103173 maps to multiple QIDs: Q2720105, Q164181, Q164181, Q2720105"
i103173,Q2720105,submersed plant with whorled lanceolate leaves and solitary axillary flowers; Old World plant naturalized in southern United States and clogging Florida's waterways,12634467-n,i103173,hydrilla|Hydrilla verticillata,OEWN,Q164181,unique_value,genus of aquatic plant,Hydrilla,UNIQUE_VALUE_VIOLATION,REVIEW,"ILI i103173 maps to multiple QIDs: Q2720105, Q164181, Q164181, Q2720105"
i103366,Q7376205,stout-stemmed trailing shrub of New Zealand that scrambles over other growth,12674197-n,i103366,lawyerbush|lawyer bush|bush lawyer|Rubus cissoides|Rubus australis,OEWN,Q7376203|Q7376205,unique_value,species of plant,Rubus cissoides,UNIQUE_VALUE_VIOLATION,REVIEW,"ILI i103366 maps to multiple QIDs: Q7376205, Q7376203, Q7376203, Q7376205"
i103366,Q7376203,stout-stemmed trailing shrub of New Zealand that scrambles over other growth,12674197-n,i103366,lawyerbush|lawyer bush|bush lawyer|Rubus cissoides|Rubus australis,OEWN,Q7376203|Q7376205,unique_value,species of plant,Rubus australis,UNIQUE_VALUE_VIOLATION,REVIEW,"ILI i103366 maps to multiple QIDs: Q7376205, Q7376203, Q7376203, Q7376205"
i103366,Q7376203,stout-stemmed trailing shrub of New Zealand that scrambles over other growth,12674197-n,i103366,lawyerbush|lawyer bush|bush lawyer|Rubus cissoides|Rubus australis,OEWN,Q7376203|Q7376205,unique_value,species of plant,Rubus australis,UNIQUE_VALUE_VIOLATION,REVIEW,"ILI i103366 maps to multiple QIDs: Q7376205, Q7376203, Q7376203, Q7376205"
i103366,Q7376205,stout-stemmed trailing shrub of New Zealand that scrambles over other growth,12674197-n,i103366,lawyerbush|lawyer bush|bush lawyer|Rubus cissoides|Rubus australis,OEWN,Q7376203|Q7376205,unique_value,species of plant,Rubus cissoides,UNIQUE_VALUE_VIOLATION,REVIEW,"ILI i103366 maps to multiple QIDs: Q7376205, Q7376203, Q7376203, Q7376205"
i103422,Q5120189,Peruvian shrub or small tree having large glossy leaves and cymes of fragrant yellow to green or red flowers; cultivated for its medicinal bark,12684948-n,i103422,calisaya|Cinchona officinalis|Cinchona ledgeriana|Cinchona calisaya,OEWN,Q3091779|Q5120189|Q15399753,unique_value,species of plant,Cinchona ledgeriana,UNIQUE_VALUE_VIOLATION,REVIEW,"ILI i103422 maps to multiple QIDs: Q5120189, Q3091779, Q3091779, Q5120189"
i103422,Q3091779,Peruvian shrub or small tree having large glossy leaves and cymes of fragrant yellow to green or red flowers; cultivated for its medicinal bark,12684948-n,i103422,calisaya|Cinchona officinalis|Cinchona ledgeriana|Cinchona calisaya,OEWN,Q3091779|Q5120189|Q15399753,unique_value,Species of plant,Cinchona officinalis,UNIQUE_VALUE_VIOLATION,REVIEW,"ILI i103422 maps to multiple QIDs: Q5120189, Q3091779, Q3091779, Q5120189"
i103422,Q3091779,Peruvian shrub or small tree having large glossy leaves and cymes of fragrant yellow to green or red flowers; cultivated for its medicinal bark,12684948-n,i103422,calisaya|Cinchona officinalis|Cinchona ledgeriana|Cinchona calisaya,OEWN,Q3091779|Q5120189|Q15399753,unique_value,Species of plant,Cinchona officinalis,UNIQUE_VALUE_VIOLATION,REVIEW,"ILI i103422 maps to multiple QIDs: Q5120189, Q3091779, Q3091779, Q5120189"
i103422,Q5120189,Peruvian shrub or small tree having large glossy leaves and cymes of fragrant yellow to green or red flowers; cultivated for its medicinal bark,12684948-n,i103422,calisaya|Cinchona officinalis|Cinchona ledgeriana|Cinchona calisaya,OEWN,Q3091779|Q5120189|Q15399753,unique_value,species of plant,Cinchona ledgeriana,UNIQUE_VALUE_VIOLATION,REVIEW,"ILI i103422 maps to multiple QIDs: Q5120189, Q3091779, Q3091779, Q5120189"
i104970,Q49439977,a fungus that attacks living fish and tadpoles and spawn causing white fungus disease: a coating of white hyphae on especially peripheral parts (as fins),13000589-n,i104970,white fungus|Saprolegnia ferax,OEWN,Q49439977,unique_value,species of fungus,Saprolegnia ferax,UNIQUE_VALUE_VIOLATION,REVIEW,"ILI i104970 maps to multiple QIDs: Q49439977, Q7994710, Q7994710, Q49439977"
i104970,Q7994710,a fungus that attacks living fish and tadpoles and spawn causing white fungus disease: a coating of white hyphae on especially peripheral parts (as fins),13000589-n,i104970,white fungus|Saprolegnia ferax,OEWN,Q49439977,unique_value,"art magazine and project based in Taichung City, Taiwan",White Fungus,UNIQUE_VALUE_VIOLATION,REVIEW,"ILI i104970 maps to multiple QIDs: Q49439977, Q7994710, Q7994710, Q49439977"
i104970,Q7994710,a fungus that attacks living fish and tadpoles and spawn causing white fungus disease: a coating of white hyphae on especially peripheral parts (as fins),13000589-n,i104970,white fungus|Saprolegnia ferax,OEWN,Q49439977,unique_value,"art magazine and project based in Taichung City, Taiwan",White Fungus,UNIQUE_VALUE_VIOLATION,REVIEW,"ILI i104970 maps to multiple QIDs: Q49439977, Q7994710, Q7994710, Q49439977"
i104970,Q49439977,a fungus that attacks living fish and tadpoles and spawn causing white fungus disease: a coating of white hyphae on especially peripheral parts (as fins),13000589-n,i104970,white fungus|Saprolegnia ferax,OEWN,Q49439977,unique_value,species of fungus,Saprolegnia ferax,UNIQUE_VALUE_VIOLATION,REVIEW,"ILI i104970 maps to multiple QIDs: Q49439977, Q7994710, Q7994710, Q49439977"
i105905,Q4364577,commonly cultivated fern of Australia and southeastern Asia and Polynesia,13198782-n,i105905,common staghorn fern|elkhorn fern|Platycerium bifurcatum|Platycerium alcicorne,OEWN,Q2170121,unique_value,species of plant,Platycerium alcicorne,UNIQUE_VALUE_VIOLATION,REVIEW,"ILI i105905 maps to multiple QIDs: Q4364577, Q2170121, Q2170121, Q4364577"
i105905,Q2170121,commonly cultivated fern of Australia and southeastern Asia and Polynesia,13198782-n,i105905,common staghorn fern|elkhorn fern|Platycerium bifurcatum|Platycerium alcicorne,OEWN,Q2170121,unique_value,species of fern in the family Polypodiaceae,Platycerium bifurcatum,UNIQUE_VALUE_VIOLATION,REVIEW,"ILI i105905 maps to multiple QIDs: Q4364577, Q2170121, Q2170121, Q4364577"
i105905,Q2170121,commonly cultivated fern of Australia and southeastern Asia and Polynesia,13198782-n,i105905,common staghorn fern|elkhorn fern|Platycerium bifurcatum|Platycerium alcicorne,OEWN,Q2170121,unique_value,species of fern in the family Polypodiaceae,Platycerium bifurcatum,UNIQUE_VALUE_VIOLATION,REVIEW,"ILI i105905 maps to multiple QIDs: Q4364577, Q2170121, Q2170121, Q4364577"
i105905,Q4364577,commonly cultivated fern of Australia and southeastern Asia and Polynesia,13198782-n,i105905,common staghorn fern|elkhorn fern|Platycerium bifurcatum|Platycerium alcicorne,OEWN,Q2170121,unique_value,species of plant,Platycerium alcicorne,UNIQUE_VALUE_VIOLATION,REVIEW,"ILI i105905 maps to multiple QIDs: Q4364577, Q2170121, Q2170121, Q4364577"
i105977,Q3774137,alternative names for one of a number of families into which the family Polypodiaceae has been subdivided in some classification systems,13212923-n,i105977,Dryopteridaceae|family Dryopteridaceae|Athyriaceae|family Athyriaceae,OENN,Q3774137|Q656683,unique_value,family of plants,Athyriaceae,UNIQUE_VALUE_VIOLATION,REVIEW,"ILI i105977 maps to multiple QIDs: Q3774137, Q656683, Q656683, Q3774137"
i105977,Q656683,alternative names for one of a number of families into which the family Polypodiaceae has been subdivided in some classification systems,13212923-n,i105977,Dryopteridaceae|family Dryopteridaceae|Athyriaceae|family Athyriaceae,OENN,Q3774137|Q656683,unique_value,family of plants,Dryopteridaceae,UNIQUE_VALUE_VIOLATION,REVIEW,"ILI i105977 maps to multiple QIDs: Q3774137, Q656683, Q656683, Q3774137"
i105977,Q656683,alternative names for one of a number of families into which the family Polypodiaceae has been subdivided in some classification systems,13212923-n,i105977,Dryopteridaceae|family Dryopteridaceae|Athyriaceae|family Athyriaceae,OENN,Q3774137|Q656683,unique_value,family of plants,Dryopteridaceae,UNIQUE_VALUE_VIOLATION,REVIEW,"ILI i105977 maps to multiple QIDs: Q3774137, Q656683, Q656683, Q3774137"
i105977,Q3774137,alternative names for one of a number of families into which the family Polypodiaceae has been subdivided in some classification systems,13212923-n,i105977,Dryopteridaceae|family Dryopteridaceae|Athyriaceae|family Athyriaceae,OENN,Q3774137|Q656683,unique_value,family of plants,Athyriaceae,UNIQUE_VALUE_VIOLATION,REVIEW,"ILI i105977 maps to multiple QIDs: Q3774137, Q656683, Q656683, Q3774137"
i107547,Q3448862,inability to control the flow of urine and involuntary urination,13496061-n,i107547,enuresis|urinary incontinence,OEWN,Q281490|Q3448862,unique_value,repeated inability to control urination,enuresis,UNIQUE_VALUE_VIOLATION,REVIEW,"ILI i107547 maps to multiple QIDs: Q3448862, Q281490, Q281490, Q3448862"
i107547,Q281490,inability to control the flow of urine and involuntary urination,13496061-n,i107547,enuresis|urinary incontinence,OEWN,Q281490|Q3448862,unique_value,uncontrolled leakage of urine,urinary incontinence,UNIQUE_VALUE_VIOLATION,REVIEW,"ILI i107547 maps to multiple QIDs: Q3448862, Q281490, Q281490, Q3448862"
i107547,Q281490,inability to control the flow of urine and involuntary urination,13496061-n,i107547,enuresis|urinary incontinence,OEWN,Q281490|Q3448862,unique_value,uncontrolled leakage of urine,urinary incontinence,UNIQUE_VALUE_VIOLATION,REVIEW,"ILI i107547 maps to multiple QIDs: Q3448862, Q281490, Q281490, Q3448862"
i107547,Q3448862,inability to control the flow of urine and involuntary urination,13496061-n,i107547,enuresis|urinary incontinence,OEWN,Q281490|Q3448862,unique_value,repeated inability to control urination,enuresis,UNIQUE_VALUE_VIOLATION,REVIEW,"ILI i107547 maps to multiple QIDs: Q3448862, Q281490, Q281490, Q3448862"
i108293,Q3972226,a metric unit of volume or capacity equal to 1000 liters,13646268-n,i108293,kiloliter|kilolitre|cubic meter|cubic metre,OEWN,Q3972226|Q25517,unique_value,unit of volume,kilolitre,UNIQUE_VALUE_VIOLATION,REVIEW,"ILI i108293 maps to multiple QIDs: Q3972226, Q25517, Q25517, Q3972226"
i108293,Q25517,a metric unit of volume or capacity equal to 1000 liters,13646268-n,i108293,kiloliter|kilolitre|cubic meter|cubic metre,OEWN,Q3972226|Q25517,unique_value,SI unit of volume,cubic metre,UNIQUE_VALUE_VIOLATION,REVIEW,"ILI i108293 maps to multiple QIDs: Q3972226, Q25517, Q25517, Q3972226"
i108293,Q25517,a metric unit of volume or capacity equal to 1000 liters,13646268-n,i108293,kiloliter|kilolitre|cubic meter|cubic metre,OEWN,Q3972226|Q25517,unique_value,SI unit of volume,cubic metre,UNIQUE_VALUE_VIOLATION,REVIEW,"ILI i108293 maps to multiple QIDs: Q3972226, Q25517, Q25517, Q3972226"
i108293,Q3972226,a metric unit of volume or capacity equal to 1000 liters,13646268-n,i108293,kiloliter|kilolitre|cubic meter|cubic metre,OEWN,Q3972226|Q25517,unique_value,unit of volume,kilolitre,UNIQUE_VALUE_VIOLATION,REVIEW,"ILI i108293 maps to multiple QIDs: Q3972226, Q25517, Q25517, Q3972226"
i108305,Q79756,a unit of information equal to 1024 bytes,13648977-n,i108305,kilobyte|kibibyte|K|KB|kB|KiB,OEWN,Q79756|Q79726,unique_value,"unit of digital information equal to 1,024 bytes",kibibyte,UNIQUE_VALUE_VIOLATION,REVIEW,"ILI i108305 maps to multiple QIDs: Q79756, Q79726, Q79726, Q79756"
i108305,Q79726,a unit of information equal to 1024 bytes,13648977-n,i108305,kilobyte|kibibyte|K|KB|kB|KiB,OEWN,Q79756|Q79726,unique_value,unit of digital information equal to one thousand bytes,kilobyte,UNIQUE_VALUE_VIOLATION,REVIEW,"ILI i108305 maps to multiple QIDs: Q79756, Q79726, Q79726, Q79756"
i108305,Q79726,a unit of information equal to 1024 bytes,13648977-n,i108305,kilobyte|kibibyte|K|KB|kB|KiB,OEWN,Q79756|Q79726,unique_value,unit of digital information equal to one thousand bytes,kilobyte,UNIQUE_VALUE_VIOLATION,REVIEW,"ILI i108305 maps to multiple QIDs: Q79756, Q79726, Q79726, Q79756"
i108305,Q79756,a unit of information equal to 1024 bytes,13648977-n,i108305,kilobyte|kibibyte|K|KB|kB|KiB,OEWN,Q79756|Q79726,unique_value,"unit of digital information equal to 1,024 bytes",kibibyte,UNIQUE_VALUE_VIOLATION,REVIEW,"ILI i108305 maps to multiple QIDs: Q79756, Q79726, Q79726, Q79756"
i110637,Q752800,absence of systole; failure of the ventricles of the heart to contract (usually caused by ventricular fibrillation) with consequent absence of the heart beat leading to oxygen lack and eventually to death,14048052-n,i110637,asystole|cardiac arrest|cardiopulmonary arrest,OEWN,Q752800|Q202837,unique_value,absence of ventricular contractions lasting longer than the minimum possible to sustain life,asystole,UNIQUE_VALUE_VIOLATION,REVIEW,"ILI i110637 maps to multiple QIDs: Q752800, Q202837, Q202837, Q752800"
i110637,Q202837,absence of systole; failure of the ventricles of the heart to contract (usually caused by ventricular fibrillation) with consequent absence of the heart beat leading to oxygen lack and eventually to death,14048052-n,i110637,asystole|cardiac arrest|cardiopulmonary arrest,OEWN,Q752800|Q202837,unique_value,sudden stop in effective blood flow due to the failure of the heart to contract effectively,cardiac arrest,UNIQUE_VALUE_VIOLATION,REVIEW,"ILI i110637 maps to multiple QIDs: Q752800, Q202837, Q202837, Q752800"
i110637,Q202837,absence of systole; failure of the ventricles of the heart to contract (usually caused by ventricular fibrillation) with consequent absence of the heart beat leading to oxygen lack and eventually to death,14048052-n,i110637,asystole|cardiac arrest|cardiopulmonary arrest,OEWN,Q752800|Q202837,unique_value,sudden stop in effective blood flow due to the failure of the heart to contract effectively,cardiac arrest,UNIQUE_VALUE_VIOLATION,REVIEW,"ILI i110637 maps to multiple QIDs: Q752800, Q202837, Q202837, Q752800"
i110637,Q752800,absence of systole; failure of the ventricles of the heart to contract (usually caused by ventricular fibrillation) with consequent absence of the heart beat leading to oxygen lack and eventually to death,14048052-n,i110637,asystole|cardiac arrest|cardiopulmonary arrest,OEWN,Q752800|Q202837,unique_value,absence of ventricular contractions lasting longer than the minimum possible to sustain life,asystole,UNIQUE_VALUE_VIOLATION,REVIEW,"ILI i110637 maps to multiple QIDs: Q752800, Q202837, Q202837, Q752800"
i110785,Q8187550,a condition in which little or no bile is secreted or the flow of bile into the digestive tract is obstructed,14077947-n,i110785,acholia|cholestasis,OEWN,Q8187550|Q1075923,unique_value,Absence or insufficiency of bile secretion indicating injury to the liver cell.,Acholia,UNIQUE_VALUE_VIOLATION,REVIEW,"ILI i110785 maps to multiple QIDs: Q8187550, Q1075923, Q1075923, Q8187550"
i110785,Q1075923,a condition in which little or no bile is secreted or the flow of bile into the digestive tract is obstructed,14077947-n,i110785,acholia|cholestasis,OEWN,Q8187550|Q1075923,unique_value,Human disease,cholestasis,UNIQUE_VALUE_VIOLATION,REVIEW,"ILI i110785 maps to multiple QIDs: Q8187550, Q1075923, Q1075923, Q8187550"
i110785,Q1075923,a condition in which little or no bile is secreted or the flow of bile into the digestive tract is obstructed,14077947-n,i110785,acholia|cholestasis,OEWN,Q8187550|Q1075923,unique_value,Human disease,cholestasis,UNIQUE_VALUE_VIOLATION,REVIEW,"ILI i110785 maps to multiple QIDs: Q8187550, Q1075923, Q1075923, Q8187550"
i110785,Q8187550,a condition in which little or no bile is secreted or the flow of bile into the digestive tract is obstructed,14077947-n,i110785,acholia|cholestasis,OEWN,Q8187550|Q1075923,unique_value,Absence or insufficiency of bile secretion indicating injury to the liver cell.,Acholia,UNIQUE_VALUE_VIOLATION,REVIEW,"ILI i110785 maps to multiple QIDs: Q8187550, Q1075923, Q1075923, Q8187550"
i112375,Q7108870,inflammation of the inner ear; can cause vertigo and vomiting,14372162-n,i112375,labyrinthitis|otitis interna,OEWN,Q7108870|Q2038371,unique_value,inner ear disease which involves inflammation of the inner ear,otitis interna,UNIQUE_VALUE_VIOLATION,REVIEW,"ILI i112375 maps to multiple QIDs: Q7108870, Q2038371, Q2038371, Q7108870"
i112375,Q2038371,inflammation of the inner ear; can cause vertigo and vomiting,14372162-n,i112375,labyrinthitis|otitis interna,OEWN,Q7108870|Q2038371,unique_value,"inflammation of the labyrinth, fluid-filled channels in the inner ear",labyrinthitis,UNIQUE_VALUE_VIOLATION,REVIEW,"ILI i112375 maps to multiple QIDs: Q7108870, Q2038371, Q2038371, Q7108870"
i112375,Q2038371,inflammation of the inner ear; can cause vertigo and vomiting,14372162-n,i112375,labyrinthitis|otitis interna,OEWN,Q7108870|Q2038371,unique_value,"inflammation of the labyrinth, fluid-filled channels in the inner ear",labyrinthitis,UNIQUE_VALUE_VIOLATION,REVIEW,"ILI i112375 maps to multiple QIDs: Q7108870, Q2038371, Q2038371, Q7108870"
i112375,Q7108870,inflammation of the inner ear; can cause vertigo and vomiting,14372162-n,i112375,labyrinthitis|otitis interna,OEWN,Q7108870|Q2038371,unique_value,inner ear disease which involves inflammation of the inner ear,otitis interna,UNIQUE_VALUE_VIOLATION,REVIEW,"ILI i112375 maps to multiple QIDs: Q7108870, Q2038371, Q2038371, Q7108870"
i116398,Q422488,a nucleoside component of DNA; composed of guanine and deoxyribose,15097852-n,i116398,deoxyguanosine,OEWN,Q422488,unique_value,chemical compound,2'-deoxyguanosine,UNIQUE_VALUE_VIOLATION,REVIEW,"ILI i116398 maps to multiple QIDs: Q422488, Q422462, Q422462, Q422488"
i116398,Q422462,a nucleoside component of DNA; composed of guanine and deoxyribose,15097852-n,i116398,deoxyguanosine,OEWN,Q422488,unique_value,chemical compound,guanosine,UNIQUE_VALUE_VIOLATION,REVIEW,"ILI i116398 maps to multiple QIDs: Q422488, Q422462, Q422462, Q422488"
i116398,Q422462,a nucleoside component of DNA; composed of guanine and deoxyribose,15097852-n,i116398,deoxyguanosine,OEWN,Q422488,unique_value,chemical compound,guanosine,UNIQUE_VALUE_VIOLATION,REVIEW,"ILI i116398 maps to multiple QIDs: Q422488, Q422462, Q422462, Q422488"
i116398,Q422488,a nucleoside component of DNA; composed of guanine and deoxyribose,15097852-n,i116398,deoxyguanosine,OEWN,Q422488,unique_value,chemical compound,2'-deoxyguanosine,UNIQUE_VALUE_VIOLATION,REVIEW,"ILI i116398 maps to multiple QIDs: Q422488, Q422462, Q422462, Q422488"
i116507,Q252251,a B vitamin that is used to treat pernicious anemia,15115871-n,i116507,vitamin B12|cobalamin|cyanocobalamin|antipernicious anemia factor,OEWN,Q252251|Q187706,unique_value,chemical compound,cyanocobalamin,UNIQUE_VALUE_VIOLATION,REVIEW,"ILI i116507 maps to multiple QIDs: Q252251, Q187706, Q187706, Q252251"
i116507,Q187706,a B vitamin that is used to treat pernicious anemia,15115871-n,i116507,vitamin B12|cobalamin|cyanocobalamin|antipernicious anemia factor,OEWN,Q252251|Q187706,unique_value,vitamin involved in the metabolism of every cell,vitamin B12,UNIQUE_VALUE_VIOLATION,REVIEW,"ILI i116507 maps to multiple QIDs: Q252251, Q187706, Q187706, Q252251"
i116507,Q187706,a B vitamin that is used to treat pernicious anemia,15115871-n,i116507,vitamin B12|cobalamin|cyanocobalamin|antipernicious anemia factor,OEWN,Q252251|Q187706,unique_value,vitamin involved in the metabolism of every cell,vitamin B12,UNIQUE_VALUE_VIOLATION,REVIEW,"ILI i116507 maps to multiple QIDs: Q252251, Q187706, Q187706, Q252251"
i116507,Q252251,a B vitamin that is used to treat pernicious anemia,15115871-n,i116507,vitamin B12|cobalamin|cyanocobalamin|antipernicious anemia factor,OEWN,Q252251|Q187706,unique_value,chemical compound,cyanocobalamin,UNIQUE_VALUE_VIOLATION,REVIEW,"ILI i116507 maps to multiple QIDs: Q252251, Q187706, Q187706, Q252251"
i116609,Q2342917,a common mineral occurring in small crystals; chief source of zirconium; used as a refractory when opaque and as a gem when transparent,15133694-n,i116609,zircon|zirconium silicate,OEWN,Q2342917|Q178928,unique_value,chemical compound,zirconium silicate,UNIQUE_VALUE_VIOLATION,REVIEW,"ILI i116609 maps to multiple QIDs: Q2342917, Q178928, Q178928, Q2342917"
i116609,Q178928,a common mineral occurring in small crystals; chief source of zirconium; used as a refractory when opaque and as a gem when transparent,15133694-n,i116609,zircon|zirconium silicate,OEWN,Q2342917|Q178928,unique_value,mineral belonging to the group of nesosilicates,zircon,UNIQUE_VALUE_VIOLATION,REVIEW,"ILI i116609 maps to multiple QIDs: Q2342917, Q178928, Q178928, Q2342917"
i116609,Q178928,a common mineral occurring in small crystals; chief source of zirconium; used as a refractory when opaque and as a gem when transparent,15133694-n,i116609,zircon|zirconium silicate,OEWN,Q2342917|Q178928,unique_value,mineral belonging to the group of nesosilicates,zircon,UNIQUE_VALUE_VIOLATION,REVIEW,"ILI i116609 maps to multiple QIDs: Q2342917, Q178928, Q178928, Q2342917"
i116609,Q2342917,a common mineral occurring in small crystals; chief source of zirconium; used as a refractory when opaque and as a gem when transparent,15133694-n,i116609,zircon|zirconium silicate,OEWN,Q2342917|Q178928,unique_value,chemical compound,zirconium silicate,UNIQUE_VALUE_VIOLATION,REVIEW,"ILI i116609 maps to multiple QIDs: Q2342917, Q178928, Q178928, Q2342917"
i116638,Q1777301,the official time in a local region (adjusted for location around the Earth); established by law or custom,15141495-n,i116638,civil time|standard time|local time,OEWN,Q849275|Q1777301,unique_value,synchronization of clocks within a geographical area or region,standard time,UNIQUE_VALUE_VIOLATION,REVIEW,"ILI i116638 maps to multiple QIDs: Q1777301, Q849275, Q849275, Q1777301"
i116638,Q849275,the official time in a local region (adjusted for location around the Earth); established by law or custom,15141495-n,i116638,civil time|standard time|local time,OEWN,Q849275|Q1777301,unique_value,"standard for the measurement of time in some given area, which allows determining which conventional timezone to apply locally and usually to the social and civil life",civil time,UNIQUE_VALUE_VIOLATION,REVIEW,"ILI i116638 maps to multiple QIDs: Q1777301, Q849275, Q849275, Q1777301"
i116638,Q849275,the official time in a local region (adjusted for location around the Earth); established by law or custom,15141495-n,i116638,civil time|standard time|local time,OEWN,Q849275|Q1777301,unique_value,"standard for the measurement of time in some given area, which allows determining which conventional timezone to apply locally and usually to the social and civil life",civil time,UNIQUE_VALUE_VIOLATION,REVIEW,"ILI i116638 maps to multiple QIDs: Q1777301, Q849275, Q849275, Q1777301"
i116638,Q1777301,the official time in a local region (adjusted for location around the Earth); established by law or custom,15141495-n,i116638,civil time|standard time|local time,OEWN,Q849275|Q1777301,unique_value,synchronization of clocks within a geographical area or region,standard time,UNIQUE_VALUE_VIOLATION,REVIEW,"ILI i116638 maps to multiple QIDs: Q1777301, Q849275, Q849275, Q1777301"
i116908,Q986787,the time period between dawn and noon,15190336-n,i116908,morning|morn|morning time|forenoon,OEWN,Q986787|Q7722,unique_value,part of the day between morning and noon,forenoon,UNIQUE_VALUE_VIOLATION,REVIEW,"ILI i116908 maps to multiple QIDs: Q986787, Q7722, Q7722, Q986787"
i116908,Q7722,the time period between dawn and noon,15190336-n,i116908,morning|morn|morning time|forenoon,OEWN,Q986787|Q7722,unique_value,period of time from sunrise to noon,morning,UNIQUE_VALUE_VIOLATION,REVIEW,"ILI i116908 maps to multiple QIDs: Q986787, Q7722, Q7722, Q986787"
i116908,Q7722,the time period between dawn and noon,15190336-n,i116908,morning|morn|morning time|forenoon,OEWN,Q986787|Q7722,unique_value,period of time from sunrise to noon,morning,UNIQUE_VALUE_VIOLATION,REVIEW,"ILI i116908 maps to multiple QIDs: Q986787, Q7722, Q7722, Q986787"
i116908,Q986787,the time period between dawn and noon,15190336-n,i116908,morning|morn|morning time|forenoon,OEWN,Q986787|Q7722,unique_value,part of the day between morning and noon,forenoon,UNIQUE_VALUE_VIOLATION,REVIEW,"ILI i116908 maps to multiple QIDs: Q986787, Q7722, Q7722, Q986787"
i117288,Q829005,"middle part of the Stone Age beginning about 15,000 years ago",15258036-n,i117288,Mesolithic Age|Mesolithic|Epipaleolithic,OENN,Q829005|Q44155,unique_value,archaeological period,Epipaleolithic,UNIQUE_VALUE_VIOLATION,REVIEW,"ILI i117288 maps to multiple QIDs: Q829005, Q44155, Q44155, Q829005"
i117288,Q44155,"middle part of the Stone Age beginning about 15,000 years ago",15258036-n,i117288,Mesolithic Age|Mesolithic|Epipaleolithic,OENN,Q829005|Q44155,unique_value,"prehistoric period, second part of the Stone Age",Mesolithic,UNIQUE_VALUE_VIOLATION,REVIEW,"ILI i117288 maps to multiple QIDs: Q829005, Q44155, Q44155, Q829005"
i117288,Q44155,"middle part of the Stone Age beginning about 15,000 years ago",15258036-n,i117288,Mesolithic Age|Mesolithic|Epipaleolithic,OENN,Q829005|Q44155,unique_value,"prehistoric period, second part of the Stone Age",Mesolithic,UNIQUE_VALUE_VIOLATION,REVIEW,"ILI i117288 maps to multiple QIDs: Q829005, Q44155, Q44155, Q829005"
i117288,Q829005,"middle part of the Stone Age beginning about 15,000 years ago",15258036-n,i117288,Mesolithic Age|Mesolithic|Epipaleolithic,OENN,Q829005|Q44155,unique_value,archaeological period,Epipaleolithic,UNIQUE_VALUE_VIOLATION,REVIEW,"ILI i117288 maps to multiple QIDs: Q829005, Q44155, Q44155, Q829005"
i117433,Q217192,the period of history between classical antiquity and the Italian Renaissance,15284095-n,i117433,Middle Ages|Dark Ages,OENN,Q217192|Q12554,unique_value,historical period,Dark Ages,UNIQUE_VALUE_VIOLATION,REVIEW,"ILI i117433 maps to multiple QIDs: Q217192, Q12554, Q12554, Q217192"
i117433,Q12554,the period of history between classical antiquity and the Italian Renaissance,15284095-n,i117433,Middle Ages|Dark Ages,OENN,Q217192|Q12554,unique_value,period of European history from the 5th to the late 15th-century,Middle Ages,UNIQUE_VALUE_VIOLATION,REVIEW,"ILI i117433 maps to multiple QIDs: Q217192, Q12554, Q12554, Q217192"
i117433,Q12554,the period of history between classical antiquity and the Italian Renaissance,15284095-n,i117433,Middle Ages|Dark Ages,OENN,Q217192|Q12554,unique_value,period of European history from the 5th to the late 15th-century,Middle Ages,UNIQUE_VALUE_VIOLATION,REVIEW,"ILI i117433 maps to multiple QIDs: Q217192, Q12554, Q12554, Q217192"
i117433,Q217192,the period of history between classical antiquity and the Italian Renaissance,15284095-n,i117433,Middle Ages|Dark Ages,OENN,Q217192|Q12554,unique_value,historical period,Dark Ages,UNIQUE_VALUE_VIOLATION,REVIEW,"ILI i117433 maps to multiple QIDs: Q217192, Q12554, Q12554, Q217192"
i35972,Q15710733,a pitch of a baseball that is thrown with spin so that its path curves as it approaches the batter,00108695-n,i35972,curve|curve ball|breaking ball|bender,OEWN,Q44891|Q15710733,unique_value,type of pitch in baseball,curveball,UNIQUE_VALUE_VIOLATION,REVIEW,"ILI i35972 maps to multiple QIDs: Q15710733, Q44891, Q44891, Q15710733"
i35972,Q44891,a pitch of a baseball that is thrown with spin so that its path curves as it approaches the batter,00108695-n,i35972,curve|curve ball|breaking ball|bender,OEWN,Q44891|Q15710733,unique_value,baseball pitch that does not travel straight,breaking ball,UNIQUE_VALUE_VIOLATION,REVIEW,"ILI i35972 maps to multiple QIDs: Q15710733, Q44891, Q44891, Q15710733"
i35972,Q44891,a pitch of a baseball that is thrown with spin so that its path curves as it approaches the batter,00108695-n,i35972,curve|curve ball|breaking ball|bender,OEWN,Q44891|Q15710733,unique_value,baseball pitch that does not travel straight,breaking ball,UNIQUE_VALUE_VIOLATION,REVIEW,"ILI i35972 maps to multiple QIDs: Q15710733, Q44891, Q44891, Q15710733"
i35972,Q15710733,a pitch of a baseball that is thrown with spin so that its path curves as it approaches the batter,00108695-n,i35972,curve|curve ball|breaking ball|bender,OEWN,Q44891|Q15710733,unique_value,type of pitch in baseball,curveball,UNIQUE_VALUE_VIOLATION,REVIEW,"ILI i35972 maps to multiple QIDs: Q15710733, Q44891, Q44891, Q15710733"
i36585,Q3199915,the savage and excessive killing of many people,00224850-n,i36585,slaughter|massacre|mass murder|carnage|butchery,OEWN,Q750215|Q3199915,unique_value,incident where some group is killed by another,massacre,UNIQUE_VALUE_VIOLATION,REVIEW,"ILI i36585 maps to multiple QIDs: Q3199915, Q750215, Q750215, Q3199915"
i36585,Q750215,the savage and excessive killing of many people,00224850-n,i36585,slaughter|massacre|mass murder|carnage|butchery,OEWN,Q750215|Q3199915,unique_value,act of killing a large number of people by non-state actors,mass murder,UNIQUE_VALUE_VIOLATION,REVIEW,"ILI i36585 maps to multiple QIDs: Q3199915, Q750215, Q750215, Q3199915"
i36585,Q750215,the savage and excessive killing of many people,00224850-n,i36585,slaughter|massacre|mass murder|carnage|butchery,OEWN,Q750215|Q3199915,unique_value,act of killing a large number of people by non-state actors,mass murder,UNIQUE_VALUE_VIOLATION,REVIEW,"ILI i36585 maps to multiple QIDs: Q3199915, Q750215, Q750215, Q3199915"
i36585,Q3199915,the savage and excessive killing of many people,00224850-n,i36585,slaughter|massacre|mass murder|carnage|butchery,OEWN,Q750215|Q3199915,unique_value,incident where some group is killed by another,massacre,UNIQUE_VALUE_VIOLATION,REVIEW,"ILI i36585 maps to multiple QIDs: Q3199915, Q750215, Q750215, Q3199915"
i36999,Q1194872,the sport of soaring while being towed by a motorboat while wearing a parachute-like canopy,00305175-n,i36999,parasailing,OEWN,Q178380|Q1194872,unique_value,aerial sport in which person is connected to a parachute and towed by a boat,parasailing,UNIQUE_VALUE_VIOLATION,REVIEW,"ILI i36999 maps to multiple QIDs: Q1194872, Q178380, Q178380, Q1194872"
i36999,Q178380,the sport of soaring while being towed by a motorboat while wearing a parachute-like canopy,00305175-n,i36999,parasailing,OEWN,Q178380|Q1194872,unique_value,soaring or thermaling with a paraglider,paragliding,UNIQUE_VALUE_VIOLATION,REVIEW,"ILI i36999 maps to multiple QIDs: Q1194872, Q178380, Q178380, Q1194872"
i36999,Q178380,the sport of soaring while being towed by a motorboat while wearing a parachute-like canopy,00305175-n,i36999,parasailing,OEWN,Q178380|Q1194872,unique_value,soaring or thermaling with a paraglider,paragliding,UNIQUE_VALUE_VIOLATION,REVIEW,"ILI i36999 maps to multiple QIDs: Q1194872, Q178380, Q178380, Q1194872"
i36999,Q1194872,the sport of soaring while being towed by a motorboat while wearing a parachute-like canopy,00305175-n,i36999,parasailing,OEWN,Q178380|Q1194872,unique_value,aerial sport in which person is connected to a parachute and towed by a boat,parasailing,UNIQUE_VALUE_VIOLATION,REVIEW,"ILI i36999 maps to multiple QIDs: Q1194872, Q178380, Q178380, Q1194872"
i37976,Q1898942,a card game played with a pack of forty-eight cards (two of each suit for high cards); play resembles whist,00495111-n,i37976,pinochle|pinocle|penuchle|bezique,OEWN,Q1019517|Q1898942,unique_value,Card game,Pinochle,UNIQUE_VALUE_VIOLATION,REVIEW,"ILI i37976 maps to multiple QIDs: Q1898942, Q1019517, Q1019517, Q1898942"
i37976,Q1019517,a card game played with a pack of forty-eight cards (two of each suit for high cards); play resembles whist,00495111-n,i37976,pinochle|pinocle|penuchle|bezique,OEWN,Q1019517|Q1898942,unique_value,card game,Bezique,UNIQUE_VALUE_VIOLATION,REVIEW,"ILI i37976 maps to multiple QIDs: Q1898942, Q1019517, Q1019517, Q1898942"
i37976,Q1019517,a card game played with a pack of forty-eight cards (two of each suit for high cards); play resembles whist,00495111-n,i37976,pinochle|pinocle|penuchle|bezique,OEWN,Q1019517|Q1898942,unique_value,card game,Bezique,UNIQUE_VALUE_VIOLATION,REVIEW,"ILI i37976 maps to multiple QIDs: Q1898942, Q1019517, Q1019517, Q1898942"
i37976,Q1898942,a card game played with a pack of forty-eight cards (two of each suit for high cards); play resembles whist,00495111-n,i37976,pinochle|pinocle|penuchle|bezique,OEWN,Q1019517|Q1898942,unique_value,Card game,Pinochle,UNIQUE_VALUE_VIOLATION,REVIEW,"ILI i37976 maps to multiple QIDs: Q1898942, Q1019517, Q1019517, Q1898942"
i38618,Q816871,the craft of a carpenter: making things out of wood,00608890-n,i38618,carpentry|woodworking|woodwork,OEWN,Q816871|Q203605,unique_value,process of making objects from wood,woodworking,UNIQUE_VALUE_VIOLATION,REVIEW,"ILI i38618 maps to multiple QIDs: Q816871, Q203605, Q203605, Q816871"
i38618,Q203605,the craft of a carpenter: making things out of wood,00608890-n,i38618,carpentry|woodworking|woodwork,OEWN,Q816871|Q203605,unique_value,the skill or work of a carpenter,carpentry,UNIQUE_VALUE_VIOLATION,REVIEW,"ILI i38618 maps to multiple QIDs: Q816871, Q203605, Q203605, Q816871"
i38618,Q203605,the craft of a carpenter: making things out of wood,00608890-n,i38618,carpentry|woodworking|woodwork,OEWN,Q816871|Q203605,unique_value,the skill or work of a carpenter,carpentry,UNIQUE_VALUE_VIOLATION,REVIEW,"ILI i38618 maps to multiple QIDs: Q816871, Q203605, Q203605, Q816871"
i38618,Q816871,the craft of a carpenter: making things out of wood,00608890-n,i38618,carpentry|woodworking|woodwork,OEWN,Q816871|Q203605,unique_value,process of making objects from wood,woodworking,UNIQUE_VALUE_VIOLATION,REVIEW,"ILI i38618 maps to multiple QIDs: Q816871, Q203605, Q203605, Q816871"
i40570,Q5510053,rapid simultaneous discharge of firearms,00990406-n,i40570,fusillade|salvo|volley|burst,OEWN,Q5510053|Q1572895,unique_value,simultaneous and continuous firing of a group of firearms on command,fusillade,UNIQUE_VALUE_VIOLATION,REVIEW,"ILI i40570 maps to multiple QIDs: Q5510053, Q1572895, Q1572895, Q5510053"
i40570,Q1572895,rapid simultaneous discharge of firearms,00990406-n,i40570,fusillade|salvo|volley|burst,OEWN,Q5510053|Q1572895,unique_value,simultaneous firing of guns,salvo,UNIQUE_VALUE_VIOLATION,REVIEW,"ILI i40570 maps to multiple QIDs: Q5510053, Q1572895, Q1572895, Q5510053"
i40570,Q1572895,rapid simultaneous discharge of firearms,00990406-n,i40570,fusillade|salvo|volley|burst,OEWN,Q5510053|Q1572895,unique_value,simultaneous firing of guns,salvo,UNIQUE_VALUE_VIOLATION,REVIEW,"ILI i40570 maps to multiple QIDs: Q5510053, Q1572895, Q1572895, Q5510053"
i40570,Q5510053,rapid simultaneous discharge of firearms,00990406-n,i40570,fusillade|salvo|volley|burst,OEWN,Q5510053|Q1572895,unique_value,simultaneous and continuous firing of a group of firearms on command,fusillade,UNIQUE_VALUE_VIOLATION,REVIEW,"ILI i40570 maps to multiple QIDs: Q5510053, Q1572895, Q1572895, Q5510053"
i41947,Q219954,willful wanton and malicious destruction of the property of others,01252403-n,i41947,vandalism|hooliganism|malicious mischief,OEWN,Q219954|Q6160,unique_value,"disruptive or unlawful behavior such as rioting, bullying, and vandalism",hooliganism,UNIQUE_VALUE_VIOLATION,REVIEW,"ILI i41947 maps to multiple QIDs: Q219954, Q6160, Q6160, Q219954"
i41947,Q6160,willful wanton and malicious destruction of the property of others,01252403-n,i41947,vandalism|hooliganism|malicious mischief,OEWN,Q219954|Q6160,unique_value,activity of deliberately damaging or defacing an object or structure,vandalism,UNIQUE_VALUE_VIOLATION,REVIEW,"ILI i41947 maps to multiple QIDs: Q219954, Q6160, Q6160, Q219954"
i41947,Q6160,willful wanton and malicious destruction of the property of others,01252403-n,i41947,vandalism|hooliganism|malicious mischief,OEWN,Q219954|Q6160,unique_value,activity of deliberately damaging or defacing an object or structure,vandalism,UNIQUE_VALUE_VIOLATION,REVIEW,"ILI i41947 maps to multiple QIDs: Q219954, Q6160, Q6160, Q219954"
i41947,Q219954,willful wanton and malicious destruction of the property of others,01252403-n,i41947,vandalism|hooliganism|malicious mischief,OEWN,Q219954|Q6160,unique_value,"disruptive or unlawful behavior such as rioting, bullying, and vandalism",hooliganism,UNIQUE_VALUE_VIOLATION,REVIEW,"ILI i41947 maps to multiple QIDs: Q219954, Q6160, Q6160, Q219954"
i42136,Q1160195,the site of three famous battles among Greek city-states: in 418 BC and 362 BC and 207 BC,01288886-n,i42136,Mantinea|Mantineia,OENN,Q233399|Q1160195,unique_value,"ruined ancient city in Arcadia, Greece",Mantineia,UNIQUE_VALUE_VIOLATION,REVIEW,"ILI i42136 maps to multiple QIDs: Q1160195, Q233399, Q233399, Q1160195"
i42136,Q233399,the site of three famous battles among Greek city-states: in 418 BC and 362 BC and 207 BC,01288886-n,i42136,Mantinea|Mantineia,OENN,Q233399|Q1160195,unique_value,battle in 362 BCE,Battle of Mantinea,UNIQUE_VALUE_VIOLATION,REVIEW,"ILI i42136 maps to multiple QIDs: Q1160195, Q233399, Q233399, Q1160195"
i42136,Q233399,the site of three famous battles among Greek city-states: in 418 BC and 362 BC and 207 BC,01288886-n,i42136,Mantinea|Mantineia,OENN,Q233399|Q1160195,unique_value,battle in 362 BCE,Battle of Mantinea,UNIQUE_VALUE_VIOLATION,REVIEW,"ILI i42136 maps to multiple QIDs: Q1160195, Q233399, Q233399, Q1160195"
i42136,Q1160195,the site of three famous battles among Greek city-states: in 418 BC and 362 BC and 207 BC,01288886-n,i42136,Mantinea|Mantineia,OENN,Q233399|Q1160195,unique_value,"ruined ancient city in Arcadia, Greece",Mantineia,UNIQUE_VALUE_VIOLATION,REVIEW,"ILI i42136 maps to multiple QIDs: Q1160195, Q233399, Q233399, Q1160195"
i42229,Q101534,the revolution against the czarist government which led to the abdication of Nicholas II and the creation of a provisional government in March 1917,01310245-n,i42229,Russian Revolution|February Revolution,OENN,Q8729|Q101534,unique_value,first of two revolutions in Russia in 1917,February Revolution,UNIQUE_VALUE_VIOLATION,REVIEW,"ILI i42229 maps to multiple QIDs: Q101534, Q8729, Q8729, Q101534"
i42229,Q8729,the revolution against the czarist government which led to the abdication of Nicholas II and the creation of a provisional government in March 1917,01310245-n,i42229,Russian Revolution|February Revolution,OENN,Q8729|Q101534,unique_value,1917-1922 political change in Russia,Russian Revolution,UNIQUE_VALUE_VIOLATION,REVIEW,"ILI i42229 maps to multiple QIDs: Q101534, Q8729, Q8729, Q101534"
i42229,Q8729,the revolution against the czarist government which led to the abdication of Nicholas II and the creation of a provisional government in March 1917,01310245-n,i42229,Russian Revolution|February Revolution,OENN,Q8729|Q101534,unique_value,1917-1922 political change in Russia,Russian Revolution,UNIQUE_VALUE_VIOLATION,REVIEW,"ILI i42229 maps to multiple QIDs: Q101534, Q8729, Q8729, Q101534"
i42229,Q101534,the revolution against the czarist government which led to the abdication of Nicholas II and the creation of a provisional government in March 1917,01310245-n,i42229,Russian Revolution|February Revolution,OENN,Q8729|Q101534,unique_value,first of two revolutions in Russia in 1917,February Revolution,UNIQUE_VALUE_VIOLATION,REVIEW,"ILI i42229 maps to multiple QIDs: Q101534, Q8729, Q8729, Q101534"
i42818,Q311376,parasitic protozoan of the genus Plasmodium that causes malaria in humans,01427061-n,i42818,plasmodium|Plasmodium vivax|malaria parasite,OEWN,Q311376,unique_value,species of malaria parasite,Plasmodium vivax,UNIQUE_VALUE_VIOLATION,REVIEW,"ILI i42818 maps to multiple QIDs: Q311376, Q130948, Q130948, Q311376"
i42818,Q130948,parasitic protozoan of the genus Plasmodium that causes malaria in humans,01427061-n,i42818,plasmodium|Plasmodium vivax|malaria parasite,OEWN,Q311376,unique_value,genus of parasitic protists that can cause malaria,Q130948,UNIQUE_VALUE_VIOLATION,REVIEW,"ILI i42818 maps to multiple QIDs: Q311376, Q130948, Q130948, Q311376"
i42818,Q130948,parasitic protozoan of the genus Plasmodium that causes malaria in humans,01427061-n,i42818,plasmodium|Plasmodium vivax|malaria parasite,OEWN,Q311376,unique_value,genus of parasitic protists that can cause malaria,Q130948,UNIQUE_VALUE_VIOLATION,REVIEW,"ILI i42818 maps to multiple QIDs: Q311376, Q130948, Q130948, Q311376"
i42818,Q311376,parasitic protozoan of the genus Plasmodium that causes malaria in humans,01427061-n,i42818,plasmodium|Plasmodium vivax|malaria parasite,OEWN,Q311376,unique_value,species of malaria parasite,Plasmodium vivax,UNIQUE_VALUE_VIOLATION,REVIEW,"ILI i42818 maps to multiple QIDs: Q311376, Q130948, Q130948, Q311376"
i43120,Q578852,type and sole genus of Carchariidae: sand sharks,01489953-n,i43120,Carcharias|genus Carcharias|Odontaspis|genus Odontaspis,OENN,Q574070|Q578852,unique_value,genus of fishes,Carcharias,UNIQUE_VALUE_VIOLATION,REVIEW,"ILI i43120 maps to multiple QIDs: Q578852, Q574070, Q574070, Q578852"
i43120,Q574070,type and sole genus of Carchariidae: sand sharks,01489953-n,i43120,Carcharias|genus Carcharias|Odontaspis|genus Odontaspis,OENN,Q574070|Q578852,unique_value,genus of fishes,Q574070,UNIQUE_VALUE_VIOLATION,REVIEW,"ILI i43120 maps to multiple QIDs: Q578852, Q574070, Q574070, Q578852"
i43120,Q574070,type and sole genus of Carchariidae: sand sharks,01489953-n,i43120,Carcharias|genus Carcharias|Odontaspis|genus Odontaspis,OENN,Q574070|Q578852,unique_value,genus of fishes,Q574070,UNIQUE_VALUE_VIOLATION,REVIEW,"ILI i43120 maps to multiple QIDs: Q578852, Q574070, Q574070, Q578852"
i43120,Q578852,type and sole genus of Carchariidae: sand sharks,01489953-n,i43120,Carcharias|genus Carcharias|Odontaspis|genus Odontaspis,OENN,Q574070|Q578852,unique_value,genus of fishes,Carcharias,UNIQUE_VALUE_VIOLATION,REVIEW,"ILI i43120 maps to multiple QIDs: Q578852, Q574070, Q574070, Q578852"
i43520,Q27075919,black-and-white North American wood warbler having an orange-and-black head and throat,01571701-n,i43520,Blackburn|Blackburnian warbler|Dendroica fusca,OEWN,Q27075919|Q1410964,unique_value,species of bird,Blackburnian Warbler,UNIQUE_VALUE_VIOLATION,REVIEW,"ILI i43520 maps to multiple QIDs: Q27075919, Q1410964, Q1410964, Q27075919"
i43520,Q1410964,black-and-white North American wood warbler having an orange-and-black head and throat,01571701-n,i43520,Blackburn|Blackburnian warbler|Dendroica fusca,OEWN,Q27075919|Q1410964,unique_value,species of bird,Dendroica fusca,UNIQUE_VALUE_VIOLATION,REVIEW,"ILI i43520 maps to multiple QIDs: Q27075919, Q1410964, Q1410964, Q27075919"
i43520,Q1410964,black-and-white North American wood warbler having an orange-and-black head and throat,01571701-n,i43520,Blackburn|Blackburnian warbler|Dendroica fusca,OEWN,Q27075919|Q1410964,unique_value,species of bird,Dendroica fusca,UNIQUE_VALUE_VIOLATION,REVIEW,"ILI i43520 maps to multiple QIDs: Q27075919, Q1410964, Q1410964, Q27075919"
i43520,Q27075919,black-and-white North American wood warbler having an orange-and-black head and throat,01571701-n,i43520,Blackburn|Blackburnian warbler|Dendroica fusca,OEWN,Q27075919|Q1410964,unique_value,species of bird,Blackburnian Warbler,UNIQUE_VALUE_VIOLATION,REVIEW,"ILI i43520 maps to multiple QIDs: Q27075919, Q1410964, Q1410964, Q27075919"
i44678,Q167367,arthropods having the body composed of numerous double somites each with two pairs of legs: millipedes,01789043-n,i44678,Diplopoda|class Diplopoda|Myriapoda|class Myriapoda,OENN,Q167367,unique_value,class of arthropods,Diplopoda,UNIQUE_VALUE_VIOLATION,REVIEW,"ILI i44678 maps to multiple QIDs: Q167367, Q25823, Q25823, Q167367"
i44678,Q25823,arthropods having the body composed of numerous double somites each with two pairs of legs: millipedes,01789043-n,i44678,Diplopoda|class Diplopoda|Myriapoda|class Myriapoda,OENN,Q167367,unique_value,subphylum of arthropods,Q25823,UNIQUE_VALUE_VIOLATION,REVIEW,"ILI i44678 maps to multiple QIDs: Q167367, Q25823, Q25823, Q167367"
i44678,Q25823,arthropods having the body composed of numerous double somites each with two pairs of legs: millipedes,01789043-n,i44678,Diplopoda|class Diplopoda|Myriapoda|class Myriapoda,OENN,Q167367,unique_value,subphylum of arthropods,Q25823,UNIQUE_VALUE_VIOLATION,REVIEW,"ILI i44678 maps to multiple QIDs: Q167367, Q25823, Q25823, Q167367"
i44678,Q167367,arthropods having the body composed of numerous double somites each with two pairs of legs: millipedes,01789043-n,i44678,Diplopoda|class Diplopoda|Myriapoda|class Myriapoda,OENN,Q167367,unique_value,class of arthropods,Diplopoda,UNIQUE_VALUE_VIOLATION,REVIEW,"ILI i44678 maps to multiple QIDs: Q167367, Q25823, Q25823, Q167367"
i44894,Q1809222,a kind of lorikeet,01823717-n,i44894,rainbow lorikeet|Trichoglossus moluccanus,OEWN,Q1809222,unique_value,species of bird,Rainbow Lorikeet,UNIQUE_VALUE_VIOLATION,REVIEW,"ILI i44894 maps to multiple QIDs: Q1809222, Q319545, Q319545, Q1809222"
i44894,Q319545,a kind of lorikeet,01823717-n,i44894,rainbow lorikeet|Trichoglossus moluccanus,OEWN,Q1809222,unique_value,species of bird,Coconut Lorikeet,UNIQUE_VALUE_VIOLATION,REVIEW,"ILI i44894 maps to multiple QIDs: Q1809222, Q319545, Q319545, Q1809222"
i44894,Q319545,a kind of lorikeet,01823717-n,i44894,rainbow lorikeet|Trichoglossus moluccanus,OEWN,Q1809222,unique_value,species of bird,Coconut Lorikeet,UNIQUE_VALUE_VIOLATION,REVIEW,"ILI i44894 maps to multiple QIDs: Q1809222, Q319545, Q319545, Q1809222"
i44894,Q1809222,a kind of lorikeet,01823717-n,i44894,rainbow lorikeet|Trichoglossus moluccanus,OEWN,Q1809222,unique_value,species of bird,Rainbow Lorikeet,UNIQUE_VALUE_VIOLATION,REVIEW,"ILI i44894 maps to multiple QIDs: Q1809222, Q319545, Q319545, Q1809222"
i45106,Q386047,very large wild goose of northeast Asia; interbreeds freely with the greylag,01859021-n,i45106,Chinese goose|Anser cygnoides,OEWN,Q31354,unique_value,breed of domesticated goose,Chinese goose,UNIQUE_VALUE_VIOLATION,REVIEW,"ILI i45106 maps to multiple QIDs: Q386047, Q31354, Q31354, Q386047"
i45106,Q31354,very large wild goose of northeast Asia; interbreeds freely with the greylag,01859021-n,i45106,Chinese goose|Anser cygnoides,OEWN,Q31354,unique_value,species of bird,Swan Goose,UNIQUE_VALUE_VIOLATION,REVIEW,"ILI i45106 maps to multiple QIDs: Q386047, Q31354, Q31354, Q386047"
i45106,Q31354,very large wild goose of northeast Asia; interbreeds freely with the greylag,01859021-n,i45106,Chinese goose|Anser cygnoides,OEWN,Q31354,unique_value,species of bird,Swan Goose,UNIQUE_VALUE_VIOLATION,REVIEW,"ILI i45106 maps to multiple QIDs: Q386047, Q31354, Q31354, Q386047"
i45106,Q386047,very large wild goose of northeast Asia; interbreeds freely with the greylag,01859021-n,i45106,Chinese goose|Anser cygnoides,OEWN,Q31354,unique_value,breed of domesticated goose,Chinese goose,UNIQUE_VALUE_VIOLATION,REVIEW,"ILI i45106 maps to multiple QIDs: Q386047, Q31354, Q31354, Q386047"
i45613,Q1152770,an order of Amphineura,01956981-n,i45613,Solenogastres|order Solenogastres|Aplacophora|order Aplacophora,OENN,Q1152770|Q213228,unique_value,class of molluscs,Solenogastres,UNIQUE_VALUE_VIOLATION,REVIEW,"ILI i45613 maps to multiple QIDs: Q1152770, Q213228, Q213228, Q1152770"
i45613,Q213228,an order of Amphineura,01956981-n,i45613,Solenogastres|order Solenogastres|Aplacophora|order Aplacophora,OENN,Q1152770|Q213228,unique_value,class of molluscs,Q213228,UNIQUE_VALUE_VIOLATION,REVIEW,"ILI i45613 maps to multiple QIDs: Q1152770, Q213228, Q213228, Q1152770"
i45613,Q213228,an order of Amphineura,01956981-n,i45613,Solenogastres|order Solenogastres|Aplacophora|order Aplacophora,OENN,Q1152770|Q213228,unique_value,class of molluscs,Q213228,UNIQUE_VALUE_VIOLATION,REVIEW,"ILI i45613 maps to multiple QIDs: Q1152770, Q213228, Q213228, Q1152770"
i45613,Q1152770,an order of Amphineura,01956981-n,i45613,Solenogastres|order Solenogastres|Aplacophora|order Aplacophora,OENN,Q1152770|Q213228,unique_value,class of molluscs,Solenogastres,UNIQUE_VALUE_VIOLATION,REVIEW,"ILI i45613 maps to multiple QIDs: Q1152770, Q213228, Q213228, Q1152770"
i46021,Q28070835,sandpiper-like shorebird of Pacific coasts of North America and South America,02029283-n,i46021,surfbird|Aphriza virgata,OEWN,Q28070835|Q1274741,unique_value,species of bird,Surfbird,UNIQUE_VALUE_VIOLATION,REVIEW,"ILI i46021 maps to multiple QIDs: Q28070835, Q1274741, Q1274741, Q28070835"
i46021,Q1274741,sandpiper-like shorebird of Pacific coasts of North America and South America,02029283-n,i46021,surfbird|Aphriza virgata,OEWN,Q28070835|Q1274741,unique_value,species of bird,Aphriza virgata,UNIQUE_VALUE_VIOLATION,REVIEW,"ILI i46021 maps to multiple QIDs: Q28070835, Q1274741, Q1274741, Q28070835"
i46021,Q1274741,sandpiper-like shorebird of Pacific coasts of North America and South America,02029283-n,i46021,surfbird|Aphriza virgata,OEWN,Q28070835|Q1274741,unique_value,species of bird,Aphriza virgata,UNIQUE_VALUE_VIOLATION,REVIEW,"ILI i46021 maps to multiple QIDs: Q28070835, Q1274741, Q1274741, Q28070835"
i46021,Q28070835,sandpiper-like shorebird of Pacific coasts of North America and South America,02029283-n,i46021,surfbird|Aphriza virgata,OEWN,Q28070835|Q1274741,unique_value,species of bird,Surfbird,UNIQUE_VALUE_VIOLATION,REVIEW,"ILI i46021 maps to multiple QIDs: Q28070835, Q1274741, Q1274741, Q28070835"
i46416,Q1144318,American breed of muscular terriers with a short close-lying stiff coat,02096080-n,i46416,American Staffordshire terrier|Staffordshire terrier|American pit bull terrier|pit bull terrier,OEWN,Q37688|Q1144318,unique_value,dog,pit bull,UNIQUE_VALUE_VIOLATION,REVIEW,"ILI i46416 maps to multiple QIDs: Q1144318, Q37688, Q37688, Q1144318"
i46416,Q37688,American breed of muscular terriers with a short close-lying stiff coat,02096080-n,i46416,American Staffordshire terrier|Staffordshire terrier|American pit bull terrier|pit bull terrier,OEWN,Q37688|Q1144318,unique_value,dog breed,American Staffordshire Terrier,UNIQUE_VALUE_VIOLATION,REVIEW,"ILI i46416 maps to multiple QIDs: Q1144318, Q37688, Q37688, Q1144318"
i46416,Q37688,American breed of muscular terriers with a short close-lying stiff coat,02096080-n,i46416,American Staffordshire terrier|Staffordshire terrier|American pit bull terrier|pit bull terrier,OEWN,Q37688|Q1144318,unique_value,dog breed,American Staffordshire Terrier,UNIQUE_VALUE_VIOLATION,REVIEW,"ILI i46416 maps to multiple QIDs: Q1144318, Q37688, Q37688, Q1144318"
i46416,Q1144318,American breed of muscular terriers with a short close-lying stiff coat,02096080-n,i46416,American Staffordshire terrier|Staffordshire terrier|American pit bull terrier|pit bull terrier,OEWN,Q37688|Q1144318,unique_value,dog,pit bull,UNIQUE_VALUE_VIOLATION,REVIEW,"ILI i46416 maps to multiple QIDs: Q1144318, Q37688, Q37688, Q1144318"
i46424,Q2132945,any of several breeds of terrier developed to catch rats,02097214-n,i46424,rat terrier|ratter,OEWN,Q38431|Q2132945,unique_value,type of dog that has been developed for catching rats and other vermin,Ratter,UNIQUE_VALUE_VIOLATION,REVIEW,"ILI i46424 maps to multiple QIDs: Q2132945, Q38431, Q38431, Q2132945"
i46424,Q38431,any of several breeds of terrier developed to catch rats,02097214-n,i46424,rat terrier|ratter,OEWN,Q38431|Q2132945,unique_value,dog breed,Rat Terrier,UNIQUE_VALUE_VIOLATION,REVIEW,"ILI i46424 maps to multiple QIDs: Q2132945, Q38431, Q38431, Q2132945"
i46424,Q38431,any of several breeds of terrier developed to catch rats,02097214-n,i46424,rat terrier|ratter,OEWN,Q38431|Q2132945,unique_value,dog breed,Rat Terrier,UNIQUE_VALUE_VIOLATION,REVIEW,"ILI i46424 maps to multiple QIDs: Q2132945, Q38431, Q38431, Q2132945"
i46424,Q2132945,any of several breeds of terrier developed to catch rats,02097214-n,i46424,rat terrier|ratter,OEWN,Q38431|Q2132945,unique_value,type of dog that has been developed for catching rats and other vermin,Ratter,UNIQUE_VALUE_VIOLATION,REVIEW,"ILI i46424 maps to multiple QIDs: Q2132945, Q38431, Q38431, Q2132945"
i46853,Q21445747,genus of Australian ladybugs,02169326-n,i46853,Rodolia|genus Rodolia|genus Vedalia,OENN,Q21445747,unique_value,genus of insects,Novius,UNIQUE_VALUE_VIOLATION,REVIEW,"ILI i46853 maps to multiple QIDs: Q21445747, Q3940018, Q3940018, Q21445747"
i46853,Q3940018,genus of Australian ladybugs,02169326-n,i46853,Rodolia|genus Rodolia|genus Vedalia,OENN,Q21445747,unique_value,genus of insects,Rodolia,UNIQUE_VALUE_VIOLATION,REVIEW,"ILI i46853 maps to multiple QIDs: Q21445747, Q3940018, Q3940018, Q21445747"
i46853,Q3940018,genus of Australian ladybugs,02169326-n,i46853,Rodolia|genus Rodolia|genus Vedalia,OENN,Q21445747,unique_value,genus of insects,Rodolia,UNIQUE_VALUE_VIOLATION,REVIEW,"ILI i46853 maps to multiple QIDs: Q21445747, Q3940018, Q3940018, Q21445747"
i46853,Q21445747,genus of Australian ladybugs,02169326-n,i46853,Rodolia|genus Rodolia|genus Vedalia,OENN,Q21445747,unique_value,genus of insects,Novius,UNIQUE_VALUE_VIOLATION,REVIEW,"ILI i46853 maps to multiple QIDs: Q21445747, Q3940018, Q3940018, Q21445747"
i47442,Q1316279,dark-colored insect having predaceous aquatic larvae,02269516-n,i47442,alderfly|alder fly|Sialis lutaria,OEWN,Q1316279,unique_value,species of insect,Sialis lutaria,UNIQUE_VALUE_VIOLATION,REVIEW,"ILI i47442 maps to multiple QIDs: Q1316279, Q899799, Q899799, Q1316279"
i47442,Q899799,dark-colored insect having predaceous aquatic larvae,02269516-n,i47442,alderfly|alder fly|Sialis lutaria,OEWN,Q1316279,unique_value,insects of the Sialidae family,Sialidae,UNIQUE_VALUE_VIOLATION,REVIEW,"ILI i47442 maps to multiple QIDs: Q1316279, Q899799, Q899799, Q1316279"
i47442,Q899799,dark-colored insect having predaceous aquatic larvae,02269516-n,i47442,alderfly|alder fly|Sialis lutaria,OEWN,Q1316279,unique_value,insects of the Sialidae family,Sialidae,UNIQUE_VALUE_VIOLATION,REVIEW,"ILI i47442 maps to multiple QIDs: Q1316279, Q899799, Q899799, Q1316279"
i47442,Q1316279,dark-colored insect having predaceous aquatic larvae,02269516-n,i47442,alderfly|alder fly|Sialis lutaria,OEWN,Q1316279,unique_value,species of insect,Sialis lutaria,UNIQUE_VALUE_VIOLATION,REVIEW,"ILI i47442 maps to multiple QIDs: Q1316279, Q899799, Q899799, Q1316279"
i48572,Q185167,a sloth that has three long claws on each forefoot and each hindfoot,02460039-n,i48572,three-toed sloth|ai|Bradypus tridactylus,OEWN,Q142715,unique_value,genus of mammals,three-toed sloth,UNIQUE_VALUE_VIOLATION,REVIEW,"ILI i48572 maps to multiple QIDs: Q185167, Q142715, Q142715, Q185167"
i48572,Q142715,a sloth that has three long claws on each forefoot and each hindfoot,02460039-n,i48572,three-toed sloth|ai|Bradypus tridactylus,OEWN,Q142715,unique_value,species of mammal,Pale-throated Three-toed Sloth,UNIQUE_VALUE_VIOLATION,REVIEW,"ILI i48572 maps to multiple QIDs: Q185167, Q142715, Q142715, Q185167"
i48572,Q142715,a sloth that has three long claws on each forefoot and each hindfoot,02460039-n,i48572,three-toed sloth|ai|Bradypus tridactylus,OEWN,Q142715,unique_value,species of mammal,Pale-throated Three-toed Sloth,UNIQUE_VALUE_VIOLATION,REVIEW,"ILI i48572 maps to multiple QIDs: Q185167, Q142715, Q142715, Q185167"
i48572,Q185167,a sloth that has three long claws on each forefoot and each hindfoot,02460039-n,i48572,three-toed sloth|ai|Bradypus tridactylus,OEWN,Q142715,unique_value,genus of mammals,three-toed sloth,UNIQUE_VALUE_VIOLATION,REVIEW,"ILI i48572 maps to multiple QIDs: Q185167, Q142715, Q142715, Q185167"
i49584,Q1140406,mojarras,02639296-n,i49584,Gerreidae|family Gerreidae|Gerridae|family Gerridae,OENN,Q270322,unique_value,family of fishes,Gerreidae,UNIQUE_VALUE_VIOLATION,REVIEW,"ILI i49584 maps to multiple QIDs: Q1140406, Q270322, Q270322, Q1140406"
i49584,Q270322,mojarras,02639296-n,i49584,Gerreidae|family Gerreidae|Gerridae|family Gerridae,OENN,Q270322,unique_value,family of insects,Gerridae,UNIQUE_VALUE_VIOLATION,REVIEW,"ILI i49584 maps to multiple QIDs: Q1140406, Q270322, Q270322, Q1140406"
i49584,Q270322,mojarras,02639296-n,i49584,Gerreidae|family Gerreidae|Gerridae|family Gerridae,OENN,Q270322,unique_value,family of insects,Gerridae,UNIQUE_VALUE_VIOLATION,REVIEW,"ILI i49584 maps to multiple QIDs: Q1140406, Q270322, Q270322, Q1140406"
i49584,Q1140406,mojarras,02639296-n,i49584,Gerreidae|family Gerreidae|Gerridae|family Gerridae,OENN,Q270322,unique_value,family of fishes,Gerreidae,UNIQUE_VALUE_VIOLATION,REVIEW,"ILI i49584 maps to multiple QIDs: Q1140406, Q270322, Q270322, Q1140406"
i49693,Q1328265,spines become erect when the body is inflated; worldwide in warm waters,02658478-n,i49693,porcupinefish|porcupine fish|Diodon hystrix,OEWN,Q1328265,unique_value,species of fish,spot-fin porcupinefish,UNIQUE_VALUE_VIOLATION,REVIEW,"ILI i49693 maps to multiple QIDs: Q1328265, Q329334, Q329334, Q1328265"
i49693,Q329334,spines become erect when the body is inflated; worldwide in warm waters,02658478-n,i49693,porcupinefish|porcupine fish|Diodon hystrix,OEWN,Q1328265,unique_value,family of fish (Diodontidae),Diodontidae,UNIQUE_VALUE_VIOLATION,REVIEW,"ILI i49693 maps to multiple QIDs: Q1328265, Q329334, Q329334, Q1328265"
i49693,Q329334,spines become erect when the body is inflated; worldwide in warm waters,02658478-n,i49693,porcupinefish|porcupine fish|Diodon hystrix,OEWN,Q1328265,unique_value,family of fish (Diodontidae),Diodontidae,UNIQUE_VALUE_VIOLATION,REVIEW,"ILI i49693 maps to multiple QIDs: Q1328265, Q329334, Q329334, Q1328265"
i49693,Q1328265,spines become erect when the body is inflated; worldwide in warm waters,02658478-n,i49693,porcupinefish|porcupine fish|Diodon hystrix,OEWN,Q1328265,unique_value,species of fish,spot-fin porcupinefish,UNIQUE_VALUE_VIOLATION,REVIEW,"ILI i49693 maps to multiple QIDs: Q1328265, Q329334, Q329334, Q1328265"
i49773,Q217213,a New York school of painting characterized by freely created abstractions; the first important school of American painting to develop independently of European styles,02671377-n,i49773,Abstract Expressionism|action painting,OEWN,Q177725|Q217213,unique_value,style of painting,action painting,UNIQUE_VALUE_VIOLATION,REVIEW,"ILI i49773 maps to multiple QIDs: Q217213, Q177725, Q177725, Q217213"
i49773,Q177725,a New York school of painting characterized by freely created abstractions; the first important school of American painting to develop independently of European styles,02671377-n,i49773,Abstract Expressionism|action painting,OEWN,Q177725|Q217213,unique_value,American post–World War II art movement,abstract expressionism,UNIQUE_VALUE_VIOLATION,REVIEW,"ILI i49773 maps to multiple QIDs: Q217213, Q177725, Q177725, Q217213"
i49773,Q177725,a New York school of painting characterized by freely created abstractions; the first important school of American painting to develop independently of European styles,02671377-n,i49773,Abstract Expressionism|action painting,OEWN,Q177725|Q217213,unique_value,American post–World War II art movement,abstract expressionism,UNIQUE_VALUE_VIOLATION,REVIEW,"ILI i49773 maps to multiple QIDs: Q217213, Q177725, Q177725, Q217213"
i49773,Q217213,a New York school of painting characterized by freely created abstractions; the first important school of American painting to develop independently of European styles,02671377-n,i49773,Abstract Expressionism|action painting,OEWN,Q177725|Q217213,unique_value,style of painting,action painting,UNIQUE_VALUE_VIOLATION,REVIEW,"ILI i49773 maps to multiple QIDs: Q217213, Q177725, Q177725, Q217213"
i49904,Q745837,a pump that moves air in or out of something,02695372-n,i49904,air pump|vacuum pump,OEWN,Q636009|Q745837,unique_value,equipment producing low air pressure,vacuum pump,UNIQUE_VALUE_VIOLATION,REVIEW,"ILI i49904 maps to multiple QIDs: Q745837, Q636009, Q636009, Q745837"
i49904,Q636009,a pump that moves air in or out of something,02695372-n,i49904,air pump|vacuum pump,OEWN,Q636009|Q745837,unique_value,device for pushing air,air pump,UNIQUE_VALUE_VIOLATION,REVIEW,"ILI i49904 maps to multiple QIDs: Q745837, Q636009, Q636009, Q745837"
i49904,Q636009,a pump that moves air in or out of something,02695372-n,i49904,air pump|vacuum pump,OEWN,Q636009|Q745837,unique_value,device for pushing air,air pump,UNIQUE_VALUE_VIOLATION,REVIEW,"ILI i49904 maps to multiple QIDs: Q745837, Q636009, Q636009, Q745837"
i49904,Q745837,a pump that moves air in or out of something,02695372-n,i49904,air pump|vacuum pump,OEWN,Q636009|Q745837,unique_value,equipment producing low air pressure,vacuum pump,UNIQUE_VALUE_VIOLATION,REVIEW,"ILI i49904 maps to multiple QIDs: Q745837, Q636009, Q636009, Q745837"
i49949,Q3714446,a painted or carved screen placed above and behind an altar or communion table,02702629-n,i49949,altarpiece|reredos,OEWN,Q46686|Q15711026|Q3714446,unique_value,"vertical construction that carries carved, sometimes painted decorations behind an altar table",retable,UNIQUE_VALUE_VIOLATION,REVIEW,"ILI i49949 maps to multiple QIDs: Q3714446, Q46686, Q15711026, Q46686, Q46686, Q3714446, Q15711026, Q3714446, Q46686, Q15711026, Q3714446, Q15711026"
i49949,Q46686,a painted or carved screen placed above and behind an altar or communion table,02702629-n,i49949,altarpiece|reredos,OEWN,Q46686|Q15711026|Q3714446,unique_value,"altarpiece, screen or decoration behind the altar in a church",reredos,UNIQUE_VALUE_VIOLATION,REVIEW,"ILI i49949 maps to multiple QIDs: Q3714446, Q46686, Q15711026, Q46686, Q46686, Q3714446, Q15711026, Q3714446, Q46686, Q15711026, Q3714446, Q15711026"
i49949,Q15711026,a painted or carved screen placed above and behind an altar or communion table,02702629-n,i49949,altarpiece|reredos,OEWN,Q46686|Q15711026|Q3714446,unique_value,"artwork (painting, sculpture or relief) behind the altar",altarpiece,UNIQUE_VALUE_VIOLATION,REVIEW,"ILI i49949 maps to multiple QIDs: Q3714446, Q46686, Q15711026, Q46686, Q46686, Q3714446, Q15711026, Q3714446, Q46686, Q15711026, Q3714446, Q15711026"
i49949,Q46686,a painted or carved screen placed above and behind an altar or communion table,02702629-n,i49949,altarpiece|reredos,OEWN,Q46686|Q15711026|Q3714446,unique_value,"altarpiece, screen or decoration behind the altar in a church",reredos,UNIQUE_VALUE_VIOLATION,REVIEW,"ILI i49949 maps to multiple QIDs: Q3714446, Q46686, Q15711026, Q46686, Q46686, Q3714446, Q15711026, Q3714446, Q46686, Q15711026, Q3714446, Q15711026"
i49949,Q46686,a painted or carved screen placed above and behind an altar or communion table,02702629-n,i49949,altarpiece|reredos,OEWN,Q46686|Q15711026|Q3714446,unique_value,"altarpiece, screen or decoration behind the altar in a church",reredos,UNIQUE_VALUE_VIOLATION,REVIEW,"ILI i49949 maps to multiple QIDs: Q3714446, Q46686, Q15711026, Q46686, Q46686, Q3714446, Q15711026, Q3714446, Q46686, Q15711026, Q3714446, Q15711026"
i49949,Q3714446,a painted or carved screen placed above and behind an altar or communion table,02702629-n,i49949,altarpiece|reredos,OEWN,Q46686|Q15711026|Q3714446,unique_value,"vertical construction that carries carved, sometimes painted decorations behind an altar table",retable,UNIQUE_VALUE_VIOLATION,REVIEW,"ILI i49949 maps to multiple QIDs: Q3714446, Q46686, Q15711026, Q46686, Q46686, Q3714446, Q15711026, Q3714446, Q46686, Q15711026, Q3714446, Q15711026"
i49949,Q15711026,a painted or carved screen placed above and behind an altar or communion table,02702629-n,i49949,altarpiece|reredos,OEWN,Q46686|Q15711026|Q3714446,unique_value,"artwork (painting, sculpture or relief) behind the altar",altarpiece,UNIQUE_VALUE_VIOLATION,REVIEW,"ILI i49949 maps to multiple QIDs: Q3714446, Q46686, Q15711026, Q46686, Q46686, Q3714446, Q15711026, Q3714446, Q46686, Q15711026, Q3714446, Q15711026"
i49949,Q3714446,a painted or carved screen placed above and behind an altar or communion table,02702629-n,i49949,altarpiece|reredos,OEWN,Q46686|Q15711026|Q3714446,unique_value,"vertical construction that carries carved, sometimes painted decorations behind an altar table",retable,UNIQUE_VALUE_VIOLATION,REVIEW,"ILI i49949 maps to multiple QIDs: Q3714446, Q46686, Q15711026, Q46686, Q46686, Q3714446, Q15711026, Q3714446, Q46686, Q15711026, Q3714446, Q15711026"
i49949,Q46686,a painted or carved screen placed above and behind an altar or communion table,02702629-n,i49949,altarpiece|reredos,OEWN,Q46686|Q15711026|Q3714446,unique_value,"altarpiece, screen or decoration behind the altar in a church",reredos,UNIQUE_VALUE_VIOLATION,REVIEW,"ILI i49949 maps to multiple QIDs: Q3714446, Q46686, Q15711026, Q46686, Q46686, Q3714446, Q15711026, Q3714446, Q46686, Q15711026, Q3714446, Q15711026"
i49949,Q15711026,a painted or carved screen placed above and behind an altar or communion table,02702629-n,i49949,altarpiece|reredos,OEWN,Q46686|Q15711026|Q3714446,unique_value,"artwork (painting, sculpture or relief) behind the altar",altarpiece,UNIQUE_VALUE_VIOLATION,REVIEW,"ILI i49949 maps to multiple QIDs: Q3714446, Q46686, Q15711026, Q46686, Q46686, Q3714446, Q15711026, Q3714446, Q46686, Q15711026, Q3714446, Q15711026"
i49949,Q3714446,a painted or carved screen placed above and behind an altar or communion table,02702629-n,i49949,altarpiece|reredos,OEWN,Q46686|Q15711026|Q3714446,unique_value,"vertical construction that carries carved, sometimes painted decorations behind an altar table",retable,UNIQUE_VALUE_VIOLATION,REVIEW,"ILI i49949 maps to multiple QIDs: Q3714446, Q46686, Q15711026, Q46686, Q46686, Q3714446, Q15711026, Q3714446, Q46686, Q15711026, Q3714446, Q15711026"
i49949,Q15711026,a painted or carved screen placed above and behind an altar or communion table,02702629-n,i49949,altarpiece|reredos,OEWN,Q46686|Q15711026|Q3714446,unique_value,"artwork (painting, sculpture or relief) behind the altar",altarpiece,UNIQUE_VALUE_VIOLATION,REVIEW,"ILI i49949 maps to multiple QIDs: Q3714446, Q46686, Q15711026, Q46686, Q46686, Q3714446, Q15711026, Q3714446, Q46686, Q15711026, Q3714446, Q15711026"
i50060,Q578726,any agent that destroys or prevents the growth of fungi,02723112-n,i50060,antifungal|antifungal agent|fungicide|antimycotic|antimycotic agent,OEWN,Q193237|Q578726,unique_value,pharmaceutical or chemical fungicide or fungistatic used to treat and prevent mycosis,antifungal,UNIQUE_VALUE_VIOLATION,REVIEW,"ILI i50060 maps to multiple QIDs: Q578726, Q193237, Q193237, Q578726"
i50060,Q193237,any agent that destroys or prevents the growth of fungi,02723112-n,i50060,antifungal|antifungal agent|fungicide|antimycotic|antimycotic agent,OEWN,Q193237|Q578726,unique_value,pesticide used to kill fungi,fungicide,UNIQUE_VALUE_VIOLATION,REVIEW,"ILI i50060 maps to multiple QIDs: Q578726, Q193237, Q193237, Q578726"
i50060,Q193237,any agent that destroys or prevents the growth of fungi,02723112-n,i50060,antifungal|antifungal agent|fungicide|antimycotic|antimycotic agent,OEWN,Q193237|Q578726,unique_value,pesticide used to kill fungi,fungicide,UNIQUE_VALUE_VIOLATION,REVIEW,"ILI i50060 maps to multiple QIDs: Q578726, Q193237, Q193237, Q578726"
i50060,Q578726,any agent that destroys or prevents the growth of fungi,02723112-n,i50060,antifungal|antifungal agent|fungicide|antimycotic|antimycotic agent,OEWN,Q193237|Q578726,unique_value,pharmaceutical or chemical fungicide or fungistatic used to treat and prevent mycosis,antifungal,UNIQUE_VALUE_VIOLATION,REVIEW,"ILI i50060 maps to multiple QIDs: Q578726, Q193237, Q193237, Q578726"
i50887,Q2286991,a stiff hat made of straw with a flat crown,02862524-n,i50887,boater|leghorn|Panama|Panama hat|sailor|skimmer|straw hat,OEWN,Q741814|Q2286991|Q25312663,unique_value,"straw hat with a straight brim, flat crown and ribbon hatband",boater,UNIQUE_VALUE_VIOLATION,REVIEW,"ILI i50887 maps to multiple QIDs: Q2286991, Q741814, Q25312663, Q741814, Q741814, Q2286991, Q25312663, Q2286991, Q741814, Q25312663, Q2286991, Q25312663"
i50887,Q741814,a stiff hat made of straw with a flat crown,02862524-n,i50887,boater|leghorn|Panama|Panama hat|sailor|skimmer|straw hat,OEWN,Q741814|Q2286991|Q25312663,unique_value,traditional brimmed straw hat of Ecuadorian origin,panama hat,UNIQUE_VALUE_VIOLATION,REVIEW,"ILI i50887 maps to multiple QIDs: Q2286991, Q741814, Q25312663, Q741814, Q741814, Q2286991, Q25312663, Q2286991, Q741814, Q25312663, Q2286991, Q25312663"
i50887,Q25312663,a stiff hat made of straw with a flat crown,02862524-n,i50887,boater|leghorn|Panama|Panama hat|sailor|skimmer|straw hat,OEWN,Q741814|Q2286991|Q25312663,unique_value,straw hat popular in the 19th century,Sailor hat,UNIQUE_VALUE_VIOLATION,REVIEW,"ILI i50887 maps to multiple QIDs: Q2286991, Q741814, Q25312663, Q741814, Q741814, Q2286991, Q25312663, Q2286991, Q741814, Q25312663, Q2286991, Q25312663"
i50887,Q741814,a stiff hat made of straw with a flat crown,02862524-n,i50887,boater|leghorn|Panama|Panama hat|sailor|skimmer|straw hat,OEWN,Q741814|Q2286991|Q25312663,unique_value,traditional brimmed straw hat of Ecuadorian origin,panama hat,UNIQUE_VALUE_VIOLATION,REVIEW,"ILI i50887 maps to multiple QIDs: Q2286991, Q741814, Q25312663, Q741814, Q741814, Q2286991, Q25312663, Q2286991, Q741814, Q25312663, Q2286991, Q25312663"
i50887,Q741814,a stiff hat made of straw with a flat crown,02862524-n,i50887,boater|leghorn|Panama|Panama hat|sailor|skimmer|straw hat,OEWN,Q741814|Q2286991|Q25312663,unique_value,traditional brimmed straw hat of Ecuadorian origin,panama hat,UNIQUE_VALUE_VIOLATION,REVIEW,"ILI i50887 maps to multiple QIDs: Q2286991, Q741814, Q25312663, Q741814, Q741814, Q2286991, Q25312663, Q2286991, Q741814, Q25312663, Q2286991, Q25312663"
i50887,Q2286991,a stiff hat made of straw with a flat crown,02862524-n,i50887,boater|leghorn|Panama|Panama hat|sailor|skimmer|straw hat,OEWN,Q741814|Q2286991|Q25312663,unique_value,"straw hat with a straight brim, flat crown and ribbon hatband",boater,UNIQUE_VALUE_VIOLATION,REVIEW,"ILI i50887 maps to multiple QIDs: Q2286991, Q741814, Q25312663, Q741814, Q741814, Q2286991, Q25312663, Q2286991, Q741814, Q25312663, Q2286991, Q25312663"
i50887,Q25312663,a stiff hat made of straw with a flat crown,02862524-n,i50887,boater|leghorn|Panama|Panama hat|sailor|skimmer|straw hat,OEWN,Q741814|Q2286991|Q25312663,unique_value,straw hat popular in the 19th century,Sailor hat,UNIQUE_VALUE_VIOLATION,REVIEW,"ILI i50887 maps to multiple QIDs: Q2286991, Q741814, Q25312663, Q741814, Q741814, Q2286991, Q25312663, Q2286991, Q741814, Q25312663, Q2286991, Q25312663"
i50887,Q2286991,a stiff hat made of straw with a flat crown,02862524-n,i50887,boater|leghorn|Panama|Panama hat|sailor|skimmer|straw hat,OEWN,Q741814|Q2286991|Q25312663,unique_value,"straw hat with a straight brim, flat crown and ribbon hatband",boater,UNIQUE_VALUE_VIOLATION,REVIEW,"ILI i50887 maps to multiple QIDs: Q2286991, Q741814, Q25312663, Q741814, Q741814, Q2286991, Q25312663, Q2286991, Q741814, Q25312663, Q2286991, Q25312663"
i50887,Q741814,a stiff hat made of straw with a flat crown,02862524-n,i50887,boater|leghorn|Panama|Panama hat|sailor|skimmer|straw hat,OEWN,Q741814|Q2286991|Q25312663,unique_value,traditional brimmed straw hat of Ecuadorian origin,panama hat,UNIQUE_VALUE_VIOLATION,REVIEW,"ILI i50887 maps to multiple QIDs: Q2286991, Q741814, Q25312663, Q741814, Q741814, Q2286991, Q25312663, Q2286991, Q741814, Q25312663, Q2286991, Q25312663"
i50887,Q25312663,a stiff hat made of straw with a flat crown,02862524-n,i50887,boater|leghorn|Panama|Panama hat|sailor|skimmer|straw hat,OEWN,Q741814|Q2286991|Q25312663,unique_value,straw hat popular in the 19th century,Sailor hat,UNIQUE_VALUE_VIOLATION,REVIEW,"ILI i50887 maps to multiple QIDs: Q2286991, Q741814, Q25312663, Q741814, Q741814, Q2286991, Q25312663, Q2286991, Q741814, Q25312663, Q2286991, Q25312663"
i50887,Q2286991,a stiff hat made of straw with a flat crown,02862524-n,i50887,boater|leghorn|Panama|Panama hat|sailor|skimmer|straw hat,OEWN,Q741814|Q2286991|Q25312663,unique_value,"straw hat with a straight brim, flat crown and ribbon hatband",boater,UNIQUE_VALUE_VIOLATION,REVIEW,"ILI i50887 maps to multiple QIDs: Q2286991, Q741814, Q25312663, Q741814, Q741814, Q2286991, Q25312663, Q2286991, Q741814, Q25312663, Q2286991, Q25312663"
i50887,Q25312663,a stiff hat made of straw with a flat crown,02862524-n,i50887,boater|leghorn|Panama|Panama hat|sailor|skimmer|straw hat,OEWN,Q741814|Q2286991|Q25312663,unique_value,straw hat popular in the 19th century,Sailor hat,UNIQUE_VALUE_VIOLATION,REVIEW,"ILI i50887 maps to multiple QIDs: Q2286991, Q741814, Q25312663, Q741814, Q741814, Q2286991, Q25312663, Q2286991, Q741814, Q25312663, Q2286991, Q25312663"
i50944,Q17003536,a chamber (often underground) reinforced against bombing and provided with food and living facilities; used during air raids,02871978-n,i50944,bomb shelter|air-raid shelter|bombproof,OEWN,Q389959|Q17003536,unique_value,structure designed to provide protection against the effects of a bomb,bomb shelter,UNIQUE_VALUE_VIOLATION,REVIEW,"ILI i50944 maps to multiple QIDs: Q17003536, Q389959, Q389959, Q17003536"
i50944,Q389959,a chamber (often underground) reinforced against bombing and provided with food and living facilities; used during air raids,02871978-n,i50944,bomb shelter|air-raid shelter|bombproof,OEWN,Q389959|Q17003536,unique_value,structure which protects against enemy attacks from the air,air-raid shelter,UNIQUE_VALUE_VIOLATION,REVIEW,"ILI i50944 maps to multiple QIDs: Q17003536, Q389959, Q389959, Q17003536"
i50944,Q389959,a chamber (often underground) reinforced against bombing and provided with food and living facilities; used during air raids,02871978-n,i50944,bomb shelter|air-raid shelter|bombproof,OEWN,Q389959|Q17003536,unique_value,structure which protects against enemy attacks from the air,air-raid shelter,UNIQUE_VALUE_VIOLATION,REVIEW,"ILI i50944 maps to multiple QIDs: Q17003536, Q389959, Q389959, Q17003536"
i50944,Q17003536,a chamber (often underground) reinforced against bombing and provided with food and living facilities; used during air raids,02871978-n,i50944,bomb shelter|air-raid shelter|bombproof,OEWN,Q389959|Q17003536,unique_value,structure designed to provide protection against the effects of a bomb,bomb shelter,UNIQUE_VALUE_VIOLATION,REVIEW,"ILI i50944 maps to multiple QIDs: Q17003536, Q389959, Q389959, Q17003536"
i51323,Q3268741,a small jet-propelled winged missile that carries a bomb,02933307-n,i51323,buzz bomb|robot bomb|flying bomb|doodlebug|V-1,OEWN,Q3268741|Q153348,unique_value,single-mission military aircraft carrying an explosive warhead,flying bomb,UNIQUE_VALUE_VIOLATION,REVIEW,"ILI i51323 maps to multiple QIDs: Q3268741, Q153348, Q153348, Q3268741"
i51323,Q153348,a small jet-propelled winged missile that carries a bomb,02933307-n,i51323,buzz bomb|robot bomb|flying bomb|doodlebug|V-1,OEWN,Q3268741|Q153348,unique_value,1944 cruise missile by Fieseler,V-1,UNIQUE_VALUE_VIOLATION,REVIEW,"ILI i51323 maps to multiple QIDs: Q3268741, Q153348, Q153348, Q3268741"
i51323,Q153348,a small jet-propelled winged missile that carries a bomb,02933307-n,i51323,buzz bomb|robot bomb|flying bomb|doodlebug|V-1,OEWN,Q3268741|Q153348,unique_value,1944 cruise missile by Fieseler,V-1,UNIQUE_VALUE_VIOLATION,REVIEW,"ILI i51323 maps to multiple QIDs: Q3268741, Q153348, Q153348, Q3268741"
i51323,Q3268741,a small jet-propelled winged missile that carries a bomb,02933307-n,i51323,buzz bomb|robot bomb|flying bomb|doodlebug|V-1,OEWN,Q3268741|Q153348,unique_value,single-mission military aircraft carrying an explosive warhead,flying bomb,UNIQUE_VALUE_VIOLATION,REVIEW,"ILI i51323 maps to multiple QIDs: Q3268741, Q153348, Q153348, Q3268741"
i51700,Q1264081,a container for burning incense (especially one that is swung on a chain in a religious ritual),02996823-n,i51700,censer|thurible,OEWN,Q1264081|Q373066,unique_value,ceremonial incense burner,censer,UNIQUE_VALUE_VIOLATION,REVIEW,"ILI i51700 maps to multiple QIDs: Q1264081, Q373066, Q373066, Q1264081"
i51700,Q373066,a container for burning incense (especially one that is swung on a chain in a religious ritual),02996823-n,i51700,censer|thurible,OEWN,Q1264081|Q373066,unique_value,"metal censer suspended from chains, in which incense is burned during worship services",thurible,UNIQUE_VALUE_VIOLATION,REVIEW,"ILI i51700 maps to multiple QIDs: Q1264081, Q373066, Q373066, Q1264081"
i51700,Q373066,a container for burning incense (especially one that is swung on a chain in a religious ritual),02996823-n,i51700,censer|thurible,OEWN,Q1264081|Q373066,unique_value,"metal censer suspended from chains, in which incense is burned during worship services",thurible,UNIQUE_VALUE_VIOLATION,REVIEW,"ILI i51700 maps to multiple QIDs: Q1264081, Q373066, Q373066, Q1264081"
i51700,Q1264081,a container for burning incense (especially one that is swung on a chain in a religious ritual),02996823-n,i51700,censer|thurible,OEWN,Q1264081|Q373066,unique_value,ceremonial incense burner,censer,UNIQUE_VALUE_VIOLATION,REVIEW,"ILI i51700 maps to multiple QIDs: Q1264081, Q373066, Q373066, Q1264081"
i52422,Q2442900,a bit for enlarging the upper part of a hole,03122293-n,i52422,counterbore|countersink|countersink bit,OEWN,Q2442900|Q1313250,unique_value,"flat-bottomed hole allowing a screw head to sit flush with a surface, or a tool for making such a hole",counterbore,UNIQUE_VALUE_VIOLATION,REVIEW,"ILI i52422 maps to multiple QIDs: Q2442900, Q1313250, Q1313250, Q2442900"
i52422,Q1313250,a bit for enlarging the upper part of a hole,03122293-n,i52422,counterbore|countersink|countersink bit,OEWN,Q2442900|Q1313250,unique_value,shallow conical holes in materials,Countersunk hole,UNIQUE_VALUE_VIOLATION,REVIEW,"ILI i52422 maps to multiple QIDs: Q2442900, Q1313250, Q1313250, Q2442900"
i52422,Q1313250,a bit for enlarging the upper part of a hole,03122293-n,i52422,counterbore|countersink|countersink bit,OEWN,Q2442900|Q1313250,unique_value,shallow conical holes in materials,Countersunk hole,UNIQUE_VALUE_VIOLATION,REVIEW,"ILI i52422 maps to multiple QIDs: Q2442900, Q1313250, Q1313250, Q2442900"
i52422,Q2442900,a bit for enlarging the upper part of a hole,03122293-n,i52422,counterbore|countersink|countersink bit,OEWN,Q2442900|Q1313250,unique_value,"flat-bottomed hole allowing a screw head to sit flush with a surface, or a tool for making such a hole",counterbore,UNIQUE_VALUE_VIOLATION,REVIEW,"ILI i52422 maps to multiple QIDs: Q2442900, Q1313250, Q1313250, Q2442900"
i52939,Q4886804,antihistamine (trade name Benadryl) used to treat allergic reactions involving the nasal passages (hay fever) and also to treat motion sickness,03207909-n,i52939,diphenhydramine|Benadryl,OEWN,Q4886804|Q413486,unique_value,Antihistamine medication,Benadryl,UNIQUE_VALUE_VIOLATION,REVIEW,"ILI i52939 maps to multiple QIDs: Q4886804, Q413486, Q413486, Q4886804"
i52939,Q413486,antihistamine (trade name Benadryl) used to treat allergic reactions involving the nasal passages (hay fever) and also to treat motion sickness,03207909-n,i52939,diphenhydramine|Benadryl,OEWN,Q4886804|Q413486,unique_value,antihistamine medication,diphenhydramine,UNIQUE_VALUE_VIOLATION,REVIEW,"ILI i52939 maps to multiple QIDs: Q4886804, Q413486, Q413486, Q4886804"
i52939,Q413486,antihistamine (trade name Benadryl) used to treat allergic reactions involving the nasal passages (hay fever) and also to treat motion sickness,03207909-n,i52939,diphenhydramine|Benadryl,OEWN,Q4886804|Q413486,unique_value,antihistamine medication,diphenhydramine,UNIQUE_VALUE_VIOLATION,REVIEW,"ILI i52939 maps to multiple QIDs: Q4886804, Q413486, Q413486, Q4886804"
i52939,Q4886804,antihistamine (trade name Benadryl) used to treat allergic reactions involving the nasal passages (hay fever) and also to treat motion sickness,03207909-n,i52939,diphenhydramine|Benadryl,OEWN,Q4886804|Q413486,unique_value,Antihistamine medication,Benadryl,UNIQUE_VALUE_VIOLATION,REVIEW,"ILI i52939 maps to multiple QIDs: Q4886804, Q413486, Q413486, Q4886804"
i53209,Q212892,a musical percussion instrument; usually consists of a hollow cylinder with a membrane stretched across each end,03254272-n,i53209,drum|membranophone|tympan,OEWN,Q212892|Q11404,unique_value,class of musical instruments which produce sound primarily by way of a vibrating stretched membrane,Membranophone,UNIQUE_VALUE_VIOLATION,REVIEW,"ILI i53209 maps to multiple QIDs: Q212892, Q11404, Q11404, Q212892"
i53209,Q11404,a musical percussion instrument; usually consists of a hollow cylinder with a membrane stretched across each end,03254272-n,i53209,drum|membranophone|tympan,OEWN,Q212892|Q11404,unique_value,type of musical instrument of the percussion family,drum,UNIQUE_VALUE_VIOLATION,REVIEW,"ILI i53209 maps to multiple QIDs: Q212892, Q11404, Q11404, Q212892"
i53209,Q11404,a musical percussion instrument; usually consists of a hollow cylinder with a membrane stretched across each end,03254272-n,i53209,drum|membranophone|tympan,OEWN,Q212892|Q11404,unique_value,type of musical instrument of the percussion family,drum,UNIQUE_VALUE_VIOLATION,REVIEW,"ILI i53209 maps to multiple QIDs: Q212892, Q11404, Q11404, Q212892"
i53209,Q212892,a musical percussion instrument; usually consists of a hollow cylinder with a membrane stretched across each end,03254272-n,i53209,drum|membranophone|tympan,OEWN,Q212892|Q11404,unique_value,class of musical instruments which produce sound primarily by way of a vibrating stretched membrane,Membranophone,UNIQUE_VALUE_VIOLATION,REVIEW,"ILI i53209 maps to multiple QIDs: Q212892, Q11404, Q11404, Q212892"
i53268,Q5515378,a loose coverall (coat or frock) reaching down to the ankles,03263433-n,i53268,duster|gaberdine|gabardine|smock|dust coat,OEWN,Q5515378|Q1743902,unique_value,"long, loose gown or cloak with wide sleeves, worn by men in the later Middle Ages and into the 16th century",gaberdine,UNIQUE_VALUE_VIOLATION,REVIEW,"ILI i53268 maps to multiple QIDs: Q5515378, Q1743902, Q1743902, Q5515378"
i53268,Q1743902,a loose coverall (coat or frock) reaching down to the ankles,03263433-n,i53268,duster|gaberdine|gabardine|smock|dust coat,OEWN,Q5515378|Q1743902,unique_value,traditional rural man's outer garment,smock,UNIQUE_VALUE_VIOLATION,REVIEW,"ILI i53268 maps to multiple QIDs: Q5515378, Q1743902, Q1743902, Q5515378"
i53268,Q1743902,a loose coverall (coat or frock) reaching down to the ankles,03263433-n,i53268,duster|gaberdine|gabardine|smock|dust coat,OEWN,Q5515378|Q1743902,unique_value,traditional rural man's outer garment,smock,UNIQUE_VALUE_VIOLATION,REVIEW,"ILI i53268 maps to multiple QIDs: Q5515378, Q1743902, Q1743902, Q5515378"
i53268,Q5515378,a loose coverall (coat or frock) reaching down to the ankles,03263433-n,i53268,duster|gaberdine|gabardine|smock|dust coat,OEWN,Q5515378|Q1743902,unique_value,"long, loose gown or cloak with wide sleeves, worn by men in the later Middle Ages and into the 16th century",gaberdine,UNIQUE_VALUE_VIOLATION,REVIEW,"ILI i53268 maps to multiple QIDs: Q5515378, Q1743902, Q1743902, Q5515378"
i53992,Q2144456,attire to wear on formal occasions in the evening,03389737-n,i53992,formalwear|eveningwear|evening dress|evening clothes,OEWN,Q1151364|Q2144456,unique_value,woman's dress usually worn to a semi-formal or formal affair,evening dress,UNIQUE_VALUE_VIOLATION,REVIEW,"ILI i53992 maps to multiple QIDs: Q2144456, Q1151364, Q1151364, Q2144456"
i53992,Q1151364,attire to wear on formal occasions in the evening,03389737-n,i53992,formalwear|eveningwear|evening dress|evening clothes,OEWN,Q1151364|Q2144456,unique_value,class of clothing for special occasions or events,formal wear,UNIQUE_VALUE_VIOLATION,REVIEW,"ILI i53992 maps to multiple QIDs: Q2144456, Q1151364, Q1151364, Q2144456"
i53992,Q1151364,attire to wear on formal occasions in the evening,03389737-n,i53992,formalwear|eveningwear|evening dress|evening clothes,OEWN,Q1151364|Q2144456,unique_value,class of clothing for special occasions or events,formal wear,UNIQUE_VALUE_VIOLATION,REVIEW,"ILI i53992 maps to multiple QIDs: Q2144456, Q1151364, Q1151364, Q2144456"
i53992,Q2144456,attire to wear on formal occasions in the evening,03389737-n,i53992,formalwear|eveningwear|evening dress|evening clothes,OEWN,Q1151364|Q2144456,unique_value,woman's dress usually worn to a semi-formal or formal affair,evening dress,UNIQUE_VALUE_VIOLATION,REVIEW,"ILI i53992 maps to multiple QIDs: Q2144456, Q1151364, Q1151364, Q2144456"
i54389,Q1595294,(legend) chalice used by Christ at the Last Supper,03456853-n,i54389,grail|Holy Grail|Sangraal,OENN,Q1595294|Q162808,unique_value,vessel that Jesus used at the Last Supper to serve wine,Holy Chalice,UNIQUE_VALUE_VIOLATION,REVIEW,"ILI i54389 maps to multiple QIDs: Q1595294, Q162808, Q162808, Q1595294"
i54389,Q162808,(legend) chalice used by Christ at the Last Supper,03456853-n,i54389,grail|Holy Grail|Sangraal,OENN,Q1595294|Q162808,unique_value,"cup, dish or stone with miraculous powers, important motif in Arthurian literature",Holy Grail,UNIQUE_VALUE_VIOLATION,REVIEW,"ILI i54389 maps to multiple QIDs: Q1595294, Q162808, Q162808, Q1595294"
i54389,Q162808,(legend) chalice used by Christ at the Last Supper,03456853-n,i54389,grail|Holy Grail|Sangraal,OENN,Q1595294|Q162808,unique_value,"cup, dish or stone with miraculous powers, important motif in Arthurian literature",Holy Grail,UNIQUE_VALUE_VIOLATION,REVIEW,"ILI i54389 maps to multiple QIDs: Q1595294, Q162808, Q162808, Q1595294"
i54389,Q1595294,(legend) chalice used by Christ at the Last Supper,03456853-n,i54389,grail|Holy Grail|Sangraal,OENN,Q1595294|Q162808,unique_value,vessel that Jesus used at the Last Supper to serve wine,Holy Chalice,UNIQUE_VALUE_VIOLATION,REVIEW,"ILI i54389 maps to multiple QIDs: Q1595294, Q162808, Q162808, Q1595294"
i54807,Q2145163,a highway,03524741-n,i54807,highroad|trunk road,OEWN,Q2145163|Q1304276,unique_value,"type of major road, usually connecting major settlements",trunk road,UNIQUE_VALUE_VIOLATION,REVIEW,"ILI i54807 maps to multiple QIDs: Q2145163, Q1304276, Q1304276, Q2145163"
i54807,Q1304276,a highway,03524741-n,i54807,highroad|trunk road,OEWN,Q2145163|Q1304276,unique_value,high-capacity urban road,arterial road,UNIQUE_VALUE_VIOLATION,REVIEW,"ILI i54807 maps to multiple QIDs: Q2145163, Q1304276, Q1304276, Q2145163"
i54807,Q1304276,a highway,03524741-n,i54807,highroad|trunk road,OEWN,Q2145163|Q1304276,unique_value,high-capacity urban road,arterial road,UNIQUE_VALUE_VIOLATION,REVIEW,"ILI i54807 maps to multiple QIDs: Q2145163, Q1304276, Q1304276, Q2145163"
i54807,Q2145163,a highway,03524741-n,i54807,highroad|trunk road,OEWN,Q2145163|Q1304276,unique_value,"type of major road, usually connecting major settlements",trunk road,UNIQUE_VALUE_VIOLATION,REVIEW,"ILI i54807 maps to multiple QIDs: Q2145163, Q1304276, Q1304276, Q2145163"
i55625,Q3639678,library that provides books for use outside the building,03661417-n,i55625,lending library|circulating library,OEWN,Q3639678|Q779419,unique_value,for-profit library that lends books to the public for a fee,circulating library,UNIQUE_VALUE_VIOLATION,REVIEW,"ILI i55625 maps to multiple QIDs: Q3639678, Q779419, Q779419, Q3639678"
i55625,Q779419,library that provides books for use outside the building,03661417-n,i55625,lending library|circulating library,OEWN,Q3639678|Q779419,unique_value,institution that provides books on loan for a specified period of time,lending library,UNIQUE_VALUE_VIOLATION,REVIEW,"ILI i55625 maps to multiple QIDs: Q3639678, Q779419, Q779419, Q3639678"
i55625,Q779419,library that provides books for use outside the building,03661417-n,i55625,lending library|circulating library,OEWN,Q3639678|Q779419,unique_value,institution that provides books on loan for a specified period of time,lending library,UNIQUE_VALUE_VIOLATION,REVIEW,"ILI i55625 maps to multiple QIDs: Q3639678, Q779419, Q779419, Q3639678"
i55625,Q3639678,library that provides books for use outside the building,03661417-n,i55625,lending library|circulating library,OEWN,Q3639678|Q779419,unique_value,for-profit library that lends books to the public for a fee,circulating library,UNIQUE_VALUE_VIOLATION,REVIEW,"ILI i55625 maps to multiple QIDs: Q3639678, Q779419, Q779419, Q3639678"
i55632,Q1820061,a tight-fitting garment of stretchy material that covers the body from the shoulders to the thighs (and may have long sleeves or legs reaching down to the ankles); worn by ballet dancers and acrobats for practice or performance,03662837-n,i55632,leotard|unitard|body suit|cat suit,OEWN,Q1820061|Q890119,unique_value,"unisex skin-tight one-piece garment that covers the torso, with or without legs, worn by dancers and gymnasts",leotard,UNIQUE_VALUE_VIOLATION,REVIEW,"ILI i55632 maps to multiple QIDs: Q1820061, Q890119, Q890119, Q1820061"
i55632,Q890119,a tight-fitting garment of stretchy material that covers the body from the shoulders to the thighs (and may have long sleeves or legs reaching down to the ankles); worn by ballet dancers and acrobats for practice or performance,03662837-n,i55632,leotard|unitard|body suit|cat suit,OEWN,Q1820061|Q890119,unique_value,one-piece form-fitting garment that covers the torso and the crotch,bodysuit,UNIQUE_VALUE_VIOLATION,REVIEW,"ILI i55632 maps to multiple QIDs: Q1820061, Q890119, Q890119, Q1820061"
i55632,Q890119,a tight-fitting garment of stretchy material that covers the body from the shoulders to the thighs (and may have long sleeves or legs reaching down to the ankles); worn by ballet dancers and acrobats for practice or performance,03662837-n,i55632,leotard|unitard|body suit|cat suit,OEWN,Q1820061|Q890119,unique_value,one-piece form-fitting garment that covers the torso and the crotch,bodysuit,UNIQUE_VALUE_VIOLATION,REVIEW,"ILI i55632 maps to multiple QIDs: Q1820061, Q890119, Q890119, Q1820061"
i55632,Q1820061,a tight-fitting garment of stretchy material that covers the body from the shoulders to the thighs (and may have long sleeves or legs reaching down to the ankles); worn by ballet dancers and acrobats for practice or performance,03662837-n,i55632,leotard|unitard|body suit|cat suit,OEWN,Q1820061|Q890119,unique_value,"unisex skin-tight one-piece garment that covers the torso, with or without legs, worn by dancers and gymnasts",leotard,UNIQUE_VALUE_VIOLATION,REVIEW,"ILI i55632 maps to multiple QIDs: Q1820061, Q890119, Q890119, Q1820061"
i56015,Q220971,a percussion instrument with wooden bars tuned to produce a chromatic scale and with resonators; played with small mallets,03726875-n,i56015,marimba|xylophone,OEWN,Q165666|Q220971,unique_value,"idiophone of Bantu origin consisting of wooden bars struck by mallets with resonator pipes below each bar; related to the West African balafon, and spread through the African diaspora to Central America and the Pacific coast of Colombia and Ecuador",marimba,UNIQUE_VALUE_VIOLATION,REVIEW,"ILI i56015 maps to multiple QIDs: Q220971, Q165666, Q165666, Q220971"
i56015,Q165666,a percussion instrument with wooden bars tuned to produce a chromatic scale and with resonators; played with small mallets,03726875-n,i56015,marimba|xylophone,OEWN,Q165666|Q220971,unique_value,a musical instrument in the percussion family that consists of wooden bars struck by mallets,xylophone,UNIQUE_VALUE_VIOLATION,REVIEW,"ILI i56015 maps to multiple QIDs: Q220971, Q165666, Q165666, Q220971"
i56015,Q165666,a percussion instrument with wooden bars tuned to produce a chromatic scale and with resonators; played with small mallets,03726875-n,i56015,marimba|xylophone,OEWN,Q165666|Q220971,unique_value,a musical instrument in the percussion family that consists of wooden bars struck by mallets,xylophone,UNIQUE_VALUE_VIOLATION,REVIEW,"ILI i56015 maps to multiple QIDs: Q220971, Q165666, Q165666, Q220971"
i56015,Q220971,a percussion instrument with wooden bars tuned to produce a chromatic scale and with resonators; played with small mallets,03726875-n,i56015,marimba|xylophone,OEWN,Q165666|Q220971,unique_value,"idiophone of Bantu origin consisting of wooden bars struck by mallets with resonator pipes below each bar; related to the West African balafon, and spread through the African diaspora to Central America and the Pacific coast of Colombia and Ecuador",marimba,UNIQUE_VALUE_VIOLATION,REVIEW,"ILI i56015 maps to multiple QIDs: Q220971, Q165666, Q165666, Q220971"
i56375,Q7905205,a muzzle-loading high-angle gun with a short barrel that fires shells at high elevations for a short range,03792248-n,i56375,mortar|howitzer|trench mortar,OEWN,Q180126|Q11464003|Q7905205,unique_value,artillery weapon that launches explosive projectiles at high angles,mortar,UNIQUE_VALUE_VIOLATION,REVIEW,"ILI i56375 maps to multiple QIDs: Q7905205, Q180126, Q11464003, Q180126, Q180126, Q7905205, Q11464003, Q7905205, Q180126, Q11464003, Q7905205, Q11464003"
i56375,Q180126,a muzzle-loading high-angle gun with a short barrel that fires shells at high elevations for a short range,03792248-n,i56375,mortar|howitzer|trench mortar,OEWN,Q180126|Q11464003|Q7905205,unique_value,type of artillery,howitzer,UNIQUE_VALUE_VIOLATION,REVIEW,"ILI i56375 maps to multiple QIDs: Q7905205, Q180126, Q11464003, Q180126, Q180126, Q7905205, Q11464003, Q7905205, Q180126, Q11464003, Q7905205, Q11464003"
i56375,Q11464003,a muzzle-loading high-angle gun with a short barrel that fires shells at high elevations for a short range,03792248-n,i56375,mortar|howitzer|trench mortar,OEWN,Q180126|Q11464003|Q7905205,unique_value,mortar with a short barrel,short-barreled mortar,UNIQUE_VALUE_VIOLATION,REVIEW,"ILI i56375 maps to multiple QIDs: Q7905205, Q180126, Q11464003, Q180126, Q180126, Q7905205, Q11464003, Q7905205, Q180126, Q11464003, Q7905205, Q11464003"
i56375,Q180126,a muzzle-loading high-angle gun with a short barrel that fires shells at high elevations for a short range,03792248-n,i56375,mortar|howitzer|trench mortar,OEWN,Q180126|Q11464003|Q7905205,unique_value,type of artillery,howitzer,UNIQUE_VALUE_VIOLATION,REVIEW,"ILI i56375 maps to multiple QIDs: Q7905205, Q180126, Q11464003, Q180126, Q180126, Q7905205, Q11464003, Q7905205, Q180126, Q11464003, Q7905205, Q11464003"
i56375,Q180126,a muzzle-loading high-angle gun with a short barrel that fires shells at high elevations for a short range,03792248-n,i56375,mortar|howitzer|trench mortar,OEWN,Q180126|Q11464003|Q7905205,unique_value,type of artillery,howitzer,UNIQUE_VALUE_VIOLATION,REVIEW,"ILI i56375 maps to multiple QIDs: Q7905205, Q180126, Q11464003, Q180126, Q180126, Q7905205, Q11464003, Q7905205, Q180126, Q11464003, Q7905205, Q11464003"
i56375,Q7905205,a muzzle-loading high-angle gun with a short barrel that fires shells at high elevations for a short range,03792248-n,i56375,mortar|howitzer|trench mortar,OEWN,Q180126|Q11464003|Q7905205,unique_value,artillery weapon that launches explosive projectiles at high angles,mortar,UNIQUE_VALUE_VIOLATION,REVIEW,"ILI i56375 maps to multiple QIDs: Q7905205, Q180126, Q11464003, Q180126, Q180126, Q7905205, Q11464003, Q7905205, Q180126, Q11464003, Q7905205, Q11464003"
i56375,Q11464003,a muzzle-loading high-angle gun with a short barrel that fires shells at high elevations for a short range,03792248-n,i56375,mortar|howitzer|trench mortar,OEWN,Q180126|Q11464003|Q7905205,unique_value,mortar with a short barrel,short-barreled mortar,UNIQUE_VALUE_VIOLATION,REVIEW,"ILI i56375 maps to multiple QIDs: Q7905205, Q180126, Q11464003, Q180126, Q180126, Q7905205, Q11464003, Q7905205, Q180126, Q11464003, Q7905205, Q11464003"
i56375,Q7905205,a muzzle-loading high-angle gun with a short barrel that fires shells at high elevations for a short range,03792248-n,i56375,mortar|howitzer|trench mortar,OEWN,Q180126|Q11464003|Q7905205,unique_value,artillery weapon that launches explosive projectiles at high angles,mortar,UNIQUE_VALUE_VIOLATION,REVIEW,"ILI i56375 maps to multiple QIDs: Q7905205, Q180126, Q11464003, Q180126, Q180126, Q7905205, Q11464003, Q7905205, Q180126, Q11464003, Q7905205, Q11464003"
i56375,Q180126,a muzzle-loading high-angle gun with a short barrel that fires shells at high elevations for a short range,03792248-n,i56375,mortar|howitzer|trench mortar,OEWN,Q180126|Q11464003|Q7905205,unique_value,type of artillery,howitzer,UNIQUE_VALUE_VIOLATION,REVIEW,"ILI i56375 maps to multiple QIDs: Q7905205, Q180126, Q11464003, Q180126, Q180126, Q7905205, Q11464003, Q7905205, Q180126, Q11464003, Q7905205, Q11464003"
i56375,Q11464003,a muzzle-loading high-angle gun with a short barrel that fires shells at high elevations for a short range,03792248-n,i56375,mortar|howitzer|trench mortar,OEWN,Q180126|Q11464003|Q7905205,unique_value,mortar with a short barrel,short-barreled mortar,UNIQUE_VALUE_VIOLATION,REVIEW,"ILI i56375 maps to multiple QIDs: Q7905205, Q180126, Q11464003, Q180126, Q180126, Q7905205, Q11464003, Q7905205, Q180126, Q11464003, Q7905205, Q11464003"
i56375,Q7905205,a muzzle-loading high-angle gun with a short barrel that fires shells at high elevations for a short range,03792248-n,i56375,mortar|howitzer|trench mortar,OEWN,Q180126|Q11464003|Q7905205,unique_value,artillery weapon that launches explosive projectiles at high angles,mortar,UNIQUE_VALUE_VIOLATION,REVIEW,"ILI i56375 maps to multiple QIDs: Q7905205, Q180126, Q11464003, Q180126, Q180126, Q7905205, Q11464003, Q7905205, Q180126, Q11464003, Q7905205, Q11464003"
i56375,Q11464003,a muzzle-loading high-angle gun with a short barrel that fires shells at high elevations for a short range,03792248-n,i56375,mortar|howitzer|trench mortar,OEWN,Q180126|Q11464003|Q7905205,unique_value,mortar with a short barrel,short-barreled mortar,UNIQUE_VALUE_VIOLATION,REVIEW,"ILI i56375 maps to multiple QIDs: Q7905205, Q180126, Q11464003, Q180126, Q180126, Q7905205, Q11464003, Q7905205, Q180126, Q11464003, Q7905205, Q11464003"
i56389,Q3434328,a woman's loose unbelted dress,03794447-n,i56389,Mother Hubbard|muumuu,OEWN,Q599820|Q3434328,unique_value,"long, loose dress with a high neckline and long sleeves, worn in 19th century America and introduced to Polynesia by missionaries",Mother Hubbard,UNIQUE_VALUE_VIOLATION,REVIEW,"ILI i56389 maps to multiple QIDs: Q3434328, Q599820, Q599820, Q3434328"
i56389,Q599820,a woman's loose unbelted dress,03794447-n,i56389,Mother Hubbard|muumuu,OEWN,Q599820|Q3434328,unique_value,"loose dress, usually brightly colored or patterned, worn especially by Hawaiian women, or as a housecoat",muumuu,UNIQUE_VALUE_VIOLATION,REVIEW,"ILI i56389 maps to multiple QIDs: Q3434328, Q599820, Q599820, Q3434328"
i56389,Q599820,a woman's loose unbelted dress,03794447-n,i56389,Mother Hubbard|muumuu,OEWN,Q599820|Q3434328,unique_value,"loose dress, usually brightly colored or patterned, worn especially by Hawaiian women, or as a housecoat",muumuu,UNIQUE_VALUE_VIOLATION,REVIEW,"ILI i56389 maps to multiple QIDs: Q3434328, Q599820, Q599820, Q3434328"
i56389,Q3434328,a woman's loose unbelted dress,03794447-n,i56389,Mother Hubbard|muumuu,OEWN,Q599820|Q3434328,unique_value,"long, loose dress with a high neckline and long sleeves, worn in 19th century America and introduced to Polynesia by missionaries",Mother Hubbard,UNIQUE_VALUE_VIOLATION,REVIEW,"ILI i56389 maps to multiple QIDs: Q3434328, Q599820, Q599820, Q3434328"
i57082,Q7158978,(used in the plural) snug trousers ending at the calves; worn by women and girls,03909811-n,i57082,pedal pushers|toreador pants,OEWN,Q7158978|Q1034971,unique_value,"calf-length women's trousers, often cuffed",pedal pushers,UNIQUE_VALUE_VIOLATION,REVIEW,"ILI i57082 maps to multiple QIDs: Q7158978, Q1034971, Q1034971, Q7158978"
i57082,Q1034971,(used in the plural) snug trousers ending at the calves; worn by women and girls,03909811-n,i57082,pedal pushers|toreador pants,OEWN,Q7158978|Q1034971,unique_value,calf-length trousers,capri pants,UNIQUE_VALUE_VIOLATION,REVIEW,"ILI i57082 maps to multiple QIDs: Q7158978, Q1034971, Q1034971, Q7158978"
i57082,Q1034971,(used in the plural) snug trousers ending at the calves; worn by women and girls,03909811-n,i57082,pedal pushers|toreador pants,OEWN,Q7158978|Q1034971,unique_value,calf-length trousers,capri pants,UNIQUE_VALUE_VIOLATION,REVIEW,"ILI i57082 maps to multiple QIDs: Q7158978, Q1034971, Q1034971, Q7158978"
i57082,Q7158978,(used in the plural) snug trousers ending at the calves; worn by women and girls,03909811-n,i57082,pedal pushers|toreador pants,OEWN,Q7158978|Q1034971,unique_value,"calf-length women's trousers, often cuffed",pedal pushers,UNIQUE_VALUE_VIOLATION,REVIEW,"ILI i57082 maps to multiple QIDs: Q7158978, Q1034971, Q1034971, Q7158978"
i58272,Q3916505,a bridge consisting of ropes,04115916-n,i58272,rope bridge,OEWN,Q157942|Q3916505,unique_value,type of bridge,simple suspension bridge,UNIQUE_VALUE_VIOLATION,REVIEW,"ILI i58272 maps to multiple QIDs: Q3916505, Q157942, Q157942, Q3916505"
i58272,Q157942,a bridge consisting of ropes,04115916-n,i58272,rope bridge,OEWN,Q157942|Q3916505,unique_value,a primitive type of bridge that is supported entirely from anchors at either end,rope bridge,UNIQUE_VALUE_VIOLATION,REVIEW,"ILI i58272 maps to multiple QIDs: Q3916505, Q157942, Q157942, Q3916505"
i58272,Q157942,a bridge consisting of ropes,04115916-n,i58272,rope bridge,OEWN,Q157942|Q3916505,unique_value,a primitive type of bridge that is supported entirely from anchors at either end,rope bridge,UNIQUE_VALUE_VIOLATION,REVIEW,"ILI i58272 maps to multiple QIDs: Q3916505, Q157942, Q157942, Q3916505"
i58272,Q3916505,a bridge consisting of ropes,04115916-n,i58272,rope bridge,OEWN,Q157942|Q3916505,unique_value,type of bridge,simple suspension bridge,UNIQUE_VALUE_VIOLATION,REVIEW,"ILI i58272 maps to multiple QIDs: Q3916505, Q157942, Q157942, Q3916505"
i58361,Q3475711,a portable power saw with a reciprocating blade; can be used with a variety of blades depending on the application and kind of cut; generally have a plate that rides on the surface that is being cut,04128822-n,i58361,saber saw|jigsaw|reciprocating saw,OEWN,Q2282074|Q3475711,unique_value,hand-held powered reciprocating saw,saber saw,UNIQUE_VALUE_VIOLATION,REVIEW,"ILI i58361 maps to multiple QIDs: Q3475711, Q2282074, Q2282074, Q3475711"
i58361,Q2282074,a portable power saw with a reciprocating blade; can be used with a variety of blades depending on the application and kind of cut; generally have a plate that rides on the surface that is being cut,04128822-n,i58361,saber saw|jigsaw|reciprocating saw,OEWN,Q2282074|Q3475711,unique_value,"any type of saw that works through a ""push and pull"" motion",reciprocating saw,UNIQUE_VALUE_VIOLATION,REVIEW,"ILI i58361 maps to multiple QIDs: Q3475711, Q2282074, Q2282074, Q3475711"
i58361,Q2282074,a portable power saw with a reciprocating blade; can be used with a variety of blades depending on the application and kind of cut; generally have a plate that rides on the surface that is being cut,04128822-n,i58361,saber saw|jigsaw|reciprocating saw,OEWN,Q2282074|Q3475711,unique_value,"any type of saw that works through a ""push and pull"" motion",reciprocating saw,UNIQUE_VALUE_VIOLATION,REVIEW,"ILI i58361 maps to multiple QIDs: Q3475711, Q2282074, Q2282074, Q3475711"
i58361,Q3475711,a portable power saw with a reciprocating blade; can be used with a variety of blades depending on the application and kind of cut; generally have a plate that rides on the surface that is being cut,04128822-n,i58361,saber saw|jigsaw|reciprocating saw,OEWN,Q2282074|Q3475711,unique_value,hand-held powered reciprocating saw,saber saw,UNIQUE_VALUE_VIOLATION,REVIEW,"ILI i58361 maps to multiple QIDs: Q3475711, Q2282074, Q2282074, Q3475711"
i58396,Q902796,an oil lamp that will not ignite flammable gases (methane),04133953-n,i58396,safety lamp|Davy lamp,OEWN,Q902796|Q371150,unique_value,safety lamp for use in flammable atmospheres,Davy lamp,UNIQUE_VALUE_VIOLATION,REVIEW,"ILI i58396 maps to multiple QIDs: Q902796, Q371150, Q371150, Q902796"
i58396,Q371150,an oil lamp that will not ignite flammable gases (methane),04133953-n,i58396,safety lamp|Davy lamp,OEWN,Q902796|Q371150,unique_value,any of several types of lamp that provides illumination in coal mines,safety lamp,UNIQUE_VALUE_VIOLATION,REVIEW,"ILI i58396 maps to multiple QIDs: Q902796, Q371150, Q371150, Q902796"
i58396,Q371150,an oil lamp that will not ignite flammable gases (methane),04133953-n,i58396,safety lamp|Davy lamp,OEWN,Q902796|Q371150,unique_value,any of several types of lamp that provides illumination in coal mines,safety lamp,UNIQUE_VALUE_VIOLATION,REVIEW,"ILI i58396 maps to multiple QIDs: Q902796, Q371150, Q371150, Q902796"
i58396,Q902796,an oil lamp that will not ignite flammable gases (methane),04133953-n,i58396,safety lamp|Davy lamp,OEWN,Q902796|Q371150,unique_value,safety lamp for use in flammable atmospheres,Davy lamp,UNIQUE_VALUE_VIOLATION,REVIEW,"ILI i58396 maps to multiple QIDs: Q902796, Q371150, Q371150, Q902796"
i59116,Q1067247,a bomb that gives off thick smoke when it explodes; used to make a smoke screen or to mark a position,04253587-n,i59116,smoke bomb|smoke grenade,OEWN,Q967352|Q1067247,unique_value,"device used for signalling, distraction and concealment, usually in military settings.",smoke grenade,UNIQUE_VALUE_VIOLATION,REVIEW,"ILI i59116 maps to multiple QIDs: Q1067247, Q967352, Q967352, Q1067247"
i59116,Q967352,a bomb that gives off thick smoke when it explodes; used to make a smoke screen or to mark a position,04253587-n,i59116,smoke bomb|smoke grenade,OEWN,Q967352|Q1067247,unique_value,firework designed to produce smoke upon ignition,smoke bomb,UNIQUE_VALUE_VIOLATION,REVIEW,"ILI i59116 maps to multiple QIDs: Q1067247, Q967352, Q967352, Q1067247"
i59116,Q967352,a bomb that gives off thick smoke when it explodes; used to make a smoke screen or to mark a position,04253587-n,i59116,smoke bomb|smoke grenade,OEWN,Q967352|Q1067247,unique_value,firework designed to produce smoke upon ignition,smoke bomb,UNIQUE_VALUE_VIOLATION,REVIEW,"ILI i59116 maps to multiple QIDs: Q1067247, Q967352, Q967352, Q1067247"
i59116,Q1067247,a bomb that gives off thick smoke when it explodes; used to make a smoke screen or to mark a position,04253587-n,i59116,smoke bomb|smoke grenade,OEWN,Q967352|Q1067247,unique_value,"device used for signalling, distraction and concealment, usually in military settings.",smoke grenade,UNIQUE_VALUE_VIOLATION,REVIEW,"ILI i59116 maps to multiple QIDs: Q1067247, Q967352, Q967352, Q1067247"
i59240,Q11449356,"a craft capable of traveling in outer space; technically, a satellite around the sun",04272024-n,i59240,spacecraft|ballistic capsule|space vehicle,OEWN,Q40218|Q11449356,unique_value,"vehicle designed for outer space, including both the launch vehicle and spacecraft",space vehicle,UNIQUE_VALUE_VIOLATION,REVIEW,"ILI i59240 maps to multiple QIDs: Q11449356, Q40218, Q40218, Q11449356"
i59240,Q40218,"a craft capable of traveling in outer space; technically, a satellite around the sun",04272024-n,i59240,spacecraft|ballistic capsule|space vehicle,OEWN,Q40218|Q11449356,unique_value,vehicle or machine designed to fly in space,spacecraft,UNIQUE_VALUE_VIOLATION,REVIEW,"ILI i59240 maps to multiple QIDs: Q11449356, Q40218, Q40218, Q11449356"
i59240,Q40218,"a craft capable of traveling in outer space; technically, a satellite around the sun",04272024-n,i59240,spacecraft|ballistic capsule|space vehicle,OEWN,Q40218|Q11449356,unique_value,vehicle or machine designed to fly in space,spacecraft,UNIQUE_VALUE_VIOLATION,REVIEW,"ILI i59240 maps to multiple QIDs: Q11449356, Q40218, Q40218, Q11449356"
i59240,Q11449356,"a craft capable of traveling in outer space; technically, a satellite around the sun",04272024-n,i59240,spacecraft|ballistic capsule|space vehicle,OEWN,Q40218|Q11449356,unique_value,"vehicle designed for outer space, including both the launch vehicle and spacecraft",space vehicle,UNIQUE_VALUE_VIOLATION,REVIEW,"ILI i59240 maps to multiple QIDs: Q11449356, Q40218, Q40218, Q11449356"
i59524,Q1158891,vehicle equipped with heavy wide smooth rollers for compacting roads and pavements,04317295-n,i59524,steamroller|road roller,OEWN,Q216842|Q1158891,unique_value,road roller powered by a steam engine,steamroller,UNIQUE_VALUE_VIOLATION,REVIEW,"ILI i59524 maps to multiple QIDs: Q1158891, Q216842, Q216842, Q1158891"
i59524,Q216842,vehicle equipped with heavy wide smooth rollers for compacting roads and pavements,04317295-n,i59524,steamroller|road roller,OEWN,Q216842|Q1158891,unique_value,compactor type engineering vehicle used in the construction of roads and foundations,road roller,UNIQUE_VALUE_VIOLATION,REVIEW,"ILI i59524 maps to multiple QIDs: Q1158891, Q216842, Q216842, Q1158891"
i59524,Q216842,vehicle equipped with heavy wide smooth rollers for compacting roads and pavements,04317295-n,i59524,steamroller|road roller,OEWN,Q216842|Q1158891,unique_value,compactor type engineering vehicle used in the construction of roads and foundations,road roller,UNIQUE_VALUE_VIOLATION,REVIEW,"ILI i59524 maps to multiple QIDs: Q1158891, Q216842, Q216842, Q1158891"
i59524,Q1158891,vehicle equipped with heavy wide smooth rollers for compacting roads and pavements,04317295-n,i59524,steamroller|road roller,OEWN,Q216842|Q1158891,unique_value,road roller powered by a steam engine,steamroller,UNIQUE_VALUE_VIOLATION,REVIEW,"ILI i59524 maps to multiple QIDs: Q1158891, Q216842, Q216842, Q1158891"
i64541,Q2722903,a natural or surgical joining of parts or branches of tubular structures so as to make or become continuous,05256902-n,i64541,anastomosis|inosculation,OEWN,Q2722903|Q15177,unique_value,"natural phenomenon in which trunks, branches or roots of two trees grow together",inosculation,UNIQUE_VALUE_VIOLATION,REVIEW,"ILI i64541 maps to multiple QIDs: Q2722903, Q15177, Q15177, Q2722903"
i64541,Q15177,a natural or surgical joining of parts or branches of tubular structures so as to make or become continuous,05256902-n,i64541,anastomosis|inosculation,OEWN,Q2722903|Q15177,unique_value,reconnection of two streams that previously branched out,anastomosis,UNIQUE_VALUE_VIOLATION,REVIEW,"ILI i64541 maps to multiple QIDs: Q2722903, Q15177, Q15177, Q2722903"
i64541,Q15177,a natural or surgical joining of parts or branches of tubular structures so as to make or become continuous,05256902-n,i64541,anastomosis|inosculation,OEWN,Q2722903|Q15177,unique_value,reconnection of two streams that previously branched out,anastomosis,UNIQUE_VALUE_VIOLATION,REVIEW,"ILI i64541 maps to multiple QIDs: Q2722903, Q15177, Q15177, Q2722903"
i64541,Q2722903,a natural or surgical joining of parts or branches of tubular structures so as to make or become continuous,05256902-n,i64541,anastomosis|inosculation,OEWN,Q2722903|Q15177,unique_value,"natural phenomenon in which trunks, branches or roots of two trees grow together",inosculation,UNIQUE_VALUE_VIOLATION,REVIEW,"ILI i64541 maps to multiple QIDs: Q2722903, Q15177, Q15177, Q2722903"
i64733,Q730302,the slender arch formed by the temporal process of the cheekbone that bridges to the zygomatic process of the temporal bone,05292350-n,i64733,zygoma|zygomatic arch|arcus zygomaticus,OEWN,Q730302,unique_value,cheek bone,zygomatic arch,UNIQUE_VALUE_VIOLATION,REVIEW,"ILI i64733 maps to multiple QIDs: Q730302, Q186102, Q186102, Q730302"
i64733,Q186102,the slender arch formed by the temporal process of the cheekbone that bridges to the zygomatic process of the temporal bone,05292350-n,i64733,zygoma|zygomatic arch|arcus zygomaticus,OEWN,Q730302,unique_value,facial bone,zygomatic bone,UNIQUE_VALUE_VIOLATION,REVIEW,"ILI i64733 maps to multiple QIDs: Q730302, Q186102, Q186102, Q730302"
i64733,Q186102,the slender arch formed by the temporal process of the cheekbone that bridges to the zygomatic process of the temporal bone,05292350-n,i64733,zygoma|zygomatic arch|arcus zygomaticus,OEWN,Q730302,unique_value,facial bone,zygomatic bone,UNIQUE_VALUE_VIOLATION,REVIEW,"ILI i64733 maps to multiple QIDs: Q730302, Q186102, Q186102, Q730302"
i64733,Q730302,the slender arch formed by the temporal process of the cheekbone that bridges to the zygomatic process of the temporal bone,05292350-n,i64733,zygoma|zygomatic arch|arcus zygomaticus,OEWN,Q730302,unique_value,cheek bone,zygomatic arch,UNIQUE_VALUE_VIOLATION,REVIEW,"ILI i64733 maps to multiple QIDs: Q730302, Q186102, Q186102, Q730302"
i66644,Q1317719,the normal ability to see colors,05664139-n,i66644,color vision|chromatic vision|trichromacy,OEWN,Q1317719|Q374259,unique_value,type of color vision,trichromacy,UNIQUE_VALUE_VIOLATION,REVIEW,"ILI i66644 maps to multiple QIDs: Q1317719, Q374259, Q374259, Q1317719"
i66644,Q374259,the normal ability to see colors,05664139-n,i66644,color vision|chromatic vision|trichromacy,OEWN,Q1317719|Q374259,unique_value,ability of an organism or machine to distinguish objects based on wavelengths of light,color vision,UNIQUE_VALUE_VIOLATION,REVIEW,"ILI i66644 maps to multiple QIDs: Q1317719, Q374259, Q374259, Q1317719"
i66644,Q374259,the normal ability to see colors,05664139-n,i66644,color vision|chromatic vision|trichromacy,OEWN,Q1317719|Q374259,unique_value,ability of an organism or machine to distinguish objects based on wavelengths of light,color vision,UNIQUE_VALUE_VIOLATION,REVIEW,"ILI i66644 maps to multiple QIDs: Q1317719, Q374259, Q374259, Q1317719"
i66644,Q1317719,the normal ability to see colors,05664139-n,i66644,color vision|chromatic vision|trichromacy,OEWN,Q1317719|Q374259,unique_value,type of color vision,trichromacy,UNIQUE_VALUE_VIOLATION,REVIEW,"ILI i66644 maps to multiple QIDs: Q1317719, Q374259, Q374259, Q1317719"
i66873,Q2200417,(psychology) the performance of some composite cognitive activity; an operation that affects mental contents,05709328-n,i66873,process|cognitive process|mental process|operation|cognitive operation,OEWN,Q781413|Q2200417,unique_value,"mental action or process of acquiring knowledge and understanding through thought, experience, and the senses",cognition,UNIQUE_VALUE_VIOLATION,REVIEW,"ILI i66873 maps to multiple QIDs: Q2200417, Q781413, Q781413, Q2200417"
i66873,Q781413,(psychology) the performance of some composite cognitive activity; an operation that affects mental contents,05709328-n,i66873,process|cognitive process|mental process|operation|cognitive operation,OEWN,Q781413|Q2200417,unique_value,,cognitive process,UNIQUE_VALUE_VIOLATION,REVIEW,"ILI i66873 maps to multiple QIDs: Q2200417, Q781413, Q781413, Q2200417"
i66873,Q781413,(psychology) the performance of some composite cognitive activity; an operation that affects mental contents,05709328-n,i66873,process|cognitive process|mental process|operation|cognitive operation,OEWN,Q781413|Q2200417,unique_value,,cognitive process,UNIQUE_VALUE_VIOLATION,REVIEW,"ILI i66873 maps to multiple QIDs: Q2200417, Q781413, Q781413, Q2200417"
i66873,Q2200417,(psychology) the performance of some composite cognitive activity; an operation that affects mental contents,05709328-n,i66873,process|cognitive process|mental process|operation|cognitive operation,OEWN,Q781413|Q2200417,unique_value,"mental action or process of acquiring knowledge and understanding through thought, experience, and the senses",cognition,UNIQUE_VALUE_VIOLATION,REVIEW,"ILI i66873 maps to multiple QIDs: Q2200417, Q781413, Q781413, Q2200417"
i68744,Q177784,study of the mechanics of fluids,06122616-n,i68744,fluid mechanics|hydraulics,OEWN,Q172145|Q177784,unique_value,fluid engineering and fluid mechanics,hydraulics,UNIQUE_VALUE_VIOLATION,REVIEW,"ILI i68744 maps to multiple QIDs: Q177784, Q172145, Q172145, Q177784"
i68744,Q172145,study of the mechanics of fluids,06122616-n,i68744,fluid mechanics|hydraulics,OEWN,Q172145|Q177784,unique_value,"branch of physics concerned with the mechanics of fluids (liquids, gases, and plasmas) and the forces on them; branch of continuum mechanics",fluid mechanics,UNIQUE_VALUE_VIOLATION,REVIEW,"ILI i68744 maps to multiple QIDs: Q177784, Q172145, Q172145, Q177784"
i68744,Q172145,study of the mechanics of fluids,06122616-n,i68744,fluid mechanics|hydraulics,OEWN,Q172145|Q177784,unique_value,"branch of physics concerned with the mechanics of fluids (liquids, gases, and plasmas) and the forces on them; branch of continuum mechanics",fluid mechanics,UNIQUE_VALUE_VIOLATION,REVIEW,"ILI i68744 maps to multiple QIDs: Q177784, Q172145, Q172145, Q177784"
i68744,Q177784,study of the mechanics of fluids,06122616-n,i68744,fluid mechanics|hydraulics,OEWN,Q172145|Q177784,unique_value,fluid engineering and fluid mechanics,hydraulics,UNIQUE_VALUE_VIOLATION,REVIEW,"ILI i68744 maps to multiple QIDs: Q177784, Q172145, Q172145, Q177784"
i69498,Q2697287,medium for communication,06287788-n,i69498,radio|radiocommunication|wireless,OEWN,Q2697287|Q872,unique_value,technology of using radio waves to carry information,radio communication,UNIQUE_VALUE_VIOLATION,REVIEW,"ILI i69498 maps to multiple QIDs: Q2697287, Q872, Q872, Q2697287"
i69498,Q872,medium for communication,06287788-n,i69498,radio|radiocommunication|wireless,OEWN,Q2697287|Q872,unique_value,technology of signaling and communicating using radio waves,radio,UNIQUE_VALUE_VIOLATION,REVIEW,"ILI i69498 maps to multiple QIDs: Q2697287, Q872, Q872, Q2697287"
i69498,Q872,medium for communication,06287788-n,i69498,radio|radiocommunication|wireless,OEWN,Q2697287|Q872,unique_value,technology of signaling and communicating using radio waves,radio,UNIQUE_VALUE_VIOLATION,REVIEW,"ILI i69498 maps to multiple QIDs: Q2697287, Q872, Q872, Q2697287"
i69498,Q2697287,medium for communication,06287788-n,i69498,radio|radiocommunication|wireless,OEWN,Q2697287|Q872,unique_value,technology of using radio waves to carry information,radio communication,UNIQUE_VALUE_VIOLATION,REVIEW,"ILI i69498 maps to multiple QIDs: Q2697287, Q872, Q872, Q2697287"
i69580,Q1499602,a word with a special meaning used for a special occasion,06305365-n,i69580,nonce word|hapax legomenon,OEWN,Q168417|Q1499602,unique_value,lexeme created for a single occasion,nonce,UNIQUE_VALUE_VIOLATION,REVIEW,"ILI i69580 maps to multiple QIDs: Q1499602, Q168417, Q168417, Q1499602"
i69580,Q168417,a word with a special meaning used for a special occasion,06305365-n,i69580,nonce word|hapax legomenon,OEWN,Q168417|Q1499602,unique_value,"word that occurs only once in a language's written record, an author's corpus, or a text",hapax legomenon,UNIQUE_VALUE_VIOLATION,REVIEW,"ILI i69580 maps to multiple QIDs: Q1499602, Q168417, Q168417, Q1499602"
i69580,Q168417,a word with a special meaning used for a special occasion,06305365-n,i69580,nonce word|hapax legomenon,OEWN,Q168417|Q1499602,unique_value,"word that occurs only once in a language's written record, an author's corpus, or a text",hapax legomenon,UNIQUE_VALUE_VIOLATION,REVIEW,"ILI i69580 maps to multiple QIDs: Q1499602, Q168417, Q168417, Q1499602"
i69580,Q1499602,a word with a special meaning used for a special occasion,06305365-n,i69580,nonce word|hapax legomenon,OEWN,Q168417|Q1499602,unique_value,lexeme created for a single occasion,nonce,UNIQUE_VALUE_VIOLATION,REVIEW,"ILI i69580 maps to multiple QIDs: Q1499602, Q168417, Q168417, Q1499602"
i69881,Q136208,a code of letters and digits added to a postal address to aid in the sorting of mail,06367112-n,i69881,ZIP code|ZIP|postcode|postal code,OEWN,Q136208|Q37447,unique_value,numeric postal code used in the United States and its territories,ZIP code,UNIQUE_VALUE_VIOLATION,REVIEW,"ILI i69881 maps to multiple QIDs: Q136208, Q37447, Q37447, Q136208"
i69881,Q37447,a code of letters and digits added to a postal address to aid in the sorting of mail,06367112-n,i69881,ZIP code|ZIP|postcode|postal code,OEWN,Q136208|Q37447,unique_value,series of letters and digits for sorting mail,postal code,UNIQUE_VALUE_VIOLATION,REVIEW,"ILI i69881 maps to multiple QIDs: Q136208, Q37447, Q37447, Q136208"
i69881,Q37447,a code of letters and digits added to a postal address to aid in the sorting of mail,06367112-n,i69881,ZIP code|ZIP|postcode|postal code,OEWN,Q136208|Q37447,unique_value,series of letters and digits for sorting mail,postal code,UNIQUE_VALUE_VIOLATION,REVIEW,"ILI i69881 maps to multiple QIDs: Q136208, Q37447, Q37447, Q136208"
i69881,Q136208,a code of letters and digits added to a postal address to aid in the sorting of mail,06367112-n,i69881,ZIP code|ZIP|postcode|postal code,OEWN,Q136208|Q37447,unique_value,numeric postal code used in the United States and its territories,ZIP code,UNIQUE_VALUE_VIOLATION,REVIEW,"ILI i69881 maps to multiple QIDs: Q136208, Q37447, Q37447, Q136208"
i69941,Q3374808,a melodramatic paperback novel,06379944-n,i69941,dime novel|penny dreadful,OEWN,Q1593709|Q3374808,unique_value,"story published in weekly parts, each costing one penny",penny dreadful,UNIQUE_VALUE_VIOLATION,REVIEW,"ILI i69941 maps to multiple QIDs: Q3374808, Q1593709, Q1593709, Q3374808"
i69941,Q1593709,a melodramatic paperback novel,06379944-n,i69941,dime novel|penny dreadful,OEWN,Q1593709|Q3374808,unique_value,novel genre,dime novel,UNIQUE_VALUE_VIOLATION,REVIEW,"ILI i69941 maps to multiple QIDs: Q3374808, Q1593709, Q1593709, Q3374808"
i69941,Q1593709,a melodramatic paperback novel,06379944-n,i69941,dime novel|penny dreadful,OEWN,Q1593709|Q3374808,unique_value,novel genre,dime novel,UNIQUE_VALUE_VIOLATION,REVIEW,"ILI i69941 maps to multiple QIDs: Q3374808, Q1593709, Q1593709, Q3374808"
i69941,Q3374808,a melodramatic paperback novel,06379944-n,i69941,dime novel|penny dreadful,OEWN,Q1593709|Q3374808,unique_value,"story published in weekly parts, each costing one penny",penny dreadful,UNIQUE_VALUE_VIOLATION,REVIEW,"ILI i69941 maps to multiple QIDs: Q3374808, Q1593709, Q1593709, Q3374808"
i70375,Q732870,the Jewish scriptures which consist of three divisions — the Torah and the Prophets and the Writings,06464033-n,i70375,Hebrew Bible|Tanakh|Tanach|Hebrew Scripture,OENN,Q83367|Q732870,unique_value,Ancient Hebrew Sacred Text,Hebrew Bible,UNIQUE_VALUE_VIOLATION,REVIEW,"ILI i70375 maps to multiple QIDs: Q732870, Q83367, Q83367, Q732870"
i70375,Q83367,the Jewish scriptures which consist of three divisions — the Torah and the Prophets and the Writings,06464033-n,i70375,Hebrew Bible|Tanakh|Tanach|Hebrew Scripture,OENN,Q83367|Q732870,unique_value,"canon of the Hebrew Bible, written mostly in Hebrew with some Aramaic",Tanakh,UNIQUE_VALUE_VIOLATION,REVIEW,"ILI i70375 maps to multiple QIDs: Q732870, Q83367, Q83367, Q732870"
i70375,Q83367,the Jewish scriptures which consist of three divisions — the Torah and the Prophets and the Writings,06464033-n,i70375,Hebrew Bible|Tanakh|Tanach|Hebrew Scripture,OENN,Q83367|Q732870,unique_value,"canon of the Hebrew Bible, written mostly in Hebrew with some Aramaic",Tanakh,UNIQUE_VALUE_VIOLATION,REVIEW,"ILI i70375 maps to multiple QIDs: Q732870, Q83367, Q83367, Q732870"
i70375,Q732870,the Jewish scriptures which consist of three divisions — the Torah and the Prophets and the Writings,06464033-n,i70375,Hebrew Bible|Tanakh|Tanach|Hebrew Scripture,OENN,Q83367|Q732870,unique_value,Ancient Hebrew Sacred Text,Hebrew Bible,UNIQUE_VALUE_VIOLATION,REVIEW,"ILI i70375 maps to multiple QIDs: Q732870, Q83367, Q83367, Q732870"
i70920,Q5608642,a writ issued by court authority to compel the attendance of a witness at a judicial proceeding; disobedience may be punishable as a contempt of court,06569038-n,i70920,subpoena|subpoena ad testificandum,OEWN,Q5608642|Q883270,unique_value,"writ issued by a government agency, most often a court, to compel testimony by a witness or production of evidence under a penalty for failure",subpoena,UNIQUE_VALUE_VIOLATION,REVIEW,"ILI i70920 maps to multiple QIDs: Q5608642, Q883270, Q883270, Q5608642"
i70920,Q883270,a writ issued by court authority to compel the attendance of a witness at a judicial proceeding; disobedience may be punishable as a contempt of court,06569038-n,i70920,subpoena|subpoena ad testificandum,OEWN,Q5608642|Q883270,unique_value,court order to appear and give testimony,subpoena ad testificandum,UNIQUE_VALUE_VIOLATION,REVIEW,"ILI i70920 maps to multiple QIDs: Q5608642, Q883270, Q883270, Q5608642"
i70920,Q883270,a writ issued by court authority to compel the attendance of a witness at a judicial proceeding; disobedience may be punishable as a contempt of court,06569038-n,i70920,subpoena|subpoena ad testificandum,OEWN,Q5608642|Q883270,unique_value,court order to appear and give testimony,subpoena ad testificandum,UNIQUE_VALUE_VIOLATION,REVIEW,"ILI i70920 maps to multiple QIDs: Q5608642, Q883270, Q883270, Q5608642"
i70920,Q5608642,a writ issued by court authority to compel the attendance of a witness at a judicial proceeding; disobedience may be punishable as a contempt of court,06569038-n,i70920,subpoena|subpoena ad testificandum,OEWN,Q5608642|Q883270,unique_value,"writ issued by a government agency, most often a court, to compel testimony by a witness or production of evidence under a penalty for failure",subpoena,UNIQUE_VALUE_VIOLATION,REVIEW,"ILI i70920 maps to multiple QIDs: Q5608642, Q883270, Q883270, Q5608642"
i70986,Q266990,a commercial browser developed by Netscape Communications Corporation,06584038-n,i70986,Netscape,OENN,Q235419|Q266990,unique_value,family of web browsers,Netscape,UNIQUE_VALUE_VIOLATION,REVIEW,"ILI i70986 maps to multiple QIDs: Q266990, Q235419, Q235419, Q266990"
i70986,Q235419,a commercial browser developed by Netscape Communications Corporation,06584038-n,i70986,Netscape,OENN,Q235419|Q266990,unique_value,web browser by Netscape released in 1994,Netscape Navigator,UNIQUE_VALUE_VIOLATION,REVIEW,"ILI i70986 maps to multiple QIDs: Q266990, Q235419, Q235419, Q266990"
i70986,Q235419,a commercial browser developed by Netscape Communications Corporation,06584038-n,i70986,Netscape,OENN,Q235419|Q266990,unique_value,web browser by Netscape released in 1994,Netscape Navigator,UNIQUE_VALUE_VIOLATION,REVIEW,"ILI i70986 maps to multiple QIDs: Q266990, Q235419, Q235419, Q266990"
i70986,Q266990,a commercial browser developed by Netscape Communications Corporation,06584038-n,i70986,Netscape,OENN,Q235419|Q266990,unique_value,family of web browsers,Netscape,UNIQUE_VALUE_VIOLATION,REVIEW,"ILI i70986 maps to multiple QIDs: Q266990, Q235419, Q235419, Q266990"
i71156,Q1923256,what you must know in order to determine the reference of an expression,06615288-n,i71156,intension|connotation,OEWN,Q1923256|Q661062,unique_value,"property or quality connoted by a word, phrase, or another symbol",intension,UNIQUE_VALUE_VIOLATION,REVIEW,"ILI i71156 maps to multiple QIDs: Q1923256, Q661062, Q661062, Q1923256"
i71156,Q661062,what you must know in order to determine the reference of an expression,06615288-n,i71156,intension|connotation,OEWN,Q1923256|Q661062,unique_value,"implicit association that a word or phrase carries, often cultural or emotional, in addition to its explicit or literal meaning",connotation,UNIQUE_VALUE_VIOLATION,REVIEW,"ILI i71156 maps to multiple QIDs: Q1923256, Q661062, Q661062, Q1923256"
i71156,Q661062,what you must know in order to determine the reference of an expression,06615288-n,i71156,intension|connotation,OEWN,Q1923256|Q661062,unique_value,"implicit association that a word or phrase carries, often cultural or emotional, in addition to its explicit or literal meaning",connotation,UNIQUE_VALUE_VIOLATION,REVIEW,"ILI i71156 maps to multiple QIDs: Q1923256, Q661062, Q661062, Q1923256"
i71156,Q1923256,what you must know in order to determine the reference of an expression,06615288-n,i71156,intension|connotation,OEWN,Q1923256|Q661062,unique_value,"property or quality connoted by a word, phrase, or another symbol",intension,UNIQUE_VALUE_VIOLATION,REVIEW,"ILI i71156 maps to multiple QIDs: Q1923256, Q661062, Q661062, Q1923256"
i73073,Q219252,any of the Khoisan languages spoken by the pastoral people of Namibia and South Africa,06954241-n,i73073,Khoikhoin|Khoikhoi|Hottentot|Khoikhoi language|Hottentot language|Khoikhoin language,OEWN,Q13301,unique_value,ethnic group,Khoikhoi people,UNIQUE_VALUE_VIOLATION,REVIEW,"ILI i73073 maps to multiple QIDs: Q219252, Q13301, Q13301, Q219252"
i73073,Q13301,any of the Khoisan languages spoken by the pastoral people of Namibia and South Africa,06954241-n,i73073,Khoikhoin|Khoikhoi|Hottentot|Khoikhoi language|Hottentot language|Khoikhoin language,OEWN,Q13301,unique_value,Khoe language spoken in southern Africa,Khoekhoe,UNIQUE_VALUE_VIOLATION,REVIEW,"ILI i73073 maps to multiple QIDs: Q219252, Q13301, Q13301, Q219252"
i73073,Q13301,any of the Khoisan languages spoken by the pastoral people of Namibia and South Africa,06954241-n,i73073,Khoikhoin|Khoikhoi|Hottentot|Khoikhoi language|Hottentot language|Khoikhoin language,OEWN,Q13301,unique_value,Khoe language spoken in southern Africa,Khoekhoe,UNIQUE_VALUE_VIOLATION,REVIEW,"ILI i73073 maps to multiple QIDs: Q219252, Q13301, Q13301, Q219252"
i73073,Q219252,any of the Khoisan languages spoken by the pastoral people of Namibia and South Africa,06954241-n,i73073,Khoikhoin|Khoikhoi|Hottentot|Khoikhoi language|Hottentot language|Khoikhoin language,OEWN,Q13301,unique_value,ethnic group,Khoikhoi people,UNIQUE_VALUE_VIOLATION,REVIEW,"ILI i73073 maps to multiple QIDs: Q219252, Q13301, Q13301, Q219252"
i73074,Q1096978,the family of languages that by 1000 BC were spoken throughout Europe and in parts of southwestern and southern Asia,06954406-n,i73074,Indo-European|Indo-European language|Indo-Hittite,OEWN,Q19860,unique_value,hypothetical proto-language,Indo-Hittite,UNIQUE_VALUE_VIOLATION,REVIEW,"ILI i73074 maps to multiple QIDs: Q1096978, Q19860, Q19860, Q1096978"
i73074,Q19860,the family of languages that by 1000 BC were spoken throughout Europe and in parts of southwestern and southern Asia,06954406-n,i73074,Indo-European|Indo-European language|Indo-Hittite,OEWN,Q19860,unique_value,"language family native to western and southern Eurasia— Europe, Iran and India",Indo-European,UNIQUE_VALUE_VIOLATION,REVIEW,"ILI i73074 maps to multiple QIDs: Q1096978, Q19860, Q19860, Q1096978"
i73074,Q19860,the family of languages that by 1000 BC were spoken throughout Europe and in parts of southwestern and southern Asia,06954406-n,i73074,Indo-European|Indo-European language|Indo-Hittite,OEWN,Q19860,unique_value,"language family native to western and southern Eurasia— Europe, Iran and India",Indo-European,UNIQUE_VALUE_VIOLATION,REVIEW,"ILI i73074 maps to multiple QIDs: Q1096978, Q19860, Q19860, Q1096978"
i73074,Q1096978,the family of languages that by 1000 BC were spoken throughout Europe and in parts of southwestern and southern Asia,06954406-n,i73074,Indo-European|Indo-European language|Indo-Hittite,OEWN,Q19860,unique_value,hypothetical proto-language,Indo-Hittite,UNIQUE_VALUE_VIOLATION,REVIEW,"ILI i73074 maps to multiple QIDs: Q1096978, Q19860, Q19860, Q1096978"
i73340,Q3441249,a Chadic language spoken in the Mandara mountains in Cameroon; has only two vowels,06996761-n,i73340,Mandara|Wandala|Wandala language|Mandara language,OEWN,Q3441249,unique_value,language,Wandala,UNIQUE_VALUE_VIOLATION,REVIEW,"ILI i73340 maps to multiple QIDs: Q3441249, Q3285424, Q3285424, Q3441249"
i73340,Q3285424,a Chadic language spoken in the Mandara mountains in Cameroon; has only two vowels,06996761-n,i73340,Mandara|Wandala|Wandala language|Mandara language,OEWN,Q3441249,unique_value,language,Mandara,UNIQUE_VALUE_VIOLATION,REVIEW,"ILI i73340 maps to multiple QIDs: Q3441249, Q3285424, Q3285424, Q3441249"
i73340,Q3285424,a Chadic language spoken in the Mandara mountains in Cameroon; has only two vowels,06996761-n,i73340,Mandara|Wandala|Wandala language|Mandara language,OEWN,Q3441249,unique_value,language,Mandara,UNIQUE_VALUE_VIOLATION,REVIEW,"ILI i73340 maps to multiple QIDs: Q3441249, Q3285424, Q3285424, Q3441249"
i73340,Q3441249,a Chadic language spoken in the Mandara mountains in Cameroon; has only two vowels,06996761-n,i73340,Mandara|Wandala|Wandala language|Mandara language,OEWN,Q3441249,unique_value,language,Wandala,UNIQUE_VALUE_VIOLATION,REVIEW,"ILI i73340 maps to multiple QIDs: Q3441249, Q3285424, Q3285424, Q3441249"
i73482,Q7777570,the production of a drama on the stage,07020287-n,i73482,theatrical production|staging,OEWN,Q7777570|Q3508687,unique_value,production consisting of a series of quasi-identical performances of the same theatrical work,theatrical production,UNIQUE_VALUE_VIOLATION,REVIEW,"ILI i73482 maps to multiple QIDs: Q7777570, Q3508687, Q3508687, Q7777570"
i73482,Q3508687,the production of a drama on the stage,07020287-n,i73482,theatrical production|staging,OEWN,Q7777570|Q3508687,unique_value,"process of selecting, designing, adapting to, or modifying the performance space for a play, opera or film",staging,UNIQUE_VALUE_VIOLATION,REVIEW,"ILI i73482 maps to multiple QIDs: Q7777570, Q3508687, Q3508687, Q7777570"
i73482,Q3508687,the production of a drama on the stage,07020287-n,i73482,theatrical production|staging,OEWN,Q7777570|Q3508687,unique_value,"process of selecting, designing, adapting to, or modifying the performance space for a play, opera or film",staging,UNIQUE_VALUE_VIOLATION,REVIEW,"ILI i73482 maps to multiple QIDs: Q7777570, Q3508687, Q3508687, Q7777570"
i73482,Q7777570,the production of a drama on the stage,07020287-n,i73482,theatrical production|staging,OEWN,Q7777570|Q3508687,unique_value,production consisting of a series of quasi-identical performances of the same theatrical work,theatrical production,UNIQUE_VALUE_VIOLATION,REVIEW,"ILI i73482 maps to multiple QIDs: Q7777570, Q3508687, Q3508687, Q7777570"
i73613,Q8812109,genre of music composed for performance as part of religious ceremonies,07046494-n,i73613,religious music|church music,OEWN,Q1065742|Q8812109,unique_value,Christian music written for performance in church,church music,UNIQUE_VALUE_VIOLATION,REVIEW,"ILI i73613 maps to multiple QIDs: Q8812109, Q1065742, Q1065742, Q8812109"
i73613,Q1065742,genre of music composed for performance as part of religious ceremonies,07046494-n,i73613,religious music|church music,OEWN,Q1065742|Q8812109,unique_value,music genre,religious music,UNIQUE_VALUE_VIOLATION,REVIEW,"ILI i73613 maps to multiple QIDs: Q8812109, Q1065742, Q1065742, Q8812109"
i73613,Q1065742,genre of music composed for performance as part of religious ceremonies,07046494-n,i73613,religious music|church music,OEWN,Q1065742|Q8812109,unique_value,music genre,religious music,UNIQUE_VALUE_VIOLATION,REVIEW,"ILI i73613 maps to multiple QIDs: Q8812109, Q1065742, Q1065742, Q8812109"
i73613,Q8812109,genre of music composed for performance as part of religious ceremonies,07046494-n,i73613,religious music|church music,OEWN,Q1065742|Q8812109,unique_value,Christian music written for performance in church,church music,UNIQUE_VALUE_VIOLATION,REVIEW,"ILI i73613 maps to multiple QIDs: Q8812109, Q1065742, Q1065742, Q8812109"
i76526,Q2089240,meal made from rolled or ground oats,07584067-n,i76526,oatmeal|rolled oats,OEWN,Q1208221|Q2089240,unique_value,"porridge dish made from oat grains (groats, flakes, flour)",oatmeal,UNIQUE_VALUE_VIOLATION,REVIEW,"ILI i76526 maps to multiple QIDs: Q2089240, Q1208221, Q1208221, Q2089240"
i76526,Q1208221,meal made from rolled or ground oats,07584067-n,i76526,oatmeal|rolled oats,OEWN,Q1208221|Q2089240,unique_value,lightly processed whole-grain food made from oat,rolled oats,UNIQUE_VALUE_VIOLATION,REVIEW,"ILI i76526 maps to multiple QIDs: Q2089240, Q1208221, Q1208221, Q2089240"
i76526,Q1208221,meal made from rolled or ground oats,07584067-n,i76526,oatmeal|rolled oats,OEWN,Q1208221|Q2089240,unique_value,lightly processed whole-grain food made from oat,rolled oats,UNIQUE_VALUE_VIOLATION,REVIEW,"ILI i76526 maps to multiple QIDs: Q2089240, Q1208221, Q1208221, Q2089240"
i76526,Q2089240,meal made from rolled or ground oats,07584067-n,i76526,oatmeal|rolled oats,OEWN,Q1208221|Q2089240,unique_value,"porridge dish made from oat grains (groats, flakes, flour)",oatmeal,UNIQUE_VALUE_VIOLATION,REVIEW,"ILI i76526 maps to multiple QIDs: Q2089240, Q1208221, Q1208221, Q2089240"
i76643,Q1501244,soup made with a variety of vegetables,07602465-n,i76643,petite marmite|minestrone|vegetable soup,OEWN,Q581462|Q1501244,unique_value,soup with vegetables,vegetable soup,UNIQUE_VALUE_VIOLATION,REVIEW,"ILI i76643 maps to multiple QIDs: Q1501244, Q581462, Q581462, Q1501244"
i76643,Q581462,soup made with a variety of vegetables,07602465-n,i76643,petite marmite|minestrone|vegetable soup,OEWN,Q581462|Q1501244,unique_value,"thick soup of Italian origin made with vegetables, often with pasta or rice",minestrone,UNIQUE_VALUE_VIOLATION,REVIEW,"ILI i76643 maps to multiple QIDs: Q1501244, Q581462, Q581462, Q1501244"
i76643,Q581462,soup made with a variety of vegetables,07602465-n,i76643,petite marmite|minestrone|vegetable soup,OEWN,Q581462|Q1501244,unique_value,"thick soup of Italian origin made with vegetables, often with pasta or rice",minestrone,UNIQUE_VALUE_VIOLATION,REVIEW,"ILI i76643 maps to multiple QIDs: Q1501244, Q581462, Q581462, Q1501244"
i76643,Q1501244,soup made with a variety of vegetables,07602465-n,i76643,petite marmite|minestrone|vegetable soup,OEWN,Q581462|Q1501244,unique_value,soup with vegetables,vegetable soup,UNIQUE_VALUE_VIOLATION,REVIEW,"ILI i76643 maps to multiple QIDs: Q1501244, Q581462, Q581462, Q1501244"
i77382,Q5477096,slice of sweet raised bread baked again until it is brown and hard and crisp,07705587-n,i77382,zwieback|rusk|Brussels biscuit|twice-baked bread,OEWN,Q4122049|Q5477096,unique_value,"hard, dry biscuit or a twice-baked bread",rusk,UNIQUE_VALUE_VIOLATION,REVIEW,"ILI i77382 maps to multiple QIDs: Q5477096, Q4122049, Q4122049, Q5477096"
i77382,Q4122049,slice of sweet raised bread baked again until it is brown and hard and crisp,07705587-n,i77382,zwieback|rusk|Brussels biscuit|twice-baked bread,OEWN,Q4122049|Q5477096,unique_value,form of rusk,rusk,UNIQUE_VALUE_VIOLATION,REVIEW,"ILI i77382 maps to multiple QIDs: Q5477096, Q4122049, Q4122049, Q5477096"
i77382,Q4122049,slice of sweet raised bread baked again until it is brown and hard and crisp,07705587-n,i77382,zwieback|rusk|Brussels biscuit|twice-baked bread,OEWN,Q4122049|Q5477096,unique_value,form of rusk,rusk,UNIQUE_VALUE_VIOLATION,REVIEW,"ILI i77382 maps to multiple QIDs: Q5477096, Q4122049, Q4122049, Q5477096"
i77382,Q5477096,slice of sweet raised bread baked again until it is brown and hard and crisp,07705587-n,i77382,zwieback|rusk|Brussels biscuit|twice-baked bread,OEWN,Q4122049|Q5477096,unique_value,"hard, dry biscuit or a twice-baked bread",rusk,UNIQUE_VALUE_VIOLATION,REVIEW,"ILI i77382 maps to multiple QIDs: Q5477096, Q4122049, Q4122049, Q5477096"
i78027,Q5450695,haddock usually baked but sometimes broiled with lots of butter,07805721-n,i78027,finnan haddie|finnan haddock|finnan|smoked haddock,OEWN,Q3125526|Q5450695,unique_value,"cold-smoked haddock, representative of a regional method of smoking with green wood and peat in north-east Scotland",Finnan haddie,UNIQUE_VALUE_VIOLATION,REVIEW,"ILI i78027 maps to multiple QIDs: Q5450695, Q3125526, Q3125526, Q5450695"
i78027,Q3125526,haddock usually baked but sometimes broiled with lots of butter,07805721-n,i78027,finnan haddie|finnan haddock|finnan|smoked haddock,OEWN,Q3125526|Q5450695,unique_value,Food preparation of the fish haddock,smoked haddock,UNIQUE_VALUE_VIOLATION,REVIEW,"ILI i78027 maps to multiple QIDs: Q5450695, Q3125526, Q3125526, Q5450695"
i78027,Q3125526,haddock usually baked but sometimes broiled with lots of butter,07805721-n,i78027,finnan haddie|finnan haddock|finnan|smoked haddock,OEWN,Q3125526|Q5450695,unique_value,Food preparation of the fish haddock,smoked haddock,UNIQUE_VALUE_VIOLATION,REVIEW,"ILI i78027 maps to multiple QIDs: Q5450695, Q3125526, Q3125526, Q5450695"
i78027,Q5450695,haddock usually baked but sometimes broiled with lots of butter,07805721-n,i78027,finnan haddie|finnan haddock|finnan|smoked haddock,OEWN,Q3125526|Q5450695,unique_value,"cold-smoked haddock, representative of a regional method of smoking with green wood and peat in north-east Scotland",Finnan haddie,UNIQUE_VALUE_VIOLATION,REVIEW,"ILI i78027 maps to multiple QIDs: Q5450695, Q3125526, Q3125526, Q5450695"
i79339,Q472971,(mathematics) any set of points that satisfy a set of postulates of some kind,08018127-n,i79339,mathematical space|topological space,OEWN,Q179899|Q472971,unique_value,mathematical structure of geometric nature,space,UNIQUE_VALUE_VIOLATION,REVIEW,"ILI i79339 maps to multiple QIDs: Q472971, Q179899, Q179899, Q472971"
i79339,Q179899,(mathematics) any set of points that satisfy a set of postulates of some kind,08018127-n,i79339,mathematical space|topological space,OEWN,Q179899|Q472971,unique_value,set of points and set of neighborhoods that satisfy axioms relating those points to those neighborhoods,topological space,UNIQUE_VALUE_VIOLATION,REVIEW,"ILI i79339 maps to multiple QIDs: Q472971, Q179899, Q179899, Q472971"
i79339,Q179899,(mathematics) any set of points that satisfy a set of postulates of some kind,08018127-n,i79339,mathematical space|topological space,OEWN,Q179899|Q472971,unique_value,set of points and set of neighborhoods that satisfy axioms relating those points to those neighborhoods,topological space,UNIQUE_VALUE_VIOLATION,REVIEW,"ILI i79339 maps to multiple QIDs: Q472971, Q179899, Q179899, Q472971"
i79339,Q472971,(mathematics) any set of points that satisfy a set of postulates of some kind,08018127-n,i79339,mathematical space|topological space,OEWN,Q179899|Q472971,unique_value,mathematical structure of geometric nature,space,UNIQUE_VALUE_VIOLATION,REVIEW,"ILI i79339 maps to multiple QIDs: Q472971, Q179899, Q179899, Q472971"
i79409,Q2862906,a terrorist organization that seeks to overthrow the government dominated by Tutsi and to institute Hutu control again,08033653-n,i79409,Army for the Liberation of Rwanda|ALIR|Former Armed Forces|FAR|Interahamwe,OENN,Q755973|Q2862906,unique_value,"rebel group largely composed of former members of the Interahamwe and Rwandan Armed Forces, was operating mostly in the eastern regions of the Democratic Republic of the Congo along the border with Rwanda",Army for the Liberation of Rwanda,UNIQUE_VALUE_VIOLATION,REVIEW,"ILI i79409 maps to multiple QIDs: Q2862906, Q755973, Q755973, Q2862906"
i79409,Q755973,a terrorist organization that seeks to overthrow the government dominated by Tutsi and to institute Hutu control again,08033653-n,i79409,Army for the Liberation of Rwanda|ALIR|Former Armed Forces|FAR|Interahamwe,OENN,Q755973|Q2862906,unique_value,Hutu paramilitary group involved in 1994 Rwandan Genocide,Interahamwe,UNIQUE_VALUE_VIOLATION,REVIEW,"ILI i79409 maps to multiple QIDs: Q2862906, Q755973, Q755973, Q2862906"
i79409,Q755973,a terrorist organization that seeks to overthrow the government dominated by Tutsi and to institute Hutu control again,08033653-n,i79409,Army for the Liberation of Rwanda|ALIR|Former Armed Forces|FAR|Interahamwe,OENN,Q755973|Q2862906,unique_value,Hutu paramilitary group involved in 1994 Rwandan Genocide,Interahamwe,UNIQUE_VALUE_VIOLATION,REVIEW,"ILI i79409 maps to multiple QIDs: Q2862906, Q755973, Q755973, Q2862906"
i79409,Q2862906,a terrorist organization that seeks to overthrow the government dominated by Tutsi and to institute Hutu control again,08033653-n,i79409,Army for the Liberation of Rwanda|ALIR|Former Armed Forces|FAR|Interahamwe,OENN,Q755973|Q2862906,unique_value,"rebel group largely composed of former members of the Interahamwe and Rwandan Armed Forces, was operating mostly in the eastern regions of the Democratic Republic of the Congo along the border with Rwanda",Army for the Liberation of Rwanda,UNIQUE_VALUE_VIOLATION,REVIEW,"ILI i79409 maps to multiple QIDs: Q2862906, Q755973, Q755973, Q2862906"
i79419,Q29014225,a Palestinian international terrorist organization that split from the PLO in 1974; has conducted terrorist attacks in 20 countries,08036995-n,i79419,Black September Organization|Fatah Revolutionary Council|Fatah-RC|Abu Nidal Organization|ANO|Arab Revolutionary Brigades|Black September|Revolutionary Organization of Socialist Muslims,OENN,Q29014225|Q1638579,unique_value,leading body within the Fatah party,Fatah Revolutionary Council,UNIQUE_VALUE_VIOLATION,REVIEW,"ILI i79419 maps to multiple QIDs: Q29014225, Q1638579, Q1638579, Q29014225"
i79419,Q1638579,a Palestinian international terrorist organization that split from the PLO in 1974; has conducted terrorist attacks in 20 countries,08036995-n,i79419,Black September Organization|Fatah Revolutionary Council|Fatah-RC|Abu Nidal Organization|ANO|Arab Revolutionary Brigades|Black September|Revolutionary Organization of Socialist Muslims,OENN,Q29014225|Q1638579,unique_value,Palestinian terrorist group,Abu Nidal Organization,UNIQUE_VALUE_VIOLATION,REVIEW,"ILI i79419 maps to multiple QIDs: Q29014225, Q1638579, Q1638579, Q29014225"
i79419,Q1638579,a Palestinian international terrorist organization that split from the PLO in 1974; has conducted terrorist attacks in 20 countries,08036995-n,i79419,Black September Organization|Fatah Revolutionary Council|Fatah-RC|Abu Nidal Organization|ANO|Arab Revolutionary Brigades|Black September|Revolutionary Organization of Socialist Muslims,OENN,Q29014225|Q1638579,unique_value,Palestinian terrorist group,Abu Nidal Organization,UNIQUE_VALUE_VIOLATION,REVIEW,"ILI i79419 maps to multiple QIDs: Q29014225, Q1638579, Q1638579, Q29014225"
i79419,Q29014225,a Palestinian international terrorist organization that split from the PLO in 1974; has conducted terrorist attacks in 20 countries,08036995-n,i79419,Black September Organization|Fatah Revolutionary Council|Fatah-RC|Abu Nidal Organization|ANO|Arab Revolutionary Brigades|Black September|Revolutionary Organization of Socialist Muslims,OENN,Q29014225|Q1638579,unique_value,leading body within the Fatah party,Fatah Revolutionary Council,UNIQUE_VALUE_VIOLATION,REVIEW,"ILI i79419 maps to multiple QIDs: Q29014225, Q1638579, Q1638579, Q29014225"
i79442,Q20387047,an Islamic extremist group of Kurds who oppose secular control with bombings and assassinations; believed to have ties with al-Qaeda,08044901-n,i79442,Jund-ul-Islam|Soldiers of God,OENN,Q20387047|Q1048651,unique_value,Sinai yihadist group,Jund al-Islam,UNIQUE_VALUE_VIOLATION,REVIEW,"ILI i79442 maps to multiple QIDs: Q20387047, Q1048651, Q1048651, Q20387047"
i79442,Q1048651,an Islamic extremist group of Kurds who oppose secular control with bombings and assassinations; believed to have ties with al-Qaeda,08044901-n,i79442,Jund-ul-Islam|Soldiers of God,OENN,Q20387047|Q1048651,unique_value,militant Sunni organization in Iran,Jundallah,UNIQUE_VALUE_VIOLATION,REVIEW,"ILI i79442 maps to multiple QIDs: Q20387047, Q1048651, Q1048651, Q20387047"
i79442,Q1048651,an Islamic extremist group of Kurds who oppose secular control with bombings and assassinations; believed to have ties with al-Qaeda,08044901-n,i79442,Jund-ul-Islam|Soldiers of God,OENN,Q20387047|Q1048651,unique_value,militant Sunni organization in Iran,Jundallah,UNIQUE_VALUE_VIOLATION,REVIEW,"ILI i79442 maps to multiple QIDs: Q20387047, Q1048651, Q1048651, Q20387047"
i79442,Q20387047,an Islamic extremist group of Kurds who oppose secular control with bombings and assassinations; believed to have ties with al-Qaeda,08044901-n,i79442,Jund-ul-Islam|Soldiers of God,OENN,Q20387047|Q1048651,unique_value,Sinai yihadist group,Jund al-Islam,UNIQUE_VALUE_VIOLATION,REVIEW,"ILI i79442 maps to multiple QIDs: Q20387047, Q1048651, Q1048651, Q20387047"
i79445,Q8711543,a communist organization formed in Cambodia in 1970; became a terrorist organization in 1975 when it captured Phnom Penh and created a government that killed an estimated three million people; was defeated by Vietnamese troops but remained active until 1999,08045752-n,i79445,Khmer Rouge|KR|Party of Democratic Kampuchea|Communist Party of Kampuchea,OENN,Q191764|Q8711543,unique_value,communist party in Cambodia,Communist Party of Kampuchea,UNIQUE_VALUE_VIOLATION,REVIEW,"ILI i79445 maps to multiple QIDs: Q8711543, Q191764, Q191764, Q8711543"
i79445,Q191764,a communist organization formed in Cambodia in 1970; became a terrorist organization in 1975 when it captured Phnom Penh and created a government that killed an estimated three million people; was defeated by Vietnamese troops but remained active until 1999,08045752-n,i79445,Khmer Rouge|KR|Party of Democratic Kampuchea|Communist Party of Kampuchea,OENN,Q191764|Q8711543,unique_value,"followers of the Communist Party, Maoists of Kampuchea in Cambodia (until 1998)",Communist Party of the Cambodia (Khmer Rouge),UNIQUE_VALUE_VIOLATION,REVIEW,"ILI i79445 maps to multiple QIDs: Q8711543, Q191764, Q191764, Q8711543"
i79445,Q191764,a communist organization formed in Cambodia in 1970; became a terrorist organization in 1975 when it captured Phnom Penh and created a government that killed an estimated three million people; was defeated by Vietnamese troops but remained active until 1999,08045752-n,i79445,Khmer Rouge|KR|Party of Democratic Kampuchea|Communist Party of Kampuchea,OENN,Q191764|Q8711543,unique_value,"followers of the Communist Party, Maoists of Kampuchea in Cambodia (until 1998)",Communist Party of the Cambodia (Khmer Rouge),UNIQUE_VALUE_VIOLATION,REVIEW,"ILI i79445 maps to multiple QIDs: Q8711543, Q191764, Q191764, Q8711543"
i79445,Q8711543,a communist organization formed in Cambodia in 1970; became a terrorist organization in 1975 when it captured Phnom Penh and created a government that killed an estimated three million people; was defeated by Vietnamese troops but remained active until 1999,08045752-n,i79445,Khmer Rouge|KR|Party of Democratic Kampuchea|Communist Party of Kampuchea,OENN,Q191764|Q8711543,unique_value,communist party in Cambodia,Communist Party of Kampuchea,UNIQUE_VALUE_VIOLATION,REVIEW,"ILI i79445 maps to multiple QIDs: Q8711543, Q191764, Q191764, Q8711543"
i79466,Q7071479,a terrorist organization in Bolivia that acts as an umbrella for numerous small indigenous subversive groups; a revival of a group with Marxist-Leninist ideologies originally established by Che Guevara in the 1960s,08051986-n,i79466,Nancahuazu Guerrilla|National Liberation Army|ELN|Nestor Paz Zamora Commission|CNPZ,OENN,Q1322079|Q7071479,unique_value,militant Bolivian Marxist–Leninist organization,Néstor Paz Zamora Commission,UNIQUE_VALUE_VIOLATION,REVIEW,"ILI i79466 maps to multiple QIDs: Q7071479, Q1322079, Q1322079, Q7071479"
i79466,Q1322079,a terrorist organization in Bolivia that acts as an umbrella for numerous small indigenous subversive groups; a revival of a group with Marxist-Leninist ideologies originally established by Che Guevara in the 1960s,08051986-n,i79466,Nancahuazu Guerrilla|National Liberation Army|ELN|Nestor Paz Zamora Commission|CNPZ,OENN,Q1322079|Q7071479,unique_value,"group of mainly Bolivian and Cuban guerrillas led by Ernesto Guevara which was active in the Cordillera Province, Bolivia from 1966 to 1967",Ñancahuazú Guerrilla,UNIQUE_VALUE_VIOLATION,REVIEW,"ILI i79466 maps to multiple QIDs: Q7071479, Q1322079, Q1322079, Q7071479"
i79466,Q1322079,a terrorist organization in Bolivia that acts as an umbrella for numerous small indigenous subversive groups; a revival of a group with Marxist-Leninist ideologies originally established by Che Guevara in the 1960s,08051986-n,i79466,Nancahuazu Guerrilla|National Liberation Army|ELN|Nestor Paz Zamora Commission|CNPZ,OENN,Q1322079|Q7071479,unique_value,"group of mainly Bolivian and Cuban guerrillas led by Ernesto Guevara which was active in the Cordillera Province, Bolivia from 1966 to 1967",Ñancahuazú Guerrilla,UNIQUE_VALUE_VIOLATION,REVIEW,"ILI i79466 maps to multiple QIDs: Q7071479, Q1322079, Q1322079, Q7071479"
i79466,Q7071479,a terrorist organization in Bolivia that acts as an umbrella for numerous small indigenous subversive groups; a revival of a group with Marxist-Leninist ideologies originally established by Che Guevara in the 1960s,08051986-n,i79466,Nancahuazu Guerrilla|National Liberation Army|ELN|Nestor Paz Zamora Commission|CNPZ,OENN,Q1322079|Q7071479,unique_value,militant Bolivian Marxist–Leninist organization,Néstor Paz Zamora Commission,UNIQUE_VALUE_VIOLATION,REVIEW,"ILI i79466 maps to multiple QIDs: Q7071479, Q1322079, Q1322079, Q7071479"
i79478,Q7127396,a terrorist group of radical Palestinians who split with al-Fatah in 1967 but now have close relations with al-Fatah; staged terrorist attacks against Israel across the Lebanese border,08055747-n,i79478,Palestinian Popular Struggle Front|Popular Struggle Front|PSF,OENN,Q7127396|Q960776,unique_value,Political faction,Palestinian Popular Struggle Front,UNIQUE_VALUE_VIOLATION,REVIEW,"ILI i79478 maps to multiple QIDs: Q7127396, Q960776, Q960776, Q7127396"
i79478,Q960776,a terrorist group of radical Palestinians who split with al-Fatah in 1967 but now have close relations with al-Fatah; staged terrorist attacks against Israel across the Lebanese border,08055747-n,i79478,Palestinian Popular Struggle Front|Popular Struggle Front|PSF,OENN,Q7127396|Q960776,unique_value,political party in Palestine,Palestinian Popular Struggle Front,UNIQUE_VALUE_VIOLATION,REVIEW,"ILI i79478 maps to multiple QIDs: Q7127396, Q960776, Q960776, Q7127396"
i79478,Q960776,a terrorist group of radical Palestinians who split with al-Fatah in 1967 but now have close relations with al-Fatah; staged terrorist attacks against Israel across the Lebanese border,08055747-n,i79478,Palestinian Popular Struggle Front|Popular Struggle Front|PSF,OENN,Q7127396|Q960776,unique_value,political party in Palestine,Palestinian Popular Struggle Front,UNIQUE_VALUE_VIOLATION,REVIEW,"ILI i79478 maps to multiple QIDs: Q7127396, Q960776, Q960776, Q7127396"
i79478,Q7127396,a terrorist group of radical Palestinians who split with al-Fatah in 1967 but now have close relations with al-Fatah; staged terrorist attacks against Israel across the Lebanese border,08055747-n,i79478,Palestinian Popular Struggle Front|Popular Struggle Front|PSF,OENN,Q7127396|Q960776,unique_value,Political faction,Palestinian Popular Struggle Front,UNIQUE_VALUE_VIOLATION,REVIEW,"ILI i79478 maps to multiple QIDs: Q7127396, Q960776, Q960776, Q7127396"
i80287,Q7167191,the section of a band or orchestra that plays percussion instruments,08234478-n,i80287,percussion section|percussion|rhythm section,OEWN,Q1456785|Q7167191,unique_value,one of the main divisions of an orchestra,percussion section,UNIQUE_VALUE_VIOLATION,REVIEW,"ILI i80287 maps to multiple QIDs: Q7167191, Q1456785, Q1456785, Q7167191"
i80287,Q1456785,the section of a band or orchestra that plays percussion instruments,08234478-n,i80287,percussion section|percussion|rhythm section,OEWN,Q1456785|Q7167191,unique_value,"group of musicians within a music ensemble or band who provide the underlying rhythm, harmony and beat for the rest of the band",rhythm section,UNIQUE_VALUE_VIOLATION,REVIEW,"ILI i80287 maps to multiple QIDs: Q7167191, Q1456785, Q1456785, Q7167191"
i80287,Q1456785,the section of a band or orchestra that plays percussion instruments,08234478-n,i80287,percussion section|percussion|rhythm section,OEWN,Q1456785|Q7167191,unique_value,"group of musicians within a music ensemble or band who provide the underlying rhythm, harmony and beat for the rest of the band",rhythm section,UNIQUE_VALUE_VIOLATION,REVIEW,"ILI i80287 maps to multiple QIDs: Q7167191, Q1456785, Q1456785, Q7167191"
i80287,Q7167191,the section of a band or orchestra that plays percussion instruments,08234478-n,i80287,percussion section|percussion|rhythm section,OEWN,Q1456785|Q7167191,unique_value,one of the main divisions of an orchestra,percussion section,UNIQUE_VALUE_VIOLATION,REVIEW,"ILI i80287 maps to multiple QIDs: Q7167191, Q1456785, Q1456785, Q7167191"
i81079,Q273005,the system of production and distribution and consumption,08383680-n,i81079,economy|economic system,OEWN,Q273005|Q159810,unique_value,"system of ownership, production and exchange",economic system,UNIQUE_VALUE_VIOLATION,REVIEW,"ILI i81079 maps to multiple QIDs: Q273005, Q159810, Q159810, Q273005"
i81079,Q159810,the system of production and distribution and consumption,08383680-n,i81079,economy|economic system,OEWN,Q273005|Q159810,unique_value,"social domain encompassing the production, distribution, trade, and consumption of goods and services; shaped by culture, technology, political structure, and natural resources, involving individuals, businesses, and governments",economy,UNIQUE_VALUE_VIOLATION,REVIEW,"ILI i81079 maps to multiple QIDs: Q273005, Q159810, Q159810, Q273005"
i81079,Q159810,the system of production and distribution and consumption,08383680-n,i81079,economy|economic system,OEWN,Q273005|Q159810,unique_value,"social domain encompassing the production, distribution, trade, and consumption of goods and services; shaped by culture, technology, political structure, and natural resources, involving individuals, businesses, and governments",economy,UNIQUE_VALUE_VIOLATION,REVIEW,"ILI i81079 maps to multiple QIDs: Q273005, Q159810, Q159810, Q273005"
i81079,Q273005,the system of production and distribution and consumption,08383680-n,i81079,economy|economic system,OEWN,Q273005|Q159810,unique_value,"system of ownership, production and exchange",economic system,UNIQUE_VALUE_VIOLATION,REVIEW,"ILI i81079 maps to multiple QIDs: Q273005, Q159810, Q159810, Q273005"
i81121,Q1666019,"an interest group that tries to influence legislators or bureaucrats to act in their favor, typically through lobbying",07985266-n,i81121,special interest|special-interest group|special interest group|advocacy group|lobby group|lobby|pressure group|third house,OEWN,Q431603|Q1666019,unique_value,"class, group, or organization that wants to influence public policy and state action in its favor",pressure group,UNIQUE_VALUE_VIOLATION,REVIEW,"ILI i81121 maps to multiple QIDs: Q1666019, Q431603, Q431603, Q1666019"
i81121,Q431603,"an interest group that tries to influence legislators or bureaucrats to act in their favor, typically through lobbying",07985266-n,i81121,special interest|special-interest group|special interest group|advocacy group|lobby group|lobby|pressure group|third house,OEWN,Q431603|Q1666019,unique_value,groups using advocacy in order to influence public opinion and policy,advocacy group,UNIQUE_VALUE_VIOLATION,REVIEW,"ILI i81121 maps to multiple QIDs: Q1666019, Q431603, Q431603, Q1666019"
i81121,Q431603,"an interest group that tries to influence legislators or bureaucrats to act in their favor, typically through lobbying",07985266-n,i81121,special interest|special-interest group|special interest group|advocacy group|lobby group|lobby|pressure group|third house,OEWN,Q431603|Q1666019,unique_value,groups using advocacy in order to influence public opinion and policy,advocacy group,UNIQUE_VALUE_VIOLATION,REVIEW,"ILI i81121 maps to multiple QIDs: Q1666019, Q431603, Q431603, Q1666019"
i81121,Q1666019,"an interest group that tries to influence legislators or bureaucrats to act in their favor, typically through lobbying",07985266-n,i81121,special interest|special-interest group|special interest group|advocacy group|lobby group|lobby|pressure group|third house,OEWN,Q431603|Q1666019,unique_value,"class, group, or organization that wants to influence public policy and state action in its favor",pressure group,UNIQUE_VALUE_VIOLATION,REVIEW,"ILI i81121 maps to multiple QIDs: Q1666019, Q431603, Q431603, Q1666019"
i81858,Q245260,an aggregation or continuous network of urban communities,08557280-n,i81858,conurbation|urban sprawl|sprawl,OEWN,Q192042|Q245260,unique_value,group of settlements linked by continuous urban area,conurbation,UNIQUE_VALUE_VIOLATION,REVIEW,"ILI i81858 maps to multiple QIDs: Q245260, Q192042, Q192042, Q245260"
i81858,Q192042,an aggregation or continuous network of urban communities,08557280-n,i81858,conurbation|urban sprawl|sprawl,OEWN,Q192042|Q245260,unique_value,"expansion of auto-oriented, low-density development in suburbs",urban sprawl,UNIQUE_VALUE_VIOLATION,REVIEW,"ILI i81858 maps to multiple QIDs: Q245260, Q192042, Q192042, Q245260"
i81858,Q192042,an aggregation or continuous network of urban communities,08557280-n,i81858,conurbation|urban sprawl|sprawl,OEWN,Q192042|Q245260,unique_value,"expansion of auto-oriented, low-density development in suburbs",urban sprawl,UNIQUE_VALUE_VIOLATION,REVIEW,"ILI i81858 maps to multiple QIDs: Q245260, Q192042, Q192042, Q245260"
i81858,Q245260,an aggregation or continuous network of urban communities,08557280-n,i81858,conurbation|urban sprawl|sprawl,OEWN,Q192042|Q245260,unique_value,group of settlements linked by continuous urban area,conurbation,UNIQUE_VALUE_VIOLATION,REVIEW,"ILI i81858 maps to multiple QIDs: Q245260, Q192042, Q192042, Q245260"
i81984,Q1149081,the countries of Asia,08580157-n,i81984,East|Orient,OENN,Q1149081|Q205653,unique_value,countries with an originally Asian shared culture,Eastern world,UNIQUE_VALUE_VIOLATION,REVIEW,"ILI i81984 maps to multiple QIDs: Q1149081, Q205653, Q205653, Q1149081"
i81984,Q205653,the countries of Asia,08580157-n,i81984,East|Orient,OENN,Q1149081|Q205653,unique_value,term for the Eastern world,Orient,UNIQUE_VALUE_VIOLATION,REVIEW,"ILI i81984 maps to multiple QIDs: Q1149081, Q205653, Q205653, Q1149081"
i81984,Q205653,the countries of Asia,08580157-n,i81984,East|Orient,OENN,Q1149081|Q205653,unique_value,term for the Eastern world,Orient,UNIQUE_VALUE_VIOLATION,REVIEW,"ILI i81984 maps to multiple QIDs: Q1149081, Q205653, Q205653, Q1149081"
i81984,Q1149081,the countries of Asia,08580157-n,i81984,East|Orient,OENN,Q1149081|Q205653,unique_value,countries with an originally Asian shared culture,Eastern world,UNIQUE_VALUE_VIOLATION,REVIEW,"ILI i81984 maps to multiple QIDs: Q1149081, Q205653, Q205653, Q1149081"
i82572,Q14947899,the western United States during its frontier period,08700915-n,i82572,American frontier|Wild West,OENN,Q190267|Q14947899,unique_value,"undeveloped territory of the United States, c. 1607–1912",Wild West,UNIQUE_VALUE_VIOLATION,REVIEW,"ILI i82572 maps to multiple QIDs: Q14947899, Q190267, Q190267, Q14947899"
i82572,Q190267,the western United States during its frontier period,08700915-n,i82572,American frontier|Wild West,OENN,Q190267|Q14947899,unique_value,frontier of colonization in North America circa 1700-1910,American frontier,UNIQUE_VALUE_VIOLATION,REVIEW,"ILI i82572 maps to multiple QIDs: Q14947899, Q190267, Q190267, Q14947899"
i82572,Q190267,the western United States during its frontier period,08700915-n,i82572,American frontier|Wild West,OENN,Q190267|Q14947899,unique_value,frontier of colonization in North America circa 1700-1910,American frontier,UNIQUE_VALUE_VIOLATION,REVIEW,"ILI i82572 maps to multiple QIDs: Q14947899, Q190267, Q190267, Q14947899"
i82572,Q14947899,the western United States during its frontier period,08700915-n,i82572,American frontier|Wild West,OENN,Q190267|Q14947899,unique_value,"undeveloped territory of the United States, c. 1607–1912",Wild West,UNIQUE_VALUE_VIOLATION,REVIEW,"ILI i82572 maps to multiple QIDs: Q14947899, Q190267, Q190267, Q14947899"
i82663,Q12901244,an ancient kingdom (later a Roman province) in North Africa in an area corresponding roughly to present-day Algeria,08725524-n,i82663,Numidia,OENN,Q12901244|Q102679,unique_value,Roman province,Numidia,UNIQUE_VALUE_VIOLATION,REVIEW,"ILI i82663 maps to multiple QIDs: Q12901244, Q102679, Q102679, Q12901244"
i82663,Q102679,an ancient kingdom (later a Roman province) in North Africa in an area corresponding roughly to present-day Algeria,08725524-n,i82663,Numidia,OENN,Q12901244|Q102679,unique_value,Amazigh (Berber) kingdom in North Africa (202 BC - 40 AD),Kingdom of Numidia,UNIQUE_VALUE_VIOLATION,REVIEW,"ILI i82663 maps to multiple QIDs: Q12901244, Q102679, Q102679, Q12901244"
i82663,Q102679,an ancient kingdom (later a Roman province) in North Africa in an area corresponding roughly to present-day Algeria,08725524-n,i82663,Numidia,OENN,Q12901244|Q102679,unique_value,Amazigh (Berber) kingdom in North Africa (202 BC - 40 AD),Kingdom of Numidia,UNIQUE_VALUE_VIOLATION,REVIEW,"ILI i82663 maps to multiple QIDs: Q12901244, Q102679, Q102679, Q12901244"
i82663,Q12901244,an ancient kingdom (later a Roman province) in North Africa in an area corresponding roughly to present-day Algeria,08725524-n,i82663,Numidia,OENN,Q12901244|Q102679,unique_value,Roman province,Numidia,UNIQUE_VALUE_VIOLATION,REVIEW,"ILI i82663 maps to multiple QIDs: Q12901244, Q102679, Q102679, Q12901244"
i82775,Q3916279,a former Portuguese province on the south coast of China and two islands in the South China Sea; reverted to China in 1999,08749256-n,i82775,Macao|Macau,OENN,Q3916279|Q14773,unique_value,Portuguese possession in East Asia between 1557 and 1999,Portuguese Macau,UNIQUE_VALUE_VIOLATION,REVIEW,"ILI i82775 maps to multiple QIDs: Q3916279, Q14773, Q14773, Q3916279"
i82775,Q14773,a former Portuguese province on the south coast of China and two islands in the South China Sea; reverted to China in 1999,08749256-n,i82775,Macao|Macau,OENN,Q3916279|Q14773,unique_value,city and special administrative region of China,Macau,UNIQUE_VALUE_VIOLATION,REVIEW,"ILI i82775 maps to multiple QIDs: Q3916279, Q14773, Q14773, Q3916279"
i82775,Q14773,a former Portuguese province on the south coast of China and two islands in the South China Sea; reverted to China in 1999,08749256-n,i82775,Macao|Macau,OENN,Q3916279|Q14773,unique_value,city and special administrative region of China,Macau,UNIQUE_VALUE_VIOLATION,REVIEW,"ILI i82775 maps to multiple QIDs: Q3916279, Q14773, Q14773, Q3916279"
i82775,Q3916279,a former Portuguese province on the south coast of China and two islands in the South China Sea; reverted to China in 1999,08749256-n,i82775,Macao|Macau,OENN,Q3916279|Q14773,unique_value,Portuguese possession in East Asia between 1557 and 1999,Portuguese Macau,UNIQUE_VALUE_VIOLATION,REVIEW,"ILI i82775 maps to multiple QIDs: Q3916279, Q14773, Q14773, Q3916279"
i82925,Q756617,a constitutional monarchy in northern Europe; consists of the mainland of Jutland and many islands between the North Sea and the Baltic Sea,08779077-n,i82925,Denmark|Kingdom of Denmark|Danmark,OENN,Q35|Q756617,unique_value,transcontinental sovereign state and constitutional monarchy,Kingdom of Denmark,UNIQUE_VALUE_VIOLATION,REVIEW,"ILI i82925 maps to multiple QIDs: Q756617, Q35, Q35, Q756617"
i82925,Q35,a constitutional monarchy in northern Europe; consists of the mainland of Jutland and many islands between the North Sea and the Baltic Sea,08779077-n,i82925,Denmark|Kingdom of Denmark|Danmark,OENN,Q35|Q756617,unique_value,country in Northern Europe,Denmark,UNIQUE_VALUE_VIOLATION,REVIEW,"ILI i82925 maps to multiple QIDs: Q756617, Q35, Q35, Q756617"
i82925,Q35,a constitutional monarchy in northern Europe; consists of the mainland of Jutland and many islands between the North Sea and the Baltic Sea,08779077-n,i82925,Denmark|Kingdom of Denmark|Danmark,OENN,Q35|Q756617,unique_value,country in Northern Europe,Denmark,UNIQUE_VALUE_VIOLATION,REVIEW,"ILI i82925 maps to multiple QIDs: Q756617, Q35, Q35, Q756617"
i82925,Q756617,a constitutional monarchy in northern Europe; consists of the mainland of Jutland and many islands between the North Sea and the Baltic Sea,08779077-n,i82925,Denmark|Kingdom of Denmark|Danmark,OENN,Q35|Q756617,unique_value,transcontinental sovereign state and constitutional monarchy,Kingdom of Denmark,UNIQUE_VALUE_VIOLATION,REVIEW,"ILI i82925 maps to multiple QIDs: Q756617, Q35, Q35, Q756617"
i82993,Q157367,the territory of an Elector (of the Holy Roman Empire) that expanded to become the kingdom of Prussia in 1701,08793430-n,i82993,Brandenburg,OENN,Q157367|Q148499,unique_value,former country (1618–1701),Brandenburg-Prussia,UNIQUE_VALUE_VIOLATION,REVIEW,"ILI i82993 maps to multiple QIDs: Q157367, Q148499, Q148499, Q157367"
i82993,Q148499,the territory of an Elector (of the Holy Roman Empire) that expanded to become the kingdom of Prussia in 1701,08793430-n,i82993,Brandenburg,OENN,Q157367|Q148499,unique_value,Holy Roman Empire principality (1157–1806),Margraviate of Brandenburg,UNIQUE_VALUE_VIOLATION,REVIEW,"ILI i82993 maps to multiple QIDs: Q157367, Q148499, Q148499, Q157367"
i82993,Q148499,the territory of an Elector (of the Holy Roman Empire) that expanded to become the kingdom of Prussia in 1701,08793430-n,i82993,Brandenburg,OENN,Q157367|Q148499,unique_value,Holy Roman Empire principality (1157–1806),Margraviate of Brandenburg,UNIQUE_VALUE_VIOLATION,REVIEW,"ILI i82993 maps to multiple QIDs: Q157367, Q148499, Q148499, Q157367"
i82993,Q157367,the territory of an Elector (of the Holy Roman Empire) that expanded to become the kingdom of Prussia in 1701,08793430-n,i82993,Brandenburg,OENN,Q157367|Q148499,unique_value,former country (1618–1701),Brandenburg-Prussia,UNIQUE_VALUE_VIOLATION,REVIEW,"ILI i82993 maps to multiple QIDs: Q157367, Q148499, Q148499, Q157367"
i82995,Q2175121,a major industrial and coal mining region in the valley of the Ruhr river in northwestern Germany,08793971-n,i82995,Ruhr|Ruhr Valley,OENN,Q2175121|Q151993,unique_value,"natural region along the Ruhr river in North Rhine-Westphalia, Germany",Ruhrtal,UNIQUE_VALUE_VIOLATION,REVIEW,"ILI i82995 maps to multiple QIDs: Q2175121, Q151993, Q151993, Q2175121"
i82995,Q151993,a major industrial and coal mining region in the valley of the Ruhr river in northwestern Germany,08793971-n,i82995,Ruhr|Ruhr Valley,OENN,Q2175121|Q151993,unique_value,"urban area in North Rhine-Westphalia, Germany",Ruhr Region,UNIQUE_VALUE_VIOLATION,REVIEW,"ILI i82995 maps to multiple QIDs: Q2175121, Q151993, Q151993, Q2175121"
i82995,Q151993,a major industrial and coal mining region in the valley of the Ruhr river in northwestern Germany,08793971-n,i82995,Ruhr|Ruhr Valley,OENN,Q2175121|Q151993,unique_value,"urban area in North Rhine-Westphalia, Germany",Ruhr Region,UNIQUE_VALUE_VIOLATION,REVIEW,"ILI i82995 maps to multiple QIDs: Q2175121, Q151993, Q151993, Q2175121"
i82995,Q2175121,a major industrial and coal mining region in the valley of the Ruhr river in northwestern Germany,08793971-n,i82995,Ruhr|Ruhr Valley,OENN,Q2175121|Q151993,unique_value,"natural region along the Ruhr river in North Rhine-Westphalia, Germany",Ruhrtal,UNIQUE_VALUE_VIOLATION,REVIEW,"ILI i82995 maps to multiple QIDs: Q2175121, Q151993, Q151993, Q2175121"
i83065,Q48214,the area around the eastern Mediterranean; from Turkey to northern Africa and eastward to Iran; the site of such ancient civilizations as Phoenicia and Babylon and Egypt and the birthplace of Judaism and Christianity and Islam; had continuous economic and political turmoil in the 20th century,08809019-n,i83065,Middle East|Mideast|Near East,OENN,Q7204|Q48214,unique_value,"geographical term that roughly encompasses Western Asia, and in some definitions parts of the Balkans",Near East,UNIQUE_VALUE_VIOLATION,REVIEW,"ILI i83065 maps to multiple QIDs: Q48214, Q7204, Q7204, Q48214"
i83065,Q7204,the area around the eastern Mediterranean; from Turkey to northern Africa and eastward to Iran; the site of such ancient civilizations as Phoenicia and Babylon and Egypt and the birthplace of Judaism and Christianity and Islam; had continuous economic and political turmoil in the 20th century,08809019-n,i83065,Middle East|Mideast|Near East,OENN,Q7204|Q48214,unique_value,"geopolitical region encompassing Egypt and most of Western Asia, including Iran",Middle East,UNIQUE_VALUE_VIOLATION,REVIEW,"ILI i83065 maps to multiple QIDs: Q48214, Q7204, Q7204, Q48214"
i83065,Q7204,the area around the eastern Mediterranean; from Turkey to northern Africa and eastward to Iran; the site of such ancient civilizations as Phoenicia and Babylon and Egypt and the birthplace of Judaism and Christianity and Islam; had continuous economic and political turmoil in the 20th century,08809019-n,i83065,Middle East|Mideast|Near East,OENN,Q7204|Q48214,unique_value,"geopolitical region encompassing Egypt and most of Western Asia, including Iran",Middle East,UNIQUE_VALUE_VIOLATION,REVIEW,"ILI i83065 maps to multiple QIDs: Q48214, Q7204, Q7204, Q48214"
i83065,Q48214,the area around the eastern Mediterranean; from Turkey to northern Africa and eastward to Iran; the site of such ancient civilizations as Phoenicia and Babylon and Egypt and the birthplace of Judaism and Christianity and Islam; had continuous economic and political turmoil in the 20th century,08809019-n,i83065,Middle East|Mideast|Near East,OENN,Q7204|Q48214,unique_value,"geographical term that roughly encompasses Western Asia, and in some definitions parts of the Balkans",Near East,UNIQUE_VALUE_VIOLATION,REVIEW,"ILI i83065 maps to multiple QIDs: Q48214, Q7204, Q7204, Q48214"
i83094,Q48175,an ancient country in southwestern Asia on the east coast of the Mediterranean Sea; a place of pilgrimage for Christianity and Islam and Judaism,08816234-n,i83094,Palestine|Canaan|Holy Land|Promised Land,OENN,Q23792|Q48175,unique_value,"Denotes areas of the Southern Levant that hold great significance in the Abrahamic religions, primarily because of their association with people and events featured in the Bible.",Holy Land,UNIQUE_VALUE_VIOLATION,REVIEW,"ILI i83094 maps to multiple QIDs: Q48175, Q23792, Q23792, Q48175"
i83094,Q23792,an ancient country in southwestern Asia on the east coast of the Mediterranean Sea; a place of pilgrimage for Christianity and Islam and Judaism,08816234-n,i83094,Palestine|Canaan|Holy Land|Promised Land,OENN,Q23792|Q48175,unique_value,geographic region in West Asia,Palestine,UNIQUE_VALUE_VIOLATION,REVIEW,"ILI i83094 maps to multiple QIDs: Q48175, Q23792, Q23792, Q48175"
i83094,Q23792,an ancient country in southwestern Asia on the east coast of the Mediterranean Sea; a place of pilgrimage for Christianity and Islam and Judaism,08816234-n,i83094,Palestine|Canaan|Holy Land|Promised Land,OENN,Q23792|Q48175,unique_value,geographic region in West Asia,Palestine,UNIQUE_VALUE_VIOLATION,REVIEW,"ILI i83094 maps to multiple QIDs: Q48175, Q23792, Q23792, Q48175"
i83094,Q48175,an ancient country in southwestern Asia on the east coast of the Mediterranean Sea; a place of pilgrimage for Christianity and Islam and Judaism,08816234-n,i83094,Palestine|Canaan|Holy Land|Promised Land,OENN,Q23792|Q48175,unique_value,"Denotes areas of the Southern Levant that hold great significance in the Abrahamic religions, primarily because of their association with people and events featured in the Bible.",Holy Land,UNIQUE_VALUE_VIOLATION,REVIEW,"ILI i83094 maps to multiple QIDs: Q48175, Q23792, Q23792, Q48175"
i83175,Q838261,a mountainous republic in southeastern Europe bordering on the Adriatic Sea; formed from two of the six republics that made up Yugoslavia until 1992; Serbia and Montenegro were known as the Federal Republic of Yugoslavia until 2003 when they adopted the name of the Union of Serbia and Montenegro,08834088-n,i83175,Serbia and Montenegro|Union of Serbia and Montenegro|Yugoslavia|Federal Republic of Yugoslavia|Jugoslavija,OENN,Q838261|Q37024,unique_value,former Balkan republic (1992–2003),Federal Republic of Yugoslavia,UNIQUE_VALUE_VIOLATION,REVIEW,"ILI i83175 maps to multiple QIDs: Q838261, Q37024, Q37024, Q838261"
i83175,Q37024,a mountainous republic in southeastern Europe bordering on the Adriatic Sea; formed from two of the six republics that made up Yugoslavia until 1992; Serbia and Montenegro were known as the Federal Republic of Yugoslavia until 2003 when they adopted the name of the Union of Serbia and Montenegro,08834088-n,i83175,Serbia and Montenegro|Union of Serbia and Montenegro|Yugoslavia|Federal Republic of Yugoslavia|Jugoslavija,OENN,Q838261|Q37024,unique_value,former political union in the Balkans (2003–2006),Serbia and Montenegro,UNIQUE_VALUE_VIOLATION,REVIEW,"ILI i83175 maps to multiple QIDs: Q838261, Q37024, Q37024, Q838261"
i83175,Q37024,a mountainous republic in southeastern Europe bordering on the Adriatic Sea; formed from two of the six republics that made up Yugoslavia until 1992; Serbia and Montenegro were known as the Federal Republic of Yugoslavia until 2003 when they adopted the name of the Union of Serbia and Montenegro,08834088-n,i83175,Serbia and Montenegro|Union of Serbia and Montenegro|Yugoslavia|Federal Republic of Yugoslavia|Jugoslavija,OENN,Q838261|Q37024,unique_value,former political union in the Balkans (2003–2006),Serbia and Montenegro,UNIQUE_VALUE_VIOLATION,REVIEW,"ILI i83175 maps to multiple QIDs: Q838261, Q37024, Q37024, Q838261"
i83175,Q838261,a mountainous republic in southeastern Europe bordering on the Adriatic Sea; formed from two of the six republics that made up Yugoslavia until 1992; Serbia and Montenegro were known as the Federal Republic of Yugoslavia until 2003 when they adopted the name of the Union of Serbia and Montenegro,08834088-n,i83175,Serbia and Montenegro|Union of Serbia and Montenegro|Yugoslavia|Federal Republic of Yugoslavia|Jugoslavija,OENN,Q838261|Q37024,unique_value,former Balkan republic (1992–2003),Federal Republic of Yugoslavia,UNIQUE_VALUE_VIOLATION,REVIEW,"ILI i83175 maps to multiple QIDs: Q838261, Q37024, Q37024, Q838261"
i83289,Q131233,national capital of Kiribati,08859956-n,i83289,Tarawa|Bairiki,OENN,Q2486|Q131233|Q999487,unique_value,capital of Kiribati,South Tarawa,UNIQUE_VALUE_VIOLATION,REVIEW,"ILI i83289 maps to multiple QIDs: Q131233, Q2486, Q999487, Q2486, Q2486, Q131233, Q999487, Q131233, Q2486, Q999487, Q131233, Q999487"
i83289,Q2486,national capital of Kiribati,08859956-n,i83289,Tarawa|Bairiki,OENN,Q2486|Q131233|Q999487,unique_value,atoll in the central Pacific Ocean and the capital of Kiribati,Tarawa,UNIQUE_VALUE_VIOLATION,REVIEW,"ILI i83289 maps to multiple QIDs: Q131233, Q2486, Q999487, Q2486, Q2486, Q131233, Q999487, Q131233, Q2486, Q999487, Q131233, Q999487"
i83289,Q999487,national capital of Kiribati,08859956-n,i83289,Tarawa|Bairiki,OENN,Q2486|Q131233|Q999487,unique_value,human settlement,Bairiki,UNIQUE_VALUE_VIOLATION,REVIEW,"ILI i83289 maps to multiple QIDs: Q131233, Q2486, Q999487, Q2486, Q2486, Q131233, Q999487, Q131233, Q2486, Q999487, Q131233, Q999487"
i83289,Q2486,national capital of Kiribati,08859956-n,i83289,Tarawa|Bairiki,OENN,Q2486|Q131233|Q999487,unique_value,atoll in the central Pacific Ocean and the capital of Kiribati,Tarawa,UNIQUE_VALUE_VIOLATION,REVIEW,"ILI i83289 maps to multiple QIDs: Q131233, Q2486, Q999487, Q2486, Q2486, Q131233, Q999487, Q131233, Q2486, Q999487, Q131233, Q999487"
i83289,Q2486,national capital of Kiribati,08859956-n,i83289,Tarawa|Bairiki,OENN,Q2486|Q131233|Q999487,unique_value,atoll in the central Pacific Ocean and the capital of Kiribati,Tarawa,UNIQUE_VALUE_VIOLATION,REVIEW,"ILI i83289 maps to multiple QIDs: Q131233, Q2486, Q999487, Q2486, Q2486, Q131233, Q999487, Q131233, Q2486, Q999487, Q131233, Q999487"
i83289,Q131233,national capital of Kiribati,08859956-n,i83289,Tarawa|Bairiki,OENN,Q2486|Q131233|Q999487,unique_value,capital of Kiribati,South Tarawa,UNIQUE_VALUE_VIOLATION,REVIEW,"ILI i83289 maps to multiple QIDs: Q131233, Q2486, Q999487, Q2486, Q2486, Q131233, Q999487, Q131233, Q2486, Q999487, Q131233, Q999487"
i83289,Q999487,national capital of Kiribati,08859956-n,i83289,Tarawa|Bairiki,OENN,Q2486|Q131233|Q999487,unique_value,human settlement,Bairiki,UNIQUE_VALUE_VIOLATION,REVIEW,"ILI i83289 maps to multiple QIDs: Q131233, Q2486, Q999487, Q2486, Q2486, Q131233, Q999487, Q131233, Q2486, Q999487, Q131233, Q999487"
i83289,Q131233,national capital of Kiribati,08859956-n,i83289,Tarawa|Bairiki,OENN,Q2486|Q131233|Q999487,unique_value,capital of Kiribati,South Tarawa,UNIQUE_VALUE_VIOLATION,REVIEW,"ILI i83289 maps to multiple QIDs: Q131233, Q2486, Q999487, Q2486, Q2486, Q131233, Q999487, Q131233, Q2486, Q999487, Q131233, Q999487"
i83289,Q2486,national capital of Kiribati,08859956-n,i83289,Tarawa|Bairiki,OENN,Q2486|Q131233|Q999487,unique_value,atoll in the central Pacific Ocean and the capital of Kiribati,Tarawa,UNIQUE_VALUE_VIOLATION,REVIEW,"ILI i83289 maps to multiple QIDs: Q131233, Q2486, Q999487, Q2486, Q2486, Q131233, Q999487, Q131233, Q2486, Q999487, Q131233, Q999487"
i83289,Q999487,national capital of Kiribati,08859956-n,i83289,Tarawa|Bairiki,OENN,Q2486|Q131233|Q999487,unique_value,human settlement,Bairiki,UNIQUE_VALUE_VIOLATION,REVIEW,"ILI i83289 maps to multiple QIDs: Q131233, Q2486, Q999487, Q2486, Q2486, Q131233, Q999487, Q131233, Q2486, Q999487, Q131233, Q999487"
i83289,Q131233,national capital of Kiribati,08859956-n,i83289,Tarawa|Bairiki,OENN,Q2486|Q131233|Q999487,unique_value,capital of Kiribati,South Tarawa,UNIQUE_VALUE_VIOLATION,REVIEW,"ILI i83289 maps to multiple QIDs: Q131233, Q2486, Q999487, Q2486, Q2486, Q131233, Q999487, Q131233, Q2486, Q999487, Q131233, Q999487"
i83289,Q999487,national capital of Kiribati,08859956-n,i83289,Tarawa|Bairiki,OENN,Q2486|Q131233|Q999487,unique_value,human settlement,Bairiki,UNIQUE_VALUE_VIOLATION,REVIEW,"ILI i83289 maps to multiple QIDs: Q131233, Q2486, Q999487, Q2486, Q2486, Q131233, Q999487, Q131233, Q2486, Q999487, Q131233, Q999487"
i83378,Q205905,a city in northwestern England,08893496-n,i83378,Lancaster,OENN,Q168052|Q205905,unique_value,"county town of Lancashire, England",Lancaster,UNIQUE_VALUE_VIOLATION,REVIEW,"ILI i83378 maps to multiple QIDs: Q205905, Q168052, Q168052, Q205905"
i83378,Q168052,a city in northwestern England,08893496-n,i83378,Lancaster,OENN,Q168052|Q205905,unique_value,"non-metropolitan district with city status in Lancashire, England",Lancaster,UNIQUE_VALUE_VIOLATION,REVIEW,"ILI i83378 maps to multiple QIDs: Q205905, Q168052, Q168052, Q205905"
i83378,Q168052,a city in northwestern England,08893496-n,i83378,Lancaster,OENN,Q168052|Q205905,unique_value,"non-metropolitan district with city status in Lancashire, England",Lancaster,UNIQUE_VALUE_VIOLATION,REVIEW,"ILI i83378 maps to multiple QIDs: Q205905, Q168052, Q168052, Q205905"
i83378,Q205905,a city in northwestern England,08893496-n,i83378,Lancaster,OENN,Q168052|Q205905,unique_value,"county town of Lancashire, England",Lancaster,UNIQUE_VALUE_VIOLATION,REVIEW,"ILI i83378 maps to multiple QIDs: Q205905, Q168052, Q168052, Q205905"
i83409,Q21683233,a port city in southern England on the English Channel; Britain's major naval base,08899907-n,i83409,Portsmouth|Pompey,OENN,Q72259|Q21683233,unique_value,"district of Hampshire, England",City of Portsmouth,UNIQUE_VALUE_VIOLATION,REVIEW,"ILI i83409 maps to multiple QIDs: Q21683233, Q72259, Q72259, Q21683233"
i83409,Q72259,a port city in southern England on the English Channel; Britain's major naval base,08899907-n,i83409,Portsmouth|Pompey,OENN,Q72259|Q21683233,unique_value,"city in Hampshire, England, United Kingdom",Portsmouth,UNIQUE_VALUE_VIOLATION,REVIEW,"ILI i83409 maps to multiple QIDs: Q21683233, Q72259, Q72259, Q21683233"
i83409,Q72259,a port city in southern England on the English Channel; Britain's major naval base,08899907-n,i83409,Portsmouth|Pompey,OENN,Q72259|Q21683233,unique_value,"city in Hampshire, England, United Kingdom",Portsmouth,UNIQUE_VALUE_VIOLATION,REVIEW,"ILI i83409 maps to multiple QIDs: Q21683233, Q72259, Q72259, Q21683233"
i83409,Q21683233,a port city in southern England on the English Channel; Britain's major naval base,08899907-n,i83409,Portsmouth|Pompey,OENN,Q72259|Q21683233,unique_value,"district of Hampshire, England",City of Portsmouth,UNIQUE_VALUE_VIOLATION,REVIEW,"ILI i83409 maps to multiple QIDs: Q21683233, Q72259, Q72259, Q21683233"
i83416,Q1094226,a city in southern England; administrative center of Hampshire,08901086-n,i83416,Winchester,OENN,Q1094226|Q172157,unique_value,"non-metropolitan district in Hampshire, England, with city status",Winchester,UNIQUE_VALUE_VIOLATION,REVIEW,"ILI i83416 maps to multiple QIDs: Q1094226, Q172157, Q172157, Q1094226"
i83416,Q172157,a city in southern England; administrative center of Hampshire,08901086-n,i83416,Winchester,OENN,Q1094226|Q172157,unique_value,"city and unparished area within the larger City of Winchester, Hampshire, England",Winchester,UNIQUE_VALUE_VIOLATION,REVIEW,"ILI i83416 maps to multiple QIDs: Q1094226, Q172157, Q172157, Q1094226"
i83416,Q172157,a city in southern England; administrative center of Hampshire,08901086-n,i83416,Winchester,OENN,Q1094226|Q172157,unique_value,"city and unparished area within the larger City of Winchester, Hampshire, England",Winchester,UNIQUE_VALUE_VIOLATION,REVIEW,"ILI i83416 maps to multiple QIDs: Q1094226, Q172157, Q172157, Q1094226"
i83416,Q1094226,a city in southern England; administrative center of Hampshire,08901086-n,i83416,Winchester,OENN,Q1094226|Q172157,unique_value,"non-metropolitan district in Hampshire, England, with city status",Winchester,UNIQUE_VALUE_VIOLATION,REVIEW,"ILI i83416 maps to multiple QIDs: Q1094226, Q172157, Q172157, Q1094226"
i83424,Q67442940,a county in southeastern England on the North Sea and the Thames estuary,08902288-n,i83424,Essex,OENN,Q23240|Q67442940,unique_value,historic county of England,Essex,UNIQUE_VALUE_VIOLATION,REVIEW,"ILI i83424 maps to multiple QIDs: Q67442940, Q23240, Q23240, Q67442940"
i83424,Q23240,a county in southeastern England on the North Sea and the Thames estuary,08902288-n,i83424,Essex,OENN,Q23240|Q67442940,unique_value,ceremonial county in England (use Q21272241 for administrative non-metropolitan county),Essex,UNIQUE_VALUE_VIOLATION,REVIEW,"ILI i83424 maps to multiple QIDs: Q67442940, Q23240, Q23240, Q67442940"
i83424,Q23240,a county in southeastern England on the North Sea and the Thames estuary,08902288-n,i83424,Essex,OENN,Q23240|Q67442940,unique_value,ceremonial county in England (use Q21272241 for administrative non-metropolitan county),Essex,UNIQUE_VALUE_VIOLATION,REVIEW,"ILI i83424 maps to multiple QIDs: Q67442940, Q23240, Q23240, Q67442940"
i83424,Q67442940,a county in southeastern England on the North Sea and the Thames estuary,08902288-n,i83424,Essex,OENN,Q23240|Q67442940,unique_value,historic county of England,Essex,UNIQUE_VALUE_VIOLATION,REVIEW,"ILI i83424 maps to multiple QIDs: Q67442940, Q23240, Q23240, Q67442940"
i83459,Q27508141,one of the British Isles in the Irish Sea,08907943-n,i83459,Man|Isle of Man,OENN,Q27508141|Q9676,unique_value,main island of the Isle of Man British Crown Dependency,Isle of Man,UNIQUE_VALUE_VIOLATION,REVIEW,"ILI i83459 maps to multiple QIDs: Q27508141, Q9676, Q9676, Q27508141"
i83459,Q9676,one of the British Isles in the Irish Sea,08907943-n,i83459,Man|Isle of Man,OENN,Q27508141|Q9676,unique_value,historic nation and a self-governing British Crown dependency,Isle of Man,UNIQUE_VALUE_VIOLATION,REVIEW,"ILI i83459 maps to multiple QIDs: Q27508141, Q9676, Q9676, Q27508141"
i83459,Q9676,one of the British Isles in the Irish Sea,08907943-n,i83459,Man|Isle of Man,OENN,Q27508141|Q9676,unique_value,historic nation and a self-governing British Crown dependency,Isle of Man,UNIQUE_VALUE_VIOLATION,REVIEW,"ILI i83459 maps to multiple QIDs: Q27508141, Q9676, Q9676, Q27508141"
i83459,Q27508141,one of the British Isles in the Irish Sea,08907943-n,i83459,Man|Isle of Man,OENN,Q27508141|Q9676,unique_value,main island of the Isle of Man British Crown Dependency,Isle of Man,UNIQUE_VALUE_VIOLATION,REVIEW,"ILI i83459 maps to multiple QIDs: Q27508141, Q9676, Q9676, Q27508141"
i83526,Q1353,a city in north central India,08923207-n,i83526,Delhi|New Delhi,OENN,Q987|Q1353,unique_value,megacity and union territory of India,Delhi,UNIQUE_VALUE_VIOLATION,REVIEW,"ILI i83526 maps to multiple QIDs: Q1353, Q987, Q987, Q1353"
i83526,Q987,a city in north central India,08923207-n,i83526,Delhi|New Delhi,OENN,Q987|Q1353,unique_value,capital city of India,New Delhi,UNIQUE_VALUE_VIOLATION,REVIEW,"ILI i83526 maps to multiple QIDs: Q1353, Q987, Q987, Q1353"
i83526,Q987,a city in north central India,08923207-n,i83526,Delhi|New Delhi,OENN,Q987|Q1353,unique_value,capital city of India,New Delhi,UNIQUE_VALUE_VIOLATION,REVIEW,"ILI i83526 maps to multiple QIDs: Q1353, Q987, Q987, Q1353"
i83526,Q1353,a city in north central India,08923207-n,i83526,Delhi|New Delhi,OENN,Q987|Q1353,unique_value,megacity and union territory of India,Delhi,UNIQUE_VALUE_VIOLATION,REVIEW,"ILI i83526 maps to multiple QIDs: Q1353, Q987, Q987, Q1353"
i83532,Q15340,a city in south central India in Andhra Pradesh,08924237-n,i83532,Hyderabad,OENN,Q15340|Q1361,unique_value,"district of Telangana State, India",Hyderabad district,UNIQUE_VALUE_VIOLATION,REVIEW,"ILI i83532 maps to multiple QIDs: Q15340, Q1361, Q1361, Q15340"
i83532,Q1361,a city in south central India in Andhra Pradesh,08924237-n,i83532,Hyderabad,OENN,Q15340|Q1361,unique_value,"capital of Telangana, India",Hyderabad,UNIQUE_VALUE_VIOLATION,REVIEW,"ILI i83532 maps to multiple QIDs: Q15340, Q1361, Q1361, Q15340"
i83532,Q1361,a city in south central India in Andhra Pradesh,08924237-n,i83532,Hyderabad,OENN,Q15340|Q1361,unique_value,"capital of Telangana, India",Hyderabad,UNIQUE_VALUE_VIOLATION,REVIEW,"ILI i83532 maps to multiple QIDs: Q15340, Q1361, Q1361, Q15340"
i83532,Q15340,a city in south central India in Andhra Pradesh,08924237-n,i83532,Hyderabad,OENN,Q15340|Q1361,unique_value,"district of Telangana State, India",Hyderabad district,UNIQUE_VALUE_VIOLATION,REVIEW,"ILI i83532 maps to multiple QIDs: Q15340, Q1361, Q1361, Q15340"
i83739,Q3018561,a city of east central Netherlands; a popular tourist center and site of the summer residence of the Dutch royal family,08969808-n,i83739,Apeldoorn,OENN,Q3018561|Q101918,unique_value,"city in Gelderland, the Netherlands",Apeldoorn,UNIQUE_VALUE_VIOLATION,REVIEW,"ILI i83739 maps to multiple QIDs: Q3018561, Q101918, Q101918, Q3018561"
i83739,Q101918,a city of east central Netherlands; a popular tourist center and site of the summer residence of the Dutch royal family,08969808-n,i83739,Apeldoorn,OENN,Q3018561|Q101918,unique_value,"municipality in the province of Gelderland, Netherlands",Apeldoorn,UNIQUE_VALUE_VIOLATION,REVIEW,"ILI i83739 maps to multiple QIDs: Q3018561, Q101918, Q101918, Q3018561"
i83739,Q101918,a city of east central Netherlands; a popular tourist center and site of the summer residence of the Dutch royal family,08969808-n,i83739,Apeldoorn,OENN,Q3018561|Q101918,unique_value,"municipality in the province of Gelderland, Netherlands",Apeldoorn,UNIQUE_VALUE_VIOLATION,REVIEW,"ILI i83739 maps to multiple QIDs: Q3018561, Q101918, Q101918, Q3018561"
i83739,Q3018561,a city of east central Netherlands; a popular tourist center and site of the summer residence of the Dutch royal family,08969808-n,i83739,Apeldoorn,OENN,Q3018561|Q101918,unique_value,"city in Gelderland, the Netherlands",Apeldoorn,UNIQUE_VALUE_VIOLATION,REVIEW,"ILI i83739 maps to multiple QIDs: Q3018561, Q101918, Q101918, Q3018561"
i83775,Q62132,a region in northmost Europe inhabited by Lapps,08976985-n,i83775,Lappland|Lapland,OENN,Q5700|Q62132,unique_value,cultural region traditionally inhabited by the Sami people,Sápmi,UNIQUE_VALUE_VIOLATION,REVIEW,"ILI i83775 maps to multiple QIDs: Q62132, Q5700, Q5700, Q62132"
i83775,Q5700,a region in northmost Europe inhabited by Lapps,08976985-n,i83775,Lappland|Lapland,OENN,Q5700|Q62132,unique_value,region of Finland,Lapland,UNIQUE_VALUE_VIOLATION,REVIEW,"ILI i83775 maps to multiple QIDs: Q62132, Q5700, Q5700, Q62132"
i83775,Q5700,a region in northmost Europe inhabited by Lapps,08976985-n,i83775,Lappland|Lapland,OENN,Q5700|Q62132,unique_value,region of Finland,Lapland,UNIQUE_VALUE_VIOLATION,REVIEW,"ILI i83775 maps to multiple QIDs: Q62132, Q5700, Q5700, Q62132"
i83775,Q62132,a region in northmost Europe inhabited by Lapps,08976985-n,i83775,Lappland|Lapland,OENN,Q5700|Q62132,unique_value,cultural region traditionally inhabited by the Sami people,Sápmi,UNIQUE_VALUE_VIOLATION,REVIEW,"ILI i83775 maps to multiple QIDs: Q62132, Q5700, Q5700, Q62132"
i83910,Q3344946,an ancient city in northern Portugal,09008328-n,i83910,Braga,OENN,Q3344946|Q83247,unique_value,city seat of Braga municipality,Braga,UNIQUE_VALUE_VIOLATION,REVIEW,"ILI i83910 maps to multiple QIDs: Q3344946, Q83247, Q83247, Q3344946"
i83910,Q83247,an ancient city in northern Portugal,09008328-n,i83910,Braga,OENN,Q3344946|Q83247,unique_value,municipality in Portugal,Braga,UNIQUE_VALUE_VIOLATION,REVIEW,"ILI i83910 maps to multiple QIDs: Q3344946, Q83247, Q83247, Q3344946"
i83910,Q83247,an ancient city in northern Portugal,09008328-n,i83910,Braga,OENN,Q3344946|Q83247,unique_value,municipality in Portugal,Braga,UNIQUE_VALUE_VIOLATION,REVIEW,"ILI i83910 maps to multiple QIDs: Q3344946, Q83247, Q83247, Q3344946"
i83910,Q3344946,an ancient city in northern Portugal,09008328-n,i83910,Braga,OENN,Q3344946|Q83247,unique_value,city seat of Braga municipality,Braga,UNIQUE_VALUE_VIOLATION,REVIEW,"ILI i83910 maps to multiple QIDs: Q3344946, Q83247, Q83247, Q3344946"
i83933,Q930426,a chain of small islands in French Polynesia,09013071-n,i83933,Tubuai Islands|Austral Islands,OENN,Q514626|Q930426,unique_value,archipelago in French Polynesia,Austral Islands,UNIQUE_VALUE_VIOLATION,REVIEW,"ILI i83933 maps to multiple QIDs: Q930426, Q514626, Q514626, Q930426"
i83933,Q514626,a chain of small islands in French Polynesia,09013071-n,i83933,Tubuai Islands|Austral Islands,OENN,Q514626|Q930426,unique_value,main island of the Tubuai Island group,Tubuai,UNIQUE_VALUE_VIOLATION,REVIEW,"ILI i83933 maps to multiple QIDs: Q930426, Q514626, Q514626, Q930426"
i83933,Q514626,a chain of small islands in French Polynesia,09013071-n,i83933,Tubuai Islands|Austral Islands,OENN,Q514626|Q930426,unique_value,main island of the Tubuai Island group,Tubuai,UNIQUE_VALUE_VIOLATION,REVIEW,"ILI i83933 maps to multiple QIDs: Q930426, Q514626, Q514626, Q930426"
i83933,Q930426,a chain of small islands in French Polynesia,09013071-n,i83933,Tubuai Islands|Austral Islands,OENN,Q514626|Q930426,unique_value,archipelago in French Polynesia,Austral Islands,UNIQUE_VALUE_VIOLATION,REVIEW,"ILI i83933 maps to multiple QIDs: Q930426, Q514626, Q514626, Q930426"
i84064,Q31354462,republic with limited recognition in the Caucasus,09041725-n,i84064,Abkhaz|Abkhazia|Republic of Abkhazia,OENN,Q31354462|Q23334,unique_value,de facto state in the Caucasus,Republic of Abkhazia,UNIQUE_VALUE_VIOLATION,REVIEW,"ILI i84064 maps to multiple QIDs: Q31354462, Q23334, Q23334, Q31354462"
i84064,Q23334,republic with limited recognition in the Caucasus,09041725-n,i84064,Abkhaz|Abkhazia|Republic of Abkhazia,OENN,Q31354462|Q23334,unique_value,"historical-geographic region in the South Caucasus, now a disputed territory",Abkhazia,UNIQUE_VALUE_VIOLATION,REVIEW,"ILI i84064 maps to multiple QIDs: Q31354462, Q23334, Q23334, Q31354462"
i84064,Q23334,republic with limited recognition in the Caucasus,09041725-n,i84064,Abkhaz|Abkhazia|Republic of Abkhazia,OENN,Q31354462|Q23334,unique_value,"historical-geographic region in the South Caucasus, now a disputed territory",Abkhazia,UNIQUE_VALUE_VIOLATION,REVIEW,"ILI i84064 maps to multiple QIDs: Q31354462, Q23334, Q23334, Q31354462"
i84064,Q31354462,republic with limited recognition in the Caucasus,09041725-n,i84064,Abkhaz|Abkhazia|Republic of Abkhazia,OENN,Q31354462|Q23334,unique_value,de facto state in the Caucasus,Republic of Abkhazia,UNIQUE_VALUE_VIOLATION,REVIEW,"ILI i84064 maps to multiple QIDs: Q31354462, Q23334, Q23334, Q31354462"
i84108,Q690347,location of a colony of the United Kingdom on a limestone promontory at the southern tip of Spain; strategically important because it can control the entrance of ships into the Mediterranean; one of the Pillars of Hercules,09051211-n,i84108,Gibraltar|Rock of Gibraltar|Calpe,OENN,Q690347|Q1410,unique_value,monolithic limestone promontory located in the British overseas territory of Gibraltar,Rock of Gibraltar,UNIQUE_VALUE_VIOLATION,REVIEW,"ILI i84108 maps to multiple QIDs: Q690347, Q1410, Q1410, Q690347"
i84108,Q1410,location of a colony of the United Kingdom on a limestone promontory at the southern tip of Spain; strategically important because it can control the entrance of ships into the Mediterranean; one of the Pillars of Hercules,09051211-n,i84108,Gibraltar|Rock of Gibraltar|Calpe,OENN,Q690347|Q1410,unique_value,British overseas territory on the southern end of the Iberian Peninsula,Gibraltar,UNIQUE_VALUE_VIOLATION,REVIEW,"ILI i84108 maps to multiple QIDs: Q690347, Q1410, Q1410, Q690347"
i84108,Q1410,location of a colony of the United Kingdom on a limestone promontory at the southern tip of Spain; strategically important because it can control the entrance of ships into the Mediterranean; one of the Pillars of Hercules,09051211-n,i84108,Gibraltar|Rock of Gibraltar|Calpe,OENN,Q690347|Q1410,unique_value,British overseas territory on the southern end of the Iberian Peninsula,Gibraltar,UNIQUE_VALUE_VIOLATION,REVIEW,"ILI i84108 maps to multiple QIDs: Q690347, Q1410, Q1410, Q690347"
i84108,Q690347,location of a colony of the United Kingdom on a limestone promontory at the southern tip of Spain; strategically important because it can control the entrance of ships into the Mediterranean; one of the Pillars of Hercules,09051211-n,i84108,Gibraltar|Rock of Gibraltar|Calpe,OENN,Q690347|Q1410,unique_value,monolithic limestone promontory located in the British overseas territory of Gibraltar,Rock of Gibraltar,UNIQUE_VALUE_VIOLATION,REVIEW,"ILI i84108 maps to multiple QIDs: Q690347, Q1410, Q1410, Q690347"
i84160,Q524349,a city in southern Turkey on the Seyhan River,09062950-n,i84160,Adana|Seyhan,OENN,Q524349|Q38545,unique_value,"district of Adana, south-central Turkey",Seyhan,UNIQUE_VALUE_VIOLATION,REVIEW,"ILI i84160 maps to multiple QIDs: Q524349, Q38545, Q38545, Q524349"
i84160,Q38545,a city in southern Turkey on the Seyhan River,09062950-n,i84160,Adana|Seyhan,OENN,Q524349|Q38545,unique_value,"central district and city in Adana Province, Turkey",Adana,UNIQUE_VALUE_VIOLATION,REVIEW,"ILI i84160 maps to multiple QIDs: Q524349, Q38545, Q38545, Q524349"
i84160,Q38545,a city in southern Turkey on the Seyhan River,09062950-n,i84160,Adana|Seyhan,OENN,Q524349|Q38545,unique_value,"central district and city in Adana Province, Turkey",Adana,UNIQUE_VALUE_VIOLATION,REVIEW,"ILI i84160 maps to multiple QIDs: Q524349, Q38545, Q38545, Q524349"
i84160,Q524349,a city in southern Turkey on the Seyhan River,09062950-n,i84160,Adana|Seyhan,OENN,Q524349|Q38545,unique_value,"district of Adana, south-central Turkey",Seyhan,UNIQUE_VALUE_VIOLATION,REVIEW,"ILI i84160 maps to multiple QIDs: Q524349, Q38545, Q38545, Q524349"
i84425,Q2079909,"one of the British colonies that formed the United States, with capital Salem, Charlestown or Boston",09118198-n,i84425,Massachusetts|Massachusetts Bay Colony,OENN,Q2079909|Q1191350,unique_value,"former colony in North America, part of Great Britain",Province of Massachusetts Bay,UNIQUE_VALUE_VIOLATION,REVIEW,"ILI i84425 maps to multiple QIDs: Q2079909, Q1191350, Q1191350, Q2079909"
i84425,Q1191350,"one of the British colonies that formed the United States, with capital Salem, Charlestown or Boston",09118198-n,i84425,Massachusetts|Massachusetts Bay Colony,OENN,Q2079909|Q1191350,unique_value,English possession in North America between 1628 and 1684,Massachusetts Bay Colony,UNIQUE_VALUE_VIOLATION,REVIEW,"ILI i84425 maps to multiple QIDs: Q2079909, Q1191350, Q1191350, Q2079909"
i84425,Q1191350,"one of the British colonies that formed the United States, with capital Salem, Charlestown or Boston",09118198-n,i84425,Massachusetts|Massachusetts Bay Colony,OENN,Q2079909|Q1191350,unique_value,English possession in North America between 1628 and 1684,Massachusetts Bay Colony,UNIQUE_VALUE_VIOLATION,REVIEW,"ILI i84425 maps to multiple QIDs: Q2079909, Q1191350, Q1191350, Q2079909"
i84425,Q2079909,"one of the British colonies that formed the United States, with capital Salem, Charlestown or Boston",09118198-n,i84425,Massachusetts|Massachusetts Bay Colony,OENN,Q2079909|Q1191350,unique_value,"former colony in North America, part of Great Britain",Province of Massachusetts Bay,UNIQUE_VALUE_VIOLATION,REVIEW,"ILI i84425 maps to multiple QIDs: Q2079909, Q1191350, Q1191350, Q2079909"
i85098,Q882739,a headstream of the Nile; joins the White Nile at Khartoum to form the Nile,09247100-n,i85098,Blue Nile,OENN,Q753897|Q882739,unique_value,river originating at Lake Tana in Ethiopia that is a tributary of the Nile River,Blue Nile,UNIQUE_VALUE_VIOLATION,REVIEW,"ILI i85098 maps to multiple QIDs: Q882739, Q753897, Q753897, Q882739"
i85098,Q753897,a headstream of the Nile; joins the White Nile at Khartoum to form the Nile,09247100-n,i85098,Blue Nile,OENN,Q753897|Q882739,unique_value,river in Africa,Atbarah River,UNIQUE_VALUE_VIOLATION,REVIEW,"ILI i85098 maps to multiple QIDs: Q882739, Q753897, Q753897, Q882739"
i85098,Q753897,a headstream of the Nile; joins the White Nile at Khartoum to form the Nile,09247100-n,i85098,Blue Nile,OENN,Q753897|Q882739,unique_value,river in Africa,Atbarah River,UNIQUE_VALUE_VIOLATION,REVIEW,"ILI i85098 maps to multiple QIDs: Q882739, Q753897, Q753897, Q882739"
i85098,Q882739,a headstream of the Nile; joins the White Nile at Khartoum to form the Nile,09247100-n,i85098,Blue Nile,OENN,Q753897|Q882739,unique_value,river originating at Lake Tana in Ethiopia that is a tributary of the Nile River,Blue Nile,UNIQUE_VALUE_VIOLATION,REVIEW,"ILI i85098 maps to multiple QIDs: Q882739, Q753897, Q753897, Q882739"
i85291,Q1143699,the southwestern part of the Appalachians,09284510-n,i85291,Cumberland Mountains|Cumberland Plateau,OENN,Q1143656|Q1143699,unique_value,subrange of the Appalachian Mountains in the United States,Cumberland Mountains,UNIQUE_VALUE_VIOLATION,REVIEW,"ILI i85291 maps to multiple QIDs: Q1143699, Q1143656, Q1143656, Q1143699"
i85291,Q1143656,the southwestern part of the Appalachians,09284510-n,i85291,Cumberland Mountains|Cumberland Plateau,OENN,Q1143656|Q1143699,unique_value,plateau in the United States,Cumberland Plateau,UNIQUE_VALUE_VIOLATION,REVIEW,"ILI i85291 maps to multiple QIDs: Q1143699, Q1143656, Q1143656, Q1143699"
i85291,Q1143656,the southwestern part of the Appalachians,09284510-n,i85291,Cumberland Mountains|Cumberland Plateau,OENN,Q1143656|Q1143699,unique_value,plateau in the United States,Cumberland Plateau,UNIQUE_VALUE_VIOLATION,REVIEW,"ILI i85291 maps to multiple QIDs: Q1143699, Q1143656, Q1143656, Q1143699"
i85291,Q1143699,the southwestern part of the Appalachians,09284510-n,i85291,Cumberland Mountains|Cumberland Plateau,OENN,Q1143656|Q1143699,unique_value,subrange of the Appalachian Mountains in the United States,Cumberland Mountains,UNIQUE_VALUE_VIOLATION,REVIEW,"ILI i85291 maps to multiple QIDs: Q1143699, Q1143656, Q1143656, Q1143699"
i86463,Q115537581,a creature of the imagination; a person that exists only in legends or myths or fiction,09506868-n,i86463,imaginary being|imaginary creature,OEWN,Q3071701,unique_value,"character known only from narrations (fictional or in a factual manner) without a proof of existence; includes fictional, mythical, legendary or religious characters and similar",imaginary character,UNIQUE_VALUE_VIOLATION,REVIEW,"ILI i86463 maps to multiple QIDs: Q115537581, Q3071701, Q3071701, Q115537581"
i86463,Q3071701,a creature of the imagination; a person that exists only in legends or myths or fiction,09506868-n,i86463,imaginary being|imaginary creature,OEWN,Q3071701,unique_value,a common charge in heraldry,imaginary creature,UNIQUE_VALUE_VIOLATION,REVIEW,"ILI i86463 maps to multiple QIDs: Q115537581, Q3071701, Q3071701, Q115537581"
i86463,Q3071701,a creature of the imagination; a person that exists only in legends or myths or fiction,09506868-n,i86463,imaginary being|imaginary creature,OEWN,Q3071701,unique_value,a common charge in heraldry,imaginary creature,UNIQUE_VALUE_VIOLATION,REVIEW,"ILI i86463 maps to multiple QIDs: Q115537581, Q3071701, Q3071701, Q115537581"
i86463,Q115537581,a creature of the imagination; a person that exists only in legends or myths or fiction,09506868-n,i86463,imaginary being|imaginary creature,OEWN,Q3071701,unique_value,"character known only from narrations (fictional or in a factual manner) without a proof of existence; includes fictional, mythical, legendary or religious characters and similar",imaginary character,UNIQUE_VALUE_VIOLATION,REVIEW,"ILI i86463 maps to multiple QIDs: Q115537581, Q3071701, Q3071701, Q115537581"
i86645,Q1265256,the Babylonian goddess of healing and consort of Ninurta,09541586-n,i86645,Nintinugga|Gula,OENN,Q1265256|Q1028642,unique_value,Mesopotamian goddess from Nippur,Nintinugga,UNIQUE_VALUE_VIOLATION,REVIEW,"ILI i86645 maps to multiple QIDs: Q1265256, Q1028642, Q1028642, Q1265256"
i86645,Q1028642,the Babylonian goddess of healing and consort of Ninurta,09541586-n,i86645,Nintinugga|Gula,OENN,Q1265256|Q1028642,unique_value,mesopotaian deity,Gula,UNIQUE_VALUE_VIOLATION,REVIEW,"ILI i86645 maps to multiple QIDs: Q1265256, Q1028642, Q1028642, Q1265256"
i86645,Q1028642,the Babylonian goddess of healing and consort of Ninurta,09541586-n,i86645,Nintinugga|Gula,OENN,Q1265256|Q1028642,unique_value,mesopotaian deity,Gula,UNIQUE_VALUE_VIOLATION,REVIEW,"ILI i86645 maps to multiple QIDs: Q1265256, Q1028642, Q1028642, Q1265256"
i86645,Q1265256,the Babylonian goddess of healing and consort of Ninurta,09541586-n,i86645,Nintinugga|Gula,OENN,Q1265256|Q1028642,unique_value,Mesopotamian goddess from Nippur,Nintinugga,UNIQUE_VALUE_VIOLATION,REVIEW,"ILI i86645 maps to multiple QIDs: Q1265256, Q1028642, Q1028642, Q1265256"
i86740,Q12614595,ancient Persian god of light and truth; sun god,09554958-n,i86740,Mithras|Mithra,OENN,Q6497135|Q12614595,unique_value,"Zoroastrian divinity of Contracts and Oaths, a form of Mitra and also worshipped in the Roman Empire as a mystery god of masculinity and the sun",Mithra,UNIQUE_VALUE_VIOLATION,REVIEW,"ILI i86740 maps to multiple QIDs: Q12614595, Q6497135, Q6497135, Q12614595"
i86740,Q6497135,ancient Persian god of light and truth; sun god,09554958-n,i86740,Mithras|Mithra,OENN,Q6497135|Q12614595,unique_value,"Indo-Iranian divinity, later worshipped as the Zoroastrian Mithra and the Roman mystery god Mithras",Mitra,UNIQUE_VALUE_VIOLATION,REVIEW,"ILI i86740 maps to multiple QIDs: Q12614595, Q6497135, Q6497135, Q12614595"
i86740,Q6497135,ancient Persian god of light and truth; sun god,09554958-n,i86740,Mithras|Mithra,OENN,Q6497135|Q12614595,unique_value,"Indo-Iranian divinity, later worshipped as the Zoroastrian Mithra and the Roman mystery god Mithras",Mitra,UNIQUE_VALUE_VIOLATION,REVIEW,"ILI i86740 maps to multiple QIDs: Q12614595, Q6497135, Q6497135, Q12614595"
i86740,Q12614595,ancient Persian god of light and truth; sun god,09554958-n,i86740,Mithras|Mithra,OENN,Q6497135|Q12614595,unique_value,"Zoroastrian divinity of Contracts and Oaths, a form of Mitra and also worshipped in the Roman Empire as a mystery god of masculinity and the sun",Mithra,UNIQUE_VALUE_VIOLATION,REVIEW,"ILI i86740 maps to multiple QIDs: Q12614595, Q6497135, Q6497135, Q12614595"
i86782,Q3678579,a name for the God of the Old Testament as transliterated from the Hebrew consonants YHVH,09561429-n,i86782,Yahweh|YHWH|Yahwe|Yahveh|YHVH|Yahve|Wahvey|Jahvey|Jahweh|Jehovah|JHVH,OENN,Q105173|Q3678579,unique_value,Latinate transliteration of יהוה (YHWH) with the vowel points of Adonai,Jehovah,UNIQUE_VALUE_VIOLATION,REVIEW,"ILI i86782 maps to multiple QIDs: Q3678579, Q105173, Q105173, Q3678579"
i86782,Q105173,a name for the God of the Old Testament as transliterated from the Hebrew consonants YHVH,09561429-n,i86782,Yahweh|YHWH|Yahwe|Yahveh|YHVH|Yahve|Wahvey|Jahvey|Jahweh|Jehovah|JHVH,OENN,Q105173|Q3678579,unique_value,"Biblic and Talmudic four-letter written name referring to the Eternal, the God of Israel",Tetragrammaton,UNIQUE_VALUE_VIOLATION,REVIEW,"ILI i86782 maps to multiple QIDs: Q3678579, Q105173, Q105173, Q3678579"
i86782,Q105173,a name for the God of the Old Testament as transliterated from the Hebrew consonants YHVH,09561429-n,i86782,Yahweh|YHWH|Yahwe|Yahveh|YHVH|Yahve|Wahvey|Jahvey|Jahweh|Jehovah|JHVH,OENN,Q105173|Q3678579,unique_value,"Biblic and Talmudic four-letter written name referring to the Eternal, the God of Israel",Tetragrammaton,UNIQUE_VALUE_VIOLATION,REVIEW,"ILI i86782 maps to multiple QIDs: Q3678579, Q105173, Q105173, Q3678579"
i86782,Q3678579,a name for the God of the Old Testament as transliterated from the Hebrew consonants YHVH,09561429-n,i86782,Yahweh|YHWH|Yahwe|Yahveh|YHVH|Yahve|Wahvey|Jahvey|Jahweh|Jehovah|JHVH,OENN,Q105173|Q3678579,unique_value,Latinate transliteration of יהוה (YHWH) with the vowel points of Adonai,Jehovah,UNIQUE_VALUE_VIOLATION,REVIEW,"ILI i86782 maps to multiple QIDs: Q3678579, Q105173, Q105173, Q3678579"
i86844,Q9161674,(Greek mythology) group of 3 to 7 nymphs who guarded the golden apples that Gaea gave as a wedding gift to Hera,09572345-n,i86844,Hesperides|Atlantides,OEWN,Q9161674|Q165938,unique_value,collective name of the seven daughters of Atlas,Atlantides,UNIQUE_VALUE_VIOLATION,REVIEW,"ILI i86844 maps to multiple QIDs: Q9161674, Q165938, Q165938, Q9161674"
i86844,Q165938,(Greek mythology) group of 3 to 7 nymphs who guarded the golden apples that Gaea gave as a wedding gift to Hera,09572345-n,i86844,Hesperides|Atlantides,OEWN,Q9161674|Q165938,unique_value,nymphs in Greek mythology,Hesperides,UNIQUE_VALUE_VIOLATION,REVIEW,"ILI i86844 maps to multiple QIDs: Q9161674, Q165938, Q165938, Q9161674"
i86844,Q165938,(Greek mythology) group of 3 to 7 nymphs who guarded the golden apples that Gaea gave as a wedding gift to Hera,09572345-n,i86844,Hesperides|Atlantides,OEWN,Q9161674|Q165938,unique_value,nymphs in Greek mythology,Hesperides,UNIQUE_VALUE_VIOLATION,REVIEW,"ILI i86844 maps to multiple QIDs: Q9161674, Q165938, Q165938, Q9161674"
i86844,Q9161674,(Greek mythology) group of 3 to 7 nymphs who guarded the golden apples that Gaea gave as a wedding gift to Hera,09572345-n,i86844,Hesperides|Atlantides,OEWN,Q9161674|Q165938,unique_value,collective name of the seven daughters of Atlas,Atlantides,UNIQUE_VALUE_VIOLATION,REVIEW,"ILI i86844 maps to multiple QIDs: Q9161674, Q165938, Q165938, Q9161674"
i86953,Q1146978,(Greek mythology) daughter of Zeus and Demeter; made queen of the underworld by Pluto in ancient mythology; identified with Roman Proserpina,09592596-n,i86953,Persephone|Despoina|Kore|Cora,OENN,Q45967|Q1146978,unique_value,Greek goddess of Arcadian mystery cults,Despoina,UNIQUE_VALUE_VIOLATION,REVIEW,"ILI i86953 maps to multiple QIDs: Q1146978, Q45967, Q45967, Q1146978"
i86953,Q45967,(Greek mythology) daughter of Zeus and Demeter; made queen of the underworld by Pluto in ancient mythology; identified with Roman Proserpina,09592596-n,i86953,Persephone|Despoina|Kore|Cora,OENN,Q45967|Q1146978,unique_value,Greek goddess of the seasons and the queen of the underworld; married with Hades,Persephone,UNIQUE_VALUE_VIOLATION,REVIEW,"ILI i86953 maps to multiple QIDs: Q1146978, Q45967, Q45967, Q1146978"
i86953,Q45967,(Greek mythology) daughter of Zeus and Demeter; made queen of the underworld by Pluto in ancient mythology; identified with Roman Proserpina,09592596-n,i86953,Persephone|Despoina|Kore|Cora,OENN,Q45967|Q1146978,unique_value,Greek goddess of the seasons and the queen of the underworld; married with Hades,Persephone,UNIQUE_VALUE_VIOLATION,REVIEW,"ILI i86953 maps to multiple QIDs: Q1146978, Q45967, Q45967, Q1146978"
i86953,Q1146978,(Greek mythology) daughter of Zeus and Demeter; made queen of the underworld by Pluto in ancient mythology; identified with Roman Proserpina,09592596-n,i86953,Persephone|Despoina|Kore|Cora,OENN,Q45967|Q1146978,unique_value,Greek goddess of Arcadian mystery cults,Despoina,UNIQUE_VALUE_VIOLATION,REVIEW,"ILI i86953 maps to multiple QIDs: Q1146978, Q45967, Q45967, Q1146978"
i88008,Q213159,the superior of an abbey of monks,09773735-n,i88008,abbot|archimandrite,OEWN,Q213159|Q103163,unique_value,title,archimandrite,UNIQUE_VALUE_VIOLATION,REVIEW,"ILI i88008 maps to multiple QIDs: Q213159, Q103163, Q103163, Q213159"
i88008,Q103163,the superior of an abbey of monks,09773735-n,i88008,abbot|archimandrite,OEWN,Q213159|Q103163,unique_value,"religious title, superior of a community of monks, often an abbey",abbot,UNIQUE_VALUE_VIOLATION,REVIEW,"ILI i88008 maps to multiple QIDs: Q213159, Q103163, Q103163, Q213159"
i88008,Q103163,the superior of an abbey of monks,09773735-n,i88008,abbot|archimandrite,OEWN,Q213159|Q103163,unique_value,"religious title, superior of a community of monks, often an abbey",abbot,UNIQUE_VALUE_VIOLATION,REVIEW,"ILI i88008 maps to multiple QIDs: Q213159, Q103163, Q103163, Q213159"
i88008,Q213159,the superior of an abbey of monks,09773735-n,i88008,abbot|archimandrite,OEWN,Q213159|Q103163,unique_value,title,archimandrite,UNIQUE_VALUE_VIOLATION,REVIEW,"ILI i88008 maps to multiple QIDs: Q213159, Q103163, Q103163, Q213159"
i88051,Q673633,someone who maintains and audits business accounts,09780826-n,i88051,accountant|comptroller|controller,OEWN,Q673633|Q326653,unique_value,financial occupation,comptroller,UNIQUE_VALUE_VIOLATION,REVIEW,"ILI i88051 maps to multiple QIDs: Q673633, Q326653, Q326653, Q673633"
i88051,Q326653,someone who maintains and audits business accounts,09780826-n,i88051,accountant|comptroller|controller,OEWN,Q673633|Q326653,unique_value,practitioner of accounting or accountancy,accountant,UNIQUE_VALUE_VIOLATION,REVIEW,"ILI i88051 maps to multiple QIDs: Q673633, Q326653, Q326653, Q673633"
i88051,Q326653,someone who maintains and audits business accounts,09780826-n,i88051,accountant|comptroller|controller,OEWN,Q673633|Q326653,unique_value,practitioner of accounting or accountancy,accountant,UNIQUE_VALUE_VIOLATION,REVIEW,"ILI i88051 maps to multiple QIDs: Q673633, Q326653, Q326653, Q673633"
i88051,Q673633,someone who maintains and audits business accounts,09780826-n,i88051,accountant|comptroller|controller,OEWN,Q673633|Q326653,unique_value,financial occupation,comptroller,UNIQUE_VALUE_VIOLATION,REVIEW,"ILI i88051 maps to multiple QIDs: Q673633, Q326653, Q326653, Q673633"
i88284,Q725440,a senior clergyman and dignitary,09826498-n,i88284,archpriest|hierarch|high priest|prelate|primate,OEWN,Q1190552|Q326330|Q725440,unique_value,high-ranking member of the clergy,prelate,UNIQUE_VALUE_VIOLATION,REVIEW,"ILI i88284 maps to multiple QIDs: Q725440, Q326330, Q1190552, Q326330, Q326330, Q725440, Q1190552, Q725440, Q326330, Q1190552, Q725440, Q1190552"
i88284,Q326330,a senior clergyman and dignitary,09826498-n,i88284,archpriest|hierarch|high priest|prelate|primate,OEWN,Q1190552|Q326330|Q725440,unique_value,high-ranking bishop in certain Christian churches,primate,UNIQUE_VALUE_VIOLATION,REVIEW,"ILI i88284 maps to multiple QIDs: Q725440, Q326330, Q1190552, Q326330, Q326330, Q725440, Q1190552, Q725440, Q326330, Q1190552, Q725440, Q1190552"
i88284,Q1190552,a senior clergyman and dignitary,09826498-n,i88284,archpriest|hierarch|high priest|prelate|primate,OEWN,Q1190552|Q326330|Q725440,unique_value,priests with supervisory duties over a number of parishes,archpriest,UNIQUE_VALUE_VIOLATION,REVIEW,"ILI i88284 maps to multiple QIDs: Q725440, Q326330, Q1190552, Q326330, Q326330, Q725440, Q1190552, Q725440, Q326330, Q1190552, Q725440, Q1190552"
i88284,Q326330,a senior clergyman and dignitary,09826498-n,i88284,archpriest|hierarch|high priest|prelate|primate,OEWN,Q1190552|Q326330|Q725440,unique_value,high-ranking bishop in certain Christian churches,primate,UNIQUE_VALUE_VIOLATION,REVIEW,"ILI i88284 maps to multiple QIDs: Q725440, Q326330, Q1190552, Q326330, Q326330, Q725440, Q1190552, Q725440, Q326330, Q1190552, Q725440, Q1190552"
i88284,Q326330,a senior clergyman and dignitary,09826498-n,i88284,archpriest|hierarch|high priest|prelate|primate,OEWN,Q1190552|Q326330|Q725440,unique_value,high-ranking bishop in certain Christian churches,primate,UNIQUE_VALUE_VIOLATION,REVIEW,"ILI i88284 maps to multiple QIDs: Q725440, Q326330, Q1190552, Q326330, Q326330, Q725440, Q1190552, Q725440, Q326330, Q1190552, Q725440, Q1190552"
i88284,Q725440,a senior clergyman and dignitary,09826498-n,i88284,archpriest|hierarch|high priest|prelate|primate,OEWN,Q1190552|Q326330|Q725440,unique_value,high-ranking member of the clergy,prelate,UNIQUE_VALUE_VIOLATION,REVIEW,"ILI i88284 maps to multiple QIDs: Q725440, Q326330, Q1190552, Q326330, Q326330, Q725440, Q1190552, Q725440, Q326330, Q1190552, Q725440, Q1190552"
i88284,Q1190552,a senior clergyman and dignitary,09826498-n,i88284,archpriest|hierarch|high priest|prelate|primate,OEWN,Q1190552|Q326330|Q725440,unique_value,priests with supervisory duties over a number of parishes,archpriest,UNIQUE_VALUE_VIOLATION,REVIEW,"ILI i88284 maps to multiple QIDs: Q725440, Q326330, Q1190552, Q326330, Q326330, Q725440, Q1190552, Q725440, Q326330, Q1190552, Q725440, Q1190552"
i88284,Q725440,a senior clergyman and dignitary,09826498-n,i88284,archpriest|hierarch|high priest|prelate|primate,OEWN,Q1190552|Q326330|Q725440,unique_value,high-ranking member of the clergy,prelate,UNIQUE_VALUE_VIOLATION,REVIEW,"ILI i88284 maps to multiple QIDs: Q725440, Q326330, Q1190552, Q326330, Q326330, Q725440, Q1190552, Q725440, Q326330, Q1190552, Q725440, Q1190552"
i88284,Q326330,a senior clergyman and dignitary,09826498-n,i88284,archpriest|hierarch|high priest|prelate|primate,OEWN,Q1190552|Q326330|Q725440,unique_value,high-ranking bishop in certain Christian churches,primate,UNIQUE_VALUE_VIOLATION,REVIEW,"ILI i88284 maps to multiple QIDs: Q725440, Q326330, Q1190552, Q326330, Q326330, Q725440, Q1190552, Q725440, Q326330, Q1190552, Q725440, Q1190552"
i88284,Q1190552,a senior clergyman and dignitary,09826498-n,i88284,archpriest|hierarch|high priest|prelate|primate,OEWN,Q1190552|Q326330|Q725440,unique_value,priests with supervisory duties over a number of parishes,archpriest,UNIQUE_VALUE_VIOLATION,REVIEW,"ILI i88284 maps to multiple QIDs: Q725440, Q326330, Q1190552, Q326330, Q326330, Q725440, Q1190552, Q725440, Q326330, Q1190552, Q725440, Q1190552"
i88284,Q725440,a senior clergyman and dignitary,09826498-n,i88284,archpriest|hierarch|high priest|prelate|primate,OEWN,Q1190552|Q326330|Q725440,unique_value,high-ranking member of the clergy,prelate,UNIQUE_VALUE_VIOLATION,REVIEW,"ILI i88284 maps to multiple QIDs: Q725440, Q326330, Q1190552, Q326330, Q326330, Q725440, Q1190552, Q725440, Q326330, Q1190552, Q725440, Q1190552"
i88284,Q1190552,a senior clergyman and dignitary,09826498-n,i88284,archpriest|hierarch|high priest|prelate|primate,OEWN,Q1190552|Q326330|Q725440,unique_value,priests with supervisory duties over a number of parishes,archpriest,UNIQUE_VALUE_VIOLATION,REVIEW,"ILI i88284 maps to multiple QIDs: Q725440, Q326330, Q1190552, Q326330, Q326330, Q725440, Q1190552, Q725440, Q326330, Q1190552, Q725440, Q1190552"
i92286,Q5482740,a person who designs and writes and tests computer programs,10500853-n,i92286,programmer|computer programmer|coder|software engineer,OEWN,Q1709010|Q5482740,unique_value,person who writes computer software (subclass of software developer),programmer,UNIQUE_VALUE_VIOLATION,REVIEW,"ILI i92286 maps to multiple QIDs: Q5482740, Q1709010, Q1709010, Q5482740"
i92286,Q1709010,a person who designs and writes and tests computer programs,10500853-n,i92286,programmer|computer programmer|coder|software engineer,OEWN,Q1709010|Q5482740,unique_value,practitioner of software engineering,software engineer,UNIQUE_VALUE_VIOLATION,REVIEW,"ILI i92286 maps to multiple QIDs: Q5482740, Q1709010, Q1709010, Q5482740"
i92286,Q1709010,a person who designs and writes and tests computer programs,10500853-n,i92286,programmer|computer programmer|coder|software engineer,OEWN,Q1709010|Q5482740,unique_value,practitioner of software engineering,software engineer,UNIQUE_VALUE_VIOLATION,REVIEW,"ILI i92286 maps to multiple QIDs: Q5482740, Q1709010, Q1709010, Q5482740"
i92286,Q5482740,a person who designs and writes and tests computer programs,10500853-n,i92286,programmer|computer programmer|coder|software engineer,OEWN,Q1709010|Q5482740,unique_value,person who writes computer software (subclass of software developer),programmer,UNIQUE_VALUE_VIOLATION,REVIEW,"ILI i92286 maps to multiple QIDs: Q5482740, Q1709010, Q1709010, Q5482740"
i92462,Q16148831,a person who is authorized to act as an agent for the sale of land,10529403-n,i92462,real estate broker|real estate agent|estate agent|land agent|house agent,OEWN,Q519076|Q16148831,unique_value,person or business that specialises in the selling or letting of property,estate agent,UNIQUE_VALUE_VIOLATION,REVIEW,"ILI i92462 maps to multiple QIDs: Q16148831, Q519076, Q519076, Q16148831"
i92462,Q519076,a person who is authorized to act as an agent for the sale of land,10529403-n,i92462,real estate broker|real estate agent|estate agent|land agent|house agent,OEWN,Q519076|Q16148831,unique_value,person who acts as an intermediary between sellers and buyers of real estate/real property for a commission,real estate agent,UNIQUE_VALUE_VIOLATION,REVIEW,"ILI i92462 maps to multiple QIDs: Q16148831, Q519076, Q519076, Q16148831"
i92462,Q519076,a person who is authorized to act as an agent for the sale of land,10529403-n,i92462,real estate broker|real estate agent|estate agent|land agent|house agent,OEWN,Q519076|Q16148831,unique_value,person who acts as an intermediary between sellers and buyers of real estate/real property for a commission,real estate agent,UNIQUE_VALUE_VIOLATION,REVIEW,"ILI i92462 maps to multiple QIDs: Q16148831, Q519076, Q519076, Q16148831"
i92462,Q16148831,a person who is authorized to act as an agent for the sale of land,10529403-n,i92462,real estate broker|real estate agent|estate agent|land agent|house agent,OEWN,Q519076|Q16148831,unique_value,person or business that specialises in the selling or letting of property,estate agent,UNIQUE_VALUE_VIOLATION,REVIEW,"ILI i92462 maps to multiple QIDs: Q16148831, Q519076, Q519076, Q16148831"
i92706,Q1580236,the legendary patron saint of children; an imaginary being who is thought to bring presents to children at Christmas,10570230-n,i92706,Santa Claus|Santa|Kriss Kringle|Father Christmas|Saint Nicholas|Saint Nick|St. Nick,OENN,Q315796|Q1580236,unique_value,Folkloric personification of Christmas in several English‐speaking parts of the world,Father Christmas,UNIQUE_VALUE_VIOLATION,REVIEW,"ILI i92706 maps to multiple QIDs: Q1580236, Q315796, Q315796, Q1580236"
i92706,Q315796,the legendary patron saint of children; an imaginary being who is thought to bring presents to children at Christmas,10570230-n,i92706,Santa Claus|Santa|Kriss Kringle|Father Christmas|Saint Nicholas|Saint Nick|St. Nick,OENN,Q315796|Q1580236,unique_value,legendary figure said to deliver gifts to people on Christmas Eve,Santa Claus,UNIQUE_VALUE_VIOLATION,REVIEW,"ILI i92706 maps to multiple QIDs: Q1580236, Q315796, Q315796, Q1580236"
i92706,Q315796,the legendary patron saint of children; an imaginary being who is thought to bring presents to children at Christmas,10570230-n,i92706,Santa Claus|Santa|Kriss Kringle|Father Christmas|Saint Nicholas|Saint Nick|St. Nick,OENN,Q315796|Q1580236,unique_value,legendary figure said to deliver gifts to people on Christmas Eve,Santa Claus,UNIQUE_VALUE_VIOLATION,REVIEW,"ILI i92706 maps to multiple QIDs: Q1580236, Q315796, Q315796, Q1580236"
i92706,Q1580236,the legendary patron saint of children; an imaginary being who is thought to bring presents to children at Christmas,10570230-n,i92706,Santa Claus|Santa|Kriss Kringle|Father Christmas|Saint Nicholas|Saint Nick|St. Nick,OENN,Q315796|Q1580236,unique_value,Folkloric personification of Christmas in several English‐speaking parts of the world,Father Christmas,UNIQUE_VALUE_VIOLATION,REVIEW,"ILI i92706 maps to multiple QIDs: Q1580236, Q315796, Q315796, Q1580236"
i93866,Q2893189,someone who lends money at excessive rates of interest,10762041-n,i93866,usurer|loan shark|moneylender|shylock,OEWN,Q2893189|Q1975715,unique_value,"person or group who offers loans, often at high rates of interest",moneylender,UNIQUE_VALUE_VIOLATION,REVIEW,"ILI i93866 maps to multiple QIDs: Q2893189, Q1975715, Q1975715, Q2893189"
i93866,Q1975715,someone who lends money at excessive rates of interest,10762041-n,i93866,usurer|loan shark|moneylender|shylock,OEWN,Q2893189|Q1975715,unique_value,"person who offered loans with extremely high interest rates, often with strict terms of collection",loan shark,UNIQUE_VALUE_VIOLATION,REVIEW,"ILI i93866 maps to multiple QIDs: Q2893189, Q1975715, Q1975715, Q2893189"
i93866,Q1975715,someone who lends money at excessive rates of interest,10762041-n,i93866,usurer|loan shark|moneylender|shylock,OEWN,Q2893189|Q1975715,unique_value,"person who offered loans with extremely high interest rates, often with strict terms of collection",loan shark,UNIQUE_VALUE_VIOLATION,REVIEW,"ILI i93866 maps to multiple QIDs: Q2893189, Q1975715, Q1975715, Q2893189"
i93866,Q2893189,someone who lends money at excessive rates of interest,10762041-n,i93866,usurer|loan shark|moneylender|shylock,OEWN,Q2893189|Q1975715,unique_value,"person or group who offers loans, often at high rates of interest",moneylender,UNIQUE_VALUE_VIOLATION,REVIEW,"ILI i93866 maps to multiple QIDs: Q2893189, Q1975715, Q1975715, Q2893189"
i94235,Q1423009,the Zoroastrian god of time,10826216-n,i94235,Zurvan,OENN,Q1423009,unique_value,extinct branch of Zoroastrianism,Zurvanism,UNIQUE_VALUE_VIOLATION,REVIEW,"ILI i94235 maps to multiple QIDs: Q1423009, Q230478, Q230478, Q1423009"
i94235,Q230478,the Zoroastrian god of time,10826216-n,i94235,Zurvan,OENN,Q1423009,unique_value,,Zurvan,UNIQUE_VALUE_VIOLATION,REVIEW,"ILI i94235 maps to multiple QIDs: Q1423009, Q230478, Q230478, Q1423009"
i94235,Q230478,the Zoroastrian god of time,10826216-n,i94235,Zurvan,OENN,Q1423009,unique_value,,Zurvan,UNIQUE_VALUE_VIOLATION,REVIEW,"ILI i94235 maps to multiple QIDs: Q1423009, Q230478, Q230478, Q1423009"
i94235,Q1423009,the Zoroastrian god of time,10826216-n,i94235,Zurvan,OENN,Q1423009,unique_value,extinct branch of Zoroastrianism,Zurvanism,UNIQUE_VALUE_VIOLATION,REVIEW,"ILI i94235 maps to multiple QIDs: Q1423009, Q230478, Q230478, Q1423009"
i97996,Q55451,the difference in electrical charge between two points in a circuit expressed in volts,11514227-n,i97996,electric potential|potential|potential difference|potential drop|voltage,OEWN,Q55451|Q25428,unique_value,line integral of the electric field,electric potential,UNIQUE_VALUE_VIOLATION,REVIEW,"ILI i97996 maps to multiple QIDs: Q55451, Q25428, Q25428, Q55451"
i97996,Q25428,the difference in electrical charge between two points in a circuit expressed in volts,11514227-n,i97996,electric potential|potential|potential difference|potential drop|voltage,OEWN,Q55451|Q25428,unique_value,line integral of the electric field strength,voltage,UNIQUE_VALUE_VIOLATION,REVIEW,"ILI i97996 maps to multiple QIDs: Q55451, Q25428, Q25428, Q55451"
i97996,Q25428,the difference in electrical charge between two points in a circuit expressed in volts,11514227-n,i97996,electric potential|potential|potential difference|potential drop|voltage,OEWN,Q55451|Q25428,unique_value,line integral of the electric field strength,voltage,UNIQUE_VALUE_VIOLATION,REVIEW,"ILI i97996 maps to multiple QIDs: Q55451, Q25428, Q25428, Q55451"
i97996,Q55451,the difference in electrical charge between two points in a circuit expressed in volts,11514227-n,i97996,electric potential|potential|potential difference|potential drop|voltage,OEWN,Q55451|Q25428,unique_value,line integral of the electric field,electric potential,UNIQUE_VALUE_VIOLATION,REVIEW,"ILI i97996 maps to multiple QIDs: Q55451, Q25428, Q25428, Q55451"
i98092,Q488071,electrical conduction through a gas in an applied electric field,11531956-n,i98092,discharge|spark|arc|electric arc|electric discharge,OEWN,Q488071|Q207456,unique_value,"flow of electric charge through a gas, liquid or solid",electric discharge,UNIQUE_VALUE_VIOLATION,REVIEW,"ILI i98092 maps to multiple QIDs: Q488071, Q207456, Q207456, Q488071"
i98092,Q207456,electrical conduction through a gas in an applied electric field,11531956-n,i98092,discharge|spark|arc|electric arc|electric discharge,OEWN,Q488071|Q207456,unique_value,electrical breakdown of a gas that produces an ongoing electrical discharge,electric arc,UNIQUE_VALUE_VIOLATION,REVIEW,"ILI i98092 maps to multiple QIDs: Q488071, Q207456, Q207456, Q488071"
i98092,Q207456,electrical conduction through a gas in an applied electric field,11531956-n,i98092,discharge|spark|arc|electric arc|electric discharge,OEWN,Q488071|Q207456,unique_value,electrical breakdown of a gas that produces an ongoing electrical discharge,electric arc,UNIQUE_VALUE_VIOLATION,REVIEW,"ILI i98092 maps to multiple QIDs: Q488071, Q207456, Q207456, Q488071"
i98092,Q488071,electrical conduction through a gas in an applied electric field,11531956-n,i98092,discharge|spark|arc|electric arc|electric discharge,OEWN,Q488071|Q207456,unique_value,"flow of electric charge through a gas, liquid or solid",electric discharge,UNIQUE_VALUE_VIOLATION,REVIEW,"ILI i98092 maps to multiple QIDs: Q488071, Q207456, Q207456, Q488071"
i98228,Q3239742,any of numerous plants of the division Bryophyta,11557778-n,i98228,bryophyte|nonvascular plant,OEWN,Q29993|Q3239742,unique_value,clade of land plant without xylem and phloem,non-vascular plant,UNIQUE_VALUE_VIOLATION,REVIEW,"ILI i98228 maps to multiple QIDs: Q3239742, Q29993, Q29993, Q3239742"
i98228,Q29993,any of numerous plants of the division Bryophyta,11557778-n,i98228,bryophyte|nonvascular plant,OEWN,Q29993|Q3239742,unique_value,terrestrial plants that lack vascular tissue,bryophyte,UNIQUE_VALUE_VIOLATION,REVIEW,"ILI i98228 maps to multiple QIDs: Q3239742, Q29993, Q29993, Q3239742"
i98228,Q29993,any of numerous plants of the division Bryophyta,11557778-n,i98228,bryophyte|nonvascular plant,OEWN,Q29993|Q3239742,unique_value,terrestrial plants that lack vascular tissue,bryophyte,UNIQUE_VALUE_VIOLATION,REVIEW,"ILI i98228 maps to multiple QIDs: Q3239742, Q29993, Q29993, Q3239742"
i98228,Q3239742,any of numerous plants of the division Bryophyta,11557778-n,i98228,bryophyte|nonvascular plant,OEWN,Q29993|Q3239742,unique_value,clade of land plant without xylem and phloem,non-vascular plant,UNIQUE_VALUE_VIOLATION,REVIEW,"ILI i98228 maps to multiple QIDs: Q3239742, Q29993, Q29993, Q3239742"
i98330,Q5625083,plants having naked seeds not enclosed in an ovary; in some systems considered a class (Gymnospermae) and in others a division (Gymnospermophyta); comprises three subdivisions (or classes): Cycadophytina (class Cycadopsida) and Gnetophytina (class Gnetopsida) and Coniferophytina (class Coniferopsida); in some classifications the Coniferophytina are divided into three groups: Pinophytina (class Pinopsida) and Ginkgophytina (class Ginkgopsida) and Taxophytina (class Taxopsida),11615763-n,i98330,Gymnospermae|class Gymnospermae|Gymnospermophyta|division Gymnospermophyta,OENN,Q5625083,unique_value,genus of plants,Gymnosperma,UNIQUE_VALUE_VIOLATION,REVIEW,"ILI i98330 maps to multiple QIDs: Q5625083, Q133712, Q133712, Q5625083"
i98330,Q133712,plants having naked seeds not enclosed in an ovary; in some systems considered a class (Gymnospermae) and in others a division (Gymnospermophyta); comprises three subdivisions (or classes): Cycadophytina (class Cycadopsida) and Gnetophytina (class Gnetopsida) and Coniferophytina (class Coniferopsida); in some classifications the Coniferophytina are divided into three groups: Pinophytina (class Pinopsida) and Ginkgophytina (class Ginkgopsida) and Taxophytina (class Taxopsida),11615763-n,i98330,Gymnospermae|class Gymnospermae|Gymnospermophyta|division Gymnospermophyta,OENN,Q5625083,unique_value,"group of plants, at a varying rank",Q133712,UNIQUE_VALUE_VIOLATION,REVIEW,"ILI i98330 maps to multiple QIDs: Q5625083, Q133712, Q133712, Q5625083"
i98330,Q133712,plants having naked seeds not enclosed in an ovary; in some systems considered a class (Gymnospermae) and in others a division (Gymnospermophyta); comprises three subdivisions (or classes): Cycadophytina (class Cycadopsida) and Gnetophytina (class Gnetopsida) and Coniferophytina (class Coniferopsida); in some classifications the Coniferophytina are divided into three groups: Pinophytina (class Pinopsida) and Ginkgophytina (class Ginkgopsida) and Taxophytina (class Taxopsida),11615763-n,i98330,Gymnospermae|class Gymnospermae|Gymnospermophyta|division Gymnospermophyta,OENN,Q5625083,unique_value,"group of plants, at a varying rank",Q133712,UNIQUE_VALUE_VIOLATION,REVIEW,"ILI i98330 maps to multiple QIDs: Q5625083, Q133712, Q133712, Q5625083"
i98330,Q5625083,plants having naked seeds not enclosed in an ovary; in some systems considered a class (Gymnospermae) and in others a division (Gymnospermophyta); comprises three subdivisions (or classes): Cycadophytina (class Cycadopsida) and Gnetophytina (class Gnetopsida) and Coniferophytina (class Coniferopsida); in some classifications the Coniferophytina are divided into three groups: Pinophytina (class Pinopsida) and Ginkgophytina (class Ginkgopsida) and Taxophytina (class Taxopsida),11615763-n,i98330,Gymnospermae|class Gymnospermae|Gymnospermophyta|division Gymnospermophyta,OENN,Q5625083,unique_value,genus of plants,Gymnosperma,UNIQUE_VALUE_VIOLATION,REVIEW,"ILI i98330 maps to multiple QIDs: Q5625083, Q133712, Q133712, Q5625083"
i98333,Q1011212,gymnospermous flowering plants; supposed link between conifers and angiosperms; in some systems classified as a class (Gnetopsida) and in others as a subdivision (Gnetophytina or Gnetophyta),11616937-n,i98333,Gnetopsida|class Gnetopsida|Gnetophytina|subdivision Gnetophytina|Gnetophyta,OENN,Q1011212,unique_value,class of plants,Gnetopsida,UNIQUE_VALUE_VIOLATION,REVIEW,"ILI i98333 maps to multiple QIDs: Q1011212, Q309147, Q309147, Q1011212"
i98333,Q309147,gymnospermous flowering plants; supposed link between conifers and angiosperms; in some systems classified as a class (Gnetopsida) and in others as a subdivision (Gnetophytina or Gnetophyta),11616937-n,i98333,Gnetopsida|class Gnetopsida|Gnetophytina|subdivision Gnetophytina|Gnetophyta,OENN,Q1011212,unique_value,a clade in gymnosperm,Gnetophyta,UNIQUE_VALUE_VIOLATION,REVIEW,"ILI i98333 maps to multiple QIDs: Q1011212, Q309147, Q309147, Q1011212"
i98333,Q309147,gymnospermous flowering plants; supposed link between conifers and angiosperms; in some systems classified as a class (Gnetopsida) and in others as a subdivision (Gnetophytina or Gnetophyta),11616937-n,i98333,Gnetopsida|class Gnetopsida|Gnetophytina|subdivision Gnetophytina|Gnetophyta,OENN,Q1011212,unique_value,a clade in gymnosperm,Gnetophyta,UNIQUE_VALUE_VIOLATION,REVIEW,"ILI i98333 maps to multiple QIDs: Q1011212, Q309147, Q309147, Q1011212"
i98333,Q1011212,gymnospermous flowering plants; supposed link between conifers and angiosperms; in some systems classified as a class (Gnetopsida) and in others as a subdivision (Gnetophytina or Gnetophyta),11616937-n,i98333,Gnetopsida|class Gnetopsida|Gnetophytina|subdivision Gnetophytina|Gnetophyta,OENN,Q1011212,unique_value,class of plants,Gnetopsida,UNIQUE_VALUE_VIOLATION,REVIEW,"ILI i98333 maps to multiple QIDs: Q1011212, Q309147, Q309147, Q1011212"
i98347,Q5605610,palmlike gymnosperms: includes the surviving order Cycadales and several extinct orders; possibly not a natural group; in some systems considered a class (Cycadopsida) and in others a subdivision (Cycadophytina or Cycadophyta),11620145-n,i98347,Cycadopsida|class Cycadopsida|Cycadophytina|subdivision Cycadophytina|Cycadophyta|subdivision Cycadophyta,OENN,Q5605610,unique_value,class of plants,Q5605610,UNIQUE_VALUE_VIOLATION,REVIEW,"ILI i98347 maps to multiple QIDs: Q5605610, Q1089795, Q1089795, Q5605610"
i98347,Q1089795,palmlike gymnosperms: includes the surviving order Cycadales and several extinct orders; possibly not a natural group; in some systems considered a class (Cycadopsida) and in others a subdivision (Cycadophytina or Cycadophyta),11620145-n,i98347,Cycadopsida|class Cycadopsida|Cycadophytina|subdivision Cycadophytina|Cycadophyta|subdivision Cycadophyta,OENN,Q5605610,unique_value,division of plants,Cycadophyta,UNIQUE_VALUE_VIOLATION,REVIEW,"ILI i98347 maps to multiple QIDs: Q5605610, Q1089795, Q1089795, Q5605610"
i98347,Q1089795,palmlike gymnosperms: includes the surviving order Cycadales and several extinct orders; possibly not a natural group; in some systems considered a class (Cycadopsida) and in others a subdivision (Cycadophytina or Cycadophyta),11620145-n,i98347,Cycadopsida|class Cycadopsida|Cycadophytina|subdivision Cycadophytina|Cycadophyta|subdivision Cycadophyta,OENN,Q5605610,unique_value,division of plants,Cycadophyta,UNIQUE_VALUE_VIOLATION,REVIEW,"ILI i98347 maps to multiple QIDs: Q5605610, Q1089795, Q1089795, Q5605610"
i98347,Q5605610,palmlike gymnosperms: includes the surviving order Cycadales and several extinct orders; possibly not a natural group; in some systems considered a class (Cycadopsida) and in others a subdivision (Cycadophytina or Cycadophyta),11620145-n,i98347,Cycadopsida|class Cycadopsida|Cycadophytina|subdivision Cycadophytina|Cycadophyta|subdivision Cycadophyta,OENN,Q5605610,unique_value,class of plants,Q5605610,UNIQUE_VALUE_VIOLATION,REVIEW,"ILI i98347 maps to multiple QIDs: Q5605610, Q1089795, Q1089795, Q5605610"
i98367,Q5472958,large attractive palmlike evergreen cycad of New South Wales,11624497-n,i98367,burrawong|Macrozamia communis|Macrozamia spiralis,OEWN,Q5472958|Q5402509,unique_value,species of plant,Macrozamia spiralis,UNIQUE_VALUE_VIOLATION,REVIEW,"ILI i98367 maps to multiple QIDs: Q5472958, Q5402509, Q5402509, Q5472958"
i98367,Q5402509,large attractive palmlike evergreen cycad of New South Wales,11624497-n,i98367,burrawong|Macrozamia communis|Macrozamia spiralis,OEWN,Q5472958|Q5402509,unique_value,species of plant,Macrozamia communis,UNIQUE_VALUE_VIOLATION,REVIEW,"ILI i98367 maps to multiple QIDs: Q5472958, Q5402509, Q5402509, Q5472958"
i98367,Q5402509,large attractive palmlike evergreen cycad of New South Wales,11624497-n,i98367,burrawong|Macrozamia communis|Macrozamia spiralis,OEWN,Q5472958|Q5402509,unique_value,species of plant,Macrozamia communis,UNIQUE_VALUE_VIOLATION,REVIEW,"ILI i98367 maps to multiple QIDs: Q5472958, Q5402509, Q5402509, Q5472958"
i98367,Q5472958,large attractive palmlike evergreen cycad of New South Wales,11624497-n,i98367,burrawong|Macrozamia communis|Macrozamia spiralis,OEWN,Q5472958|Q5402509,unique_value,species of plant,Macrozamia spiralis,UNIQUE_VALUE_VIOLATION,REVIEW,"ILI i98367 maps to multiple QIDs: Q5472958, Q5402509, Q5402509, Q5472958"
i98420,Q3300799,large three-needled pine of southeastern United States having very long needles and gnarled twisted limbs; bark is red-brown deeply ridged; an important timber tree,11636418-n,i98420,longleaf pine|pitch pine|southern yellow pine|Georgia pine|Pinus palustris,OEWN,Q148542,unique_value,type of wood,southern yellow pine,UNIQUE_VALUE_VIOLATION,REVIEW,"ILI i98420 maps to multiple QIDs: Q3300799, Q148542, Q148542, Q3300799"
i98420,Q148542,large three-needled pine of southeastern United States having very long needles and gnarled twisted limbs; bark is red-brown deeply ridged; an important timber tree,11636418-n,i98420,longleaf pine|pitch pine|southern yellow pine|Georgia pine|Pinus palustris,OEWN,Q148542,unique_value,species of plant,Pinus palustris,UNIQUE_VALUE_VIOLATION,REVIEW,"ILI i98420 maps to multiple QIDs: Q3300799, Q148542, Q148542, Q3300799"
i98420,Q148542,large three-needled pine of southeastern United States having very long needles and gnarled twisted limbs; bark is red-brown deeply ridged; an important timber tree,11636418-n,i98420,longleaf pine|pitch pine|southern yellow pine|Georgia pine|Pinus palustris,OEWN,Q148542,unique_value,species of plant,Pinus palustris,UNIQUE_VALUE_VIOLATION,REVIEW,"ILI i98420 maps to multiple QIDs: Q3300799, Q148542, Q148542, Q3300799"
i98420,Q3300799,large three-needled pine of southeastern United States having very long needles and gnarled twisted limbs; bark is red-brown deeply ridged; an important timber tree,11636418-n,i98420,longleaf pine|pitch pine|southern yellow pine|Georgia pine|Pinus palustris,OEWN,Q148542,unique_value,type of wood,southern yellow pine,UNIQUE_VALUE_VIOLATION,REVIEW,"ILI i98420 maps to multiple QIDs: Q3300799, Q148542, Q148542, Q3300799"
i98448,Q967962,medium to tall fir of central to western United States having a narrow erect crown and soft wood,11642178-n,i98448,white fir|Colorado fir|California white fir|Abies concolor|Abies lowiana,OEWN,Q145939,unique_value,species of plant,Abies lowiana,UNIQUE_VALUE_VIOLATION,REVIEW,"ILI i98448 maps to multiple QIDs: Q967962, Q145939, Q145939, Q967962"
i98448,Q145939,medium to tall fir of central to western United States having a narrow erect crown and soft wood,11642178-n,i98448,white fir|Colorado fir|California white fir|Abies concolor|Abies lowiana,OEWN,Q145939,unique_value,"species of fir tree, native to mountains of western North America",Abies concolor,UNIQUE_VALUE_VIOLATION,REVIEW,"ILI i98448 maps to multiple QIDs: Q967962, Q145939, Q145939, Q967962"
i98448,Q145939,medium to tall fir of central to western United States having a narrow erect crown and soft wood,11642178-n,i98448,white fir|Colorado fir|California white fir|Abies concolor|Abies lowiana,OEWN,Q145939,unique_value,"species of fir tree, native to mountains of western North America",Abies concolor,UNIQUE_VALUE_VIOLATION,REVIEW,"ILI i98448 maps to multiple QIDs: Q967962, Q145939, Q145939, Q967962"
i98448,Q967962,medium to tall fir of central to western United States having a narrow erect crown and soft wood,11642178-n,i98448,white fir|Colorado fir|California white fir|Abies concolor|Abies lowiana,OEWN,Q145939,unique_value,species of plant,Abies lowiana,UNIQUE_VALUE_VIOLATION,REVIEW,"ILI i98448 maps to multiple QIDs: Q967962, Q145939, Q145939, Q967962"
i98733,Q2653441,cone-shaped mass of ovule- or spore-bearing scales or bracts,11703311-n,i98733,cone|strobilus|strobile,OEWN,Q2653441|Q22710,unique_value,reproductive structure in land plants,strobilus,UNIQUE_VALUE_VIOLATION,REVIEW,"ILI i98733 maps to multiple QIDs: Q2653441, Q22710, Q22710, Q2653441"
i98733,Q22710,cone-shaped mass of ovule- or spore-bearing scales or bracts,11703311-n,i98733,cone|strobilus|strobile,OEWN,Q2653441|Q22710,unique_value,seed-bearing organ on gymnosperm plants,cone,UNIQUE_VALUE_VIOLATION,REVIEW,"ILI i98733 maps to multiple QIDs: Q2653441, Q22710, Q22710, Q2653441"
i98733,Q22710,cone-shaped mass of ovule- or spore-bearing scales or bracts,11703311-n,i98733,cone|strobilus|strobile,OEWN,Q2653441|Q22710,unique_value,seed-bearing organ on gymnosperm plants,cone,UNIQUE_VALUE_VIOLATION,REVIEW,"ILI i98733 maps to multiple QIDs: Q2653441, Q22710, Q22710, Q2653441"
i98733,Q2653441,cone-shaped mass of ovule- or spore-bearing scales or bracts,11703311-n,i98733,cone|strobilus|strobile,OEWN,Q2653441|Q22710,unique_value,reproductive structure in land plants,strobilus,UNIQUE_VALUE_VIOLATION,REVIEW,"ILI i98733 maps to multiple QIDs: Q2653441, Q22710, Q22710, Q2653441"
i98796,Q14848818,"herbs, shrubs and trees: includes families Ranunculaceae, Annonaceae, Berberidaceae, Magnoliaceae, Menispermaceae, Myristicaceae, Nymphaeaceae, Lardizabalaceae, Lauraceae, Calycanthaceae, Ceratophyllaceae, Cercidiphyllaceae",11713421-n,i98796,Ranales|order Ranales|Ranunculales|order Ranunculales,OENN,Q21021|Q14848818,unique_value,order of plants,Q14848818,UNIQUE_VALUE_VIOLATION,REVIEW,"ILI i98796 maps to multiple QIDs: Q14848818, Q21021, Q21021, Q14848818"
i98796,Q21021,"herbs, shrubs and trees: includes families Ranunculaceae, Annonaceae, Berberidaceae, Magnoliaceae, Menispermaceae, Myristicaceae, Nymphaeaceae, Lardizabalaceae, Lauraceae, Calycanthaceae, Ceratophyllaceae, Cercidiphyllaceae",11713421-n,i98796,Ranales|order Ranales|Ranunculales|order Ranunculales,OENN,Q21021|Q14848818,unique_value,order of plants,Ranunculales,UNIQUE_VALUE_VIOLATION,REVIEW,"ILI i98796 maps to multiple QIDs: Q14848818, Q21021, Q21021, Q14848818"
i98796,Q21021,"herbs, shrubs and trees: includes families Ranunculaceae, Annonaceae, Berberidaceae, Magnoliaceae, Menispermaceae, Myristicaceae, Nymphaeaceae, Lardizabalaceae, Lauraceae, Calycanthaceae, Ceratophyllaceae, Cercidiphyllaceae",11713421-n,i98796,Ranales|order Ranales|Ranunculales|order Ranunculales,OENN,Q21021|Q14848818,unique_value,order of plants,Ranunculales,UNIQUE_VALUE_VIOLATION,REVIEW,"ILI i98796 maps to multiple QIDs: Q14848818, Q21021, Q21021, Q14848818"
i98796,Q14848818,"herbs, shrubs and trees: includes families Ranunculaceae, Annonaceae, Berberidaceae, Magnoliaceae, Menispermaceae, Myristicaceae, Nymphaeaceae, Lardizabalaceae, Lauraceae, Calycanthaceae, Ceratophyllaceae, Cercidiphyllaceae",11713421-n,i98796,Ranales|order Ranales|Ranunculales|order Ranunculales,OENN,Q21021|Q14848818,unique_value,order of plants,Q14848818,UNIQUE_VALUE_VIOLATION,REVIEW,"ILI i98796 maps to multiple QIDs: Q14848818, Q21021, Q21021, Q14848818"
i99420,Q164118,bushy plant of western United States,11843905-n,i99420,tumbleweed|Amaranthus albus|Amaranthus graecizans,OEWN,Q162295|Q164118,unique_value,species of plant,Amaranthus albus,UNIQUE_VALUE_VIOLATION,REVIEW,"ILI i99420 maps to multiple QIDs: Q164118, Q162295, Q162295, Q164118"
i99420,Q162295,bushy plant of western United States,11843905-n,i99420,tumbleweed|Amaranthus albus|Amaranthus graecizans,OEWN,Q162295|Q164118,unique_value,species of plant,Amaranthus graecizans,UNIQUE_VALUE_VIOLATION,REVIEW,"ILI i99420 maps to multiple QIDs: Q164118, Q162295, Q162295, Q164118"
i99420,Q162295,bushy plant of western United States,11843905-n,i99420,tumbleweed|Amaranthus albus|Amaranthus graecizans,OEWN,Q162295|Q164118,unique_value,species of plant,Amaranthus graecizans,UNIQUE_VALUE_VIOLATION,REVIEW,"ILI i99420 maps to multiple QIDs: Q164118, Q162295, Q162295, Q164118"
i99420,Q164118,bushy plant of western United States,11843905-n,i99420,tumbleweed|Amaranthus albus|Amaranthus graecizans,OEWN,Q162295|Q164118,unique_value,species of plant,Amaranthus albus,UNIQUE_VALUE_VIOLATION,REVIEW,"ILI i99420 maps to multiple QIDs: Q164118, Q162295, Q162295, Q164118"
i99471,Q15709475,a coarse annual herb introduced into North America from Siberia; dangerous to sheep and cattle on western rangelands because of its high oxalate content,11854218-n,i99471,halogeton|Halogeton glomeratus,OEWN,Q15709475,unique_value,species of plant,Halogeton glomeratus,UNIQUE_VALUE_VIOLATION,REVIEW,"ILI i99471 maps to multiple QIDs: Q15709475, Q1024025, Q1024025, Q15709475"
i99471,Q1024025,a coarse annual herb introduced into North America from Siberia; dangerous to sheep and cattle on western rangelands because of its high oxalate content,11854218-n,i99471,halogeton|Halogeton glomeratus,OEWN,Q15709475,unique_value,genus of plants,Halogeton,UNIQUE_VALUE_VIOLATION,REVIEW,"ILI i99471 maps to multiple QIDs: Q15709475, Q1024025, Q1024025, Q15709475"
i99471,Q1024025,a coarse annual herb introduced into North America from Siberia; dangerous to sheep and cattle on western rangelands because of its high oxalate content,11854218-n,i99471,halogeton|Halogeton glomeratus,OEWN,Q15709475,unique_value,genus of plants,Halogeton,UNIQUE_VALUE_VIOLATION,REVIEW,"ILI i99471 maps to multiple QIDs: Q15709475, Q1024025, Q1024025, Q15709475"
i99471,Q15709475,a coarse annual herb introduced into North America from Siberia; dangerous to sheep and cattle on western rangelands because of its high oxalate content,11854218-n,i99471,halogeton|Halogeton glomeratus,OEWN,Q15709475,unique_value,species of plant,Halogeton glomeratus,UNIQUE_VALUE_VIOLATION,REVIEW,"ILI i99471 maps to multiple QIDs: Q15709475, Q1024025, Q1024025, Q15709475"
i99817,Q1974044,herb of China and Japan widely cultivated for its plumelike panicles of creamy white flowers,11926983-n,i99817,plume poppy|bocconia|Macleaya cordata,OEWN,Q159327,unique_value,genus of plants,Bocconia,UNIQUE_VALUE_VIOLATION,REVIEW,"ILI i99817 maps to multiple QIDs: Q1974044, Q159327, Q159327, Q1974044"
i99817,Q159327,herb of China and Japan widely cultivated for its plumelike panicles of creamy white flowers,11926983-n,i99817,plume poppy|bocconia|Macleaya cordata,OEWN,Q159327,unique_value,species of plant,Macleaya cordata,UNIQUE_VALUE_VIOLATION,REVIEW,"ILI i99817 maps to multiple QIDs: Q1974044, Q159327, Q159327, Q1974044"
i99817,Q159327,herb of China and Japan widely cultivated for its plumelike panicles of creamy white flowers,11926983-n,i99817,plume poppy|bocconia|Macleaya cordata,OEWN,Q159327,unique_value,species of plant,Macleaya cordata,UNIQUE_VALUE_VIOLATION,REVIEW,"ILI i99817 maps to multiple QIDs: Q1974044, Q159327, Q159327, Q1974044"
i99817,Q1974044,herb of China and Japan widely cultivated for its plumelike panicles of creamy white flowers,11926983-n,i99817,plume poppy|bocconia|Macleaya cordata,OEWN,Q159327,unique_value,genus of plants,Bocconia,UNIQUE_VALUE_VIOLATION,REVIEW,"ILI i99817 maps to multiple QIDs: Q1974044, Q159327, Q159327, Q1974044"
