ili,qid,synset_definition,synset_id,synset_ili,synset_members,synset_source,synset_wikidata_qids,violation_type,wikidata_description,wikidata_label
i23969,Q109519169,make void or empty of contents,00450647-v,i23969,empty,OEWN,,single_value,removing the contents of a container,emptying
i37484,Q109519169,the act of removing the contents of something,00396605-n,i37484,emptying|voidance|evacuation,OEWN,,single_value,removing the contents of a container,emptying
i37484,Q109519169,the act of removing the contents of something,00396605-n,i37484,emptying|voidance|evacuation,OEWN,,single_value,removing the contents of a container,emptying
i23969,Q109519169,make void or empty of contents,00450647-v,i23969,empty,OEWN,,single_value,removing the contents of a container,emptying
i35882,Q110458569,getting rid of something that is regarded as useless or undesirable,00092054-n,i35882,discard|throwing away,OEWN,,single_value,getting rid of something no longer wanted,discarding
i32865,Q110458569,dispose of,02228837-v,i32865,get rid of|remove|waste,OEWN,,single_value,getting rid of something no longer wanted,discarding
i32865,Q110458569,dispose of,02228837-v,i32865,get rid of|remove|waste,OEWN,,single_value,getting rid of something no longer wanted,discarding
i35882,Q110458569,getting rid of something that is regarded as useless or undesirable,00092054-n,i35882,discard|throwing away,OEWN,,single_value,getting rid of something no longer wanted,discarding
i29801,Q124174090,apply force so as to cause motion towards the source of the motion,01612191-v,i29801,pull,OEWN,,single_value,act of applying mechanical tension to draw an object closer,pulling
i36009,Q124174090,the act of pulling; applying force to move something toward or with you,00115251-n,i36009,pull|pulling,OEWN,,single_value,act of applying mechanical tension to draw an object closer,pulling
i36009,Q124174090,the act of pulling; applying force to move something toward or with you,00115251-n,i36009,pull|pulling,OEWN,,single_value,act of applying mechanical tension to draw an object closer,pulling
i29801,Q124174090,apply force so as to cause motion towards the source of the motion,01612191-v,i29801,pull,OEWN,,single_value,act of applying mechanical tension to draw an object closer,pulling
i30371,Q130271870,perform music on (a musical instrument),01730049-v,i30371,play,OEWN,,single_value,making sound with a musical instrument,instrument playing
i35935,Q130271870,the act of playing a musical instrument,00102011-n,i35935,playing,OEWN,,single_value,making sound with a musical instrument,instrument playing
i35935,Q130271870,the act of playing a musical instrument,00102011-n,i35935,playing,OEWN,,single_value,making sound with a musical instrument,instrument playing
i30371,Q130271870,perform music on (a musical instrument),01730049-v,i30371,play,OEWN,,single_value,making sound with a musical instrument,instrument playing
i15988,Q138844709,having or consisting of a single cell,02831334-a,i15988,unicellular,OEWN,,single_value,consisting of a single cell,unicellular
i1823,Q138844709,having a single cell (and thus not divided into cells),00329299-s,i1823,single-celled|one-celled,OEWN,,single_value,consisting of a single cell,unicellular
i1823,Q138844709,having a single cell (and thus not divided into cells),00329299-s,i1823,single-celled|one-celled,OEWN,,single_value,consisting of a single cell,unicellular
i15988,Q138844709,having or consisting of a single cell,02831334-a,i15988,unicellular,OEWN,,single_value,consisting of a single cell,unicellular
i32755,Q16509017,transfer possession of something concrete or abstract to somebody,02204104-v,i32755,give,OEWN,,single_value,"transfer of possession; granting, conveying, presenting, offering",giving
i41097,Q16509017,the act of giving,01088005-n,i41097,giving|gift,OEWN,,single_value,"transfer of possession; granting, conveying, presenting, offering",giving
i41097,Q16509017,the act of giving,01088005-n,i41097,giving|gift,OEWN,,single_value,"transfer of possession; granting, conveying, presenting, offering",giving
i32755,Q16509017,transfer possession of something concrete or abstract to somebody,02204104-v,i32755,give,OEWN,,single_value,"transfer of possession; granting, conveying, presenting, offering",giving
i39366,Q2647488,consumption of alcoholic drinks,00749309-n,i39366,intemperance|intemperateness,OEWN,,single_value,drinking of drinks that contain ethanol,alcohol consumption
i27471,Q2647488,consume alcohol,01173463-v,i27471,hit the bottle|drink|booze|fuddle,OEWN,,single_value,drinking of drinks that contain ethanol,alcohol consumption
i27471,Q2647488,consume alcohol,01173463-v,i27471,hit the bottle|drink|booze|fuddle,OEWN,,single_value,drinking of drinks that contain ethanol,alcohol consumption
i39366,Q2647488,consumption of alcoholic drinks,00749309-n,i39366,intemperance|intemperateness,OEWN,,single_value,drinking of drinks that contain ethanol,alcohol consumption
i29506,Q320553,divide a deck of cards at random into two parts to make selection difficult,01558219-v,i29506,cut,OEWN,,single_value,a procedure to split a deck of cards by someone other than the dealer,cut
i37954,Q320553,the division of a deck of cards before dealing,00490486-n,i37954,cut|cutting,OEWN,,single_value,a procedure to split a deck of cards by someone other than the dealer,cut
i37954,Q320553,the division of a deck of cards before dealing,00490486-n,i37954,cut|cutting,OEWN,,single_value,a procedure to split a deck of cards by someone other than the dealer,cut
i29506,Q320553,divide a deck of cards at random into two parts to make selection difficult,01558219-v,i29506,cut,OEWN,,single_value,a procedure to split a deck of cards by someone other than the dealer,cut
i27552,Q333203,gradually deprive (infants and young mammals) of mother's milk,01189491-v,i27552,wean|ablactate,OEWN,,single_value,process of replacing breastmilk with solid foods in infants,weaning
i36451,Q333203,the act of substituting other food for the mother's milk in the diet of a child or young mammal,00199119-n,i36451,weaning|ablactation,OEWN,,single_value,process of replacing breastmilk with solid foods in infants,weaning
i36451,Q333203,the act of substituting other food for the mother's milk in the diet of a child or young mammal,00199119-n,i36451,weaning|ablactation,OEWN,,single_value,process of replacing breastmilk with solid foods in infants,weaning
i27552,Q333203,gradually deprive (infants and young mammals) of mother's milk,01189491-v,i27552,wean|ablactate,OEWN,,single_value,process of replacing breastmilk with solid foods in infants,weaning
i34211,Q4096995,arrange for and reserve (something for someone else) in advance,02503969-v,i34211,reserve|hold|book,OEWN,,single_value,"scheduling of a service, such as accommodation in an hotel",booking
i41768,Q4096995,the act of reserving (a place or passage) or engaging the services of (a person or group),01220817-n,i41768,booking|reservation,OEWN,,single_value,"scheduling of a service, such as accommodation in an hotel",booking
i41768,Q4096995,the act of reserving (a place or passage) or engaging the services of (a person or group),01220817-n,i41768,booking|reservation,OEWN,,single_value,"scheduling of a service, such as accommodation in an hotel",booking
i34211,Q4096995,arrange for and reserve (something for someone else) in advance,02503969-v,i34211,reserve|hold|book,OEWN,,single_value,"scheduling of a service, such as accommodation in an hotel",booking
i23984,Q62069734,"make full, also in a metaphorical sense",00453467-v,i23984,fill|fill up|make full,OEWN,,single_value,process of adding contents and making full,filling
i37519,Q62069734,the act of filling something,00403343-n,i37519,filling,OEWN,,single_value,process of adding contents and making full,filling
i37519,Q62069734,the act of filling something,00403343-n,i37519,filling,OEWN,,single_value,process of adding contents and making full,filling
i23984,Q62069734,"make full, also in a metaphorical sense",00453467-v,i23984,fill|fill up|make full,OEWN,,single_value,process of adding contents and making full,filling
i37500,Q65757353,the act of changing in form or shape or appearance,00399512-n,i37500,transformation|translation,OEWN,,single_value,process involving change into a qualitatively different form,transformation
i23647,Q65757353,"change or alter in form, appearance, or nature",00383306-v,i23647,transform|transmute|transubstantiate,OEWN,,single_value,process involving change into a qualitatively different form,transformation
i23647,Q65757353,"change or alter in form, appearance, or nature",00383306-v,i23647,transform|transmute|transubstantiate,OEWN,,single_value,process involving change into a qualitatively different form,transformation
i37500,Q65757353,the act of changing in form or shape or appearance,00399512-n,i37500,transformation|translation,OEWN,,single_value,process involving change into a qualitatively different form,transformation
i31065,Q69396773,move with force,01875972-v,i31065,push|force,OEWN,,single_value,causing an item to move by applying a compressive force to it,pushing
i35999,Q69396773,the act of applying force in order to move something away,00113132-n,i35999,push|pushing,OEWN,,single_value,causing an item to move by applying a compressive force to it,pushing
i35999,Q69396773,the act of applying force in order to move something away,00113132-n,i35999,push|pushing,OEWN,,single_value,causing an item to move by applying a compressive force to it,pushing
i31065,Q69396773,move with force,01875972-v,i31065,push|force,OEWN,,single_value,causing an item to move by applying a compressive force to it,pushing
i26880,Q7548771,refuse to acknowledge,01061436-v,i26880,ignore|disregard|snub|cut,OEWN,,single_value,a refusal to socially acknowledge an acquaintance,snub
i41811,Q7548771,a refusal to recognize someone you know,01228486-n,i41811,snub|cut|cold shoulder,OEWN,,single_value,a refusal to socially acknowledge an acquaintance,snub
i41811,Q7548771,a refusal to recognize someone you know,01228486-n,i41811,snub|cut|cold shoulder,OEWN,,single_value,a refusal to socially acknowledge an acquaintance,snub
i26880,Q7548771,refuse to acknowledge,01061436-v,i26880,ignore|disregard|snub|cut,OEWN,,single_value,a refusal to socially acknowledge an acquaintance,snub
i27466,Q876776,take in liquids,01172332-v,i27466,drink|imbibe,OEWN,,single_value,ingesting water or other liquids into the body through the mouth,drinking
i39834,Q876776,the act of consuming liquids,00844789-n,i39834,drinking|imbibing|imbibition,OEWN,,single_value,ingesting water or other liquids into the body through the mouth,drinking
i39834,Q876776,the act of consuming liquids,00844789-n,i39834,drinking|imbibing|imbibition,OEWN,,single_value,ingesting water or other liquids into the body through the mouth,drinking
i27466,Q876776,take in liquids,01172332-v,i27466,drink|imbibe,OEWN,,single_value,ingesting water or other liquids into the body through the mouth,drinking
i100254,Q3978815,annual Eurasian herb similar in fragrance and medicinal uses to chamomile though taste is more bitter and effect is considered inferior,12015561-n,i100254,sweet false chamomile|wild chamomile|German chamomile|Matricaria recutita|Matricaria chamomilla,OEWN,Q28437,unique_value,species of plant,Matricaria recutita
i100254,Q28437,annual Eurasian herb similar in fragrance and medicinal uses to chamomile though taste is more bitter and effect is considered inferior,12015561-n,i100254,sweet false chamomile|wild chamomile|German chamomile|Matricaria recutita|Matricaria chamomilla,OEWN,Q28437,unique_value,species of plant,Matricaria chamomilla
i100254,Q28437,annual Eurasian herb similar in fragrance and medicinal uses to chamomile though taste is more bitter and effect is considered inferior,12015561-n,i100254,sweet false chamomile|wild chamomile|German chamomile|Matricaria recutita|Matricaria chamomilla,OEWN,Q28437,unique_value,species of plant,Matricaria chamomilla
i100254,Q3978815,annual Eurasian herb similar in fragrance and medicinal uses to chamomile though taste is more bitter and effect is considered inferior,12015561-n,i100254,sweet false chamomile|wild chamomile|German chamomile|Matricaria recutita|Matricaria chamomilla,OEWN,Q28437,unique_value,species of plant,Matricaria recutita
i100316,Q104247213,the state flower of Maryland; of central and southeastern United States; having daisylike flowers with dark centers and yellow to orange rays,12028956-n,i100316,black-eyed Susan|Rudbeckia hirta|Rudbeckia serotina,OEWN,Q104247213,unique_value,species of plant,Rudbeckia serotina
i100316,Q2532820,the state flower of Maryland; of central and southeastern United States; having daisylike flowers with dark centers and yellow to orange rays,12028956-n,i100316,black-eyed Susan|Rudbeckia hirta|Rudbeckia serotina,OEWN,Q104247213,unique_value,species of plant,Rudbeckia hirta
i100316,Q2532820,the state flower of Maryland; of central and southeastern United States; having daisylike flowers with dark centers and yellow to orange rays,12028956-n,i100316,black-eyed Susan|Rudbeckia hirta|Rudbeckia serotina,OEWN,Q104247213,unique_value,species of plant,Rudbeckia hirta
i100316,Q104247213,the state flower of Maryland; of central and southeastern United States; having daisylike flowers with dark centers and yellow to orange rays,12028956-n,i100316,black-eyed Susan|Rudbeckia hirta|Rudbeckia serotina,OEWN,Q104247213,unique_value,species of plant,Rudbeckia serotina
i100342,Q1431474,low much-branched perennial of western United States having silvery leaves; an important browse and shelter plant,12034554-n,i100342,silver sage|silver sagebrush|grey sage|gray sage|Seriphidium canum|Artemisia cana,OEWN,Q1431474|Q583160|Q15562485,unique_value,species of plant,Salvia argentea
i100342,Q583160,low much-branched perennial of western United States having silvery leaves; an important browse and shelter plant,12034554-n,i100342,silver sage|silver sagebrush|grey sage|gray sage|Seriphidium canum|Artemisia cana,OEWN,Q1431474|Q583160|Q15562485,unique_value,species of plant,Artemisia cana
i100342,Q583160,low much-branched perennial of western United States having silvery leaves; an important browse and shelter plant,12034554-n,i100342,silver sage|silver sagebrush|grey sage|gray sage|Seriphidium canum|Artemisia cana,OEWN,Q1431474|Q583160|Q15562485,unique_value,species of plant,Artemisia cana
i100342,Q1431474,low much-branched perennial of western United States having silvery leaves; an important browse and shelter plant,12034554-n,i100342,silver sage|silver sagebrush|grey sage|gray sage|Seriphidium canum|Artemisia cana,OEWN,Q1431474|Q583160|Q15562485,unique_value,species of plant,Salvia argentea
i101316,Q7607619,tree or tall shrub with shiny leaves and umbels of fragrant creamy-white flowers; yields hard heavy reddish wood,12243677-n,i101316,scrub beefwood|beefwood|Stenocarpus salignus,OEWN,Q7607619,unique_value,species of plant,Stenocarpus salignus
i101316,Q4879779,tree or tall shrub with shiny leaves and umbels of fragrant creamy-white flowers; yields hard heavy reddish wood,12243677-n,i101316,scrub beefwood|beefwood|Stenocarpus salignus,OEWN,Q7607619,unique_value,Wikimedia disambiguation page,Beefwood
i101316,Q4879779,tree or tall shrub with shiny leaves and umbels of fragrant creamy-white flowers; yields hard heavy reddish wood,12243677-n,i101316,scrub beefwood|beefwood|Stenocarpus salignus,OEWN,Q7607619,unique_value,Wikimedia disambiguation page,Beefwood
i101316,Q7607619,tree or tall shrub with shiny leaves and umbels of fragrant creamy-white flowers; yields hard heavy reddish wood,12243677-n,i101316,scrub beefwood|beefwood|Stenocarpus salignus,OEWN,Q7607619,unique_value,species of plant,Stenocarpus salignus
i101844,Q3004081,a genus of tropical American trees and shrubs of the myrtle family,12353383-n,i101844,Myrciaria|genus Myrciaria|Myrcia,OENN,Q2470494|Q3004081,unique_value,genus of plants,Myrcia
i101844,Q2470494,a genus of tropical American trees and shrubs of the myrtle family,12353383-n,i101844,Myrciaria|genus Myrciaria|Myrcia,OENN,Q2470494|Q3004081,unique_value,genus of plants,Myrciaria
i101844,Q2470494,a genus of tropical American trees and shrubs of the myrtle family,12353383-n,i101844,Myrciaria|genus Myrciaria|Myrcia,OENN,Q2470494|Q3004081,unique_value,genus of plants,Myrciaria
i101844,Q3004081,a genus of tropical American trees and shrubs of the myrtle family,12353383-n,i101844,Myrciaria|genus Myrciaria|Myrcia,OENN,Q2470494|Q3004081,unique_value,genus of plants,Myrcia
i101862,Q5850228,somewhat crooked red gum tree growing chiefly along rivers; has durable reddish lumber used in heavy construction,12356850-n,i101862,river red gum|river gum|Eucalyptus camaldulensis|Eucalyptus rostrata,OEWN,Q162822|Q5850228,unique_value,species of plant,Eucalyptus rostrata
i101862,Q162822,somewhat crooked red gum tree growing chiefly along rivers; has durable reddish lumber used in heavy construction,12356850-n,i101862,river red gum|river gum|Eucalyptus camaldulensis|Eucalyptus rostrata,OEWN,Q162822|Q5850228,unique_value,Species of plant,Eucalyptus camaldulensis
i101862,Q162822,somewhat crooked red gum tree growing chiefly along rivers; has durable reddish lumber used in heavy construction,12356850-n,i101862,river red gum|river gum|Eucalyptus camaldulensis|Eucalyptus rostrata,OEWN,Q162822|Q5850228,unique_value,Species of plant,Eucalyptus camaldulensis
i101862,Q5850228,somewhat crooked red gum tree growing chiefly along rivers; has durable reddish lumber used in heavy construction,12356850-n,i101862,river red gum|river gum|Eucalyptus camaldulensis|Eucalyptus rostrata,OEWN,Q162822|Q5850228,unique_value,species of plant,Eucalyptus rostrata
i102013,Q2089493,low spreading tree of Indonesia yielding an orange to brown gum resin (gamboge) used as a pigment when powdered,12387387-n,i102013,gamboge tree|Garcinia hanburyi|Garcinia cambogia|Garcinia gummi-gutta,OEWN,Q767747|Q2089493|Q18187249,unique_value,species of plant,Garcinia cambogia
i102013,Q767747,low spreading tree of Indonesia yielding an orange to brown gum resin (gamboge) used as a pigment when powdered,12387387-n,i102013,gamboge tree|Garcinia hanburyi|Garcinia cambogia|Garcinia gummi-gutta,OEWN,Q767747|Q2089493|Q18187249,unique_value,species of plant,Garcinia hanburyi
i102013,Q767747,low spreading tree of Indonesia yielding an orange to brown gum resin (gamboge) used as a pigment when powdered,12387387-n,i102013,gamboge tree|Garcinia hanburyi|Garcinia cambogia|Garcinia gummi-gutta,OEWN,Q767747|Q2089493|Q18187249,unique_value,species of plant,Garcinia hanburyi
i102013,Q2089493,low spreading tree of Indonesia yielding an orange to brown gum resin (gamboge) used as a pigment when powdered,12387387-n,i102013,gamboge tree|Garcinia hanburyi|Garcinia cambogia|Garcinia gummi-gutta,OEWN,Q767747|Q2089493|Q18187249,unique_value,species of plant,Garcinia cambogia
i102034,Q343300,climbing vine native to China; cultivated in New Zealand for its fuzzy edible fruit with green meat,12391956-n,i102034,Chinese gooseberry|kiwi|kiwi vine|Actinidia chinensis|Actinidia deliciosa,OEWN,Q343300|Q163522,unique_value,species of plant,Actinidia deliciosa
i102034,Q163522,climbing vine native to China; cultivated in New Zealand for its fuzzy edible fruit with green meat,12391956-n,i102034,Chinese gooseberry|kiwi|kiwi vine|Actinidia chinensis|Actinidia deliciosa,OEWN,Q343300|Q163522,unique_value,species of plant,Actinidia chinensis
i102034,Q163522,climbing vine native to China; cultivated in New Zealand for its fuzzy edible fruit with green meat,12391956-n,i102034,Chinese gooseberry|kiwi|kiwi vine|Actinidia chinensis|Actinidia deliciosa,OEWN,Q343300|Q163522,unique_value,species of plant,Actinidia chinensis
i102034,Q343300,climbing vine native to China; cultivated in New Zealand for its fuzzy edible fruit with green meat,12391956-n,i102034,Chinese gooseberry|kiwi|kiwi vine|Actinidia chinensis|Actinidia deliciosa,OEWN,Q343300|Q163522,unique_value,species of plant,Actinidia deliciosa
i102518,Q7226448,North American perennial herb with smooth foliage and drooping tubular greenish flowers,12494923-n,i102518,great Solomon's-seal|Polygonatum biflorum|Polygonatum commutatum,OEWN,Q7226448|Q4117736,unique_value,species of plant,Polygonatum commutatum
i102518,Q4117736,North American perennial herb with smooth foliage and drooping tubular greenish flowers,12494923-n,i102518,great Solomon's-seal|Polygonatum biflorum|Polygonatum commutatum,OEWN,Q7226448|Q4117736,unique_value,species of plant,Polygonatum biflorum
i102518,Q4117736,North American perennial herb with smooth foliage and drooping tubular greenish flowers,12494923-n,i102518,great Solomon's-seal|Polygonatum biflorum|Polygonatum commutatum,OEWN,Q7226448|Q4117736,unique_value,species of plant,Polygonatum biflorum
i102518,Q7226448,North American perennial herb with smooth foliage and drooping tubular greenish flowers,12494923-n,i102518,great Solomon's-seal|Polygonatum biflorum|Polygonatum commutatum,OEWN,Q7226448|Q4117736,unique_value,species of plant,Polygonatum commutatum
i102636,Q21872227,cosmopolitan tropical herb or subshrub with yellow flowers and slender curved pods; a weed; sometimes placed in genus Cassia,12521023-n,i102636,sicklepod|Senna obtusifolia|Cassia tora,OEWN,Q21872227|Q1378803,unique_value,species of plant,Cassia tora
i102636,Q1378803,cosmopolitan tropical herb or subshrub with yellow flowers and slender curved pods; a weed; sometimes placed in genus Cassia,12521023-n,i102636,sicklepod|Senna obtusifolia|Cassia tora,OEWN,Q21872227|Q1378803,unique_value,species of legume,Senna obtusifolia
i102636,Q1378803,cosmopolitan tropical herb or subshrub with yellow flowers and slender curved pods; a weed; sometimes placed in genus Cassia,12521023-n,i102636,sicklepod|Senna obtusifolia|Cassia tora,OEWN,Q21872227|Q1378803,unique_value,species of legume,Senna obtusifolia
i102636,Q21872227,cosmopolitan tropical herb or subshrub with yellow flowers and slender curved pods; a weed; sometimes placed in genus Cassia,12521023-n,i102636,sicklepod|Senna obtusifolia|Cassia tora,OEWN,Q21872227|Q1378803,unique_value,species of plant,Cassia tora
i102693,Q15531292,shrub of Canary Islands having bristle-tipped oblanceolate leaves; used as cattle fodder,12535097-n,i102693,tagasaste|Chamaecytisus palmensis|Cytesis proliferus,OEWN,Q15531292|Q7675170,unique_value,species of plant,Cytisus proliferus
i102693,Q7675170,shrub of Canary Islands having bristle-tipped oblanceolate leaves; used as cattle fodder,12535097-n,i102693,tagasaste|Chamaecytisus palmensis|Cytesis proliferus,OEWN,Q15531292|Q7675170,unique_value,species of plant,Chamaecytisus palmensis
i102693,Q7675170,shrub of Canary Islands having bristle-tipped oblanceolate leaves; used as cattle fodder,12535097-n,i102693,tagasaste|Chamaecytisus palmensis|Cytesis proliferus,OEWN,Q15531292|Q7675170,unique_value,species of plant,Chamaecytisus palmensis
i102693,Q15531292,shrub of Canary Islands having bristle-tipped oblanceolate leaves; used as cattle fodder,12535097-n,i102693,tagasaste|Chamaecytisus palmensis|Cytesis proliferus,OEWN,Q15531292|Q7675170,unique_value,species of plant,Cytisus proliferus
i102781,Q8000935,North American plant similar to true licorice and having a root with similar properties,12553695-n,i102781,wild licorice|wild liquorice|American licorice|American liquorice|Glycyrrhiza lepidota,OEWN,Q164138,unique_value,Wikimedia disambiguation page,Wild liquorice
i102781,Q164138,North American plant similar to true licorice and having a root with similar properties,12553695-n,i102781,wild licorice|wild liquorice|American licorice|American liquorice|Glycyrrhiza lepidota,OEWN,Q164138,unique_value,species of plant,American licorice
i102781,Q164138,North American plant similar to true licorice and having a root with similar properties,12553695-n,i102781,wild licorice|wild liquorice|American licorice|American liquorice|Glycyrrhiza lepidota,OEWN,Q164138,unique_value,species of plant,American licorice
i102781,Q8000935,North American plant similar to true licorice and having a root with similar properties,12553695-n,i102781,wild licorice|wild liquorice|American licorice|American liquorice|Glycyrrhiza lepidota,OEWN,Q164138,unique_value,Wikimedia disambiguation page,Wild liquorice
i103173,Q2720105,submersed plant with whorled lanceolate leaves and solitary axillary flowers; Old World plant naturalized in southern United States and clogging Florida's waterways,12634467-n,i103173,hydrilla|Hydrilla verticillata,OEWN,Q164181,unique_value,genus of aquatic plant,Hydrilla
i103173,Q164181,submersed plant with whorled lanceolate leaves and solitary axillary flowers; Old World plant naturalized in southern United States and clogging Florida's waterways,12634467-n,i103173,hydrilla|Hydrilla verticillata,OEWN,Q164181,unique_value,species of plant,Hydrilla verticillata
i103173,Q164181,submersed plant with whorled lanceolate leaves and solitary axillary flowers; Old World plant naturalized in southern United States and clogging Florida's waterways,12634467-n,i103173,hydrilla|Hydrilla verticillata,OEWN,Q164181,unique_value,species of plant,Hydrilla verticillata
i103173,Q2720105,submersed plant with whorled lanceolate leaves and solitary axillary flowers; Old World plant naturalized in southern United States and clogging Florida's waterways,12634467-n,i103173,hydrilla|Hydrilla verticillata,OEWN,Q164181,unique_value,genus of aquatic plant,Hydrilla
i103366,Q7376205,stout-stemmed trailing shrub of New Zealand that scrambles over other growth,12674197-n,i103366,lawyerbush|lawyer bush|bush lawyer|Rubus cissoides|Rubus australis,OEWN,Q7376203|Q7376205,unique_value,species of plant,Rubus cissoides
i103366,Q7376203,stout-stemmed trailing shrub of New Zealand that scrambles over other growth,12674197-n,i103366,lawyerbush|lawyer bush|bush lawyer|Rubus cissoides|Rubus australis,OEWN,Q7376203|Q7376205,unique_value,species of plant,Rubus australis
i103366,Q7376203,stout-stemmed trailing shrub of New Zealand that scrambles over other growth,12674197-n,i103366,lawyerbush|lawyer bush|bush lawyer|Rubus cissoides|Rubus australis,OEWN,Q7376203|Q7376205,unique_value,species of plant,Rubus australis
i103366,Q7376205,stout-stemmed trailing shrub of New Zealand that scrambles over other growth,12674197-n,i103366,lawyerbush|lawyer bush|bush lawyer|Rubus cissoides|Rubus australis,OEWN,Q7376203|Q7376205,unique_value,species of plant,Rubus cissoides
i103422,Q5120189,Peruvian shrub or small tree having large glossy leaves and cymes of fragrant yellow to green or red flowers; cultivated for its medicinal bark,12684948-n,i103422,calisaya|Cinchona officinalis|Cinchona ledgeriana|Cinchona calisaya,OEWN,Q3091779|Q5120189|Q15399753,unique_value,species of plant,Cinchona ledgeriana
i103422,Q3091779,Peruvian shrub or small tree having large glossy leaves and cymes of fragrant yellow to green or red flowers; cultivated for its medicinal bark,12684948-n,i103422,calisaya|Cinchona officinalis|Cinchona ledgeriana|Cinchona calisaya,OEWN,Q3091779|Q5120189|Q15399753,unique_value,Species of plant,Cinchona officinalis
i103422,Q3091779,Peruvian shrub or small tree having large glossy leaves and cymes of fragrant yellow to green or red flowers; cultivated for its medicinal bark,12684948-n,i103422,calisaya|Cinchona officinalis|Cinchona ledgeriana|Cinchona calisaya,OEWN,Q3091779|Q5120189|Q15399753,unique_value,Species of plant,Cinchona officinalis
i103422,Q5120189,Peruvian shrub or small tree having large glossy leaves and cymes of fragrant yellow to green or red flowers; cultivated for its medicinal bark,12684948-n,i103422,calisaya|Cinchona officinalis|Cinchona ledgeriana|Cinchona calisaya,OEWN,Q3091779|Q5120189|Q15399753,unique_value,species of plant,Cinchona ledgeriana
i104970,Q49439977,a fungus that attacks living fish and tadpoles and spawn causing white fungus disease: a coating of white hyphae on especially peripheral parts (as fins),13000589-n,i104970,white fungus|Saprolegnia ferax,OEWN,Q49439977,unique_value,species of fungus,Saprolegnia ferax
i104970,Q7994710,a fungus that attacks living fish and tadpoles and spawn causing white fungus disease: a coating of white hyphae on especially peripheral parts (as fins),13000589-n,i104970,white fungus|Saprolegnia ferax,OEWN,Q49439977,unique_value,"art magazine and project based in Taichung City, Taiwan",White Fungus
i104970,Q7994710,a fungus that attacks living fish and tadpoles and spawn causing white fungus disease: a coating of white hyphae on especially peripheral parts (as fins),13000589-n,i104970,white fungus|Saprolegnia ferax,OEWN,Q49439977,unique_value,"art magazine and project based in Taichung City, Taiwan",White Fungus
i104970,Q49439977,a fungus that attacks living fish and tadpoles and spawn causing white fungus disease: a coating of white hyphae on especially peripheral parts (as fins),13000589-n,i104970,white fungus|Saprolegnia ferax,OEWN,Q49439977,unique_value,species of fungus,Saprolegnia ferax
i105905,Q4364577,commonly cultivated fern of Australia and southeastern Asia and Polynesia,13198782-n,i105905,common staghorn fern|elkhorn fern|Platycerium bifurcatum|Platycerium alcicorne,OEWN,Q2170121,unique_value,species of plant,Platycerium alcicorne
i105905,Q2170121,commonly cultivated fern of Australia and southeastern Asia and Polynesia,13198782-n,i105905,common staghorn fern|elkhorn fern|Platycerium bifurcatum|Platycerium alcicorne,OEWN,Q2170121,unique_value,species of fern in the family Polypodiaceae,Platycerium bifurcatum
i105905,Q2170121,commonly cultivated fern of Australia and southeastern Asia and Polynesia,13198782-n,i105905,common staghorn fern|elkhorn fern|Platycerium bifurcatum|Platycerium alcicorne,OEWN,Q2170121,unique_value,species of fern in the family Polypodiaceae,Platycerium bifurcatum
i105905,Q4364577,commonly cultivated fern of Australia and southeastern Asia and Polynesia,13198782-n,i105905,common staghorn fern|elkhorn fern|Platycerium bifurcatum|Platycerium alcicorne,OEWN,Q2170121,unique_value,species of plant,Platycerium alcicorne
i105977,Q3774137,alternative names for one of a number of families into which the family Polypodiaceae has been subdivided in some classification systems,13212923-n,i105977,Dryopteridaceae|family Dryopteridaceae|Athyriaceae|family Athyriaceae,OENN,Q3774137|Q656683,unique_value,family of plants,Athyriaceae
i105977,Q656683,alternative names for one of a number of families into which the family Polypodiaceae has been subdivided in some classification systems,13212923-n,i105977,Dryopteridaceae|family Dryopteridaceae|Athyriaceae|family Athyriaceae,OENN,Q3774137|Q656683,unique_value,family of plants,Dryopteridaceae
i105977,Q656683,alternative names for one of a number of families into which the family Polypodiaceae has been subdivided in some classification systems,13212923-n,i105977,Dryopteridaceae|family Dryopteridaceae|Athyriaceae|family Athyriaceae,OENN,Q3774137|Q656683,unique_value,family of plants,Dryopteridaceae
i105977,Q3774137,alternative names for one of a number of families into which the family Polypodiaceae has been subdivided in some classification systems,13212923-n,i105977,Dryopteridaceae|family Dryopteridaceae|Athyriaceae|family Athyriaceae,OENN,Q3774137|Q656683,unique_value,family of plants,Athyriaceae
i107547,Q3448862,inability to control the flow of urine and involuntary urination,13496061-n,i107547,enuresis|urinary incontinence,OEWN,Q281490|Q3448862,unique_value,repeated inability to control urination,enuresis
i107547,Q281490,inability to control the flow of urine and involuntary urination,13496061-n,i107547,enuresis|urinary incontinence,OEWN,Q281490|Q3448862,unique_value,uncontrolled leakage of urine,urinary incontinence
i107547,Q281490,inability to control the flow of urine and involuntary urination,13496061-n,i107547,enuresis|urinary incontinence,OEWN,Q281490|Q3448862,unique_value,uncontrolled leakage of urine,urinary incontinence
i107547,Q3448862,inability to control the flow of urine and involuntary urination,13496061-n,i107547,enuresis|urinary incontinence,OEWN,Q281490|Q3448862,unique_value,repeated inability to control urination,enuresis
i108293,Q3972226,a metric unit of volume or capacity equal to 1000 liters,13646268-n,i108293,kiloliter|kilolitre|cubic meter|cubic metre,OEWN,Q3972226|Q25517,unique_value,unit of volume,kilolitre
i108293,Q25517,a metric unit of volume or capacity equal to 1000 liters,13646268-n,i108293,kiloliter|kilolitre|cubic meter|cubic metre,OEWN,Q3972226|Q25517,unique_value,SI unit of volume,cubic metre
i108293,Q25517,a metric unit of volume or capacity equal to 1000 liters,13646268-n,i108293,kiloliter|kilolitre|cubic meter|cubic metre,OEWN,Q3972226|Q25517,unique_value,SI unit of volume,cubic metre
i108293,Q3972226,a metric unit of volume or capacity equal to 1000 liters,13646268-n,i108293,kiloliter|kilolitre|cubic meter|cubic metre,OEWN,Q3972226|Q25517,unique_value,unit of volume,kilolitre
i108305,Q79756,a unit of information equal to 1024 bytes,13648977-n,i108305,kilobyte|kibibyte|K|KB|kB|KiB,OEWN,Q79756|Q79726,unique_value,"unit of digital information equal to 1,024 bytes",kibibyte
i108305,Q79726,a unit of information equal to 1024 bytes,13648977-n,i108305,kilobyte|kibibyte|K|KB|kB|KiB,OEWN,Q79756|Q79726,unique_value,unit of digital information equal to one thousand bytes,kilobyte
i108305,Q79726,a unit of information equal to 1024 bytes,13648977-n,i108305,kilobyte|kibibyte|K|KB|kB|KiB,OEWN,Q79756|Q79726,unique_value,unit of digital information equal to one thousand bytes,kilobyte
i108305,Q79756,a unit of information equal to 1024 bytes,13648977-n,i108305,kilobyte|kibibyte|K|KB|kB|KiB,OEWN,Q79756|Q79726,unique_value,"unit of digital information equal to 1,024 bytes",kibibyte
i110637,Q752800,absence of systole; failure of the ventricles of the heart to contract (usually caused by ventricular fibrillation) with consequent absence of the heart beat leading to oxygen lack and eventually to death,14048052-n,i110637,asystole|cardiac arrest|cardiopulmonary arrest,OEWN,Q752800|Q202837,unique_value,absence of ventricular contractions lasting longer than the minimum possible to sustain life,asystole
i110637,Q202837,absence of systole; failure of the ventricles of the heart to contract (usually caused by ventricular fibrillation) with consequent absence of the heart beat leading to oxygen lack and eventually to death,14048052-n,i110637,asystole|cardiac arrest|cardiopulmonary arrest,OEWN,Q752800|Q202837,unique_value,sudden stop in effective blood flow due to the failure of the heart to contract effectively,cardiac arrest
i110637,Q202837,absence of systole; failure of the ventricles of the heart to contract (usually caused by ventricular fibrillation) with consequent absence of the heart beat leading to oxygen lack and eventually to death,14048052-n,i110637,asystole|cardiac arrest|cardiopulmonary arrest,OEWN,Q752800|Q202837,unique_value,sudden stop in effective blood flow due to the failure of the heart to contract effectively,cardiac arrest
i110637,Q752800,absence of systole; failure of the ventricles of the heart to contract (usually caused by ventricular fibrillation) with consequent absence of the heart beat leading to oxygen lack and eventually to death,14048052-n,i110637,asystole|cardiac arrest|cardiopulmonary arrest,OEWN,Q752800|Q202837,unique_value,absence of ventricular contractions lasting longer than the minimum possible to sustain life,asystole
i110785,Q8187550,a condition in which little or no bile is secreted or the flow of bile into the digestive tract is obstructed,14077947-n,i110785,acholia|cholestasis,OEWN,Q8187550|Q1075923,unique_value,Absence or insufficiency of bile secretion indicating injury to the liver cell.,Acholia
i110785,Q1075923,a condition in which little or no bile is secreted or the flow of bile into the digestive tract is obstructed,14077947-n,i110785,acholia|cholestasis,OEWN,Q8187550|Q1075923,unique_value,Human disease,cholestasis
i110785,Q1075923,a condition in which little or no bile is secreted or the flow of bile into the digestive tract is obstructed,14077947-n,i110785,acholia|cholestasis,OEWN,Q8187550|Q1075923,unique_value,Human disease,cholestasis
i110785,Q8187550,a condition in which little or no bile is secreted or the flow of bile into the digestive tract is obstructed,14077947-n,i110785,acholia|cholestasis,OEWN,Q8187550|Q1075923,unique_value,Absence or insufficiency of bile secretion indicating injury to the liver cell.,Acholia
i112375,Q7108870,inflammation of the inner ear; can cause vertigo and vomiting,14372162-n,i112375,labyrinthitis|otitis interna,OEWN,Q7108870|Q2038371,unique_value,inner ear disease which involves inflammation of the inner ear,otitis interna
i112375,Q2038371,inflammation of the inner ear; can cause vertigo and vomiting,14372162-n,i112375,labyrinthitis|otitis interna,OEWN,Q7108870|Q2038371,unique_value,"inflammation of the labyrinth, fluid-filled channels in the inner ear",labyrinthitis
i112375,Q2038371,inflammation of the inner ear; can cause vertigo and vomiting,14372162-n,i112375,labyrinthitis|otitis interna,OEWN,Q7108870|Q2038371,unique_value,"inflammation of the labyrinth, fluid-filled channels in the inner ear",labyrinthitis
i112375,Q7108870,inflammation of the inner ear; can cause vertigo and vomiting,14372162-n,i112375,labyrinthitis|otitis interna,OEWN,Q7108870|Q2038371,unique_value,inner ear disease which involves inflammation of the inner ear,otitis interna
i116398,Q422488,a nucleoside component of DNA; composed of guanine and deoxyribose,15097852-n,i116398,deoxyguanosine,OEWN,Q422488,unique_value,chemical compound,2'-deoxyguanosine
i116398,Q422462,a nucleoside component of DNA; composed of guanine and deoxyribose,15097852-n,i116398,deoxyguanosine,OEWN,Q422488,unique_value,chemical compound,guanosine
i116398,Q422462,a nucleoside component of DNA; composed of guanine and deoxyribose,15097852-n,i116398,deoxyguanosine,OEWN,Q422488,unique_value,chemical compound,guanosine
i116398,Q422488,a nucleoside component of DNA; composed of guanine and deoxyribose,15097852-n,i116398,deoxyguanosine,OEWN,Q422488,unique_value,chemical compound,2'-deoxyguanosine
i116507,Q252251,a B vitamin that is used to treat pernicious anemia,15115871-n,i116507,vitamin B12|cobalamin|cyanocobalamin|antipernicious anemia factor,OEWN,Q252251|Q187706,unique_value,chemical compound,cyanocobalamin
i116507,Q187706,a B vitamin that is used to treat pernicious anemia,15115871-n,i116507,vitamin B12|cobalamin|cyanocobalamin|antipernicious anemia factor,OEWN,Q252251|Q187706,unique_value,vitamin involved in the metabolism of every cell,vitamin B12
i116507,Q187706,a B vitamin that is used to treat pernicious anemia,15115871-n,i116507,vitamin B12|cobalamin|cyanocobalamin|antipernicious anemia factor,OEWN,Q252251|Q187706,unique_value,vitamin involved in the metabolism of every cell,vitamin B12
i116507,Q252251,a B vitamin that is used to treat pernicious anemia,15115871-n,i116507,vitamin B12|cobalamin|cyanocobalamin|antipernicious anemia factor,OEWN,Q252251|Q187706,unique_value,chemical compound,cyanocobalamin
i116609,Q2342917,a common mineral occurring in small crystals; chief source of zirconium; used as a refractory when opaque and as a gem when transparent,15133694-n,i116609,zircon|zirconium silicate,OEWN,Q2342917|Q178928,unique_value,chemical compound,zirconium silicate
i116609,Q178928,a common mineral occurring in small crystals; chief source of zirconium; used as a refractory when opaque and as a gem when transparent,15133694-n,i116609,zircon|zirconium silicate,OEWN,Q2342917|Q178928,unique_value,mineral belonging to the group of nesosilicates,zircon
i116609,Q178928,a common mineral occurring in small crystals; chief source of zirconium; used as a refractory when opaque and as a gem when transparent,15133694-n,i116609,zircon|zirconium silicate,OEWN,Q2342917|Q178928,unique_value,mineral belonging to the group of nesosilicates,zircon
i116609,Q2342917,a common mineral occurring in small crystals; chief source of zirconium; used as a refractory when opaque and as a gem when transparent,15133694-n,i116609,zircon|zirconium silicate,OEWN,Q2342917|Q178928,unique_value,chemical compound,zirconium silicate
i116638,Q1777301,the official time in a local region (adjusted for location around the Earth); established by law or custom,15141495-n,i116638,civil time|standard time|local time,OEWN,Q849275|Q1777301,unique_value,synchronization of clocks within a geographical area or region,standard time
i116638,Q849275,the official time in a local region (adjusted for location around the Earth); established by law or custom,15141495-n,i116638,civil time|standard time|local time,OEWN,Q849275|Q1777301,unique_value,"standard for the measurement of time in some given area, which allows determining which conventional timezone to apply locally and usually to the social and civil life",civil time
i116638,Q849275,the official time in a local region (adjusted for location around the Earth); established by law or custom,15141495-n,i116638,civil time|standard time|local time,OEWN,Q849275|Q1777301,unique_value,"standard for the measurement of time in some given area, which allows determining which conventional timezone to apply locally and usually to the social and civil life",civil time
i116638,Q1777301,the official time in a local region (adjusted for location around the Earth); established by law or custom,15141495-n,i116638,civil time|standard time|local time,OEWN,Q849275|Q1777301,unique_value,synchronization of clocks within a geographical area or region,standard time
i116908,Q986787,the time period between dawn and noon,15190336-n,i116908,morning|morn|morning time|forenoon,OEWN,Q986787|Q7722,unique_value,part of the day between morning and noon,forenoon
i116908,Q7722,the time period between dawn and noon,15190336-n,i116908,morning|morn|morning time|forenoon,OEWN,Q986787|Q7722,unique_value,period of time from sunrise to noon,morning
i116908,Q7722,the time period between dawn and noon,15190336-n,i116908,morning|morn|morning time|forenoon,OEWN,Q986787|Q7722,unique_value,period of time from sunrise to noon,morning
i116908,Q986787,the time period between dawn and noon,15190336-n,i116908,morning|morn|morning time|forenoon,OEWN,Q986787|Q7722,unique_value,part of the day between morning and noon,forenoon
i117288,Q829005,"middle part of the Stone Age beginning about 15,000 years ago",15258036-n,i117288,Mesolithic Age|Mesolithic|Epipaleolithic,OENN,Q829005|Q44155,unique_value,archaeological period,Epipaleolithic
i117288,Q44155,"middle part of the Stone Age beginning about 15,000 years ago",15258036-n,i117288,Mesolithic Age|Mesolithic|Epipaleolithic,OENN,Q829005|Q44155,unique_value,"prehistoric period, second part of the Stone Age",Mesolithic
i117288,Q44155,"middle part of the Stone Age beginning about 15,000 years ago",15258036-n,i117288,Mesolithic Age|Mesolithic|Epipaleolithic,OENN,Q829005|Q44155,unique_value,"prehistoric period, second part of the Stone Age",Mesolithic
i117288,Q829005,"middle part of the Stone Age beginning about 15,000 years ago",15258036-n,i117288,Mesolithic Age|Mesolithic|Epipaleolithic,OENN,Q829005|Q44155,unique_value,archaeological period,Epipaleolithic
i117433,Q217192,the period of history between classical antiquity and the Italian Renaissance,15284095-n,i117433,Middle Ages|Dark Ages,OENN,Q217192|Q12554,unique_value,historical period,Dark Ages
i117433,Q12554,the period of history between classical antiquity and the Italian Renaissance,15284095-n,i117433,Middle Ages|Dark Ages,OENN,Q217192|Q12554,unique_value,period of European history from the 5th to the late 15th-century,Middle Ages
i117433,Q12554,the period of history between classical antiquity and the Italian Renaissance,15284095-n,i117433,Middle Ages|Dark Ages,OENN,Q217192|Q12554,unique_value,period of European history from the 5th to the late 15th-century,Middle Ages
i117433,Q217192,the period of history between classical antiquity and the Italian Renaissance,15284095-n,i117433,Middle Ages|Dark Ages,OENN,Q217192|Q12554,unique_value,historical period,Dark Ages
i35972,Q15710733,a pitch of a baseball that is thrown with spin so that its path curves as it approaches the batter,00108695-n,i35972,curve|curve ball|breaking ball|bender,OEWN,Q44891|Q15710733,unique_value,type of pitch in baseball,curveball
i35972,Q44891,a pitch of a baseball that is thrown with spin so that its path curves as it approaches the batter,00108695-n,i35972,curve|curve ball|breaking ball|bender,OEWN,Q44891|Q15710733,unique_value,baseball pitch that does not travel straight,breaking ball
i35972,Q44891,a pitch of a baseball that is thrown with spin so that its path curves as it approaches the batter,00108695-n,i35972,curve|curve ball|breaking ball|bender,OEWN,Q44891|Q15710733,unique_value,baseball pitch that does not travel straight,breaking ball
i35972,Q15710733,a pitch of a baseball that is thrown with spin so that its path curves as it approaches the batter,00108695-n,i35972,curve|curve ball|breaking ball|bender,OEWN,Q44891|Q15710733,unique_value,type of pitch in baseball,curveball
i36585,Q3199915,the savage and excessive killing of many people,00224850-n,i36585,slaughter|massacre|mass murder|carnage|butchery,OEWN,Q750215|Q3199915,unique_value,incident where some group is killed by another,massacre
i36585,Q750215,the savage and excessive killing of many people,00224850-n,i36585,slaughter|massacre|mass murder|carnage|butchery,OEWN,Q750215|Q3199915,unique_value,act of killing a large number of people by non-state actors,mass murder
i36585,Q750215,the savage and excessive killing of many people,00224850-n,i36585,slaughter|massacre|mass murder|carnage|butchery,OEWN,Q750215|Q3199915,unique_value,act of killing a large number of people by non-state actors,mass murder
i36585,Q3199915,the savage and excessive killing of many people,00224850-n,i36585,slaughter|massacre|mass murder|carnage|butchery,OEWN,Q750215|Q3199915,unique_value,incident where some group is killed by another,massacre
i36999,Q1194872,the sport of soaring while being towed by a motorboat while wearing a parachute-like canopy,00305175-n,i36999,parasailing,OEWN,Q178380|Q1194872,unique_value,aerial sport in which person is connected to a parachute and towed by a boat,parasailing
i36999,Q178380,the sport of soaring while being towed by a motorboat while wearing a parachute-like canopy,00305175-n,i36999,parasailing,OEWN,Q178380|Q1194872,unique_value,soaring or thermaling with a paraglider,paragliding
i36999,Q178380,the sport of soaring while being towed by a motorboat while wearing a parachute-like canopy,00305175-n,i36999,parasailing,OEWN,Q178380|Q1194872,unique_value,soaring or thermaling with a paraglider,paragliding
i36999,Q1194872,the sport of soaring while being towed by a motorboat while wearing a parachute-like canopy,00305175-n,i36999,parasailing,OEWN,Q178380|Q1194872,unique_value,aerial sport in which person is connected to a parachute and towed by a boat,parasailing
i37976,Q1898942,a card game played with a pack of forty-eight cards (two of each suit for high cards); play resembles whist,00495111-n,i37976,pinochle|pinocle|penuchle|bezique,OEWN,Q1019517|Q1898942,unique_value,Card game,Pinochle
i37976,Q1019517,a card game played with a pack of forty-eight cards (two of each suit for high cards); play resembles whist,00495111-n,i37976,pinochle|pinocle|penuchle|bezique,OEWN,Q1019517|Q1898942,unique_value,card game,Bezique
i37976,Q1019517,a card game played with a pack of forty-eight cards (two of each suit for high cards); play resembles whist,00495111-n,i37976,pinochle|pinocle|penuchle|bezique,OEWN,Q1019517|Q1898942,unique_value,card game,Bezique
i37976,Q1898942,a card game played with a pack of forty-eight cards (two of each suit for high cards); play resembles whist,00495111-n,i37976,pinochle|pinocle|penuchle|bezique,OEWN,Q1019517|Q1898942,unique_value,Card game,Pinochle
i38618,Q816871,the craft of a carpenter: making things out of wood,00608890-n,i38618,carpentry|woodworking|woodwork,OEWN,Q816871|Q203605,unique_value,process of making objects from wood,woodworking
i38618,Q203605,the craft of a carpenter: making things out of wood,00608890-n,i38618,carpentry|woodworking|woodwork,OEWN,Q816871|Q203605,unique_value,the skill or work of a carpenter,carpentry
i38618,Q203605,the craft of a carpenter: making things out of wood,00608890-n,i38618,carpentry|woodworking|woodwork,OEWN,Q816871|Q203605,unique_value,the skill or work of a carpenter,carpentry
i38618,Q816871,the craft of a carpenter: making things out of wood,00608890-n,i38618,carpentry|woodworking|woodwork,OEWN,Q816871|Q203605,unique_value,process of making objects from wood,woodworking
i40570,Q5510053,rapid simultaneous discharge of firearms,00990406-n,i40570,fusillade|salvo|volley|burst,OEWN,Q5510053|Q1572895,unique_value,simultaneous and continuous firing of a group of firearms on command,fusillade
i40570,Q1572895,rapid simultaneous discharge of firearms,00990406-n,i40570,fusillade|salvo|volley|burst,OEWN,Q5510053|Q1572895,unique_value,simultaneous firing of guns,salvo
i40570,Q1572895,rapid simultaneous discharge of firearms,00990406-n,i40570,fusillade|salvo|volley|burst,OEWN,Q5510053|Q1572895,unique_value,simultaneous firing of guns,salvo
i40570,Q5510053,rapid simultaneous discharge of firearms,00990406-n,i40570,fusillade|salvo|volley|burst,OEWN,Q5510053|Q1572895,unique_value,simultaneous and continuous firing of a group of firearms on command,fusillade
i41947,Q219954,willful wanton and malicious destruction of the property of others,01252403-n,i41947,vandalism|hooliganism|malicious mischief,OEWN,Q219954|Q6160,unique_value,"disruptive or unlawful behavior such as rioting, bullying, and vandalism",hooliganism
i41947,Q6160,willful wanton and malicious destruction of the property of others,01252403-n,i41947,vandalism|hooliganism|malicious mischief,OEWN,Q219954|Q6160,unique_value,activity of deliberately damaging or defacing an object or structure,vandalism
i41947,Q6160,willful wanton and malicious destruction of the property of others,01252403-n,i41947,vandalism|hooliganism|malicious mischief,OEWN,Q219954|Q6160,unique_value,activity of deliberately damaging or defacing an object or structure,vandalism
i41947,Q219954,willful wanton and malicious destruction of the property of others,01252403-n,i41947,vandalism|hooliganism|malicious mischief,OEWN,Q219954|Q6160,unique_value,"disruptive or unlawful behavior such as rioting, bullying, and vandalism",hooliganism
i42136,Q1160195,the site of three famous battles among Greek city-states: in 418 BC and 362 BC and 207 BC,01288886-n,i42136,Mantinea|Mantineia,OENN,Q233399|Q1160195,unique_value,"ruined ancient city in Arcadia, Greece",Mantineia
i42136,Q233399,the site of three famous battles among Greek city-states: in 418 BC and 362 BC and 207 BC,01288886-n,i42136,Mantinea|Mantineia,OENN,Q233399|Q1160195,unique_value,battle in 362 BCE,Battle of Mantinea
i42136,Q233399,the site of three famous battles among Greek city-states: in 418 BC and 362 BC and 207 BC,01288886-n,i42136,Mantinea|Mantineia,OENN,Q233399|Q1160195,unique_value,battle in 362 BCE,Battle of Mantinea
i42136,Q1160195,the site of three famous battles among Greek city-states: in 418 BC and 362 BC and 207 BC,01288886-n,i42136,Mantinea|Mantineia,OENN,Q233399|Q1160195,unique_value,"ruined ancient city in Arcadia, Greece",Mantineia
i42229,Q101534,the revolution against the czarist government which led to the abdication of Nicholas II and the creation of a provisional government in March 1917,01310245-n,i42229,Russian Revolution|February Revolution,OENN,Q8729|Q101534,unique_value,first of two revolutions in Russia in 1917,February Revolution
i42229,Q8729,the revolution against the czarist government which led to the abdication of Nicholas II and the creation of a provisional government in March 1917,01310245-n,i42229,Russian Revolution|February Revolution,OENN,Q8729|Q101534,unique_value,1917-1922 political change in Russia,Russian Revolution
i42229,Q8729,the revolution against the czarist government which led to the abdication of Nicholas II and the creation of a provisional government in March 1917,01310245-n,i42229,Russian Revolution|February Revolution,OENN,Q8729|Q101534,unique_value,1917-1922 political change in Russia,Russian Revolution
i42229,Q101534,the revolution against the czarist government which led to the abdication of Nicholas II and the creation of a provisional government in March 1917,01310245-n,i42229,Russian Revolution|February Revolution,OENN,Q8729|Q101534,unique_value,first of two revolutions in Russia in 1917,February Revolution
i42818,Q311376,parasitic protozoan of the genus Plasmodium that causes malaria in humans,01427061-n,i42818,plasmodium|Plasmodium vivax|malaria parasite,OEWN,Q311376,unique_value,species of malaria parasite,Plasmodium vivax
i42818,Q130948,parasitic protozoan of the genus Plasmodium that causes malaria in humans,01427061-n,i42818,plasmodium|Plasmodium vivax|malaria parasite,OEWN,Q311376,unique_value,genus of parasitic protists that can cause malaria,Q130948
i42818,Q130948,parasitic protozoan of the genus Plasmodium that causes malaria in humans,01427061-n,i42818,plasmodium|Plasmodium vivax|malaria parasite,OEWN,Q311376,unique_value,genus of parasitic protists that can cause malaria,Q130948
i42818,Q311376,parasitic protozoan of the genus Plasmodium that causes malaria in humans,01427061-n,i42818,plasmodium|Plasmodium vivax|malaria parasite,OEWN,Q311376,unique_value,species of malaria parasite,Plasmodium vivax
i43120,Q578852,type and sole genus of Carchariidae: sand sharks,01489953-n,i43120,Carcharias|genus Carcharias|Odontaspis|genus Odontaspis,OENN,Q574070|Q578852,unique_value,genus of fishes,Carcharias
i43120,Q574070,type and sole genus of Carchariidae: sand sharks,01489953-n,i43120,Carcharias|genus Carcharias|Odontaspis|genus Odontaspis,OENN,Q574070|Q578852,unique_value,genus of fishes,Q574070
i43120,Q574070,type and sole genus of Carchariidae: sand sharks,01489953-n,i43120,Carcharias|genus Carcharias|Odontaspis|genus Odontaspis,OENN,Q574070|Q578852,unique_value,genus of fishes,Q574070
i43120,Q578852,type and sole genus of Carchariidae: sand sharks,01489953-n,i43120,Carcharias|genus Carcharias|Odontaspis|genus Odontaspis,OENN,Q574070|Q578852,unique_value,genus of fishes,Carcharias
i43520,Q27075919,black-and-white North American wood warbler having an orange-and-black head and throat,01571701-n,i43520,Blackburn|Blackburnian warbler|Dendroica fusca,OEWN,Q27075919|Q1410964,unique_value,species of bird,Blackburnian Warbler
i43520,Q1410964,black-and-white North American wood warbler having an orange-and-black head and throat,01571701-n,i43520,Blackburn|Blackburnian warbler|Dendroica fusca,OEWN,Q27075919|Q1410964,unique_value,species of bird,Dendroica fusca
i43520,Q1410964,black-and-white North American wood warbler having an orange-and-black head and throat,01571701-n,i43520,Blackburn|Blackburnian warbler|Dendroica fusca,OEWN,Q27075919|Q1410964,unique_value,species of bird,Dendroica fusca
i43520,Q27075919,black-and-white North American wood warbler having an orange-and-black head and throat,01571701-n,i43520,Blackburn|Blackburnian warbler|Dendroica fusca,OEWN,Q27075919|Q1410964,unique_value,species of bird,Blackburnian Warbler
i44678,Q167367,arthropods having the body composed of numerous double somites each with two pairs of legs: millipedes,01789043-n,i44678,Diplopoda|class Diplopoda|Myriapoda|class Myriapoda,OENN,Q167367,unique_value,class of arthropods,Diplopoda
i44678,Q25823,arthropods having the body composed of numerous double somites each with two pairs of legs: millipedes,01789043-n,i44678,Diplopoda|class Diplopoda|Myriapoda|class Myriapoda,OENN,Q167367,unique_value,subphylum of arthropods,Q25823
i44678,Q25823,arthropods having the body composed of numerous double somites each with two pairs of legs: millipedes,01789043-n,i44678,Diplopoda|class Diplopoda|Myriapoda|class Myriapoda,OENN,Q167367,unique_value,subphylum of arthropods,Q25823
i44678,Q167367,arthropods having the body composed of numerous double somites each with two pairs of legs: millipedes,01789043-n,i44678,Diplopoda|class Diplopoda|Myriapoda|class Myriapoda,OENN,Q167367,unique_value,class of arthropods,Diplopoda
i44894,Q1809222,a kind of lorikeet,01823717-n,i44894,rainbow lorikeet|Trichoglossus moluccanus,OEWN,Q1809222,unique_value,species of bird,Rainbow Lorikeet
i44894,Q319545,a kind of lorikeet,01823717-n,i44894,rainbow lorikeet|Trichoglossus moluccanus,OEWN,Q1809222,unique_value,species of bird,Coconut Lorikeet
i44894,Q319545,a kind of lorikeet,01823717-n,i44894,rainbow lorikeet|Trichoglossus moluccanus,OEWN,Q1809222,unique_value,species of bird,Coconut Lorikeet
i44894,Q1809222,a kind of lorikeet,01823717-n,i44894,rainbow lorikeet|Trichoglossus moluccanus,OEWN,Q1809222,unique_value,species of bird,Rainbow Lorikeet
i45106,Q386047,very large wild goose of northeast Asia; interbreeds freely with the greylag,01859021-n,i45106,Chinese goose|Anser cygnoides,OEWN,Q31354,unique_value,breed of domesticated goose,Chinese goose
i45106,Q31354,very large wild goose of northeast Asia; interbreeds freely with the greylag,01859021-n,i45106,Chinese goose|Anser cygnoides,OEWN,Q31354,unique_value,species of bird,Swan Goose
i45106,Q31354,very large wild goose of northeast Asia; interbreeds freely with the greylag,01859021-n,i45106,Chinese goose|Anser cygnoides,OEWN,Q31354,unique_value,species of bird,Swan Goose
i45106,Q386047,very large wild goose of northeast Asia; interbreeds freely with the greylag,01859021-n,i45106,Chinese goose|Anser cygnoides,OEWN,Q31354,unique_value,breed of domesticated goose,Chinese goose
i45613,Q1152770,an order of Amphineura,01956981-n,i45613,Solenogastres|order Solenogastres|Aplacophora|order Aplacophora,OENN,Q1152770|Q213228,unique_value,class of molluscs,Solenogastres
i45613,Q213228,an order of Amphineura,01956981-n,i45613,Solenogastres|order Solenogastres|Aplacophora|order Aplacophora,OENN,Q1152770|Q213228,unique_value,class of molluscs,Q213228
i45613,Q213228,an order of Amphineura,01956981-n,i45613,Solenogastres|order Solenogastres|Aplacophora|order Aplacophora,OENN,Q1152770|Q213228,unique_value,class of molluscs,Q213228
i45613,Q1152770,an order of Amphineura,01956981-n,i45613,Solenogastres|order Solenogastres|Aplacophora|order Aplacophora,OENN,Q1152770|Q213228,unique_value,class of molluscs,Solenogastres
i46021,Q28070835,sandpiper-like shorebird of Pacific coasts of North America and South America,02029283-n,i46021,surfbird|Aphriza virgata,OEWN,Q28070835|Q1274741,unique_value,species of bird,Surfbird
i46021,Q1274741,sandpiper-like shorebird of Pacific coasts of North America and South America,02029283-n,i46021,surfbird|Aphriza virgata,OEWN,Q28070835|Q1274741,unique_value,species of bird,Aphriza virgata
i46021,Q1274741,sandpiper-like shorebird of Pacific coasts of North America and South America,02029283-n,i46021,surfbird|Aphriza virgata,OEWN,Q28070835|Q1274741,unique_value,species of bird,Aphriza virgata
i46021,Q28070835,sandpiper-like shorebird of Pacific coasts of North America and South America,02029283-n,i46021,surfbird|Aphriza virgata,OEWN,Q28070835|Q1274741,unique_value,species of bird,Surfbird
i46416,Q1144318,American breed of muscular terriers with a short close-lying stiff coat,02096080-n,i46416,American Staffordshire terrier|Staffordshire terrier|American pit bull terrier|pit bull terrier,OEWN,Q37688|Q1144318,unique_value,dog,pit bull
i46416,Q37688,American breed of muscular terriers with a short close-lying stiff coat,02096080-n,i46416,American Staffordshire terrier|Staffordshire terrier|American pit bull terrier|pit bull terrier,OEWN,Q37688|Q1144318,unique_value,dog breed,American Staffordshire Terrier
i46416,Q37688,American breed of muscular terriers with a short close-lying stiff coat,02096080-n,i46416,American Staffordshire terrier|Staffordshire terrier|American pit bull terrier|pit bull terrier,OEWN,Q37688|Q1144318,unique_value,dog breed,American Staffordshire Terrier
i46416,Q1144318,American breed of muscular terriers with a short close-lying stiff coat,02096080-n,i46416,American Staffordshire terrier|Staffordshire terrier|American pit bull terrier|pit bull terrier,OEWN,Q37688|Q1144318,unique_value,dog,pit bull
i46424,Q2132945,any of several breeds of terrier developed to catch rats,02097214-n,i46424,rat terrier|ratter,OEWN,Q38431|Q2132945,unique_value,type of dog that has been developed for catching rats and other vermin,Ratter
i46424,Q38431,any of several breeds of terrier developed to catch rats,02097214-n,i46424,rat terrier|ratter,OEWN,Q38431|Q2132945,unique_value,dog breed,Rat Terrier
i46424,Q38431,any of several breeds of terrier developed to catch rats,02097214-n,i46424,rat terrier|ratter,OEWN,Q38431|Q2132945,unique_value,dog breed,Rat Terrier
i46424,Q2132945,any of several breeds of terrier developed to catch rats,02097214-n,i46424,rat terrier|ratter,OEWN,Q38431|Q2132945,unique_value,type of dog that has been developed for catching rats and other vermin,Ratter
i46853,Q21445747,genus of Australian ladybugs,02169326-n,i46853,Rodolia|genus Rodolia|genus Vedalia,OENN,Q21445747,unique_value,genus of insects,Novius
i46853,Q3940018,genus of Australian ladybugs,02169326-n,i46853,Rodolia|genus Rodolia|genus Vedalia,OENN,Q21445747,unique_value,genus of insects,Rodolia
i46853,Q3940018,genus of Australian ladybugs,02169326-n,i46853,Rodolia|genus Rodolia|genus Vedalia,OENN,Q21445747,unique_value,genus of insects,Rodolia
i46853,Q21445747,genus of Australian ladybugs,02169326-n,i46853,Rodolia|genus Rodolia|genus Vedalia,OENN,Q21445747,unique_value,genus of insects,Novius
i47442,Q1316279,dark-colored insect having predaceous aquatic larvae,02269516-n,i47442,alderfly|alder fly|Sialis lutaria,OEWN,Q1316279,unique_value,species of insect,Sialis lutaria
i47442,Q899799,dark-colored insect having predaceous aquatic larvae,02269516-n,i47442,alderfly|alder fly|Sialis lutaria,OEWN,Q1316279,unique_value,insects of the Sialidae family,Sialidae
i47442,Q899799,dark-colored insect having predaceous aquatic larvae,02269516-n,i47442,alderfly|alder fly|Sialis lutaria,OEWN,Q1316279,unique_value,insects of the Sialidae family,Sialidae
i47442,Q1316279,dark-colored insect having predaceous aquatic larvae,02269516-n,i47442,alderfly|alder fly|Sialis lutaria,OEWN,Q1316279,unique_value,species of insect,Sialis lutaria
i48572,Q185167,a sloth that has three long claws on each forefoot and each hindfoot,02460039-n,i48572,three-toed sloth|ai|Bradypus tridactylus,OEWN,Q142715,unique_value,genus of mammals,three-toed sloth
i48572,Q142715,a sloth that has three long claws on each forefoot and each hindfoot,02460039-n,i48572,three-toed sloth|ai|Bradypus tridactylus,OEWN,Q142715,unique_value,species of mammal,Pale-throated Three-toed Sloth
i48572,Q142715,a sloth that has three long claws on each forefoot and each hindfoot,02460039-n,i48572,three-toed sloth|ai|Bradypus tridactylus,OEWN,Q142715,unique_value,species of mammal,Pale-throated Three-toed Sloth
i48572,Q185167,a sloth that has three long claws on each forefoot and each hindfoot,02460039-n,i48572,three-toed sloth|ai|Bradypus tridactylus,OEWN,Q142715,unique_value,genus of mammals,three-toed sloth
i49584,Q1140406,mojarras,02639296-n,i49584,Gerreidae|family Gerreidae|Gerridae|family Gerridae,OENN,Q270322,unique_value,family of fishes,Gerreidae
i49584,Q270322,mojarras,02639296-n,i49584,Gerreidae|family Gerreidae|Gerridae|family Gerridae,OENN,Q270322,unique_value,family of insects,Gerridae
i49584,Q270322,mojarras,02639296-n,i49584,Gerreidae|family Gerreidae|Gerridae|family Gerridae,OENN,Q270322,unique_value,family of insects,Gerridae
i49584,Q1140406,mojarras,02639296-n,i49584,Gerreidae|family Gerreidae|Gerridae|family Gerridae,OENN,Q270322,unique_value,family of fishes,Gerreidae
i49693,Q1328265,spines become erect when the body is inflated; worldwide in warm waters,02658478-n,i49693,porcupinefish|porcupine fish|Diodon hystrix,OEWN,Q1328265,unique_value,species of fish,spot-fin porcupinefish
i49693,Q329334,spines become erect when the body is inflated; worldwide in warm waters,02658478-n,i49693,porcupinefish|porcupine fish|Diodon hystrix,OEWN,Q1328265,unique_value,family of fish (Diodontidae),Diodontidae
i49693,Q329334,spines become erect when the body is inflated; worldwide in warm waters,02658478-n,i49693,porcupinefish|porcupine fish|Diodon hystrix,OEWN,Q1328265,unique_value,family of fish (Diodontidae),Diodontidae
i49693,Q1328265,spines become erect when the body is inflated; worldwide in warm waters,02658478-n,i49693,porcupinefish|porcupine fish|Diodon hystrix,OEWN,Q1328265,unique_value,species of fish,spot-fin porcupinefish
i49773,Q217213,a New York school of painting characterized by freely created abstractions; the first important school of American painting to develop independently of European styles,02671377-n,i49773,Abstract Expressionism|action painting,OEWN,Q177725|Q217213,unique_value,style of painting,action painting
i49773,Q177725,a New York school of painting characterized by freely created abstractions; the first important school of American painting to develop independently of European styles,02671377-n,i49773,Abstract Expressionism|action painting,OEWN,Q177725|Q217213,unique_value,American post–World War II art movement,abstract expressionism
i49773,Q177725,a New York school of painting characterized by freely created abstractions; the first important school of American painting to develop independently of European styles,02671377-n,i49773,Abstract Expressionism|action painting,OEWN,Q177725|Q217213,unique_value,American post–World War II art movement,abstract expressionism
i49773,Q217213,a New York school of painting characterized by freely created abstractions; the first important school of American painting to develop independently of European styles,02671377-n,i49773,Abstract Expressionism|action painting,OEWN,Q177725|Q217213,unique_value,style of painting,action painting
i49904,Q745837,a pump that moves air in or out of something,02695372-n,i49904,air pump|vacuum pump,OEWN,Q636009|Q745837,unique_value,equipment producing low air pressure,vacuum pump
i49904,Q636009,a pump that moves air in or out of something,02695372-n,i49904,air pump|vacuum pump,OEWN,Q636009|Q745837,unique_value,device for pushing air,air pump
i49904,Q636009,a pump that moves air in or out of something,02695372-n,i49904,air pump|vacuum pump,OEWN,Q636009|Q745837,unique_value,device for pushing air,air pump
i49904,Q745837,a pump that moves air in or out of something,02695372-n,i49904,air pump|vacuum pump,OEWN,Q636009|Q745837,unique_value,equipment producing low air pressure,vacuum pump
i49949,Q3714446,a painted or carved screen placed above and behind an altar or communion table,02702629-n,i49949,altarpiece|reredos,OEWN,Q46686|Q15711026|Q3714446,unique_value,"vertical construction that carries carved, sometimes painted decorations behind an altar table",retable
i49949,Q46686,a painted or carved screen placed above and behind an altar or communion table,02702629-n,i49949,altarpiece|reredos,OEWN,Q46686|Q15711026|Q3714446,unique_value,"altarpiece, screen or decoration behind the altar in a church",reredos
i49949,Q15711026,a painted or carved screen placed above and behind an altar or communion table,02702629-n,i49949,altarpiece|reredos,OEWN,Q46686|Q15711026|Q3714446,unique_value,"artwork (painting, sculpture or relief) behind the altar",altarpiece
i49949,Q46686,a painted or carved screen placed above and behind an altar or communion table,02702629-n,i49949,altarpiece|reredos,OEWN,Q46686|Q15711026|Q3714446,unique_value,"altarpiece, screen or decoration behind the altar in a church",reredos
i49949,Q46686,a painted or carved screen placed above and behind an altar or communion table,02702629-n,i49949,altarpiece|reredos,OEWN,Q46686|Q15711026|Q3714446,unique_value,"altarpiece, screen or decoration behind the altar in a church",reredos
i49949,Q3714446,a painted or carved screen placed above and behind an altar or communion table,02702629-n,i49949,altarpiece|reredos,OEWN,Q46686|Q15711026|Q3714446,unique_value,"vertical construction that carries carved, sometimes painted decorations behind an altar table",retable
i49949,Q15711026,a painted or carved screen placed above and behind an altar or communion table,02702629-n,i49949,altarpiece|reredos,OEWN,Q46686|Q15711026|Q3714446,unique_value,"artwork (painting, sculpture or relief) behind the altar",altarpiece
i49949,Q3714446,a painted or carved screen placed above and behind an altar or communion table,02702629-n,i49949,altarpiece|reredos,OEWN,Q46686|Q15711026|Q3714446,unique_value,"vertical construction that carries carved, sometimes painted decorations behind an altar table",retable
i49949,Q46686,a painted or carved screen placed above and behind an altar or communion table,02702629-n,i49949,altarpiece|reredos,OEWN,Q46686|Q15711026|Q3714446,unique_value,"altarpiece, screen or decoration behind the altar in a church",reredos
i49949,Q15711026,a painted or carved screen placed above and behind an altar or communion table,02702629-n,i49949,altarpiece|reredos,OEWN,Q46686|Q15711026|Q3714446,unique_value,"artwork (painting, sculpture or relief) behind the altar",altarpiece
i49949,Q3714446,a painted or carved screen placed above and behind an altar or communion table,02702629-n,i49949,altarpiece|reredos,OEWN,Q46686|Q15711026|Q3714446,unique_value,"vertical construction that carries carved, sometimes painted decorations behind an altar table",retable
i49949,Q15711026,a painted or carved screen placed above and behind an altar or communion table,02702629-n,i49949,altarpiece|reredos,OEWN,Q46686|Q15711026|Q3714446,unique_value,"artwork (painting, sculpture or relief) behind the altar",altarpiece
i50060,Q578726,any agent that destroys or prevents the growth of fungi,02723112-n,i50060,antifungal|antifungal agent|fungicide|antimycotic|antimycotic agent,OEWN,Q193237|Q578726,unique_value,pharmaceutical or chemical fungicide or fungistatic used to treat and prevent mycosis,antifungal
i50060,Q193237,any agent that destroys or prevents the growth of fungi,02723112-n,i50060,antifungal|antifungal agent|fungicide|antimycotic|antimycotic agent,OEWN,Q193237|Q578726,unique_value,pesticide used to kill fungi,fungicide
i50060,Q193237,any agent that destroys or prevents the growth of fungi,02723112-n,i50060,antifungal|antifungal agent|fungicide|antimycotic|antimycotic agent,OEWN,Q193237|Q578726,unique_value,pesticide used to kill fungi,fungicide
i50060,Q578726,any agent that destroys or prevents the growth of fungi,02723112-n,i50060,antifungal|antifungal agent|fungicide|antimycotic|antimycotic agent,OEWN,Q193237|Q578726,unique_value,pharmaceutical or chemical fungicide or fungistatic used to treat and prevent mycosis,antifungal
i50887,Q2286991,a stiff hat made of straw with a flat crown,02862524-n,i50887,boater|leghorn|Panama|Panama hat|sailor|skimmer|straw hat,OEWN,Q741814|Q2286991|Q25312663,unique_value,"straw hat with a straight brim, flat crown and ribbon hatband",boater
i50887,Q741814,a stiff hat made of straw with a flat crown,02862524-n,i50887,boater|leghorn|Panama|Panama hat|sailor|skimmer|straw hat,OEWN,Q741814|Q2286991|Q25312663,unique_value,traditional brimmed straw hat of Ecuadorian origin,panama hat
i50887,Q25312663,a stiff hat made of straw with a flat crown,02862524-n,i50887,boater|leghorn|Panama|Panama hat|sailor|skimmer|straw hat,OEWN,Q741814|Q2286991|Q25312663,unique_value,straw hat popular in the 19th century,Sailor hat
i50887,Q741814,a stiff hat made of straw with a flat crown,02862524-n,i50887,boater|leghorn|Panama|Panama hat|sailor|skimmer|straw hat,OEWN,Q741814|Q2286991|Q25312663,unique_value,traditional brimmed straw hat of Ecuadorian origin,panama hat
i50887,Q741814,a stiff hat made of straw with a flat crown,02862524-n,i50887,boater|leghorn|Panama|Panama hat|sailor|skimmer|straw hat,OEWN,Q741814|Q2286991|Q25312663,unique_value,traditional brimmed straw hat of Ecuadorian origin,panama hat
i50887,Q2286991,a stiff hat made of straw with a flat crown,02862524-n,i50887,boater|leghorn|Panama|Panama hat|sailor|skimmer|straw hat,OEWN,Q741814|Q2286991|Q25312663,unique_value,"straw hat with a straight brim, flat crown and ribbon hatband",boater
i50887,Q25312663,a stiff hat made of straw with a flat crown,02862524-n,i50887,boater|leghorn|Panama|Panama hat|sailor|skimmer|straw hat,OEWN,Q741814|Q2286991|Q25312663,unique_value,straw hat popular in the 19th century,Sailor hat
i50887,Q2286991,a stiff hat made of straw with a flat crown,02862524-n,i50887,boater|leghorn|Panama|Panama hat|sailor|skimmer|straw hat,OEWN,Q741814|Q2286991|Q25312663,unique_value,"straw hat with a straight brim, flat crown and ribbon hatband",boater
i50887,Q741814,a stiff hat made of straw with a flat crown,02862524-n,i50887,boater|leghorn|Panama|Panama hat|sailor|skimmer|straw hat,OEWN,Q741814|Q2286991|Q25312663,unique_value,traditional brimmed straw hat of Ecuadorian origin,panama hat
i50887,Q25312663,a stiff hat made of straw with a flat crown,02862524-n,i50887,boater|leghorn|Panama|Panama hat|sailor|skimmer|straw hat,OEWN,Q741814|Q2286991|Q25312663,unique_value,straw hat popular in the 19th century,Sailor hat
i50887,Q2286991,a stiff hat made of straw with a flat crown,02862524-n,i50887,boater|leghorn|Panama|Panama hat|sailor|skimmer|straw hat,OEWN,Q741814|Q2286991|Q25312663,unique_value,"straw hat with a straight brim, flat crown and ribbon hatband",boater
i50887,Q25312663,a stiff hat made of straw with a flat crown,02862524-n,i50887,boater|leghorn|Panama|Panama hat|sailor|skimmer|straw hat,OEWN,Q741814|Q2286991|Q25312663,unique_value,straw hat popular in the 19th century,Sailor hat
i50944,Q17003536,a chamber (often underground) reinforced against bombing and provided with food and living facilities; used during air raids,02871978-n,i50944,bomb shelter|air-raid shelter|bombproof,OEWN,Q389959|Q17003536,unique_value,structure designed to provide protection against the effects of a bomb,bomb shelter
i50944,Q389959,a chamber (often underground) reinforced against bombing and provided with food and living facilities; used during air raids,02871978-n,i50944,bomb shelter|air-raid shelter|bombproof,OEWN,Q389959|Q17003536,unique_value,structure which protects against enemy attacks from the air,air-raid shelter
i50944,Q389959,a chamber (often underground) reinforced against bombing and provided with food and living facilities; used during air raids,02871978-n,i50944,bomb shelter|air-raid shelter|bombproof,OEWN,Q389959|Q17003536,unique_value,structure which protects against enemy attacks from the air,air-raid shelter
i50944,Q17003536,a chamber (often underground) reinforced against bombing and provided with food and living facilities; used during air raids,02871978-n,i50944,bomb shelter|air-raid shelter|bombproof,OEWN,Q389959|Q17003536,unique_value,structure designed to provide protection against the effects of a bomb,bomb shelter
i51323,Q3268741,a small jet-propelled winged missile that carries a bomb,02933307-n,i51323,buzz bomb|robot bomb|flying bomb|doodlebug|V-1,OEWN,Q3268741|Q153348,unique_value,single-mission military aircraft carrying an explosive warhead,flying bomb
i51323,Q153348,a small jet-propelled winged missile that carries a bomb,02933307-n,i51323,buzz bomb|robot bomb|flying bomb|doodlebug|V-1,OEWN,Q3268741|Q153348,unique_value,1944 cruise missile by Fieseler,V-1
i51323,Q153348,a small jet-propelled winged missile that carries a bomb,02933307-n,i51323,buzz bomb|robot bomb|flying bomb|doodlebug|V-1,OEWN,Q3268741|Q153348,unique_value,1944 cruise missile by Fieseler,V-1
i51323,Q3268741,a small jet-propelled winged missile that carries a bomb,02933307-n,i51323,buzz bomb|robot bomb|flying bomb|doodlebug|V-1,OEWN,Q3268741|Q153348,unique_value,single-mission military aircraft carrying an explosive warhead,flying bomb
i51700,Q1264081,a container for burning incense (especially one that is swung on a chain in a religious ritual),02996823-n,i51700,censer|thurible,OEWN,Q1264081|Q373066,unique_value,ceremonial incense burner,censer
i51700,Q373066,a container for burning incense (especially one that is swung on a chain in a religious ritual),02996823-n,i51700,censer|thurible,OEWN,Q1264081|Q373066,unique_value,"metal censer suspended from chains, in which incense is burned during worship services",thurible
i51700,Q373066,a container for burning incense (especially one that is swung on a chain in a religious ritual),02996823-n,i51700,censer|thurible,OEWN,Q1264081|Q373066,unique_value,"metal censer suspended from chains, in which incense is burned during worship services",thurible
i51700,Q1264081,a container for burning incense (especially one that is swung on a chain in a religious ritual),02996823-n,i51700,censer|thurible,OEWN,Q1264081|Q373066,unique_value,ceremonial incense burner,censer
i52422,Q2442900,a bit for enlarging the upper part of a hole,03122293-n,i52422,counterbore|countersink|countersink bit,OEWN,Q2442900|Q1313250,unique_value,"flat-bottomed hole allowing a screw head to sit flush with a surface, or a tool for making such a hole",counterbore
i52422,Q1313250,a bit for enlarging the upper part of a hole,03122293-n,i52422,counterbore|countersink|countersink bit,OEWN,Q2442900|Q1313250,unique_value,shallow conical holes in materials,Countersunk hole
i52422,Q1313250,a bit for enlarging the upper part of a hole,03122293-n,i52422,counterbore|countersink|countersink bit,OEWN,Q2442900|Q1313250,unique_value,shallow conical holes in materials,Countersunk hole
i52422,Q2442900,a bit for enlarging the upper part of a hole,03122293-n,i52422,counterbore|countersink|countersink bit,OEWN,Q2442900|Q1313250,unique_value,"flat-bottomed hole allowing a screw head to sit flush with a surface, or a tool for making such a hole",counterbore
i52939,Q4886804,antihistamine (trade name Benadryl) used to treat allergic reactions involving the nasal passages (hay fever) and also to treat motion sickness,03207909-n,i52939,diphenhydramine|Benadryl,OEWN,Q4886804|Q413486,unique_value,Antihistamine medication,Benadryl
i52939,Q413486,antihistamine (trade name Benadryl) used to treat allergic reactions involving the nasal passages (hay fever) and also to treat motion sickness,03207909-n,i52939,diphenhydramine|Benadryl,OEWN,Q4886804|Q413486,unique_value,antihistamine medication,diphenhydramine
i52939,Q413486,antihistamine (trade name Benadryl) used to treat allergic reactions involving the nasal passages (hay fever) and also to treat motion sickness,03207909-n,i52939,diphenhydramine|Benadryl,OEWN,Q4886804|Q413486,unique_value,antihistamine medication,diphenhydramine
i52939,Q4886804,antihistamine (trade name Benadryl) used to treat allergic reactions involving the nasal passages (hay fever) and also to treat motion sickness,03207909-n,i52939,diphenhydramine|Benadryl,OEWN,Q4886804|Q413486,unique_value,Antihistamine medication,Benadryl
i53209,Q212892,a musical percussion instrument; usually consists of a hollow cylinder with a membrane stretched across each end,03254272-n,i53209,drum|membranophone|tympan,OEWN,Q212892|Q11404,unique_value,class of musical instruments which produce sound primarily by way of a vibrating stretched membrane,Membranophone
i53209,Q11404,a musical percussion instrument; usually consists of a hollow cylinder with a membrane stretched across each end,03254272-n,i53209,drum|membranophone|tympan,OEWN,Q212892|Q11404,unique_value,type of musical instrument of the percussion family,drum
i53209,Q11404,a musical percussion instrument; usually consists of a hollow cylinder with a membrane stretched across each end,03254272-n,i53209,drum|membranophone|tympan,OEWN,Q212892|Q11404,unique_value,type of musical instrument of the percussion family,drum
i53209,Q212892,a musical percussion instrument; usually consists of a hollow cylinder with a membrane stretched across each end,03254272-n,i53209,drum|membranophone|tympan,OEWN,Q212892|Q11404,unique_value,class of musical instruments which produce sound primarily by way of a vibrating stretched membrane,Membranophone
i53268,Q5515378,a loose coverall (coat or frock) reaching down to the ankles,03263433-n,i53268,duster|gaberdine|gabardine|smock|dust coat,OEWN,Q5515378|Q1743902,unique_value,"long, loose gown or cloak with wide sleeves, worn by men in the later Middle Ages and into the 16th century",gaberdine
i53268,Q1743902,a loose coverall (coat or frock) reaching down to the ankles,03263433-n,i53268,duster|gaberdine|gabardine|smock|dust coat,OEWN,Q5515378|Q1743902,unique_value,traditional rural man's outer garment,smock
i53268,Q1743902,a loose coverall (coat or frock) reaching down to the ankles,03263433-n,i53268,duster|gaberdine|gabardine|smock|dust coat,OEWN,Q5515378|Q1743902,unique_value,traditional rural man's outer garment,smock
i53268,Q5515378,a loose coverall (coat or frock) reaching down to the ankles,03263433-n,i53268,duster|gaberdine|gabardine|smock|dust coat,OEWN,Q5515378|Q1743902,unique_value,"long, loose gown or cloak with wide sleeves, worn by men in the later Middle Ages and into the 16th century",gaberdine
i53992,Q2144456,attire to wear on formal occasions in the evening,03389737-n,i53992,formalwear|eveningwear|evening dress|evening clothes,OEWN,Q1151364|Q2144456,unique_value,woman's dress usually worn to a semi-formal or formal affair,evening dress
i53992,Q1151364,attire to wear on formal occasions in the evening,03389737-n,i53992,formalwear|eveningwear|evening dress|evening clothes,OEWN,Q1151364|Q2144456,unique_value,class of clothing for special occasions or events,formal wear
i53992,Q1151364,attire to wear on formal occasions in the evening,03389737-n,i53992,formalwear|eveningwear|evening dress|evening clothes,OEWN,Q1151364|Q2144456,unique_value,class of clothing for special occasions or events,formal wear
i53992,Q2144456,attire to wear on formal occasions in the evening,03389737-n,i53992,formalwear|eveningwear|evening dress|evening clothes,OEWN,Q1151364|Q2144456,unique_value,woman's dress usually worn to a semi-formal or formal affair,evening dress
i54389,Q1595294,(legend) chalice used by Christ at the Last Supper,03456853-n,i54389,grail|Holy Grail|Sangraal,OENN,Q1595294|Q162808,unique_value,vessel that Jesus used at the Last Supper to serve wine,Holy Chalice
i54389,Q162808,(legend) chalice used by Christ at the Last Supper,03456853-n,i54389,grail|Holy Grail|Sangraal,OENN,Q1595294|Q162808,unique_value,"cup, dish or stone with miraculous powers, important motif in Arthurian literature",Holy Grail
i54389,Q162808,(legend) chalice used by Christ at the Last Supper,03456853-n,i54389,grail|Holy Grail|Sangraal,OENN,Q1595294|Q162808,unique_value,"cup, dish or stone with miraculous powers, important motif in Arthurian literature",Holy Grail
i54389,Q1595294,(legend) chalice used by Christ at the Last Supper,03456853-n,i54389,grail|Holy Grail|Sangraal,OENN,Q1595294|Q162808,unique_value,vessel that Jesus used at the Last Supper to serve wine,Holy Chalice
i54807,Q2145163,a highway,03524741-n,i54807,highroad|trunk road,OEWN,Q2145163|Q1304276,unique_value,"type of major road, usually connecting major settlements",trunk road
i54807,Q1304276,a highway,03524741-n,i54807,highroad|trunk road,OEWN,Q2145163|Q1304276,unique_value,high-capacity urban road,arterial road
i54807,Q1304276,a highway,03524741-n,i54807,highroad|trunk road,OEWN,Q2145163|Q1304276,unique_value,high-capacity urban road,arterial road
i54807,Q2145163,a highway,03524741-n,i54807,highroad|trunk road,OEWN,Q2145163|Q1304276,unique_value,"type of major road, usually connecting major settlements",trunk road
i55625,Q3639678,library that provides books for use outside the building,03661417-n,i55625,lending library|circulating library,OEWN,Q3639678|Q779419,unique_value,for-profit library that lends books to the public for a fee,circulating library
i55625,Q779419,library that provides books for use outside the building,03661417-n,i55625,lending library|circulating library,OEWN,Q3639678|Q779419,unique_value,institution that provides books on loan for a specified period of time,lending library
i55625,Q779419,library that provides books for use outside the building,03661417-n,i55625,lending library|circulating library,OEWN,Q3639678|Q779419,unique_value,institution that provides books on loan for a specified period of time,lending library
i55625,Q3639678,library that provides books for use outside the building,03661417-n,i55625,lending library|circulating library,OEWN,Q3639678|Q779419,unique_value,for-profit library that lends books to the public for a fee,circulating library
i55632,Q1820061,a tight-fitting garment of stretchy material that covers the body from the shoulders to the thighs (and may have long sleeves or legs reaching down to the ankles); worn by ballet dancers and acrobats for practice or performance,03662837-n,i55632,leotard|unitard|body suit|cat suit,OEWN,Q1820061|Q890119,unique_value,"unisex skin-tight one-piece garment that covers the torso, with or without legs, worn by dancers and gymnasts",leotard
i55632,Q890119,a tight-fitting garment of stretchy material that covers the body from the shoulders to the thighs (and may have long sleeves or legs reaching down to the ankles); worn by ballet dancers and acrobats for practice or performance,03662837-n,i55632,leotard|unitard|body suit|cat suit,OEWN,Q1820061|Q890119,unique_value,one-piece form-fitting garment that covers the torso and the crotch,bodysuit
i55632,Q890119,a tight-fitting garment of stretchy material that covers the body from the shoulders to the thighs (and may have long sleeves or legs reaching down to the ankles); worn by ballet dancers and acrobats for practice or performance,03662837-n,i55632,leotard|unitard|body suit|cat suit,OEWN,Q1820061|Q890119,unique_value,one-piece form-fitting garment that covers the torso and the crotch,bodysuit
i55632,Q1820061,a tight-fitting garment of stretchy material that covers the body from the shoulders to the thighs (and may have long sleeves or legs reaching down to the ankles); worn by ballet dancers and acrobats for practice or performance,03662837-n,i55632,leotard|unitard|body suit|cat suit,OEWN,Q1820061|Q890119,unique_value,"unisex skin-tight one-piece garment that covers the torso, with or without legs, worn by dancers and gymnasts",leotard
i56015,Q220971,a percussion instrument with wooden bars tuned to produce a chromatic scale and with resonators; played with small mallets,03726875-n,i56015,marimba|xylophone,OEWN,Q165666|Q220971,unique_value,"idiophone of Bantu origin consisting of wooden bars struck by mallets with resonator pipes below each bar; related to the West African balafon, and spread through the African diaspora to Central America and the Pacific coast of Colombia and Ecuador",marimba
i56015,Q165666,a percussion instrument with wooden bars tuned to produce a chromatic scale and with resonators; played with small mallets,03726875-n,i56015,marimba|xylophone,OEWN,Q165666|Q220971,unique_value,a musical instrument in the percussion family that consists of wooden bars struck by mallets,xylophone
i56015,Q165666,a percussion instrument with wooden bars tuned to produce a chromatic scale and with resonators; played with small mallets,03726875-n,i56015,marimba|xylophone,OEWN,Q165666|Q220971,unique_value,a musical instrument in the percussion family that consists of wooden bars struck by mallets,xylophone
i56015,Q220971,a percussion instrument with wooden bars tuned to produce a chromatic scale and with resonators; played with small mallets,03726875-n,i56015,marimba|xylophone,OEWN,Q165666|Q220971,unique_value,"idiophone of Bantu origin consisting of wooden bars struck by mallets with resonator pipes below each bar; related to the West African balafon, and spread through the African diaspora to Central America and the Pacific coast of Colombia and Ecuador",marimba
i56375,Q7905205,a muzzle-loading high-angle gun with a short barrel that fires shells at high elevations for a short range,03792248-n,i56375,mortar|howitzer|trench mortar,OEWN,Q180126|Q11464003|Q7905205,unique_value,artillery weapon that launches explosive projectiles at high angles,mortar
i56375,Q180126,a muzzle-loading high-angle gun with a short barrel that fires shells at high elevations for a short range,03792248-n,i56375,mortar|howitzer|trench mortar,OEWN,Q180126|Q11464003|Q7905205,unique_value,type of artillery,howitzer
i56375,Q11464003,a muzzle-loading high-angle gun with a short barrel that fires shells at high elevations for a short range,03792248-n,i56375,mortar|howitzer|trench mortar,OEWN,Q180126|Q11464003|Q7905205,unique_value,mortar with a short barrel,short-barreled mortar
i56375,Q180126,a muzzle-loading high-angle gun with a short barrel that fires shells at high elevations for a short range,03792248-n,i56375,mortar|howitzer|trench mortar,OEWN,Q180126|Q11464003|Q7905205,unique_value,type of artillery,howitzer
i56375,Q180126,a muzzle-loading high-angle gun with a short barrel that fires shells at high elevations for a short range,03792248-n,i56375,mortar|howitzer|trench mortar,OEWN,Q180126|Q11464003|Q7905205,unique_value,type of artillery,howitzer
i56375,Q7905205,a muzzle-loading high-angle gun with a short barrel that fires shells at high elevations for a short range,03792248-n,i56375,mortar|howitzer|trench mortar,OEWN,Q180126|Q11464003|Q7905205,unique_value,artillery weapon that launches explosive projectiles at high angles,mortar
i56375,Q11464003,a muzzle-loading high-angle gun with a short barrel that fires shells at high elevations for a short range,03792248-n,i56375,mortar|howitzer|trench mortar,OEWN,Q180126|Q11464003|Q7905205,unique_value,mortar with a short barrel,short-barreled mortar
i56375,Q7905205,a muzzle-loading high-angle gun with a short barrel that fires shells at high elevations for a short range,03792248-n,i56375,mortar|howitzer|trench mortar,OEWN,Q180126|Q11464003|Q7905205,unique_value,artillery weapon that launches explosive projectiles at high angles,mortar
i56375,Q180126,a muzzle-loading high-angle gun with a short barrel that fires shells at high elevations for a short range,03792248-n,i56375,mortar|howitzer|trench mortar,OEWN,Q180126|Q11464003|Q7905205,unique_value,type of artillery,howitzer
i56375,Q11464003,a muzzle-loading high-angle gun with a short barrel that fires shells at high elevations for a short range,03792248-n,i56375,mortar|howitzer|trench mortar,OEWN,Q180126|Q11464003|Q7905205,unique_value,mortar with a short barrel,short-barreled mortar
i56375,Q7905205,a muzzle-loading high-angle gun with a short barrel that fires shells at high elevations for a short range,03792248-n,i56375,mortar|howitzer|trench mortar,OEWN,Q180126|Q11464003|Q7905205,unique_value,artillery weapon that launches explosive projectiles at high angles,mortar
i56375,Q11464003,a muzzle-loading high-angle gun with a short barrel that fires shells at high elevations for a short range,03792248-n,i56375,mortar|howitzer|trench mortar,OEWN,Q180126|Q11464003|Q7905205,unique_value,mortar with a short barrel,short-barreled mortar
i56389,Q3434328,a woman's loose unbelted dress,03794447-n,i56389,Mother Hubbard|muumuu,OEWN,Q599820|Q3434328,unique_value,"long, loose dress with a high neckline and long sleeves, worn in 19th century America and introduced to Polynesia by missionaries",Mother Hubbard
i56389,Q599820,a woman's loose unbelted dress,03794447-n,i56389,Mother Hubbard|muumuu,OEWN,Q599820|Q3434328,unique_value,"loose dress, usually brightly colored or patterned, worn especially by Hawaiian women, or as a housecoat",muumuu
i56389,Q599820,a woman's loose unbelted dress,03794447-n,i56389,Mother Hubbard|muumuu,OEWN,Q599820|Q3434328,unique_value,"loose dress, usually brightly colored or patterned, worn especially by Hawaiian women, or as a housecoat",muumuu
i56389,Q3434328,a woman's loose unbelted dress,03794447-n,i56389,Mother Hubbard|muumuu,OEWN,Q599820|Q3434328,unique_value,"long, loose dress with a high neckline and long sleeves, worn in 19th century America and introduced to Polynesia by missionaries",Mother Hubbard
i57082,Q7158978,(used in the plural) snug trousers ending at the calves; worn by women and girls,03909811-n,i57082,pedal pushers|toreador pants,OEWN,Q7158978|Q1034971,unique_value,"calf-length women's trousers, often cuffed",pedal pushers
i57082,Q1034971,(used in the plural) snug trousers ending at the calves; worn by women and girls,03909811-n,i57082,pedal pushers|toreador pants,OEWN,Q7158978|Q1034971,unique_value,calf-length trousers,capri pants
i57082,Q1034971,(used in the plural) snug trousers ending at the calves; worn by women and girls,03909811-n,i57082,pedal pushers|toreador pants,OEWN,Q7158978|Q1034971,unique_value,calf-length trousers,capri pants
i57082,Q7158978,(used in the plural) snug trousers ending at the calves; worn by women and girls,03909811-n,i57082,pedal pushers|toreador pants,OEWN,Q7158978|Q1034971,unique_value,"calf-length women's trousers, often cuffed",pedal pushers
i58272,Q3916505,a bridge consisting of ropes,04115916-n,i58272,rope bridge,OEWN,Q157942|Q3916505,unique_value,type of bridge,simple suspension bridge
i58272,Q157942,a bridge consisting of ropes,04115916-n,i58272,rope bridge,OEWN,Q157942|Q3916505,unique_value,a primitive type of bridge that is supported entirely from anchors at either end,rope bridge
i58272,Q157942,a bridge consisting of ropes,04115916-n,i58272,rope bridge,OEWN,Q157942|Q3916505,unique_value,a primitive type of bridge that is supported entirely from anchors at either end,rope bridge
i58272,Q3916505,a bridge consisting of ropes,04115916-n,i58272,rope bridge,OEWN,Q157942|Q3916505,unique_value,type of bridge,simple suspension bridge
i58361,Q3475711,a portable power saw with a reciprocating blade; can be used with a variety of blades depending on the application and kind of cut; generally have a plate that rides on the surface that is being cut,04128822-n,i58361,saber saw|jigsaw|reciprocating saw,OEWN,Q2282074|Q3475711,unique_value,hand-held powered reciprocating saw,saber saw
i58361,Q2282074,a portable power saw with a reciprocating blade; can be used with a variety of blades depending on the application and kind of cut; generally have a plate that rides on the surface that is being cut,04128822-n,i58361,saber saw|jigsaw|reciprocating saw,OEWN,Q2282074|Q3475711,unique_value,"any type of saw that works through a ""push and pull"" motion",reciprocating saw
i58361,Q2282074,a portable power saw with a reciprocating blade; can be used with a variety of blades depending on the application and kind of cut; generally have a plate that rides on the surface that is being cut,04128822-n,i58361,saber saw|jigsaw|reciprocating saw,OEWN,Q2282074|Q3475711,unique_value,"any type of saw that works through a ""push and pull"" motion",reciprocating saw
i58361,Q3475711,a portable power saw with a reciprocating blade; can be used with a variety of blades depending on the application and kind of cut; generally have a plate that rides on the surface that is being cut,04128822-n,i58361,saber saw|jigsaw|reciprocating saw,OEWN,Q2282074|Q3475711,unique_value,hand-held powered reciprocating saw,saber saw
i58396,Q902796,an oil lamp that will not ignite flammable gases (methane),04133953-n,i58396,safety lamp|Davy lamp,OEWN,Q902796|Q371150,unique_value,safety lamp for use in flammable atmospheres,Davy lamp
i58396,Q371150,an oil lamp that will not ignite flammable gases (methane),04133953-n,i58396,safety lamp|Davy lamp,OEWN,Q902796|Q371150,unique_value,any of several types of lamp that provides illumination in coal mines,safety lamp
i58396,Q371150,an oil lamp that will not ignite flammable gases (methane),04133953-n,i58396,safety lamp|Davy lamp,OEWN,Q902796|Q371150,unique_value,any of several types of lamp that provides illumination in coal mines,safety lamp
i58396,Q902796,an oil lamp that will not ignite flammable gases (methane),04133953-n,i58396,safety lamp|Davy lamp,OEWN,Q902796|Q371150,unique_value,safety lamp for use in flammable atmospheres,Davy lamp
i59116,Q1067247,a bomb that gives off thick smoke when it explodes; used to make a smoke screen or to mark a position,04253587-n,i59116,smoke bomb|smoke grenade,OEWN,Q967352|Q1067247,unique_value,"device used for signalling, distraction and concealment, usually in military settings.",smoke grenade
i59116,Q967352,a bomb that gives off thick smoke when it explodes; used to make a smoke screen or to mark a position,04253587-n,i59116,smoke bomb|smoke grenade,OEWN,Q967352|Q1067247,unique_value,firework designed to produce smoke upon ignition,smoke bomb
i59116,Q967352,a bomb that gives off thick smoke when it explodes; used to make a smoke screen or to mark a position,04253587-n,i59116,smoke bomb|smoke grenade,OEWN,Q967352|Q1067247,unique_value,firework designed to produce smoke upon ignition,smoke bomb
i59116,Q1067247,a bomb that gives off thick smoke when it explodes; used to make a smoke screen or to mark a position,04253587-n,i59116,smoke bomb|smoke grenade,OEWN,Q967352|Q1067247,unique_value,"device used for signalling, distraction and concealment, usually in military settings.",smoke grenade
i59240,Q11449356,"a craft capable of traveling in outer space; technically, a satellite around the sun",04272024-n,i59240,spacecraft|ballistic capsule|space vehicle,OEWN,Q40218|Q11449356,unique_value,"vehicle designed for outer space, including both the launch vehicle and spacecraft",space vehicle
i59240,Q40218,"a craft capable of traveling in outer space; technically, a satellite around the sun",04272024-n,i59240,spacecraft|ballistic capsule|space vehicle,OEWN,Q40218|Q11449356,unique_value,vehicle or machine designed to fly in space,spacecraft
i59240,Q40218,"a craft capable of traveling in outer space; technically, a satellite around the sun",04272024-n,i59240,spacecraft|ballistic capsule|space vehicle,OEWN,Q40218|Q11449356,unique_value,vehicle or machine designed to fly in space,spacecraft
i59240,Q11449356,"a craft capable of traveling in outer space; technically, a satellite around the sun",04272024-n,i59240,spacecraft|ballistic capsule|space vehicle,OEWN,Q40218|Q11449356,unique_value,"vehicle designed for outer space, including both the launch vehicle and spacecraft",space vehicle
i59524,Q1158891,vehicle equipped with heavy wide smooth rollers for compacting roads and pavements,04317295-n,i59524,steamroller|road roller,OEWN,Q216842|Q1158891,unique_value,road roller powered by a steam engine,steamroller
i59524,Q216842,vehicle equipped with heavy wide smooth rollers for compacting roads and pavements,04317295-n,i59524,steamroller|road roller,OEWN,Q216842|Q1158891,unique_value,compactor type engineering vehicle used in the construction of roads and foundations,road roller
i59524,Q216842,vehicle equipped with heavy wide smooth rollers for compacting roads and pavements,04317295-n,i59524,steamroller|road roller,OEWN,Q216842|Q1158891,unique_value,compactor type engineering vehicle used in the construction of roads and foundations,road roller
i59524,Q1158891,vehicle equipped with heavy wide smooth rollers for compacting roads and pavements,04317295-n,i59524,steamroller|road roller,OEWN,Q216842|Q1158891,unique_value,road roller powered by a steam engine,steamroller
i64541,Q2722903,a natural or surgical joining of parts or branches of tubular structures so as to make or become continuous,05256902-n,i64541,anastomosis|inosculation,OEWN,Q2722903|Q15177,unique_value,"natural phenomenon in which trunks, branches or roots of two trees grow together",inosculation
i64541,Q15177,a natural or surgical joining of parts or branches of tubular structures so as to make or become continuous,05256902-n,i64541,anastomosis|inosculation,OEWN,Q2722903|Q15177,unique_value,reconnection of two streams that previously branched out,anastomosis
i64541,Q15177,a natural or surgical joining of parts or branches of tubular structures so as to make or become continuous,05256902-n,i64541,anastomosis|inosculation,OEWN,Q2722903|Q15177,unique_value,reconnection of two streams that previously branched out,anastomosis
i64541,Q2722903,a natural or surgical joining of parts or branches of tubular structures so as to make or become continuous,05256902-n,i64541,anastomosis|inosculation,OEWN,Q2722903|Q15177,unique_value,"natural phenomenon in which trunks, branches or roots of two trees grow together",inosculation
i64733,Q730302,the slender arch formed by the temporal process of the cheekbone that bridges to the zygomatic process of the temporal bone,05292350-n,i64733,zygoma|zygomatic arch|arcus zygomaticus,OEWN,Q730302,unique_value,cheek bone,zygomatic arch
i64733,Q186102,the slender arch formed by the temporal process of the cheekbone that bridges to the zygomatic process of the temporal bone,05292350-n,i64733,zygoma|zygomatic arch|arcus zygomaticus,OEWN,Q730302,unique_value,facial bone,zygomatic bone
i64733,Q186102,the slender arch formed by the temporal process of the cheekbone that bridges to the zygomatic process of the temporal bone,05292350-n,i64733,zygoma|zygomatic arch|arcus zygomaticus,OEWN,Q730302,unique_value,facial bone,zygomatic bone
i64733,Q730302,the slender arch formed by the temporal process of the cheekbone that bridges to the zygomatic process of the temporal bone,05292350-n,i64733,zygoma|zygomatic arch|arcus zygomaticus,OEWN,Q730302,unique_value,cheek bone,zygomatic arch
i66644,Q1317719,the normal ability to see colors,05664139-n,i66644,color vision|chromatic vision|trichromacy,OEWN,Q1317719|Q374259,unique_value,type of color vision,trichromacy
i66644,Q374259,the normal ability to see colors,05664139-n,i66644,color vision|chromatic vision|trichromacy,OEWN,Q1317719|Q374259,unique_value,ability of an organism or machine to distinguish objects based on wavelengths of light,color vision
i66644,Q374259,the normal ability to see colors,05664139-n,i66644,color vision|chromatic vision|trichromacy,OEWN,Q1317719|Q374259,unique_value,ability of an organism or machine to distinguish objects based on wavelengths of light,color vision
i66644,Q1317719,the normal ability to see colors,05664139-n,i66644,color vision|chromatic vision|trichromacy,OEWN,Q1317719|Q374259,unique_value,type of color vision,trichromacy
i66873,Q2200417,(psychology) the performance of some composite cognitive activity; an operation that affects mental contents,05709328-n,i66873,process|cognitive process|mental process|operation|cognitive operation,OEWN,Q781413|Q2200417,unique_value,"mental action or process of acquiring knowledge and understanding through thought, experience, and the senses",cognition
i66873,Q781413,(psychology) the performance of some composite cognitive activity; an operation that affects mental contents,05709328-n,i66873,process|cognitive process|mental process|operation|cognitive operation,OEWN,Q781413|Q2200417,unique_value,,cognitive process
i66873,Q781413,(psychology) the performance of some composite cognitive activity; an operation that affects mental contents,05709328-n,i66873,process|cognitive process|mental process|operation|cognitive operation,OEWN,Q781413|Q2200417,unique_value,,cognitive process
i66873,Q2200417,(psychology) the performance of some composite cognitive activity; an operation that affects mental contents,05709328-n,i66873,process|cognitive process|mental process|operation|cognitive operation,OEWN,Q781413|Q2200417,unique_value,"mental action or process of acquiring knowledge and understanding through thought, experience, and the senses",cognition
i68744,Q177784,study of the mechanics of fluids,06122616-n,i68744,fluid mechanics|hydraulics,OEWN,Q172145|Q177784,unique_value,fluid engineering and fluid mechanics,hydraulics
i68744,Q172145,study of the mechanics of fluids,06122616-n,i68744,fluid mechanics|hydraulics,OEWN,Q172145|Q177784,unique_value,"branch of physics concerned with the mechanics of fluids (liquids, gases, and plasmas) and the forces on them; branch of continuum mechanics",fluid mechanics
i68744,Q172145,study of the mechanics of fluids,06122616-n,i68744,fluid mechanics|hydraulics,OEWN,Q172145|Q177784,unique_value,"branch of physics concerned with the mechanics of fluids (liquids, gases, and plasmas) and the forces on them; branch of continuum mechanics",fluid mechanics
i68744,Q177784,study of the mechanics of fluids,06122616-n,i68744,fluid mechanics|hydraulics,OEWN,Q172145|Q177784,unique_value,fluid engineering and fluid mechanics,hydraulics
i69498,Q2697287,medium for communication,06287788-n,i69498,radio|radiocommunication|wireless,OEWN,Q2697287|Q872,unique_value,technology of using radio waves to carry information,radio communication
i69498,Q872,medium for communication,06287788-n,i69498,radio|radiocommunication|wireless,OEWN,Q2697287|Q872,unique_value,technology of signaling and communicating using radio waves,radio
i69498,Q872,medium for communication,06287788-n,i69498,radio|radiocommunication|wireless,OEWN,Q2697287|Q872,unique_value,technology of signaling and communicating using radio waves,radio
i69498,Q2697287,medium for communication,06287788-n,i69498,radio|radiocommunication|wireless,OEWN,Q2697287|Q872,unique_value,technology of using radio waves to carry information,radio communication
i69580,Q1499602,a word with a special meaning used for a special occasion,06305365-n,i69580,nonce word|hapax legomenon,OEWN,Q168417|Q1499602,unique_value,lexeme created for a single occasion,nonce
i69580,Q168417,a word with a special meaning used for a special occasion,06305365-n,i69580,nonce word|hapax legomenon,OEWN,Q168417|Q1499602,unique_value,"word that occurs only once in a language's written record, an author's corpus, or a text",hapax legomenon
i69580,Q168417,a word with a special meaning used for a special occasion,06305365-n,i69580,nonce word|hapax legomenon,OEWN,Q168417|Q1499602,unique_value,"word that occurs only once in a language's written record, an author's corpus, or a text",hapax legomenon
i69580,Q1499602,a word with a special meaning used for a special occasion,06305365-n,i69580,nonce word|hapax legomenon,OEWN,Q168417|Q1499602,unique_value,lexeme created for a single occasion,nonce
i69881,Q136208,a code of letters and digits added to a postal address to aid in the sorting of mail,06367112-n,i69881,ZIP code|ZIP|postcode|postal code,OEWN,Q136208|Q37447,unique_value,numeric postal code used in the United States and its territories,ZIP code
i69881,Q37447,a code of letters and digits added to a postal address to aid in the sorting of mail,06367112-n,i69881,ZIP code|ZIP|postcode|postal code,OEWN,Q136208|Q37447,unique_value,series of letters and digits for sorting mail,postal code
i69881,Q37447,a code of letters and digits added to a postal address to aid in the sorting of mail,06367112-n,i69881,ZIP code|ZIP|postcode|postal code,OEWN,Q136208|Q37447,unique_value,series of letters and digits for sorting mail,postal code
i69881,Q136208,a code of letters and digits added to a postal address to aid in the sorting of mail,06367112-n,i69881,ZIP code|ZIP|postcode|postal code,OEWN,Q136208|Q37447,unique_value,numeric postal code used in the United States and its territories,ZIP code
i69941,Q3374808,a melodramatic paperback novel,06379944-n,i69941,dime novel|penny dreadful,OEWN,Q1593709|Q3374808,unique_value,"story published in weekly parts, each costing one penny",penny dreadful
i69941,Q1593709,a melodramatic paperback novel,06379944-n,i69941,dime novel|penny dreadful,OEWN,Q1593709|Q3374808,unique_value,novel genre,dime novel
i69941,Q1593709,a melodramatic paperback novel,06379944-n,i69941,dime novel|penny dreadful,OEWN,Q1593709|Q3374808,unique_value,novel genre,dime novel
i69941,Q3374808,a melodramatic paperback novel,06379944-n,i69941,dime novel|penny dreadful,OEWN,Q1593709|Q3374808,unique_value,"story published in weekly parts, each costing one penny",penny dreadful
i70375,Q732870,the Jewish scriptures which consist of three divisions — the Torah and the Prophets and the Writings,06464033-n,i70375,Hebrew Bible|Tanakh|Tanach|Hebrew Scripture,OENN,Q83367|Q732870,unique_value,Ancient Hebrew Sacred Text,Hebrew Bible
i70375,Q83367,the Jewish scriptures which consist of three divisions — the Torah and the Prophets and the Writings,06464033-n,i70375,Hebrew Bible|Tanakh|Tanach|Hebrew Scripture,OENN,Q83367|Q732870,unique_value,"canon of the Hebrew Bible, written mostly in Hebrew with some Aramaic",Tanakh
i70375,Q83367,the Jewish scriptures which consist of three divisions — the Torah and the Prophets and the Writings,06464033-n,i70375,Hebrew Bible|Tanakh|Tanach|Hebrew Scripture,OENN,Q83367|Q732870,unique_value,"canon of the Hebrew Bible, written mostly in Hebrew with some Aramaic",Tanakh
i70375,Q732870,the Jewish scriptures which consist of three divisions — the Torah and the Prophets and the Writings,06464033-n,i70375,Hebrew Bible|Tanakh|Tanach|Hebrew Scripture,OENN,Q83367|Q732870,unique_value,Ancient Hebrew Sacred Text,Hebrew Bible
i70920,Q5608642,a writ issued by court authority to compel the attendance of a witness at a judicial proceeding; disobedience may be punishable as a contempt of court,06569038-n,i70920,subpoena|subpoena ad testificandum,OEWN,Q5608642|Q883270,unique_value,"writ issued by a government agency, most often a court, to compel testimony by a witness or production of evidence under a penalty for failure",subpoena
i70920,Q883270,a writ issued by court authority to compel the attendance of a witness at a judicial proceeding; disobedience may be punishable as a contempt of court,06569038-n,i70920,subpoena|subpoena ad testificandum,OEWN,Q5608642|Q883270,unique_value,court order to appear and give testimony,subpoena ad testificandum
i70920,Q883270,a writ issued by court authority to compel the attendance of a witness at a judicial proceeding; disobedience may be punishable as a contempt of court,06569038-n,i70920,subpoena|subpoena ad testificandum,OEWN,Q5608642|Q883270,unique_value,court order to appear and give testimony,subpoena ad testificandum
i70920,Q5608642,a writ issued by court authority to compel the attendance of a witness at a judicial proceeding; disobedience may be punishable as a contempt of court,06569038-n,i70920,subpoena|subpoena ad testificandum,OEWN,Q5608642|Q883270,unique_value,"writ issued by a government agency, most often a court, to compel testimony by a witness or production of evidence under a penalty for failure",subpoena
i70986,Q266990,a commercial browser developed by Netscape Communications Corporation,06584038-n,i70986,Netscape,OENN,Q235419|Q266990,unique_value,family of web browsers,Netscape
i70986,Q235419,a commercial browser developed by Netscape Communications Corporation,06584038-n,i70986,Netscape,OENN,Q235419|Q266990,unique_value,web browser by Netscape released in 1994,Netscape Navigator
i70986,Q235419,a commercial browser developed by Netscape Communications Corporation,06584038-n,i70986,Netscape,OENN,Q235419|Q266990,unique_value,web browser by Netscape released in 1994,Netscape Navigator
i70986,Q266990,a commercial browser developed by Netscape Communications Corporation,06584038-n,i70986,Netscape,OENN,Q235419|Q266990,unique_value,family of web browsers,Netscape
i71156,Q1923256,what you must know in order to determine the reference of an expression,06615288-n,i71156,intension|connotation,OEWN,Q1923256|Q661062,unique_value,"property or quality connoted by a word, phrase, or another symbol",intension
i71156,Q661062,what you must know in order to determine the reference of an expression,06615288-n,i71156,intension|connotation,OEWN,Q1923256|Q661062,unique_value,"implicit association that a word or phrase carries, often cultural or emotional, in addition to its explicit or literal meaning",connotation
i71156,Q661062,what you must know in order to determine the reference of an expression,06615288-n,i71156,intension|connotation,OEWN,Q1923256|Q661062,unique_value,"implicit association that a word or phrase carries, often cultural or emotional, in addition to its explicit or literal meaning",connotation
i71156,Q1923256,what you must know in order to determine the reference of an expression,06615288-n,i71156,intension|connotation,OEWN,Q1923256|Q661062,unique_value,"property or quality connoted by a word, phrase, or another symbol",intension
i73073,Q219252,any of the Khoisan languages spoken by the pastoral people of Namibia and South Africa,06954241-n,i73073,Khoikhoin|Khoikhoi|Hottentot|Khoikhoi language|Hottentot language|Khoikhoin language,OEWN,Q13301,unique_value,ethnic group,Khoikhoi people
i73073,Q13301,any of the Khoisan languages spoken by the pastoral people of Namibia and South Africa,06954241-n,i73073,Khoikhoin|Khoikhoi|Hottentot|Khoikhoi language|Hottentot language|Khoikhoin language,OEWN,Q13301,unique_value,Khoe language spoken in southern Africa,Khoekhoe
i73073,Q13301,any of the Khoisan languages spoken by the pastoral people of Namibia and South Africa,06954241-n,i73073,Khoikhoin|Khoikhoi|Hottentot|Khoikhoi language|Hottentot language|Khoikhoin language,OEWN,Q13301,unique_value,Khoe language spoken in southern Africa,Khoekhoe
i73073,Q219252,any of the Khoisan languages spoken by the pastoral people of Namibia and South Africa,06954241-n,i73073,Khoikhoin|Khoikhoi|Hottentot|Khoikhoi language|Hottentot language|Khoikhoin language,OEWN,Q13301,unique_value,ethnic group,Khoikhoi people
i73074,Q1096978,the family of languages that by 1000 BC were spoken throughout Europe and in parts of southwestern and southern Asia,06954406-n,i73074,Indo-European|Indo-European language|Indo-Hittite,OEWN,Q19860,unique_value,hypothetical proto-language,Indo-Hittite
i73074,Q19860,the family of languages that by 1000 BC were spoken throughout Europe and in parts of southwestern and southern Asia,06954406-n,i73074,Indo-European|Indo-European language|Indo-Hittite,OEWN,Q19860,unique_value,"language family native to western and southern Eurasia— Europe, Iran and India",Indo-European
i73074,Q19860,the family of languages that by 1000 BC were spoken throughout Europe and in parts of southwestern and southern Asia,06954406-n,i73074,Indo-European|Indo-European language|Indo-Hittite,OEWN,Q19860,unique_value,"language family native to western and southern Eurasia— Europe, Iran and India",Indo-European
i73074,Q1096978,the family of languages that by 1000 BC were spoken throughout Europe and in parts of southwestern and southern Asia,06954406-n,i73074,Indo-European|Indo-European language|Indo-Hittite,OEWN,Q19860,unique_value,hypothetical proto-language,Indo-Hittite
i73340,Q3441249,a Chadic language spoken in the Mandara mountains in Cameroon; has only two vowels,06996761-n,i73340,Mandara|Wandala|Wandala language|Mandara language,OEWN,Q3441249,unique_value,language,Wandala
i73340,Q3285424,a Chadic language spoken in the Mandara mountains in Cameroon; has only two vowels,06996761-n,i73340,Mandara|Wandala|Wandala language|Mandara language,OEWN,Q3441249,unique_value,language,Mandara
i73340,Q3285424,a Chadic language spoken in the Mandara mountains in Cameroon; has only two vowels,06996761-n,i73340,Mandara|Wandala|Wandala language|Mandara language,OEWN,Q3441249,unique_value,language,Mandara
i73340,Q3441249,a Chadic language spoken in the Mandara mountains in Cameroon; has only two vowels,06996761-n,i73340,Mandara|Wandala|Wandala language|Mandara language,OEWN,Q3441249,unique_value,language,Wandala
i73482,Q7777570,the production of a drama on the stage,07020287-n,i73482,theatrical production|staging,OEWN,Q7777570|Q3508687,unique_value,production consisting of a series of quasi-identical performances of the same theatrical work,theatrical production
i73482,Q3508687,the production of a drama on the stage,07020287-n,i73482,theatrical production|staging,OEWN,Q7777570|Q3508687,unique_value,"process of selecting, designing, adapting to, or modifying the performance space for a play, opera or film",staging
i73482,Q3508687,the production of a drama on the stage,07020287-n,i73482,theatrical production|staging,OEWN,Q7777570|Q3508687,unique_value,"process of selecting, designing, adapting to, or modifying the performance space for a play, opera or film",staging
i73482,Q7777570,the production of a drama on the stage,07020287-n,i73482,theatrical production|staging,OEWN,Q7777570|Q3508687,unique_value,production consisting of a series of quasi-identical performances of the same theatrical work,theatrical production
i73613,Q8812109,genre of music composed for performance as part of religious ceremonies,07046494-n,i73613,religious music|church music,OEWN,Q1065742|Q8812109,unique_value,Christian music written for performance in church,church music
i73613,Q1065742,genre of music composed for performance as part of religious ceremonies,07046494-n,i73613,religious music|church music,OEWN,Q1065742|Q8812109,unique_value,music genre,religious music
i73613,Q1065742,genre of music composed for performance as part of religious ceremonies,07046494-n,i73613,religious music|church music,OEWN,Q1065742|Q8812109,unique_value,music genre,religious music
i73613,Q8812109,genre of music composed for performance as part of religious ceremonies,07046494-n,i73613,religious music|church music,OEWN,Q1065742|Q8812109,unique_value,Christian music written for performance in church,church music
i76526,Q2089240,meal made from rolled or ground oats,07584067-n,i76526,oatmeal|rolled oats,OEWN,Q1208221|Q2089240,unique_value,"porridge dish made from oat grains (groats, flakes, flour)",oatmeal
i76526,Q1208221,meal made from rolled or ground oats,07584067-n,i76526,oatmeal|rolled oats,OEWN,Q1208221|Q2089240,unique_value,lightly processed whole-grain food made from oat,rolled oats
i76526,Q1208221,meal made from rolled or ground oats,07584067-n,i76526,oatmeal|rolled oats,OEWN,Q1208221|Q2089240,unique_value,lightly processed whole-grain food made from oat,rolled oats
i76526,Q2089240,meal made from rolled or ground oats,07584067-n,i76526,oatmeal|rolled oats,OEWN,Q1208221|Q2089240,unique_value,"porridge dish made from oat grains (groats, flakes, flour)",oatmeal
i76643,Q1501244,soup made with a variety of vegetables,07602465-n,i76643,petite marmite|minestrone|vegetable soup,OEWN,Q581462|Q1501244,unique_value,soup with vegetables,vegetable soup
i76643,Q581462,soup made with a variety of vegetables,07602465-n,i76643,petite marmite|minestrone|vegetable soup,OEWN,Q581462|Q1501244,unique_value,"thick soup of Italian origin made with vegetables, often with pasta or rice",minestrone
i76643,Q581462,soup made with a variety of vegetables,07602465-n,i76643,petite marmite|minestrone|vegetable soup,OEWN,Q581462|Q1501244,unique_value,"thick soup of Italian origin made with vegetables, often with pasta or rice",minestrone
i76643,Q1501244,soup made with a variety of vegetables,07602465-n,i76643,petite marmite|minestrone|vegetable soup,OEWN,Q581462|Q1501244,unique_value,soup with vegetables,vegetable soup
i77382,Q5477096,slice of sweet raised bread baked again until it is brown and hard and crisp,07705587-n,i77382,zwieback|rusk|Brussels biscuit|twice-baked bread,OEWN,Q4122049|Q5477096,unique_value,"hard, dry biscuit or a twice-baked bread",rusk
i77382,Q4122049,slice of sweet raised bread baked again until it is brown and hard and crisp,07705587-n,i77382,zwieback|rusk|Brussels biscuit|twice-baked bread,OEWN,Q4122049|Q5477096,unique_value,form of rusk,rusk
i77382,Q4122049,slice of sweet raised bread baked again until it is brown and hard and crisp,07705587-n,i77382,zwieback|rusk|Brussels biscuit|twice-baked bread,OEWN,Q4122049|Q5477096,unique_value,form of rusk,rusk
i77382,Q5477096,slice of sweet raised bread baked again until it is brown and hard and crisp,07705587-n,i77382,zwieback|rusk|Brussels biscuit|twice-baked bread,OEWN,Q4122049|Q5477096,unique_value,"hard, dry biscuit or a twice-baked bread",rusk
i78027,Q5450695,haddock usually baked but sometimes broiled with lots of butter,07805721-n,i78027,finnan haddie|finnan haddock|finnan|smoked haddock,OEWN,Q3125526|Q5450695,unique_value,"cold-smoked haddock, representative of a regional method of smoking with green wood and peat in north-east Scotland",Finnan haddie
i78027,Q3125526,haddock usually baked but sometimes broiled with lots of butter,07805721-n,i78027,finnan haddie|finnan haddock|finnan|smoked haddock,OEWN,Q3125526|Q5450695,unique_value,Food preparation of the fish haddock,smoked haddock
i78027,Q3125526,haddock usually baked but sometimes broiled with lots of butter,07805721-n,i78027,finnan haddie|finnan haddock|finnan|smoked haddock,OEWN,Q3125526|Q5450695,unique_value,Food preparation of the fish haddock,smoked haddock
i78027,Q5450695,haddock usually baked but sometimes broiled with lots of butter,07805721-n,i78027,finnan haddie|finnan haddock|finnan|smoked haddock,OEWN,Q3125526|Q5450695,unique_value,"cold-smoked haddock, representative of a regional method of smoking with green wood and peat in north-east Scotland",Finnan haddie
i79339,Q472971,(mathematics) any set of points that satisfy a set of postulates of some kind,08018127-n,i79339,mathematical space|topological space,OEWN,Q179899|Q472971,unique_value,mathematical structure of geometric nature,space
i79339,Q179899,(mathematics) any set of points that satisfy a set of postulates of some kind,08018127-n,i79339,mathematical space|topological space,OEWN,Q179899|Q472971,unique_value,set of points and set of neighborhoods that satisfy axioms relating those points to those neighborhoods,topological space
i79339,Q179899,(mathematics) any set of points that satisfy a set of postulates of some kind,08018127-n,i79339,mathematical space|topological space,OEWN,Q179899|Q472971,unique_value,set of points and set of neighborhoods that satisfy axioms relating those points to those neighborhoods,topological space
i79339,Q472971,(mathematics) any set of points that satisfy a set of postulates of some kind,08018127-n,i79339,mathematical space|topological space,OEWN,Q179899|Q472971,unique_value,mathematical structure of geometric nature,space
i79409,Q2862906,a terrorist organization that seeks to overthrow the government dominated by Tutsi and to institute Hutu control again,08033653-n,i79409,Army for the Liberation of Rwanda|ALIR|Former Armed Forces|FAR|Interahamwe,OENN,Q755973|Q2862906,unique_value,"rebel group largely composed of former members of the Interahamwe and Rwandan Armed Forces, was operating mostly in the eastern regions of the Democratic Republic of the Congo along the border with Rwanda",Army for the Liberation of Rwanda
i79409,Q755973,a terrorist organization that seeks to overthrow the government dominated by Tutsi and to institute Hutu control again,08033653-n,i79409,Army for the Liberation of Rwanda|ALIR|Former Armed Forces|FAR|Interahamwe,OENN,Q755973|Q2862906,unique_value,Hutu paramilitary group involved in 1994 Rwandan Genocide,Interahamwe
i79409,Q755973,a terrorist organization that seeks to overthrow the government dominated by Tutsi and to institute Hutu control again,08033653-n,i79409,Army for the Liberation of Rwanda|ALIR|Former Armed Forces|FAR|Interahamwe,OENN,Q755973|Q2862906,unique_value,Hutu paramilitary group involved in 1994 Rwandan Genocide,Interahamwe
i79409,Q2862906,a terrorist organization that seeks to overthrow the government dominated by Tutsi and to institute Hutu control again,08033653-n,i79409,Army for the Liberation of Rwanda|ALIR|Former Armed Forces|FAR|Interahamwe,OENN,Q755973|Q2862906,unique_value,"rebel group largely composed of former members of the Interahamwe and Rwandan Armed Forces, was operating mostly in the eastern regions of the Democratic Republic of the Congo along the border with Rwanda",Army for the Liberation of Rwanda
i79419,Q29014225,a Palestinian international terrorist organization that split from the PLO in 1974; has conducted terrorist attacks in 20 countries,08036995-n,i79419,Black September Organization|Fatah Revolutionary Council|Fatah-RC|Abu Nidal Organization|ANO|Arab Revolutionary Brigades|Black September|Revolutionary Organization of Socialist Muslims,OENN,Q29014225|Q1638579,unique_value,leading body within the Fatah party,Fatah Revolutionary Council
i79419,Q1638579,a Palestinian international terrorist organization that split from the PLO in 1974; has conducted terrorist attacks in 20 countries,08036995-n,i79419,Black September Organization|Fatah Revolutionary Council|Fatah-RC|Abu Nidal Organization|ANO|Arab Revolutionary Brigades|Black September|Revolutionary Organization of Socialist Muslims,OENN,Q29014225|Q1638579,unique_value,Palestinian terrorist group,Abu Nidal Organization
i79419,Q1638579,a Palestinian international terrorist organization that split from the PLO in 1974; has conducted terrorist attacks in 20 countries,08036995-n,i79419,Black September Organization|Fatah Revolutionary Council|Fatah-RC|Abu Nidal Organization|ANO|Arab Revolutionary Brigades|Black September|Revolutionary Organization of Socialist Muslims,OENN,Q29014225|Q1638579,unique_value,Palestinian terrorist group,Abu Nidal Organization
i79419,Q29014225,a Palestinian international terrorist organization that split from the PLO in 1974; has conducted terrorist attacks in 20 countries,08036995-n,i79419,Black September Organization|Fatah Revolutionary Council|Fatah-RC|Abu Nidal Organization|ANO|Arab Revolutionary Brigades|Black September|Revolutionary Organization of Socialist Muslims,OENN,Q29014225|Q1638579,unique_value,leading body within the Fatah party,Fatah Revolutionary Council
i79442,Q20387047,an Islamic extremist group of Kurds who oppose secular control with bombings and assassinations; believed to have ties with al-Qaeda,08044901-n,i79442,Jund-ul-Islam|Soldiers of God,OENN,Q20387047|Q1048651,unique_value,Sinai yihadist group,Jund al-Islam
i79442,Q1048651,an Islamic extremist group of Kurds who oppose secular control with bombings and assassinations; believed to have ties with al-Qaeda,08044901-n,i79442,Jund-ul-Islam|Soldiers of God,OENN,Q20387047|Q1048651,unique_value,militant Sunni organization in Iran,Jundallah
i79442,Q1048651,an Islamic extremist group of Kurds who oppose secular control with bombings and assassinations; believed to have ties with al-Qaeda,08044901-n,i79442,Jund-ul-Islam|Soldiers of God,OENN,Q20387047|Q1048651,unique_value,militant Sunni organization in Iran,Jundallah
i79442,Q20387047,an Islamic extremist group of Kurds who oppose secular control with bombings and assassinations; believed to have ties with al-Qaeda,08044901-n,i79442,Jund-ul-Islam|Soldiers of God,OENN,Q20387047|Q1048651,unique_value,Sinai yihadist group,Jund al-Islam
i79445,Q8711543,a communist organization formed in Cambodia in 1970; became a terrorist organization in 1975 when it captured Phnom Penh and created a government that killed an estimated three million people; was defeated by Vietnamese troops but remained active until 1999,08045752-n,i79445,Khmer Rouge|KR|Party of Democratic Kampuchea|Communist Party of Kampuchea,OENN,Q191764|Q8711543,unique_value,communist party in Cambodia,Communist Party of Kampuchea
i79445,Q191764,a communist organization formed in Cambodia in 1970; became a terrorist organization in 1975 when it captured Phnom Penh and created a government that killed an estimated three million people; was defeated by Vietnamese troops but remained active until 1999,08045752-n,i79445,Khmer Rouge|KR|Party of Democratic Kampuchea|Communist Party of Kampuchea,OENN,Q191764|Q8711543,unique_value,"followers of the Communist Party, Maoists of Kampuchea in Cambodia (until 1998)",Communist Party of the Cambodia (Khmer Rouge)
i79445,Q191764,a communist organization formed in Cambodia in 1970; became a terrorist organization in 1975 when it captured Phnom Penh and created a government that killed an estimated three million people; was defeated by Vietnamese troops but remained active until 1999,08045752-n,i79445,Khmer Rouge|KR|Party of Democratic Kampuchea|Communist Party of Kampuchea,OENN,Q191764|Q8711543,unique_value,"followers of the Communist Party, Maoists of Kampuchea in Cambodia (until 1998)",Communist Party of the Cambodia (Khmer Rouge)
i79445,Q8711543,a communist organization formed in Cambodia in 1970; became a terrorist organization in 1975 when it captured Phnom Penh and created a government that killed an estimated three million people; was defeated by Vietnamese troops but remained active until 1999,08045752-n,i79445,Khmer Rouge|KR|Party of Democratic Kampuchea|Communist Party of Kampuchea,OENN,Q191764|Q8711543,unique_value,communist party in Cambodia,Communist Party of Kampuchea
i79466,Q7071479,a terrorist organization in Bolivia that acts as an umbrella for numerous small indigenous subversive groups; a revival of a group with Marxist-Leninist ideologies originally established by Che Guevara in the 1960s,08051986-n,i79466,Nancahuazu Guerrilla|National Liberation Army|ELN|Nestor Paz Zamora Commission|CNPZ,OENN,Q1322079|Q7071479,unique_value,militant Bolivian Marxist–Leninist organization,Néstor Paz Zamora Commission
i79466,Q1322079,a terrorist organization in Bolivia that acts as an umbrella for numerous small indigenous subversive groups; a revival of a group with Marxist-Leninist ideologies originally established by Che Guevara in the 1960s,08051986-n,i79466,Nancahuazu Guerrilla|National Liberation Army|ELN|Nestor Paz Zamora Commission|CNPZ,OENN,Q1322079|Q7071479,unique_value,"group of mainly Bolivian and Cuban guerrillas led by Ernesto Guevara which was active in the Cordillera Province, Bolivia from 1966 to 1967",Ñancahuazú Guerrilla
i79466,Q1322079,a terrorist organization in Bolivia that acts as an umbrella for numerous small indigenous subversive groups; a revival of a group with Marxist-Leninist ideologies originally established by Che Guevara in the 1960s,08051986-n,i79466,Nancahuazu Guerrilla|National Liberation Army|ELN|Nestor Paz Zamora Commission|CNPZ,OENN,Q1322079|Q7071479,unique_value,"group of mainly Bolivian and Cuban guerrillas led by Ernesto Guevara which was active in the Cordillera Province, Bolivia from 1966 to 1967",Ñancahuazú Guerrilla
i79466,Q7071479,a terrorist organization in Bolivia that acts as an umbrella for numerous small indigenous subversive groups; a revival of a group with Marxist-Leninist ideologies originally established by Che Guevara in the 1960s,08051986-n,i79466,Nancahuazu Guerrilla|National Liberation Army|ELN|Nestor Paz Zamora Commission|CNPZ,OENN,Q1322079|Q7071479,unique_value,militant Bolivian Marxist–Leninist organization,Néstor Paz Zamora Commission
i79478,Q7127396,a terrorist group of radical Palestinians who split with al-Fatah in 1967 but now have close relations with al-Fatah; staged terrorist attacks against Israel across the Lebanese border,08055747-n,i79478,Palestinian Popular Struggle Front|Popular Struggle Front|PSF,OENN,Q7127396|Q960776,unique_value,Political faction,Palestinian Popular Struggle Front
i79478,Q960776,a terrorist group of radical Palestinians who split with al-Fatah in 1967 but now have close relations with al-Fatah; staged terrorist attacks against Israel across the Lebanese border,08055747-n,i79478,Palestinian Popular Struggle Front|Popular Struggle Front|PSF,OENN,Q7127396|Q960776,unique_value,political party in Palestine,Palestinian Popular Struggle Front
i79478,Q960776,a terrorist group of radical Palestinians who split with al-Fatah in 1967 but now have close relations with al-Fatah; staged terrorist attacks against Israel across the Lebanese border,08055747-n,i79478,Palestinian Popular Struggle Front|Popular Struggle Front|PSF,OENN,Q7127396|Q960776,unique_value,political party in Palestine,Palestinian Popular Struggle Front
i79478,Q7127396,a terrorist group of radical Palestinians who split with al-Fatah in 1967 but now have close relations with al-Fatah; staged terrorist attacks against Israel across the Lebanese border,08055747-n,i79478,Palestinian Popular Struggle Front|Popular Struggle Front|PSF,OENN,Q7127396|Q960776,unique_value,Political faction,Palestinian Popular Struggle Front
i80287,Q7167191,the section of a band or orchestra that plays percussion instruments,08234478-n,i80287,percussion section|percussion|rhythm section,OEWN,Q1456785|Q7167191,unique_value,one of the main divisions of an orchestra,percussion section
i80287,Q1456785,the section of a band or orchestra that plays percussion instruments,08234478-n,i80287,percussion section|percussion|rhythm section,OEWN,Q1456785|Q7167191,unique_value,"group of musicians within a music ensemble or band who provide the underlying rhythm, harmony and beat for the rest of the band",rhythm section
i80287,Q1456785,the section of a band or orchestra that plays percussion instruments,08234478-n,i80287,percussion section|percussion|rhythm section,OEWN,Q1456785|Q7167191,unique_value,"group of musicians within a music ensemble or band who provide the underlying rhythm, harmony and beat for the rest of the band",rhythm section
i80287,Q7167191,the section of a band or orchestra that plays percussion instruments,08234478-n,i80287,percussion section|percussion|rhythm section,OEWN,Q1456785|Q7167191,unique_value,one of the main divisions of an orchestra,percussion section
i81079,Q273005,the system of production and distribution and consumption,08383680-n,i81079,economy|economic system,OEWN,Q273005|Q159810,unique_value,"system of ownership, production and exchange",economic system
i81079,Q159810,the system of production and distribution and consumption,08383680-n,i81079,economy|economic system,OEWN,Q273005|Q159810,unique_value,"social domain encompassing the production, distribution, trade, and consumption of goods and services; shaped by culture, technology, political structure, and natural resources, involving individuals, businesses, and governments",economy
i81079,Q159810,the system of production and distribution and consumption,08383680-n,i81079,economy|economic system,OEWN,Q273005|Q159810,unique_value,"social domain encompassing the production, distribution, trade, and consumption of goods and services; shaped by culture, technology, political structure, and natural resources, involving individuals, businesses, and governments",economy
i81079,Q273005,the system of production and distribution and consumption,08383680-n,i81079,economy|economic system,OEWN,Q273005|Q159810,unique_value,"system of ownership, production and exchange",economic system
i81121,Q1666019,"an interest group that tries to influence legislators or bureaucrats to act in their favor, typically through lobbying",07985266-n,i81121,special interest|special-interest group|special interest group|advocacy group|lobby group|lobby|pressure group|third house,OEWN,Q431603|Q1666019,unique_value,"class, group, or organization that wants to influence public policy and state action in its favor",pressure group
i81121,Q431603,"an interest group that tries to influence legislators or bureaucrats to act in their favor, typically through lobbying",07985266-n,i81121,special interest|special-interest group|special interest group|advocacy group|lobby group|lobby|pressure group|third house,OEWN,Q431603|Q1666019,unique_value,groups using advocacy in order to influence public opinion and policy,advocacy group
i81121,Q431603,"an interest group that tries to influence legislators or bureaucrats to act in their favor, typically through lobbying",07985266-n,i81121,special interest|special-interest group|special interest group|advocacy group|lobby group|lobby|pressure group|third house,OEWN,Q431603|Q1666019,unique_value,groups using advocacy in order to influence public opinion and policy,advocacy group
i81121,Q1666019,"an interest group that tries to influence legislators or bureaucrats to act in their favor, typically through lobbying",07985266-n,i81121,special interest|special-interest group|special interest group|advocacy group|lobby group|lobby|pressure group|third house,OEWN,Q431603|Q1666019,unique_value,"class, group, or organization that wants to influence public policy and state action in its favor",pressure group
i81858,Q245260,an aggregation or continuous network of urban communities,08557280-n,i81858,conurbation|urban sprawl|sprawl,OEWN,Q192042|Q245260,unique_value,group of settlements linked by continuous urban area,conurbation
i81858,Q192042,an aggregation or continuous network of urban communities,08557280-n,i81858,conurbation|urban sprawl|sprawl,OEWN,Q192042|Q245260,unique_value,"expansion of auto-oriented, low-density development in suburbs",urban sprawl
i81858,Q192042,an aggregation or continuous network of urban communities,08557280-n,i81858,conurbation|urban sprawl|sprawl,OEWN,Q192042|Q245260,unique_value,"expansion of auto-oriented, low-density development in suburbs",urban sprawl
i81858,Q245260,an aggregation or continuous network of urban communities,08557280-n,i81858,conurbation|urban sprawl|sprawl,OEWN,Q192042|Q245260,unique_value,group of settlements linked by continuous urban area,conurbation
i81984,Q1149081,the countries of Asia,08580157-n,i81984,East|Orient,OENN,Q1149081|Q205653,unique_value,countries with an originally Asian shared culture,Eastern world
i81984,Q205653,the countries of Asia,08580157-n,i81984,East|Orient,OENN,Q1149081|Q205653,unique_value,term for the Eastern world,Orient
i81984,Q205653,the countries of Asia,08580157-n,i81984,East|Orient,OENN,Q1149081|Q205653,unique_value,term for the Eastern world,Orient
i81984,Q1149081,the countries of Asia,08580157-n,i81984,East|Orient,OENN,Q1149081|Q205653,unique_value,countries with an originally Asian shared culture,Eastern world
i82572,Q14947899,the western United States during its frontier period,08700915-n,i82572,American frontier|Wild West,OENN,Q190267|Q14947899,unique_value,"undeveloped territory of the United States, c. 1607–1912",Wild West
i82572,Q190267,the western United States during its frontier period,08700915-n,i82572,American frontier|Wild West,OENN,Q190267|Q14947899,unique_value,frontier of colonization in North America circa 1700-1910,American frontier
i82572,Q190267,the western United States during its frontier period,08700915-n,i82572,American frontier|Wild West,OENN,Q190267|Q14947899,unique_value,frontier of colonization in North America circa 1700-1910,American frontier
i82572,Q14947899,the western United States during its frontier period,08700915-n,i82572,American frontier|Wild West,OENN,Q190267|Q14947899,unique_value,"undeveloped territory of the United States, c. 1607–1912",Wild West
i82663,Q12901244,an ancient kingdom (later a Roman province) in North Africa in an area corresponding roughly to present-day Algeria,08725524-n,i82663,Numidia,OENN,Q12901244|Q102679,unique_value,Roman province,Numidia
i82663,Q102679,an ancient kingdom (later a Roman province) in North Africa in an area corresponding roughly to present-day Algeria,08725524-n,i82663,Numidia,OENN,Q12901244|Q102679,unique_value,Amazigh (Berber) kingdom in North Africa (202 BC - 40 AD),Kingdom of Numidia
i82663,Q102679,an ancient kingdom (later a Roman province) in North Africa in an area corresponding roughly to present-day Algeria,08725524-n,i82663,Numidia,OENN,Q12901244|Q102679,unique_value,Amazigh (Berber) kingdom in North Africa (202 BC - 40 AD),Kingdom of Numidia
i82663,Q12901244,an ancient kingdom (later a Roman province) in North Africa in an area corresponding roughly to present-day Algeria,08725524-n,i82663,Numidia,OENN,Q12901244|Q102679,unique_value,Roman province,Numidia
i82775,Q3916279,a former Portuguese province on the south coast of China and two islands in the South China Sea; reverted to China in 1999,08749256-n,i82775,Macao|Macau,OENN,Q3916279|Q14773,unique_value,Portuguese possession in East Asia between 1557 and 1999,Portuguese Macau
i82775,Q14773,a former Portuguese province on the south coast of China and two islands in the South China Sea; reverted to China in 1999,08749256-n,i82775,Macao|Macau,OENN,Q3916279|Q14773,unique_value,city and special administrative region of China,Macau
i82775,Q14773,a former Portuguese province on the south coast of China and two islands in the South China Sea; reverted to China in 1999,08749256-n,i82775,Macao|Macau,OENN,Q3916279|Q14773,unique_value,city and special administrative region of China,Macau
i82775,Q3916279,a former Portuguese province on the south coast of China and two islands in the South China Sea; reverted to China in 1999,08749256-n,i82775,Macao|Macau,OENN,Q3916279|Q14773,unique_value,Portuguese possession in East Asia between 1557 and 1999,Portuguese Macau
i82925,Q756617,a constitutional monarchy in northern Europe; consists of the mainland of Jutland and many islands between the North Sea and the Baltic Sea,08779077-n,i82925,Denmark|Kingdom of Denmark|Danmark,OENN,Q35|Q756617,unique_value,transcontinental sovereign state and constitutional monarchy,Kingdom of Denmark
i82925,Q35,a constitutional monarchy in northern Europe; consists of the mainland of Jutland and many islands between the North Sea and the Baltic Sea,08779077-n,i82925,Denmark|Kingdom of Denmark|Danmark,OENN,Q35|Q756617,unique_value,country in Northern Europe,Denmark
i82925,Q35,a constitutional monarchy in northern Europe; consists of the mainland of Jutland and many islands between the North Sea and the Baltic Sea,08779077-n,i82925,Denmark|Kingdom of Denmark|Danmark,OENN,Q35|Q756617,unique_value,country in Northern Europe,Denmark
i82925,Q756617,a constitutional monarchy in northern Europe; consists of the mainland of Jutland and many islands between the North Sea and the Baltic Sea,08779077-n,i82925,Denmark|Kingdom of Denmark|Danmark,OENN,Q35|Q756617,unique_value,transcontinental sovereign state and constitutional monarchy,Kingdom of Denmark
i82993,Q157367,the territory of an Elector (of the Holy Roman Empire) that expanded to become the kingdom of Prussia in 1701,08793430-n,i82993,Brandenburg,OENN,Q157367|Q148499,unique_value,former country (1618–1701),Brandenburg-Prussia
i82993,Q148499,the territory of an Elector (of the Holy Roman Empire) that expanded to become the kingdom of Prussia in 1701,08793430-n,i82993,Brandenburg,OENN,Q157367|Q148499,unique_value,Holy Roman Empire principality (1157–1806),Margraviate of Brandenburg
i82993,Q148499,the territory of an Elector (of the Holy Roman Empire) that expanded to become the kingdom of Prussia in 1701,08793430-n,i82993,Brandenburg,OENN,Q157367|Q148499,unique_value,Holy Roman Empire principality (1157–1806),Margraviate of Brandenburg
i82993,Q157367,the territory of an Elector (of the Holy Roman Empire) that expanded to become the kingdom of Prussia in 1701,08793430-n,i82993,Brandenburg,OENN,Q157367|Q148499,unique_value,former country (1618–1701),Brandenburg-Prussia
i82995,Q2175121,a major industrial and coal mining region in the valley of the Ruhr river in northwestern Germany,08793971-n,i82995,Ruhr|Ruhr Valley,OENN,Q2175121|Q151993,unique_value,"natural region along the Ruhr river in North Rhine-Westphalia, Germany",Ruhrtal
i82995,Q151993,a major industrial and coal mining region in the valley of the Ruhr river in northwestern Germany,08793971-n,i82995,Ruhr|Ruhr Valley,OENN,Q2175121|Q151993,unique_value,"urban area in North Rhine-Westphalia, Germany",Ruhr Region
i82995,Q151993,a major industrial and coal mining region in the valley of the Ruhr river in northwestern Germany,08793971-n,i82995,Ruhr|Ruhr Valley,OENN,Q2175121|Q151993,unique_value,"urban area in North Rhine-Westphalia, Germany",Ruhr Region
i82995,Q2175121,a major industrial and coal mining region in the valley of the Ruhr river in northwestern Germany,08793971-n,i82995,Ruhr|Ruhr Valley,OENN,Q2175121|Q151993,unique_value,"natural region along the Ruhr river in North Rhine-Westphalia, Germany",Ruhrtal
i83065,Q48214,the area around the eastern Mediterranean; from Turkey to northern Africa and eastward to Iran; the site of such ancient civilizations as Phoenicia and Babylon and Egypt and the birthplace of Judaism and Christianity and Islam; had continuous economic and political turmoil in the 20th century,08809019-n,i83065,Middle East|Mideast|Near East,OENN,Q7204|Q48214,unique_value,"geographical term that roughly encompasses Western Asia, and in some definitions parts of the Balkans",Near East
i83065,Q7204,the area around the eastern Mediterranean; from Turkey to northern Africa and eastward to Iran; the site of such ancient civilizations as Phoenicia and Babylon and Egypt and the birthplace of Judaism and Christianity and Islam; had continuous economic and political turmoil in the 20th century,08809019-n,i83065,Middle East|Mideast|Near East,OENN,Q7204|Q48214,unique_value,"geopolitical region encompassing Egypt and most of Western Asia, including Iran",Middle East
i83065,Q7204,the area around the eastern Mediterranean; from Turkey to northern Africa and eastward to Iran; the site of such ancient civilizations as Phoenicia and Babylon and Egypt and the birthplace of Judaism and Christianity and Islam; had continuous economic and political turmoil in the 20th century,08809019-n,i83065,Middle East|Mideast|Near East,OENN,Q7204|Q48214,unique_value,"geopolitical region encompassing Egypt and most of Western Asia, including Iran",Middle East
i83065,Q48214,the area around the eastern Mediterranean; from Turkey to northern Africa and eastward to Iran; the site of such ancient civilizations as Phoenicia and Babylon and Egypt and the birthplace of Judaism and Christianity and Islam; had continuous economic and political turmoil in the 20th century,08809019-n,i83065,Middle East|Mideast|Near East,OENN,Q7204|Q48214,unique_value,"geographical term that roughly encompasses Western Asia, and in some definitions parts of the Balkans",Near East
i83094,Q48175,an ancient country in southwestern Asia on the east coast of the Mediterranean Sea; a place of pilgrimage for Christianity and Islam and Judaism,08816234-n,i83094,Palestine|Canaan|Holy Land|Promised Land,OENN,Q23792|Q48175,unique_value,"Denotes areas of the Southern Levant that hold great significance in the Abrahamic religions, primarily because of their association with people and events featured in the Bible.",Holy Land
i83094,Q23792,an ancient country in southwestern Asia on the east coast of the Mediterranean Sea; a place of pilgrimage for Christianity and Islam and Judaism,08816234-n,i83094,Palestine|Canaan|Holy Land|Promised Land,OENN,Q23792|Q48175,unique_value,geographic region in West Asia,Palestine
i83094,Q23792,an ancient country in southwestern Asia on the east coast of the Mediterranean Sea; a place of pilgrimage for Christianity and Islam and Judaism,08816234-n,i83094,Palestine|Canaan|Holy Land|Promised Land,OENN,Q23792|Q48175,unique_value,geographic region in West Asia,Palestine
i83094,Q48175,an ancient country in southwestern Asia on the east coast of the Mediterranean Sea; a place of pilgrimage for Christianity and Islam and Judaism,08816234-n,i83094,Palestine|Canaan|Holy Land|Promised Land,OENN,Q23792|Q48175,unique_value,"Denotes areas of the Southern Levant that hold great significance in the Abrahamic religions, primarily because of their association with people and events featured in the Bible.",Holy Land
i83175,Q838261,a mountainous republic in southeastern Europe bordering on the Adriatic Sea; formed from two of the six republics that made up Yugoslavia until 1992; Serbia and Montenegro were known as the Federal Republic of Yugoslavia until 2003 when they adopted the name of the Union of Serbia and Montenegro,08834088-n,i83175,Serbia and Montenegro|Union of Serbia and Montenegro|Yugoslavia|Federal Republic of Yugoslavia|Jugoslavija,OENN,Q838261|Q37024,unique_value,former Balkan republic (1992–2003),Federal Republic of Yugoslavia
i83175,Q37024,a mountainous republic in southeastern Europe bordering on the Adriatic Sea; formed from two of the six republics that made up Yugoslavia until 1992; Serbia and Montenegro were known as the Federal Republic of Yugoslavia until 2003 when they adopted the name of the Union of Serbia and Montenegro,08834088-n,i83175,Serbia and Montenegro|Union of Serbia and Montenegro|Yugoslavia|Federal Republic of Yugoslavia|Jugoslavija,OENN,Q838261|Q37024,unique_value,former political union in the Balkans (2003–2006),Serbia and Montenegro
i83175,Q37024,a mountainous republic in southeastern Europe bordering on the Adriatic Sea; formed from two of the six republics that made up Yugoslavia until 1992; Serbia and Montenegro were known as the Federal Republic of Yugoslavia until 2003 when they adopted the name of the Union of Serbia and Montenegro,08834088-n,i83175,Serbia and Montenegro|Union of Serbia and Montenegro|Yugoslavia|Federal Republic of Yugoslavia|Jugoslavija,OENN,Q838261|Q37024,unique_value,former political union in the Balkans (2003–2006),Serbia and Montenegro
i83175,Q838261,a mountainous republic in southeastern Europe bordering on the Adriatic Sea; formed from two of the six republics that made up Yugoslavia until 1992; Serbia and Montenegro were known as the Federal Republic of Yugoslavia until 2003 when they adopted the name of the Union of Serbia and Montenegro,08834088-n,i83175,Serbia and Montenegro|Union of Serbia and Montenegro|Yugoslavia|Federal Republic of Yugoslavia|Jugoslavija,OENN,Q838261|Q37024,unique_value,former Balkan republic (1992–2003),Federal Republic of Yugoslavia
i83289,Q131233,national capital of Kiribati,08859956-n,i83289,Tarawa|Bairiki,OENN,Q2486|Q131233|Q999487,unique_value,capital of Kiribati,South Tarawa
i83289,Q2486,national capital of Kiribati,08859956-n,i83289,Tarawa|Bairiki,OENN,Q2486|Q131233|Q999487,unique_value,atoll in the central Pacific Ocean and the capital of Kiribati,Tarawa
i83289,Q999487,national capital of Kiribati,08859956-n,i83289,Tarawa|Bairiki,OENN,Q2486|Q131233|Q999487,unique_value,human settlement,Bairiki
i83289,Q2486,national capital of Kiribati,08859956-n,i83289,Tarawa|Bairiki,OENN,Q2486|Q131233|Q999487,unique_value,atoll in the central Pacific Ocean and the capital of Kiribati,Tarawa
i83289,Q2486,national capital of Kiribati,08859956-n,i83289,Tarawa|Bairiki,OENN,Q2486|Q131233|Q999487,unique_value,atoll in the central Pacific Ocean and the capital of Kiribati,Tarawa
i83289,Q131233,national capital of Kiribati,08859956-n,i83289,Tarawa|Bairiki,OENN,Q2486|Q131233|Q999487,unique_value,capital of Kiribati,South Tarawa
i83289,Q999487,national capital of Kiribati,08859956-n,i83289,Tarawa|Bairiki,OENN,Q2486|Q131233|Q999487,unique_value,human settlement,Bairiki
i83289,Q131233,national capital of Kiribati,08859956-n,i83289,Tarawa|Bairiki,OENN,Q2486|Q131233|Q999487,unique_value,capital of Kiribati,South Tarawa
i83289,Q2486,national capital of Kiribati,08859956-n,i83289,Tarawa|Bairiki,OENN,Q2486|Q131233|Q999487,unique_value,atoll in the central Pacific Ocean and the capital of Kiribati,Tarawa
i83289,Q999487,national capital of Kiribati,08859956-n,i83289,Tarawa|Bairiki,OENN,Q2486|Q131233|Q999487,unique_value,human settlement,Bairiki
i83289,Q131233,national capital of Kiribati,08859956-n,i83289,Tarawa|Bairiki,OENN,Q2486|Q131233|Q999487,unique_value,capital of Kiribati,South Tarawa
i83289,Q999487,national capital of Kiribati,08859956-n,i83289,Tarawa|Bairiki,OENN,Q2486|Q131233|Q999487,unique_value,human settlement,Bairiki
i83378,Q205905,a city in northwestern England,08893496-n,i83378,Lancaster,OENN,Q168052|Q205905,unique_value,"county town of Lancashire, England",Lancaster
i83378,Q168052,a city in northwestern England,08893496-n,i83378,Lancaster,OENN,Q168052|Q205905,unique_value,"non-metropolitan district with city status in Lancashire, England",Lancaster
i83378,Q168052,a city in northwestern England,08893496-n,i83378,Lancaster,OENN,Q168052|Q205905,unique_value,"non-metropolitan district with city status in Lancashire, England",Lancaster
i83378,Q205905,a city in northwestern England,08893496-n,i83378,Lancaster,OENN,Q168052|Q205905,unique_value,"county town of Lancashire, England",Lancaster
i83409,Q21683233,a port city in southern England on the English Channel; Britain's major naval base,08899907-n,i83409,Portsmouth|Pompey,OENN,Q72259|Q21683233,unique_value,"district of Hampshire, England",City of Portsmouth
i83409,Q72259,a port city in southern England on the English Channel; Britain's major naval base,08899907-n,i83409,Portsmouth|Pompey,OENN,Q72259|Q21683233,unique_value,"city in Hampshire, England, United Kingdom",Portsmouth
i83409,Q72259,a port city in southern England on the English Channel; Britain's major naval base,08899907-n,i83409,Portsmouth|Pompey,OENN,Q72259|Q21683233,unique_value,"city in Hampshire, England, United Kingdom",Portsmouth
i83409,Q21683233,a port city in southern England on the English Channel; Britain's major naval base,08899907-n,i83409,Portsmouth|Pompey,OENN,Q72259|Q21683233,unique_value,"district of Hampshire, England",City of Portsmouth
i83416,Q1094226,a city in southern England; administrative center of Hampshire,08901086-n,i83416,Winchester,OENN,Q1094226|Q172157,unique_value,"non-metropolitan district in Hampshire, England, with city status",Winchester
i83416,Q172157,a city in southern England; administrative center of Hampshire,08901086-n,i83416,Winchester,OENN,Q1094226|Q172157,unique_value,"city and unparished area within the larger City of Winchester, Hampshire, England",Winchester
i83416,Q172157,a city in southern England; administrative center of Hampshire,08901086-n,i83416,Winchester,OENN,Q1094226|Q172157,unique_value,"city and unparished area within the larger City of Winchester, Hampshire, England",Winchester
i83416,Q1094226,a city in southern England; administrative center of Hampshire,08901086-n,i83416,Winchester,OENN,Q1094226|Q172157,unique_value,"non-metropolitan district in Hampshire, England, with city status",Winchester
i83424,Q67442940,a county in southeastern England on the North Sea and the Thames estuary,08902288-n,i83424,Essex,OENN,Q23240|Q67442940,unique_value,historic county of England,Essex
i83424,Q23240,a county in southeastern England on the North Sea and the Thames estuary,08902288-n,i83424,Essex,OENN,Q23240|Q67442940,unique_value,ceremonial county in England (use Q21272241 for administrative non-metropolitan county),Essex
i83424,Q23240,a county in southeastern England on the North Sea and the Thames estuary,08902288-n,i83424,Essex,OENN,Q23240|Q67442940,unique_value,ceremonial county in England (use Q21272241 for administrative non-metropolitan county),Essex
i83424,Q67442940,a county in southeastern England on the North Sea and the Thames estuary,08902288-n,i83424,Essex,OENN,Q23240|Q67442940,unique_value,historic county of England,Essex
i83459,Q27508141,one of the British Isles in the Irish Sea,08907943-n,i83459,Man|Isle of Man,OENN,Q27508141|Q9676,unique_value,main island of the Isle of Man British Crown Dependency,Isle of Man
i83459,Q9676,one of the British Isles in the Irish Sea,08907943-n,i83459,Man|Isle of Man,OENN,Q27508141|Q9676,unique_value,historic nation and a self-governing British Crown dependency,Isle of Man
i83459,Q9676,one of the British Isles in the Irish Sea,08907943-n,i83459,Man|Isle of Man,OENN,Q27508141|Q9676,unique_value,historic nation and a self-governing British Crown dependency,Isle of Man
i83459,Q27508141,one of the British Isles in the Irish Sea,08907943-n,i83459,Man|Isle of Man,OENN,Q27508141|Q9676,unique_value,main island of the Isle of Man British Crown Dependency,Isle of Man
i83526,Q1353,a city in north central India,08923207-n,i83526,Delhi|New Delhi,OENN,Q987|Q1353,unique_value,megacity and union territory of India,Delhi
i83526,Q987,a city in north central India,08923207-n,i83526,Delhi|New Delhi,OENN,Q987|Q1353,unique_value,capital city of India,New Delhi
i83526,Q987,a city in north central India,08923207-n,i83526,Delhi|New Delhi,OENN,Q987|Q1353,unique_value,capital city of India,New Delhi
i83526,Q1353,a city in north central India,08923207-n,i83526,Delhi|New Delhi,OENN,Q987|Q1353,unique_value,megacity and union territory of India,Delhi
i83532,Q15340,a city in south central India in Andhra Pradesh,08924237-n,i83532,Hyderabad,OENN,Q15340|Q1361,unique_value,"district of Telangana State, India",Hyderabad district
i83532,Q1361,a city in south central India in Andhra Pradesh,08924237-n,i83532,Hyderabad,OENN,Q15340|Q1361,unique_value,"capital of Telangana, India",Hyderabad
i83532,Q1361,a city in south central India in Andhra Pradesh,08924237-n,i83532,Hyderabad,OENN,Q15340|Q1361,unique_value,"capital of Telangana, India",Hyderabad
i83532,Q15340,a city in south central India in Andhra Pradesh,08924237-n,i83532,Hyderabad,OENN,Q15340|Q1361,unique_value,"district of Telangana State, India",Hyderabad district
i83739,Q3018561,a city of east central Netherlands; a popular tourist center and site of the summer residence of the Dutch royal family,08969808-n,i83739,Apeldoorn,OENN,Q3018561|Q101918,unique_value,"city in Gelderland, the Netherlands",Apeldoorn
i83739,Q101918,a city of east central Netherlands; a popular tourist center and site of the summer residence of the Dutch royal family,08969808-n,i83739,Apeldoorn,OENN,Q3018561|Q101918,unique_value,"municipality in the province of Gelderland, Netherlands",Apeldoorn
i83739,Q101918,a city of east central Netherlands; a popular tourist center and site of the summer residence of the Dutch royal family,08969808-n,i83739,Apeldoorn,OENN,Q3018561|Q101918,unique_value,"municipality in the province of Gelderland, Netherlands",Apeldoorn
i83739,Q3018561,a city of east central Netherlands; a popular tourist center and site of the summer residence of the Dutch royal family,08969808-n,i83739,Apeldoorn,OENN,Q3018561|Q101918,unique_value,"city in Gelderland, the Netherlands",Apeldoorn
i83775,Q62132,a region in northmost Europe inhabited by Lapps,08976985-n,i83775,Lappland|Lapland,OENN,Q5700|Q62132,unique_value,cultural region traditionally inhabited by the Sami people,Sápmi
i83775,Q5700,a region in northmost Europe inhabited by Lapps,08976985-n,i83775,Lappland|Lapland,OENN,Q5700|Q62132,unique_value,region of Finland,Lapland
i83775,Q5700,a region in northmost Europe inhabited by Lapps,08976985-n,i83775,Lappland|Lapland,OENN,Q5700|Q62132,unique_value,region of Finland,Lapland
i83775,Q62132,a region in northmost Europe inhabited by Lapps,08976985-n,i83775,Lappland|Lapland,OENN,Q5700|Q62132,unique_value,cultural region traditionally inhabited by the Sami people,Sápmi
i83910,Q3344946,an ancient city in northern Portugal,09008328-n,i83910,Braga,OENN,Q3344946|Q83247,unique_value,city seat of Braga municipality,Braga
i83910,Q83247,an ancient city in northern Portugal,09008328-n,i83910,Braga,OENN,Q3344946|Q83247,unique_value,municipality in Portugal,Braga
i83910,Q83247,an ancient city in northern Portugal,09008328-n,i83910,Braga,OENN,Q3344946|Q83247,unique_value,municipality in Portugal,Braga
i83910,Q3344946,an ancient city in northern Portugal,09008328-n,i83910,Braga,OENN,Q3344946|Q83247,unique_value,city seat of Braga municipality,Braga
i83933,Q930426,a chain of small islands in French Polynesia,09013071-n,i83933,Tubuai Islands|Austral Islands,OENN,Q514626|Q930426,unique_value,archipelago in French Polynesia,Austral Islands
i83933,Q514626,a chain of small islands in French Polynesia,09013071-n,i83933,Tubuai Islands|Austral Islands,OENN,Q514626|Q930426,unique_value,main island of the Tubuai Island group,Tubuai
i83933,Q514626,a chain of small islands in French Polynesia,09013071-n,i83933,Tubuai Islands|Austral Islands,OENN,Q514626|Q930426,unique_value,main island of the Tubuai Island group,Tubuai
i83933,Q930426,a chain of small islands in French Polynesia,09013071-n,i83933,Tubuai Islands|Austral Islands,OENN,Q514626|Q930426,unique_value,archipelago in French Polynesia,Austral Islands
i84064,Q31354462,republic with limited recognition in the Caucasus,09041725-n,i84064,Abkhaz|Abkhazia|Republic of Abkhazia,OENN,Q31354462|Q23334,unique_value,de facto state in the Caucasus,Republic of Abkhazia
i84064,Q23334,republic with limited recognition in the Caucasus,09041725-n,i84064,Abkhaz|Abkhazia|Republic of Abkhazia,OENN,Q31354462|Q23334,unique_value,"historical-geographic region in the South Caucasus, now a disputed territory",Abkhazia
i84064,Q23334,republic with limited recognition in the Caucasus,09041725-n,i84064,Abkhaz|Abkhazia|Republic of Abkhazia,OENN,Q31354462|Q23334,unique_value,"historical-geographic region in the South Caucasus, now a disputed territory",Abkhazia
i84064,Q31354462,republic with limited recognition in the Caucasus,09041725-n,i84064,Abkhaz|Abkhazia|Republic of Abkhazia,OENN,Q31354462|Q23334,unique_value,de facto state in the Caucasus,Republic of Abkhazia
i84108,Q690347,location of a colony of the United Kingdom on a limestone promontory at the southern tip of Spain; strategically important because it can control the entrance of ships into the Mediterranean; one of the Pillars of Hercules,09051211-n,i84108,Gibraltar|Rock of Gibraltar|Calpe,OENN,Q690347|Q1410,unique_value,monolithic limestone promontory located in the British overseas territory of Gibraltar,Rock of Gibraltar
i84108,Q1410,location of a colony of the United Kingdom on a limestone promontory at the southern tip of Spain; strategically important because it can control the entrance of ships into the Mediterranean; one of the Pillars of Hercules,09051211-n,i84108,Gibraltar|Rock of Gibraltar|Calpe,OENN,Q690347|Q1410,unique_value,British overseas territory on the southern end of the Iberian Peninsula,Gibraltar
i84108,Q1410,location of a colony of the United Kingdom on a limestone promontory at the southern tip of Spain; strategically important because it can control the entrance of ships into the Mediterranean; one of the Pillars of Hercules,09051211-n,i84108,Gibraltar|Rock of Gibraltar|Calpe,OENN,Q690347|Q1410,unique_value,British overseas territory on the southern end of the Iberian Peninsula,Gibraltar
i84108,Q690347,location of a colony of the United Kingdom on a limestone promontory at the southern tip of Spain; strategically important because it can control the entrance of ships into the Mediterranean; one of the Pillars of Hercules,09051211-n,i84108,Gibraltar|Rock of Gibraltar|Calpe,OENN,Q690347|Q1410,unique_value,monolithic limestone promontory located in the British overseas territory of Gibraltar,Rock of Gibraltar
i84160,Q524349,a city in southern Turkey on the Seyhan River,09062950-n,i84160,Adana|Seyhan,OENN,Q524349|Q38545,unique_value,"district of Adana, south-central Turkey",Seyhan
i84160,Q38545,a city in southern Turkey on the Seyhan River,09062950-n,i84160,Adana|Seyhan,OENN,Q524349|Q38545,unique_value,"central district and city in Adana Province, Turkey",Adana
i84160,Q38545,a city in southern Turkey on the Seyhan River,09062950-n,i84160,Adana|Seyhan,OENN,Q524349|Q38545,unique_value,"central district and city in Adana Province, Turkey",Adana
i84160,Q524349,a city in southern Turkey on the Seyhan River,09062950-n,i84160,Adana|Seyhan,OENN,Q524349|Q38545,unique_value,"district of Adana, south-central Turkey",Seyhan
i84425,Q2079909,"one of the British colonies that formed the United States, with capital Salem, Charlestown or Boston",09118198-n,i84425,Massachusetts|Massachusetts Bay Colony,OENN,Q2079909|Q1191350,unique_value,"former colony in North America, part of Great Britain",Province of Massachusetts Bay
i84425,Q1191350,"one of the British colonies that formed the United States, with capital Salem, Charlestown or Boston",09118198-n,i84425,Massachusetts|Massachusetts Bay Colony,OENN,Q2079909|Q1191350,unique_value,English possession in North America between 1628 and 1684,Massachusetts Bay Colony
i84425,Q1191350,"one of the British colonies that formed the United States, with capital Salem, Charlestown or Boston",09118198-n,i84425,Massachusetts|Massachusetts Bay Colony,OENN,Q2079909|Q1191350,unique_value,English possession in North America between 1628 and 1684,Massachusetts Bay Colony
i84425,Q2079909,"one of the British colonies that formed the United States, with capital Salem, Charlestown or Boston",09118198-n,i84425,Massachusetts|Massachusetts Bay Colony,OENN,Q2079909|Q1191350,unique_value,"former colony in North America, part of Great Britain",Province of Massachusetts Bay
i85098,Q882739,a headstream of the Nile; joins the White Nile at Khartoum to form the Nile,09247100-n,i85098,Blue Nile,OENN,Q753897|Q882739,unique_value,river originating at Lake Tana in Ethiopia that is a tributary of the Nile River,Blue Nile
i85098,Q753897,a headstream of the Nile; joins the White Nile at Khartoum to form the Nile,09247100-n,i85098,Blue Nile,OENN,Q753897|Q882739,unique_value,river in Africa,Atbarah River
i85098,Q753897,a headstream of the Nile; joins the White Nile at Khartoum to form the Nile,09247100-n,i85098,Blue Nile,OENN,Q753897|Q882739,unique_value,river in Africa,Atbarah River
i85098,Q882739,a headstream of the Nile; joins the White Nile at Khartoum to form the Nile,09247100-n,i85098,Blue Nile,OENN,Q753897|Q882739,unique_value,river originating at Lake Tana in Ethiopia that is a tributary of the Nile River,Blue Nile
i85291,Q1143699,the southwestern part of the Appalachians,09284510-n,i85291,Cumberland Mountains|Cumberland Plateau,OENN,Q1143656|Q1143699,unique_value,subrange of the Appalachian Mountains in the United States,Cumberland Mountains
i85291,Q1143656,the southwestern part of the Appalachians,09284510-n,i85291,Cumberland Mountains|Cumberland Plateau,OENN,Q1143656|Q1143699,unique_value,plateau in the United States,Cumberland Plateau
i85291,Q1143656,the southwestern part of the Appalachians,09284510-n,i85291,Cumberland Mountains|Cumberland Plateau,OENN,Q1143656|Q1143699,unique_value,plateau in the United States,Cumberland Plateau
i85291,Q1143699,the southwestern part of the Appalachians,09284510-n,i85291,Cumberland Mountains|Cumberland Plateau,OENN,Q1143656|Q1143699,unique_value,subrange of the Appalachian Mountains in the United States,Cumberland Mountains
i86463,Q115537581,a creature of the imagination; a person that exists only in legends or myths or fiction,09506868-n,i86463,imaginary being|imaginary creature,OEWN,Q3071701,unique_value,"character known only from narrations (fictional or in a factual manner) without a proof of existence; includes fictional, mythical, legendary or religious characters and similar",imaginary character
i86463,Q3071701,a creature of the imagination; a person that exists only in legends or myths or fiction,09506868-n,i86463,imaginary being|imaginary creature,OEWN,Q3071701,unique_value,a common charge in heraldry,imaginary creature
i86463,Q3071701,a creature of the imagination; a person that exists only in legends or myths or fiction,09506868-n,i86463,imaginary being|imaginary creature,OEWN,Q3071701,unique_value,a common charge in heraldry,imaginary creature
i86463,Q115537581,a creature of the imagination; a person that exists only in legends or myths or fiction,09506868-n,i86463,imaginary being|imaginary creature,OEWN,Q3071701,unique_value,"character known only from narrations (fictional or in a factual manner) without a proof of existence; includes fictional, mythical, legendary or religious characters and similar",imaginary character
i86645,Q1265256,the Babylonian goddess of healing and consort of Ninurta,09541586-n,i86645,Nintinugga|Gula,OENN,Q1265256|Q1028642,unique_value,Mesopotamian goddess from Nippur,Nintinugga
i86645,Q1028642,the Babylonian goddess of healing and consort of Ninurta,09541586-n,i86645,Nintinugga|Gula,OENN,Q1265256|Q1028642,unique_value,mesopotaian deity,Gula
i86645,Q1028642,the Babylonian goddess of healing and consort of Ninurta,09541586-n,i86645,Nintinugga|Gula,OENN,Q1265256|Q1028642,unique_value,mesopotaian deity,Gula
i86645,Q1265256,the Babylonian goddess of healing and consort of Ninurta,09541586-n,i86645,Nintinugga|Gula,OENN,Q1265256|Q1028642,unique_value,Mesopotamian goddess from Nippur,Nintinugga
i86740,Q12614595,ancient Persian god of light and truth; sun god,09554958-n,i86740,Mithras|Mithra,OENN,Q6497135|Q12614595,unique_value,"Zoroastrian divinity of Contracts and Oaths, a form of Mitra and also worshipped in the Roman Empire as a mystery god of masculinity and the sun",Mithra
i86740,Q6497135,ancient Persian god of light and truth; sun god,09554958-n,i86740,Mithras|Mithra,OENN,Q6497135|Q12614595,unique_value,"Indo-Iranian divinity, later worshipped as the Zoroastrian Mithra and the Roman mystery god Mithras",Mitra
i86740,Q6497135,ancient Persian god of light and truth; sun god,09554958-n,i86740,Mithras|Mithra,OENN,Q6497135|Q12614595,unique_value,"Indo-Iranian divinity, later worshipped as the Zoroastrian Mithra and the Roman mystery god Mithras",Mitra
i86740,Q12614595,ancient Persian god of light and truth; sun god,09554958-n,i86740,Mithras|Mithra,OENN,Q6497135|Q12614595,unique_value,"Zoroastrian divinity of Contracts and Oaths, a form of Mitra and also worshipped in the Roman Empire as a mystery god of masculinity and the sun",Mithra
i86782,Q3678579,a name for the God of the Old Testament as transliterated from the Hebrew consonants YHVH,09561429-n,i86782,Yahweh|YHWH|Yahwe|Yahveh|YHVH|Yahve|Wahvey|Jahvey|Jahweh|Jehovah|JHVH,OENN,Q105173|Q3678579,unique_value,Latinate transliteration of יהוה (YHWH) with the vowel points of Adonai,Jehovah
i86782,Q105173,a name for the God of the Old Testament as transliterated from the Hebrew consonants YHVH,09561429-n,i86782,Yahweh|YHWH|Yahwe|Yahveh|YHVH|Yahve|Wahvey|Jahvey|Jahweh|Jehovah|JHVH,OENN,Q105173|Q3678579,unique_value,"Biblic and Talmudic four-letter written name referring to the Eternal, the God of Israel",Tetragrammaton
i86782,Q105173,a name for the God of the Old Testament as transliterated from the Hebrew consonants YHVH,09561429-n,i86782,Yahweh|YHWH|Yahwe|Yahveh|YHVH|Yahve|Wahvey|Jahvey|Jahweh|Jehovah|JHVH,OENN,Q105173|Q3678579,unique_value,"Biblic and Talmudic four-letter written name referring to the Eternal, the God of Israel",Tetragrammaton
i86782,Q3678579,a name for the God of the Old Testament as transliterated from the Hebrew consonants YHVH,09561429-n,i86782,Yahweh|YHWH|Yahwe|Yahveh|YHVH|Yahve|Wahvey|Jahvey|Jahweh|Jehovah|JHVH,OENN,Q105173|Q3678579,unique_value,Latinate transliteration of יהוה (YHWH) with the vowel points of Adonai,Jehovah
i86844,Q9161674,(Greek mythology) group of 3 to 7 nymphs who guarded the golden apples that Gaea gave as a wedding gift to Hera,09572345-n,i86844,Hesperides|Atlantides,OEWN,Q9161674|Q165938,unique_value,collective name of the seven daughters of Atlas,Atlantides
i86844,Q165938,(Greek mythology) group of 3 to 7 nymphs who guarded the golden apples that Gaea gave as a wedding gift to Hera,09572345-n,i86844,Hesperides|Atlantides,OEWN,Q9161674|Q165938,unique_value,nymphs in Greek mythology,Hesperides
i86844,Q165938,(Greek mythology) group of 3 to 7 nymphs who guarded the golden apples that Gaea gave as a wedding gift to Hera,09572345-n,i86844,Hesperides|Atlantides,OEWN,Q9161674|Q165938,unique_value,nymphs in Greek mythology,Hesperides
i86844,Q9161674,(Greek mythology) group of 3 to 7 nymphs who guarded the golden apples that Gaea gave as a wedding gift to Hera,09572345-n,i86844,Hesperides|Atlantides,OEWN,Q9161674|Q165938,unique_value,collective name of the seven daughters of Atlas,Atlantides
i86953,Q1146978,(Greek mythology) daughter of Zeus and Demeter; made queen of the underworld by Pluto in ancient mythology; identified with Roman Proserpina,09592596-n,i86953,Persephone|Despoina|Kore|Cora,OENN,Q45967|Q1146978,unique_value,Greek goddess of Arcadian mystery cults,Despoina
i86953,Q45967,(Greek mythology) daughter of Zeus and Demeter; made queen of the underworld by Pluto in ancient mythology; identified with Roman Proserpina,09592596-n,i86953,Persephone|Despoina|Kore|Cora,OENN,Q45967|Q1146978,unique_value,Greek goddess of the seasons and the queen of the underworld; married with Hades,Persephone
i86953,Q45967,(Greek mythology) daughter of Zeus and Demeter; made queen of the underworld by Pluto in ancient mythology; identified with Roman Proserpina,09592596-n,i86953,Persephone|Despoina|Kore|Cora,OENN,Q45967|Q1146978,unique_value,Greek goddess of the seasons and the queen of the underworld; married with Hades,Persephone
i86953,Q1146978,(Greek mythology) daughter of Zeus and Demeter; made queen of the underworld by Pluto in ancient mythology; identified with Roman Proserpina,09592596-n,i86953,Persephone|Despoina|Kore|Cora,OENN,Q45967|Q1146978,unique_value,Greek goddess of Arcadian mystery cults,Despoina
i88008,Q213159,the superior of an abbey of monks,09773735-n,i88008,abbot|archimandrite,OEWN,Q213159|Q103163,unique_value,title,archimandrite
i88008,Q103163,the superior of an abbey of monks,09773735-n,i88008,abbot|archimandrite,OEWN,Q213159|Q103163,unique_value,"religious title, superior of a community of monks, often an abbey",abbot
i88008,Q103163,the superior of an abbey of monks,09773735-n,i88008,abbot|archimandrite,OEWN,Q213159|Q103163,unique_value,"religious title, superior of a community of monks, often an abbey",abbot
i88008,Q213159,the superior of an abbey of monks,09773735-n,i88008,abbot|archimandrite,OEWN,Q213159|Q103163,unique_value,title,archimandrite
i88051,Q673633,someone who maintains and audits business accounts,09780826-n,i88051,accountant|comptroller|controller,OEWN,Q673633|Q326653,unique_value,financial occupation,comptroller
i88051,Q326653,someone who maintains and audits business accounts,09780826-n,i88051,accountant|comptroller|controller,OEWN,Q673633|Q326653,unique_value,practitioner of accounting or accountancy,accountant
i88051,Q326653,someone who maintains and audits business accounts,09780826-n,i88051,accountant|comptroller|controller,OEWN,Q673633|Q326653,unique_value,practitioner of accounting or accountancy,accountant
i88051,Q673633,someone who maintains and audits business accounts,09780826-n,i88051,accountant|comptroller|controller,OEWN,Q673633|Q326653,unique_value,financial occupation,comptroller
i88284,Q725440,a senior clergyman and dignitary,09826498-n,i88284,archpriest|hierarch|high priest|prelate|primate,OEWN,Q1190552|Q326330|Q725440,unique_value,high-ranking member of the clergy,prelate
i88284,Q326330,a senior clergyman and dignitary,09826498-n,i88284,archpriest|hierarch|high priest|prelate|primate,OEWN,Q1190552|Q326330|Q725440,unique_value,high-ranking bishop in certain Christian churches,primate
i88284,Q1190552,a senior clergyman and dignitary,09826498-n,i88284,archpriest|hierarch|high priest|prelate|primate,OEWN,Q1190552|Q326330|Q725440,unique_value,priests with supervisory duties over a number of parishes,archpriest
i88284,Q326330,a senior clergyman and dignitary,09826498-n,i88284,archpriest|hierarch|high priest|prelate|primate,OEWN,Q1190552|Q326330|Q725440,unique_value,high-ranking bishop in certain Christian churches,primate
i88284,Q326330,a senior clergyman and dignitary,09826498-n,i88284,archpriest|hierarch|high priest|prelate|primate,OEWN,Q1190552|Q326330|Q725440,unique_value,high-ranking bishop in certain Christian churches,primate
i88284,Q725440,a senior clergyman and dignitary,09826498-n,i88284,archpriest|hierarch|high priest|prelate|primate,OEWN,Q1190552|Q326330|Q725440,unique_value,high-ranking member of the clergy,prelate
i88284,Q1190552,a senior clergyman and dignitary,09826498-n,i88284,archpriest|hierarch|high priest|prelate|primate,OEWN,Q1190552|Q326330|Q725440,unique_value,priests with supervisory duties over a number of parishes,archpriest
i88284,Q725440,a senior clergyman and dignitary,09826498-n,i88284,archpriest|hierarch|high priest|prelate|primate,OEWN,Q1190552|Q326330|Q725440,unique_value,high-ranking member of the clergy,prelate
i88284,Q326330,a senior clergyman and dignitary,09826498-n,i88284,archpriest|hierarch|high priest|prelate|primate,OEWN,Q1190552|Q326330|Q725440,unique_value,high-ranking bishop in certain Christian churches,primate
i88284,Q1190552,a senior clergyman and dignitary,09826498-n,i88284,archpriest|hierarch|high priest|prelate|primate,OEWN,Q1190552|Q326330|Q725440,unique_value,priests with supervisory duties over a number of parishes,archpriest
i88284,Q725440,a senior clergyman and dignitary,09826498-n,i88284,archpriest|hierarch|high priest|prelate|primate,OEWN,Q1190552|Q326330|Q725440,unique_value,high-ranking member of the clergy,prelate
i88284,Q1190552,a senior clergyman and dignitary,09826498-n,i88284,archpriest|hierarch|high priest|prelate|primate,OEWN,Q1190552|Q326330|Q725440,unique_value,priests with supervisory duties over a number of parishes,archpriest
i92286,Q5482740,a person who designs and writes and tests computer programs,10500853-n,i92286,programmer|computer programmer|coder|software engineer,OEWN,Q1709010|Q5482740,unique_value,person who writes computer software (subclass of software developer),programmer
i92286,Q1709010,a person who designs and writes and tests computer programs,10500853-n,i92286,programmer|computer programmer|coder|software engineer,OEWN,Q1709010|Q5482740,unique_value,practitioner of software engineering,software engineer
i92286,Q1709010,a person who designs and writes and tests computer programs,10500853-n,i92286,programmer|computer programmer|coder|software engineer,OEWN,Q1709010|Q5482740,unique_value,practitioner of software engineering,software engineer
i92286,Q5482740,a person who designs and writes and tests computer programs,10500853-n,i92286,programmer|computer programmer|coder|software engineer,OEWN,Q1709010|Q5482740,unique_value,person who writes computer software (subclass of software developer),programmer
i92462,Q16148831,a person who is authorized to act as an agent for the sale of land,10529403-n,i92462,real estate broker|real estate agent|estate agent|land agent|house agent,OEWN,Q519076|Q16148831,unique_value,person or business that specialises in the selling or letting of property,estate agent
i92462,Q519076,a person who is authorized to act as an agent for the sale of land,10529403-n,i92462,real estate broker|real estate agent|estate agent|land agent|house agent,OEWN,Q519076|Q16148831,unique_value,person who acts as an intermediary between sellers and buyers of real estate/real property for a commission,real estate agent
i92462,Q519076,a person who is authorized to act as an agent for the sale of land,10529403-n,i92462,real estate broker|real estate agent|estate agent|land agent|house agent,OEWN,Q519076|Q16148831,unique_value,person who acts as an intermediary between sellers and buyers of real estate/real property for a commission,real estate agent
i92462,Q16148831,a person who is authorized to act as an agent for the sale of land,10529403-n,i92462,real estate broker|real estate agent|estate agent|land agent|house agent,OEWN,Q519076|Q16148831,unique_value,person or business that specialises in the selling or letting of property,estate agent
i92706,Q1580236,the legendary patron saint of children; an imaginary being who is thought to bring presents to children at Christmas,10570230-n,i92706,Santa Claus|Santa|Kriss Kringle|Father Christmas|Saint Nicholas|Saint Nick|St. Nick,OENN,Q315796|Q1580236,unique_value,Folkloric personification of Christmas in several English‐speaking parts of the world,Father Christmas
i92706,Q315796,the legendary patron saint of children; an imaginary being who is thought to bring presents to children at Christmas,10570230-n,i92706,Santa Claus|Santa|Kriss Kringle|Father Christmas|Saint Nicholas|Saint Nick|St. Nick,OENN,Q315796|Q1580236,unique_value,legendary figure said to deliver gifts to people on Christmas Eve,Santa Claus
i92706,Q315796,the legendary patron saint of children; an imaginary being who is thought to bring presents to children at Christmas,10570230-n,i92706,Santa Claus|Santa|Kriss Kringle|Father Christmas|Saint Nicholas|Saint Nick|St. Nick,OENN,Q315796|Q1580236,unique_value,legendary figure said to deliver gifts to people on Christmas Eve,Santa Claus
i92706,Q1580236,the legendary patron saint of children; an imaginary being who is thought to bring presents to children at Christmas,10570230-n,i92706,Santa Claus|Santa|Kriss Kringle|Father Christmas|Saint Nicholas|Saint Nick|St. Nick,OENN,Q315796|Q1580236,unique_value,Folkloric personification of Christmas in several English‐speaking parts of the world,Father Christmas
i93866,Q2893189,someone who lends money at excessive rates of interest,10762041-n,i93866,usurer|loan shark|moneylender|shylock,OEWN,Q2893189|Q1975715,unique_value,"person or group who offers loans, often at high rates of interest",moneylender
i93866,Q1975715,someone who lends money at excessive rates of interest,10762041-n,i93866,usurer|loan shark|moneylender|shylock,OEWN,Q2893189|Q1975715,unique_value,"person who offered loans with extremely high interest rates, often with strict terms of collection",loan shark
i93866,Q1975715,someone who lends money at excessive rates of interest,10762041-n,i93866,usurer|loan shark|moneylender|shylock,OEWN,Q2893189|Q1975715,unique_value,"person who offered loans with extremely high interest rates, often with strict terms of collection",loan shark
i93866,Q2893189,someone who lends money at excessive rates of interest,10762041-n,i93866,usurer|loan shark|moneylender|shylock,OEWN,Q2893189|Q1975715,unique_value,"person or group who offers loans, often at high rates of interest",moneylender
i94235,Q1423009,the Zoroastrian god of time,10826216-n,i94235,Zurvan,OENN,Q1423009,unique_value,extinct branch of Zoroastrianism,Zurvanism
i94235,Q230478,the Zoroastrian god of time,10826216-n,i94235,Zurvan,OENN,Q1423009,unique_value,,Zurvan
i94235,Q230478,the Zoroastrian god of time,10826216-n,i94235,Zurvan,OENN,Q1423009,unique_value,,Zurvan
i94235,Q1423009,the Zoroastrian god of time,10826216-n,i94235,Zurvan,OENN,Q1423009,unique_value,extinct branch of Zoroastrianism,Zurvanism
i97996,Q55451,the difference in electrical charge between two points in a circuit expressed in volts,11514227-n,i97996,electric potential|potential|potential difference|potential drop|voltage,OEWN,Q55451|Q25428,unique_value,line integral of the electric field,electric potential
i97996,Q25428,the difference in electrical charge between two points in a circuit expressed in volts,11514227-n,i97996,electric potential|potential|potential difference|potential drop|voltage,OEWN,Q55451|Q25428,unique_value,line integral of the electric field strength,voltage
i97996,Q25428,the difference in electrical charge between two points in a circuit expressed in volts,11514227-n,i97996,electric potential|potential|potential difference|potential drop|voltage,OEWN,Q55451|Q25428,unique_value,line integral of the electric field strength,voltage
i97996,Q55451,the difference in electrical charge between two points in a circuit expressed in volts,11514227-n,i97996,electric potential|potential|potential difference|potential drop|voltage,OEWN,Q55451|Q25428,unique_value,line integral of the electric field,electric potential
i98092,Q488071,electrical conduction through a gas in an applied electric field,11531956-n,i98092,discharge|spark|arc|electric arc|electric discharge,OEWN,Q488071|Q207456,unique_value,"flow of electric charge through a gas, liquid or solid",electric discharge
i98092,Q207456,electrical conduction through a gas in an applied electric field,11531956-n,i98092,discharge|spark|arc|electric arc|electric discharge,OEWN,Q488071|Q207456,unique_value,electrical breakdown of a gas that produces an ongoing electrical discharge,electric arc
i98092,Q207456,electrical conduction through a gas in an applied electric field,11531956-n,i98092,discharge|spark|arc|electric arc|electric discharge,OEWN,Q488071|Q207456,unique_value,electrical breakdown of a gas that produces an ongoing electrical discharge,electric arc
i98092,Q488071,electrical conduction through a gas in an applied electric field,11531956-n,i98092,discharge|spark|arc|electric arc|electric discharge,OEWN,Q488071|Q207456,unique_value,"flow of electric charge through a gas, liquid or solid",electric discharge
i98228,Q3239742,any of numerous plants of the division Bryophyta,11557778-n,i98228,bryophyte|nonvascular plant,OEWN,Q29993|Q3239742,unique_value,clade of land plant without xylem and phloem,non-vascular plant
i98228,Q29993,any of numerous plants of the division Bryophyta,11557778-n,i98228,bryophyte|nonvascular plant,OEWN,Q29993|Q3239742,unique_value,terrestrial plants that lack vascular tissue,bryophyte
i98228,Q29993,any of numerous plants of the division Bryophyta,11557778-n,i98228,bryophyte|nonvascular plant,OEWN,Q29993|Q3239742,unique_value,terrestrial plants that lack vascular tissue,bryophyte
i98228,Q3239742,any of numerous plants of the division Bryophyta,11557778-n,i98228,bryophyte|nonvascular plant,OEWN,Q29993|Q3239742,unique_value,clade of land plant without xylem and phloem,non-vascular plant
i98330,Q5625083,plants having naked seeds not enclosed in an ovary; in some systems considered a class (Gymnospermae) and in others a division (Gymnospermophyta); comprises three subdivisions (or classes): Cycadophytina (class Cycadopsida) and Gnetophytina (class Gnetopsida) and Coniferophytina (class Coniferopsida); in some classifications the Coniferophytina are divided into three groups: Pinophytina (class Pinopsida) and Ginkgophytina (class Ginkgopsida) and Taxophytina (class Taxopsida),11615763-n,i98330,Gymnospermae|class Gymnospermae|Gymnospermophyta|division Gymnospermophyta,OENN,Q5625083,unique_value,genus of plants,Gymnosperma
i98330,Q133712,plants having naked seeds not enclosed in an ovary; in some systems considered a class (Gymnospermae) and in others a division (Gymnospermophyta); comprises three subdivisions (or classes): Cycadophytina (class Cycadopsida) and Gnetophytina (class Gnetopsida) and Coniferophytina (class Coniferopsida); in some classifications the Coniferophytina are divided into three groups: Pinophytina (class Pinopsida) and Ginkgophytina (class Ginkgopsida) and Taxophytina (class Taxopsida),11615763-n,i98330,Gymnospermae|class Gymnospermae|Gymnospermophyta|division Gymnospermophyta,OENN,Q5625083,unique_value,"group of plants, at a varying rank",Q133712
i98330,Q133712,plants having naked seeds not enclosed in an ovary; in some systems considered a class (Gymnospermae) and in others a division (Gymnospermophyta); comprises three subdivisions (or classes): Cycadophytina (class Cycadopsida) and Gnetophytina (class Gnetopsida) and Coniferophytina (class Coniferopsida); in some classifications the Coniferophytina are divided into three groups: Pinophytina (class Pinopsida) and Ginkgophytina (class Ginkgopsida) and Taxophytina (class Taxopsida),11615763-n,i98330,Gymnospermae|class Gymnospermae|Gymnospermophyta|division Gymnospermophyta,OENN,Q5625083,unique_value,"group of plants, at a varying rank",Q133712
i98330,Q5625083,plants having naked seeds not enclosed in an ovary; in some systems considered a class (Gymnospermae) and in others a division (Gymnospermophyta); comprises three subdivisions (or classes): Cycadophytina (class Cycadopsida) and Gnetophytina (class Gnetopsida) and Coniferophytina (class Coniferopsida); in some classifications the Coniferophytina are divided into three groups: Pinophytina (class Pinopsida) and Ginkgophytina (class Ginkgopsida) and Taxophytina (class Taxopsida),11615763-n,i98330,Gymnospermae|class Gymnospermae|Gymnospermophyta|division Gymnospermophyta,OENN,Q5625083,unique_value,genus of plants,Gymnosperma
i98333,Q1011212,gymnospermous flowering plants; supposed link between conifers and angiosperms; in some systems classified as a class (Gnetopsida) and in others as a subdivision (Gnetophytina or Gnetophyta),11616937-n,i98333,Gnetopsida|class Gnetopsida|Gnetophytina|subdivision Gnetophytina|Gnetophyta,OENN,Q1011212,unique_value,class of plants,Gnetopsida
i98333,Q309147,gymnospermous flowering plants; supposed link between conifers and angiosperms; in some systems classified as a class (Gnetopsida) and in others as a subdivision (Gnetophytina or Gnetophyta),11616937-n,i98333,Gnetopsida|class Gnetopsida|Gnetophytina|subdivision Gnetophytina|Gnetophyta,OENN,Q1011212,unique_value,a clade in gymnosperm,Gnetophyta
i98333,Q309147,gymnospermous flowering plants; supposed link between conifers and angiosperms; in some systems classified as a class (Gnetopsida) and in others as a subdivision (Gnetophytina or Gnetophyta),11616937-n,i98333,Gnetopsida|class Gnetopsida|Gnetophytina|subdivision Gnetophytina|Gnetophyta,OENN,Q1011212,unique_value,a clade in gymnosperm,Gnetophyta
i98333,Q1011212,gymnospermous flowering plants; supposed link between conifers and angiosperms; in some systems classified as a class (Gnetopsida) and in others as a subdivision (Gnetophytina or Gnetophyta),11616937-n,i98333,Gnetopsida|class Gnetopsida|Gnetophytina|subdivision Gnetophytina|Gnetophyta,OENN,Q1011212,unique_value,class of plants,Gnetopsida
i98347,Q5605610,palmlike gymnosperms: includes the surviving order Cycadales and several extinct orders; possibly not a natural group; in some systems considered a class (Cycadopsida) and in others a subdivision (Cycadophytina or Cycadophyta),11620145-n,i98347,Cycadopsida|class Cycadopsida|Cycadophytina|subdivision Cycadophytina|Cycadophyta|subdivision Cycadophyta,OENN,Q5605610,unique_value,class of plants,Q5605610
i98347,Q1089795,palmlike gymnosperms: includes the surviving order Cycadales and several extinct orders; possibly not a natural group; in some systems considered a class (Cycadopsida) and in others a subdivision (Cycadophytina or Cycadophyta),11620145-n,i98347,Cycadopsida|class Cycadopsida|Cycadophytina|subdivision Cycadophytina|Cycadophyta|subdivision Cycadophyta,OENN,Q5605610,unique_value,division of plants,Cycadophyta
i98347,Q1089795,palmlike gymnosperms: includes the surviving order Cycadales and several extinct orders; possibly not a natural group; in some systems considered a class (Cycadopsida) and in others a subdivision (Cycadophytina or Cycadophyta),11620145-n,i98347,Cycadopsida|class Cycadopsida|Cycadophytina|subdivision Cycadophytina|Cycadophyta|subdivision Cycadophyta,OENN,Q5605610,unique_value,division of plants,Cycadophyta
i98347,Q5605610,palmlike gymnosperms: includes the surviving order Cycadales and several extinct orders; possibly not a natural group; in some systems considered a class (Cycadopsida) and in others a subdivision (Cycadophytina or Cycadophyta),11620145-n,i98347,Cycadopsida|class Cycadopsida|Cycadophytina|subdivision Cycadophytina|Cycadophyta|subdivision Cycadophyta,OENN,Q5605610,unique_value,class of plants,Q5605610
i98367,Q5472958,large attractive palmlike evergreen cycad of New South Wales,11624497-n,i98367,burrawong|Macrozamia communis|Macrozamia spiralis,OEWN,Q5472958|Q5402509,unique_value,species of plant,Macrozamia spiralis
i98367,Q5402509,large attractive palmlike evergreen cycad of New South Wales,11624497-n,i98367,burrawong|Macrozamia communis|Macrozamia spiralis,OEWN,Q5472958|Q5402509,unique_value,species of plant,Macrozamia communis
i98367,Q5402509,large attractive palmlike evergreen cycad of New South Wales,11624497-n,i98367,burrawong|Macrozamia communis|Macrozamia spiralis,OEWN,Q5472958|Q5402509,unique_value,species of plant,Macrozamia communis
i98367,Q5472958,large attractive palmlike evergreen cycad of New South Wales,11624497-n,i98367,burrawong|Macrozamia communis|Macrozamia spiralis,OEWN,Q5472958|Q5402509,unique_value,species of plant,Macrozamia spiralis
i98420,Q3300799,large three-needled pine of southeastern United States having very long needles and gnarled twisted limbs; bark is red-brown deeply ridged; an important timber tree,11636418-n,i98420,longleaf pine|pitch pine|southern yellow pine|Georgia pine|Pinus palustris,OEWN,Q148542,unique_value,type of wood,southern yellow pine
i98420,Q148542,large three-needled pine of southeastern United States having very long needles and gnarled twisted limbs; bark is red-brown deeply ridged; an important timber tree,11636418-n,i98420,longleaf pine|pitch pine|southern yellow pine|Georgia pine|Pinus palustris,OEWN,Q148542,unique_value,species of plant,Pinus palustris
i98420,Q148542,large three-needled pine of southeastern United States having very long needles and gnarled twisted limbs; bark is red-brown deeply ridged; an important timber tree,11636418-n,i98420,longleaf pine|pitch pine|southern yellow pine|Georgia pine|Pinus palustris,OEWN,Q148542,unique_value,species of plant,Pinus palustris
i98420,Q3300799,large three-needled pine of southeastern United States having very long needles and gnarled twisted limbs; bark is red-brown deeply ridged; an important timber tree,11636418-n,i98420,longleaf pine|pitch pine|southern yellow pine|Georgia pine|Pinus palustris,OEWN,Q148542,unique_value,type of wood,southern yellow pine
i98448,Q967962,medium to tall fir of central to western United States having a narrow erect crown and soft wood,11642178-n,i98448,white fir|Colorado fir|California white fir|Abies concolor|Abies lowiana,OEWN,Q145939,unique_value,species of plant,Abies lowiana
i98448,Q145939,medium to tall fir of central to western United States having a narrow erect crown and soft wood,11642178-n,i98448,white fir|Colorado fir|California white fir|Abies concolor|Abies lowiana,OEWN,Q145939,unique_value,"species of fir tree, native to mountains of western North America",Abies concolor
i98448,Q145939,medium to tall fir of central to western United States having a narrow erect crown and soft wood,11642178-n,i98448,white fir|Colorado fir|California white fir|Abies concolor|Abies lowiana,OEWN,Q145939,unique_value,"species of fir tree, native to mountains of western North America",Abies concolor
i98448,Q967962,medium to tall fir of central to western United States having a narrow erect crown and soft wood,11642178-n,i98448,white fir|Colorado fir|California white fir|Abies concolor|Abies lowiana,OEWN,Q145939,unique_value,species of plant,Abies lowiana
i98733,Q2653441,cone-shaped mass of ovule- or spore-bearing scales or bracts,11703311-n,i98733,cone|strobilus|strobile,OEWN,Q2653441|Q22710,unique_value,reproductive structure in land plants,strobilus
i98733,Q22710,cone-shaped mass of ovule- or spore-bearing scales or bracts,11703311-n,i98733,cone|strobilus|strobile,OEWN,Q2653441|Q22710,unique_value,seed-bearing organ on gymnosperm plants,cone
i98733,Q22710,cone-shaped mass of ovule- or spore-bearing scales or bracts,11703311-n,i98733,cone|strobilus|strobile,OEWN,Q2653441|Q22710,unique_value,seed-bearing organ on gymnosperm plants,cone
i98733,Q2653441,cone-shaped mass of ovule- or spore-bearing scales or bracts,11703311-n,i98733,cone|strobilus|strobile,OEWN,Q2653441|Q22710,unique_value,reproductive structure in land plants,strobilus
i98796,Q14848818,"herbs, shrubs and trees: includes families Ranunculaceae, Annonaceae, Berberidaceae, Magnoliaceae, Menispermaceae, Myristicaceae, Nymphaeaceae, Lardizabalaceae, Lauraceae, Calycanthaceae, Ceratophyllaceae, Cercidiphyllaceae",11713421-n,i98796,Ranales|order Ranales|Ranunculales|order Ranunculales,OENN,Q21021|Q14848818,unique_value,order of plants,Q14848818
i98796,Q21021,"herbs, shrubs and trees: includes families Ranunculaceae, Annonaceae, Berberidaceae, Magnoliaceae, Menispermaceae, Myristicaceae, Nymphaeaceae, Lardizabalaceae, Lauraceae, Calycanthaceae, Ceratophyllaceae, Cercidiphyllaceae",11713421-n,i98796,Ranales|order Ranales|Ranunculales|order Ranunculales,OENN,Q21021|Q14848818,unique_value,order of plants,Ranunculales
i98796,Q21021,"herbs, shrubs and trees: includes families Ranunculaceae, Annonaceae, Berberidaceae, Magnoliaceae, Menispermaceae, Myristicaceae, Nymphaeaceae, Lardizabalaceae, Lauraceae, Calycanthaceae, Ceratophyllaceae, Cercidiphyllaceae",11713421-n,i98796,Ranales|order Ranales|Ranunculales|order Ranunculales,OENN,Q21021|Q14848818,unique_value,order of plants,Ranunculales
i98796,Q14848818,"herbs, shrubs and trees: includes families Ranunculaceae, Annonaceae, Berberidaceae, Magnoliaceae, Menispermaceae, Myristicaceae, Nymphaeaceae, Lardizabalaceae, Lauraceae, Calycanthaceae, Ceratophyllaceae, Cercidiphyllaceae",11713421-n,i98796,Ranales|order Ranales|Ranunculales|order Ranunculales,OENN,Q21021|Q14848818,unique_value,order of plants,Q14848818
i99420,Q164118,bushy plant of western United States,11843905-n,i99420,tumbleweed|Amaranthus albus|Amaranthus graecizans,OEWN,Q162295|Q164118,unique_value,species of plant,Amaranthus albus
i99420,Q162295,bushy plant of western United States,11843905-n,i99420,tumbleweed|Amaranthus albus|Amaranthus graecizans,OEWN,Q162295|Q164118,unique_value,species of plant,Amaranthus graecizans
i99420,Q162295,bushy plant of western United States,11843905-n,i99420,tumbleweed|Amaranthus albus|Amaranthus graecizans,OEWN,Q162295|Q164118,unique_value,species of plant,Amaranthus graecizans
i99420,Q164118,bushy plant of western United States,11843905-n,i99420,tumbleweed|Amaranthus albus|Amaranthus graecizans,OEWN,Q162295|Q164118,unique_value,species of plant,Amaranthus albus
i99471,Q15709475,a coarse annual herb introduced into North America from Siberia; dangerous to sheep and cattle on western rangelands because of its high oxalate content,11854218-n,i99471,halogeton|Halogeton glomeratus,OEWN,Q15709475,unique_value,species of plant,Halogeton glomeratus
i99471,Q1024025,a coarse annual herb introduced into North America from Siberia; dangerous to sheep and cattle on western rangelands because of its high oxalate content,11854218-n,i99471,halogeton|Halogeton glomeratus,OEWN,Q15709475,unique_value,genus of plants,Halogeton
i99471,Q1024025,a coarse annual herb introduced into North America from Siberia; dangerous to sheep and cattle on western rangelands because of its high oxalate content,11854218-n,i99471,halogeton|Halogeton glomeratus,OEWN,Q15709475,unique_value,genus of plants,Halogeton
i99471,Q15709475,a coarse annual herb introduced into North America from Siberia; dangerous to sheep and cattle on western rangelands because of its high oxalate content,11854218-n,i99471,halogeton|Halogeton glomeratus,OEWN,Q15709475,unique_value,species of plant,Halogeton glomeratus
i99817,Q1974044,herb of China and Japan widely cultivated for its plumelike panicles of creamy white flowers,11926983-n,i99817,plume poppy|bocconia|Macleaya cordata,OEWN,Q159327,unique_value,genus of plants,Bocconia
i99817,Q159327,herb of China and Japan widely cultivated for its plumelike panicles of creamy white flowers,11926983-n,i99817,plume poppy|bocconia|Macleaya cordata,OEWN,Q159327,unique_value,species of plant,Macleaya cordata
i99817,Q159327,herb of China and Japan widely cultivated for its plumelike panicles of creamy white flowers,11926983-n,i99817,plume poppy|bocconia|Macleaya cordata,OEWN,Q159327,unique_value,species of plant,Macleaya cordata
i99817,Q1974044,herb of China and Japan widely cultivated for its plumelike panicles of creamy white flowers,11926983-n,i99817,plume poppy|bocconia|Macleaya cordata,OEWN,Q159327,unique_value,genus of plants,Bocconia
