other_synsets_with_qid,qid,synset_definition,synset_id,synset_ili,synset_members,synset_source,synset_wikidata_qids,violation_type,wikidata_description,wikidata_label
,Q15619164,a general concept formed by extracting common features from specific examples,00002137-n,i35547,abstraction|abstract entity,OEWN,,p8814,entity that has no physical realisation,abstract being
,Q7048977,a general concept formed by extracting common features from specific examples,00002137-n,i35547,abstraction|abstract entity,OEWN,,p8814,"entity that does not have a physical existence, including abstract objects and properties",abstract entity
,Q633339,withdrawing support or help despite allegiance or responsibility,00056135-n,i35696,desertion|abandonment|defection,OEWN,,p8814,abandonment of military duty without authorization,desertion
,Q332988,withdrawing support or help despite allegiance or responsibility,00056135-n,i35696,desertion|abandonment|defection,OEWN,,p8814,giving up of allegiance to one state for allegiance to another in a manner considered illegitimate by the first state,defection
,Q18351973,the act of passengers and crew getting off of a ship or aircraft,00058822-n,i35710,debarkation|disembarkation|disembarkment,OEWN,,p8814,process of unloading a watercraft or an aircraft of its people or (more rarely) cargo or freight,disembarkation
,Q646740,the act of passengers and crew getting off of a ship or aircraft,00058822-n,i35710,debarkation|disembarkation|disembarkment,OEWN,,p8814,type of military action,landing operation
,Q16775507,the act of passengers and crew getting aboard a ship or aircraft,00059157-n,i35712,boarding|embarkation|embarkment,OEWN,,p8814,process of loading a watercraft or an aircraft with people or (more rarely) cargo or freight,embarkation
,Q887540,the act of passengers and crew getting aboard a ship or aircraft,00059157-n,i35712,boarding|embarkation|embarkment,OEWN,,p8814,"entry of passengers onto a vehicle, usually in public transportation",boarding
,Q3942953,a failure to maintain a higher state,00069153-n,i35766,backsliding|lapse|lapsing|relapse|relapsing|reversion|reverting,OEWN,,p8814,abandonment of Christianity,Backslide
,Q2292472,a failure to maintain a higher state,00069153-n,i35766,backsliding|lapse|lapsing|relapse|relapsing|reversion|reverting,OEWN,,p8814,"the return of a sign, symptom, or disease after a remission",relapse
,Q2992372,the act of firing a projectile,00123481-n,i36049,shooting|shot,OEWN,,p8814,discharge of a firearm,gunshot
,Q206989,the act of firing a projectile,00123481-n,i36049,shooting|shot,OEWN,,p8814,sports involving firearms used to hit targets,shooting sports
,Q1973927,(boxing) a blow with the fist,00135600-n,i36123,punch|clout|poke|lick|biff|slug,OEWN,,p8814,striking blow with the closed fist,punch
,Q477989,(boxing) a blow with the fist,00135600-n,i36123,punch|clout|poke|lick|biff|slug,OEWN,,p8814,stock pattern or phrase in music consisting of a short series of notes,lick
,Q379693,the act of expelling a person from their native land,00208610-n,i36497,exile|deportation|expatriation|transportation,OEWN,,p8814,expulsion of someone from a place or country not to be balanced back,deportation
,Q188863,the act of expelling a person from their native land,00208610-n,i36497,exile|deportation|expatriation|transportation,OEWN,,p8814,event by which a person is forced away from home,exile
,Q2781245,a natural loss of the products of conception,00231342-n,i36621,spontaneous abortion|miscarriage|stillbirth,OEWN,,p8814,deaths of humans during late pregnancy from 22 weeks of gestation or within the first 7 days after birth,Perinatal mortality
,Q28693,a natural loss of the products of conception,00231342-n,i36621,spontaneous abortion|miscarriage|stillbirth,OEWN,,p8814,natural death of an embryo or fetus before it is able to survive independently,miscarriage
,Q2111686,the act of preparing something (as food) by the application of heat,00244785-n,i36683,cooking|cookery|preparation,OEWN,,p8814,"art of the preparation, cooking and presentation of food, usually in the form of meals",culinary art
,Q38695,the act of preparing something (as food) by the application of heat,00244785-n,i36683,cooking|cookery|preparation,OEWN,,p8814,preparing food for consumption by the application of heat,cooking
,Q240164,cooking in a liquid that has been brought to a boil,00248659-n,i36694,boiling|stewing|simmering,OEWN,,p8814,food preparation technique,simmering
,Q41716,cooking in a liquid that has been brought to a boil,00248659-n,i36694,boiling|stewing|simmering,OEWN,,p8814,type of vaporization; bulk phenomenon,boiling
,Q2144402,the act of improving by renewing and restoring,00265962-n,i36790,renovation|redevelopment|overhaul,OEWN,Q2144402,p8814,"process of improving a broken, damaged, or outdated structure",renovation
,Q1441983,the act of improving by renewing and restoring,00265962-n,i36790,renovation|redevelopment|overhaul,OEWN,Q2144402,p8814,new construction on a site that has preexisting uses,redevelopment
,Q12014173,a long walk usually for exercise or pleasure,00289814-n,i36913,hike|hiking|tramp,OEWN,,p8814,"outdoor recreation of carrying gear on one's back, while hiking for more than a day. It is often but not always an extended journey, and may or may not involve camping outdoors",wilderness backpacking
,Q12014035,a long walk usually for exercise or pleasure,00289814-n,i36913,hike|hiking|tramp,OEWN,,p8814,"walking as a hobby, sport, or leisure activity",hiking
,Q3337306,water travel for pleasure,00316216-n,i37067,boating|yachting,OEWN,,p8814,"using water vessels, called yachts, for sporting purposes",yachting
,Q2141830,water travel for pleasure,00316216-n,i37067,boating|yachting,OEWN,,p8814,leisure activity involving boats,boating
,Q211459,the act of uniform movement,00331810-n,i37155,translation|displacement,OEWN,,p8814,"in Euclidean geometry, a function that moves every point a constant distance in a specified direction",translation
,Q190291,the act of uniform movement,00331810-n,i37155,translation|displacement,OEWN,,p8814,vector that is the shortest distance from the initial to the final position of a point P,displacement
,Q184872,activity that refreshes and recreates; activity that renews your health and spirits by enjoyment and relaxation,00402591-n,i37516,refreshment|recreation,OEWN,,p8814,human activity of leisure (discretionary time),recreation
,Q176274,activity that refreshes and recreates; activity that renews your health and spirits by enjoyment and relaxation,00402591-n,i37516,refreshment|recreation,OEWN,,p8814,general term for a period in which a group of people are temporarily dismissed from their duties,recess
,Q1267055,an auxiliary activity,00433629-n,i37669,avocation|by-line|hobby|pursuit|sideline|spare-time activity,OEWN,,p8814,"calling, which may or may not provide employment",avocation
,Q47728,an auxiliary activity,00433629-n,i37669,avocation|by-line|hobby|pursuit|sideline|spare-time activity,OEWN,,p8814,regular leisure activity that is done usually for enjoyment,hobby
10153521-n,Q172964,the defensive position on an ice hockey or soccer or lacrosse team who stands in front of the goal and tries to prevent opposing players from scoring,00465105-n,i37856,goalkeeper|goalie|goaltender|netkeeper,OEWN,,p8814,sports position played in defense of one's own goal,goalkeeper
,Q125460,the defensive position on an ice hockey or soccer or lacrosse team who stands in front of the goal and tries to prevent opposing players from scoring,00465105-n,i37856,goalkeeper|goalie|goaltender|netkeeper,OEWN,,p8814,Belgian association football player (born 1988),Simon Mignolet
,Q1898942,a card game played with a pack of forty-eight cards (two of each suit for high cards); play resembles whist,00495111-n,i37976,pinochle|pinocle|penuchle|bezique,OEWN,Q1019517|Q1898942,p8814,Card game,Pinochle
,Q1019517,a card game played with a pack of forty-eight cards (two of each suit for high cards); play resembles whist,00495111-n,i37976,pinochle|pinocle|penuchle|bezique,OEWN,Q1019517|Q1898942,p8814,card game,Bezique
,Q52670593,a card game played by one person,00496535-n,i37982,solitaire|patience,OEWN,,p8814,"tabletop game normally played alone using a set of cards, tiles, stones or other pieces",solitaire
,Q2056928,a card game played by one person,00496535-n,i37982,solitaire|patience,OEWN,,p8814,genre of solitaire card games,solitaire
,Q1165825,a game in which numbered balls are drawn at random and players cover the corresponding numbers on their cards,00505671-n,i38028,lotto|bingo|beano|keno,OEWN,,p8814,game of chance,Keno
,Q878160,a game in which numbered balls are drawn at random and players cover the corresponding numbers on their cards,00505671-n,i38028,lotto|bingo|beano|keno,OEWN,,p8814,game of chance,bingo
,Q3590573,players buy (or are given) chances and prizes are distributed by casting lots,00509102-n,i38049,lottery|drawing,OEWN,,p8814,game whose outcome is mainly or entirely determined by random events,game of chance
,Q189409,players buy (or are given) chances and prizes are distributed by casting lots,00509102-n,i38049,lottery|drawing,OEWN,,p8814,gambling which involves the drawing of numbers at random for a prize,lottery
,Q25635316,humorous or satirical mimicry,00550647-n,i38279,parody|mockery|takeoff,OEWN,,p8814,"act of insulting or making light, often using caricature",mockery
,Q170539,humorous or satirical mimicry,00550647-n,i38279,parody|mockery|takeoff,OEWN,,p8814,"genre of imitative work created to mock, comment on or trivialise an original work",parody
,Q12737077,the principal activity in your life that you do to earn money,00583425-n,i38458,occupation|business|job|line of work|line,OEWN,,p8814,label applied to a person based on an activity they participate in,occupation
08077878-n,Q4830453,the principal activity in your life that you do to earn money,00583425-n,i38458,occupation|business|job|line of work|line,OEWN,,p8814,"organization undertaking commercial, industrial, or professional activity",business
,Q816871,the craft of a carpenter: making things out of wood,00608890-n,i38618,carpentry|woodworking|woodwork,OEWN,Q816871|Q203605,p8814,process of making objects from wood,woodworking
,Q203605,the craft of a carpenter: making things out of wood,00608890-n,i38618,carpentry|woodworking|woodwork,OEWN,Q816871|Q203605,p8814,the skill or work of a carpenter,carpentry
,Q1468920,medical practice and advice based on observation and experience in ignorance of scientific findings,00634351-n,i38754,quackery|empiricism,OEWN,,p8814,"fraudulent or inept medical practice involving untested or refuted treatments, promoted professionally or publicly",quackery
,Q83368,medical practice and advice based on observation and experience in ignorance of scientific findings,00634351-n,i38754,quackery|empiricism,OEWN,,p8814,theory that states that knowledge comes only or primarily from sensory experience,empiricism
,Q186161,(medicine) the treatment of disease (especially cancer) by exposure to a radioactive substance,00706833-n,i39138,radiotherapy|radiation therapy|radiation|actinotherapy|irradiation,OEWN,,p8814,radiation that carries enough energy to liberate electrons from atoms or molecules,ionizing radiation
,Q180507,(medicine) the treatment of disease (especially cancer) by exposure to a radioactive substance,00706833-n,i39138,radiotherapy|radiation therapy|radiation|actinotherapy|irradiation,OEWN,,p8814,therapy using ionizing radiation,adaptive radiation therapy
,Q4866621,the position on a baseball team of the player who throws the ball for a batter to try to hit,00724235-n,i39231,pitcher|mound,OEWN,,p8814,clothing item that is part of a baseball uniform,baseball stirrups
10455755-n,Q1048902,the position on a baseball team of the player who throws the ball for a batter to try to hit,00724235-n,i39231,pitcher|mound,OEWN,,p8814,"player responsible for throwing (""pitching"") the ball to the batters in a game of baseball or softball",pitcher
06623132-n,Q1637005,something intended to deceive; deliberate trickery intended to gain an advantage,00755028-n,i39395,fraud|fraudulence|dupery|hoax|humbug|put-on,OEWN,,p8814,"slang term for fraud or nonsense; person or object that behaves in a deceptive or dishonest way, often as a hoax or in jest",humbug
,Q190084,something intended to deceive; deliberate trickery intended to gain an advantage,00755028-n,i39395,fraud|fraudulence|dupery|hoax|humbug|put-on,OEWN,,p8814,deliberately fabricated falsehood made to masquerade as the truth,hoax
,Q2727213,the act of taking something from someone unlawfully,00782543-n,i39509,larceny|theft|thievery|thieving|stealing,OEWN,,p8814,act of taking another's property without permission or consent,theft
,Q2485381,the act of taking something from someone unlawfully,00782543-n,i39509,larceny|theft|thievery|thieving|stealing,OEWN,,p8814,crime involving the unlawful taking of the personal property of another person or business,larceny
,Q1134057,a crime that undermines the offender's government,00783726-n,i39514,treason|high treason|lese majesty,OEWN,,p8814,crime of violating majesty; an offence against the dignity of a reigning sovereign or against a state,lèse-majesté
,Q160128,a crime that undermines the offender's government,00783726-n,i39514,treason|high treason|lese majesty,OEWN,,p8814,crime that covers some of the more extreme acts against one's sovereign or nation,treason
,Q2069508,a sexual attraction to (or sexual relations with) persons of the same sex,00858476-n,i39901,homosexuality|homosexualism|homoeroticism|queerness|gayness,OEWN,,p8814,sexual attraction between members of the same sex,homoeroticism
,Q6636,a sexual attraction to (or sexual relations with) persons of the same sex,00858476-n,i39901,homosexuality|homosexualism|homoeroticism|queerness|gayness,OEWN,,p8814,romantic or sexual attraction or behavior between members of the same sex,homosexuality
,Q2572947,the act of looking out,00883223-n,i40030,lookout|outlook,OEWN,,p8814,person on a ship in charge of the observation of the sea for hazards,lookout
,Q2252759,the act of looking out,00883223-n,i40030,lookout|outlook,OEWN,,p8814,two figures in a plane are perspective from a point O if the lines joining corresponding points of the figures all meet at O,perspective
,Q1932115,a kind of sensing; distinguishing substances by means of the taste buds,00884380-n,i40037,taste|tasting,OEWN,,p8814,"careful, appreciative tasting of various foods",degustation
,Q124794,a kind of sensing; distinguishing substances by means of the taste buds,00884380-n,i40037,taste|tasting,OEWN,,p8814,sense that detects types of chemicals that touch the tongue,taste
,Q2252900,the act of making a film,00909617-n,i40176,filming|cinematography|motion-picture photography,OEWN,Q590870,p8814,simulating a foul in association football,diving
,Q590870,the act of making a film,00909617-n,i40176,filming|cinematography|motion-picture photography,OEWN,Q590870,p8814,art of creating motion picture with photography,cinematography
,Q124946,the cultivation of plants,00920197-n,i40233,gardening|horticulture,OEWN,,p8814,practice of growing and cultivating plants,gardening
,Q48803,the cultivation of plants,00920197-n,i40233,gardening|horticulture,OEWN,,p8814,agriculture of plants,horticulture
,Q380342,the organized action of making of goods and services for sale,00925258-n,i40263,industry|manufacture,OEWN,,p8814,manufacturing facility where products are hand-made,manufactory
,Q8148,the organized action of making of goods and services for sale,00925258-n,i40263,industry|manufacture,OEWN,,p8814,economic sector characterized by large scale automated manufacturing as in industrialization,industry
,Q13039303,removing parts from hard material to create a desired pattern or shape,00944050-n,i40356,carving|cutting,OEWN,,p8814,act of using tools to shape something from a material by scraping away portions of that material,carving
,Q7996942,removing parts from hard material to create a desired pattern or shape,00944050-n,i40356,carving|cutting,OEWN,,p8814,art of carving shapes out of raw wood using a knife,whittling
,Q1569578,a war measure that isolates some area of importance to the enemy,00956197-n,i40417,blockade|encirclement,OEWN,,p8814,military term,encirclement
,Q273976,a war measure that isolates some area of importance to the enemy,00956197-n,i40417,blockade|encirclement,OEWN,,p8814,effort to cut off supplies from a particular area by force,blockade
,Q1190070,the act of marrying; the nuptial ceremony,01039028-n,i40833,marriage|wedding|marriage ceremony,OEWN,,p8814,party after a wedding,wedding reception
,Q49836,the act of marrying; the nuptial ceremony,01039028-n,i40833,marriage|wedding|marriage ceremony,OEWN,,p8814,ceremony where people are united in marriage,wedding
04856990-n,Q207894,abstaining from sexual relations (as because of religious vows),01071049-n,i41016,chastity|celibacy|sexual abstention,OEWN,,p8814,sexual conduct of a person that is deemed praiseworthy and virtuous,chastity
,Q191778,abstaining from sexual relations (as because of religious vows),01071049-n,i41016,chastity|celibacy|sexual abstention,OEWN,,p8814,"state of voluntarily being unmarried, sexually abstinent, or both",celibacy
,Q1717246,the act of preventing,01079274-n,i41058,prevention|bar,OEWN,,p8814,"causing an event or condition, that would otherwise occur, not to occur",prevention
06554038-n,Q621608,the act of preventing,01079274-n,i41058,prevention|bar,OEWN,,p8814,"official rule or ruling prohibiting something generally, or forbidding someone to do something others can do",ban
,Q1668049,the act of confining someone in a prison (or as if in a prison),01149281-n,i41410,imprisonment|internment,OEWN,Q1668049,p8814,imprisonment or confinement of groups of people without trial,internment
,Q841236,the act of confining someone in a prison (or as if in a prison),01149281-n,i41410,imprisonment|internment,OEWN,Q1668049,p8814,restraint of a person's liberty by judicial or other detention,imprisonment
,Q1139327,the act of competing as for profit or a prize,01171059-n,i41523,competition|contention|rivalry,OEWN,,p8814,state of two people or groups engaging in a lasting competitive relationship,rivalry
,Q319676,the act of competing as for profit or a prize,01171059-n,i41523,competition|contention|rivalry,OEWN,,p8814,rivalry between firms; ability of companies to take each others' market share in a given market,economic competition
,Q6581577,the act of intimidating a weaker person to make them do something,01224966-n,i41790,bullying|intimidation,OEWN,,p8814,type of bullying that occurs in an educational setting,school bullying
,Q879295,the act of intimidating a weaker person to make them do something,01224966-n,i41790,bullying|intimidation,OEWN,,p8814,rituals of humiliation used to initiate someone into a group,hazing
,Q219954,willful wanton and malicious destruction of the property of others,01252403-n,i41947,vandalism|hooliganism|malicious mischief,OEWN,Q219954|Q6160,p8814,"disruptive or unlawful behavior such as rioting, bullying, and vandalism",hooliganism
,Q6160,willful wanton and malicious destruction of the property of others,01252403-n,i41947,vandalism|hooliganism|malicious mischief,OEWN,Q219954|Q6160,p8814,activity of deliberately damaging or defacing an object or structure,vandalism
,Q244145,(genetics) an organism that is the offspring of genetically dissimilar parents or stock; especially offspring produced by breeding plants or animals of different varieties or breeds or species,01329963-n,i42330,hybrid|crossbreed|cross,OEWN,,p8814,cellular process,crossing over
,Q42621,(genetics) an organism that is the offspring of genetically dissimilar parents or stock; especially offspring produced by breeding plants or animals of different varieties or breeds or species,01329963-n,i42330,hybrid|crossbreed|cross,OEWN,,p8814,offspring of cross-species reproduction,hybrid
,Q68189616,brown algae with rounded bladders forming dense floating masses in tropical Atlantic waters as in the Sargasso Sea,01408499-n,i42715,gulfweed|sargassum|sargasso|Sargassum bacciferum,OEWN,Q68189616,p8814,,Sargassum bacciferum
01408378-n,Q865061,brown algae with rounded bladders forming dense floating masses in tropical Atlantic waters as in the Sargasso Sea,01408499-n,i42715,gulfweed|sargassum|sargasso|Sargassum bacciferum,OEWN,Q68189616,p8814,genus of brown algae,Sargassum
,Q104919807,coarse edible red seaweed,01417780-n,i42766,dulse|Rhodymenia palmata,OEWN,Q104919807,p8814,species of alga,Rhodymenia palmata
,Q103169,coarse edible red seaweed,01417780-n,i42766,dulse|Rhodymenia palmata,OEWN,Q104919807,p8814,"division of algae, red algae",Q103169
,Q106388817,the common North American shiner,01444551-n,i42868,common shiner|silversides|Notropis cornutus,OEWN,Q106388817,p8814,species of fish,Notropis cornutus
,Q3763094,the common North American shiner,01444551-n,i42868,common shiner|silversides|Notropis cornutus,OEWN,Q106388817,p8814,species of fish,Common Shiner
,Q3333234,very small European freshwater fish common in gravelly streams,01445613-n,i42876,minnow|Phoxinus phoxinus,OEWN,Q214278,p8814,common name for a number of species of small freshwater fishes of the Cyprinidae,minnow
,Q214278,very small European freshwater fish common in gravelly streams,01445613-n,i42876,minnow|Phoxinus phoxinus,OEWN,Q214278,p8814,species of fish,common minnow
,Q198568,freshwater fish of Central America having a long swordlike tail; popular aquarium fish,01450932-n,i42908,swordtail|helleri|topminnow|Xyphophorus helleri,OEWN,,p8814,species of fish,Pelecus cultratus
01450806-n,Q132098,freshwater fish of Central America having a long swordlike tail; popular aquarium fish,01450932-n,i42908,swordtail|helleri|topminnow|Xyphophorus helleri,OEWN,,p8814,genus of fishes,Xiphophorus
01455829-n,Q1278800,fish with a projecting snout,01456116-n,i42940,boarfish|Capros aper,OEWN,Q1278796,p8814,family of fishes,Caproidae
,Q1278796,fish with a projecting snout,01456116-n,i42940,boarfish|Capros aper,OEWN,Q1278796,p8814,species of fish,Boar Fish
01460349-n,Q2513729,tropical Atlantic fish with a long snout; swims snout down,01460493-n,i42966,trumpetfish|Aulostomus maculatus,OEWN,Q1966255,p8814,genus of fishes,Aulostomus
,Q1966255,tropical Atlantic fish with a long snout; swims snout down,01460493-n,i42966,trumpetfish|Aulostomus maculatus,OEWN,Q1966255,p8814,species of fish,Trumpetfish
,Q10667467,large European chimaera,01484139-n,i43089,rabbitfish|Chimaera monstrosa,OEWN,Q1160972,p8814,genus of fishes,Siganus
,Q1160972,large European chimaera,01484139-n,i43089,rabbitfish|Chimaera monstrosa,OEWN,Q1160972,p8814,species of fish,Chimaera monstrosa
01521359-n,Q2576337,fast-running African flightless bird with two-toed feet; largest living bird,01521519-n,i43235,ostrich|Struthio camelus,OEWN,Q17592,p8814,genus of birds,Struthio
,Q17592,fast-running African flightless bird with two-toed feet; largest living bird,01521519-n,i43235,ostrich|Struthio camelus,OEWN,Q17592,p8814,species of large flightless bird,common ostrich
01523655-n,Q12214029,larger of two tall fast-running flightless birds similar to ostriches but three-toed; found from Brazil to Patagonia,01524040-n,i43249,rhea|Rhea americana,OEWN,Q192044,p8814,family of birds,Rheidae
,Q192044,larger of two tall fast-running flightless birds similar to ostriches but three-toed; found from Brazil to Patagonia,01524040-n,i43249,rhea|Rhea americana,OEWN,Q192044,p8814,species of bird,Greater rhea
,Q25006711,smaller of two tall fast-running flightless birds similar to ostriches but three-toed; found from Peru to Strait of Magellan,01524397-n,i43251,rhea|nandu|Pterocnemia pennata,OEWN,Q25006711,p8814,species of bird,Pterocnemia pennata
,Q3768304,smaller of two tall fast-running flightless birds similar to ostriches but three-toed; found from Peru to Strait of Magellan,01524397-n,i43251,rhea|nandu|Pterocnemia pennata,OEWN,Q25006711,p8814,genus of fishes,Nandus
01531183-n,Q193807,a songbird that lives mainly on the ground in open country; has streaky brown plumage,01531295-n,i43284,pipit|titlark|lark,OEWN,,p8814,genus of birds among the wagtails (Motacillidae),Anthus
01530121-n,Q29858,a songbird that lives mainly on the ground in open country; has streaky brown plumage,01531295-n,i43284,pipit|titlark|lark,OEWN,,p8814,family of the order passerine birds,Alaudidae
01533487-n,Q27757,small European finch having a crimson face and yellow-and-black wings,01533819-n,i43293,goldfinch|Carduelis carduelis,OEWN,Q25418,p8814,genus of birds,Carduelis
,Q25418,small European finch having a crimson face and yellow-and-black wings,01533819-n,i43293,goldfinch|Carduelis carduelis,OEWN,Q25418,p8814,species of bird,European Goldfinch
,Q27075852,small Old World finch whose male has a red breast and forehead,01533985-n,i43294,linnet|lintwhite|Carduelis cannabina,OEWN,Q26034,p8814,species of bird,Common Linnet
,Q26034,small Old World finch whose male has a red breast and forehead,01533985-n,i43294,linnet|lintwhite|Carduelis cannabina,OEWN,Q26034,p8814,species of bird,Carduelis cannabina
,Q27075864,small yellow-and-black Eurasian finch with a sharp beak,01534153-n,i43295,siskin|Carduelis spinus,OEWN,Q168881,p8814,species of bird,Spinus spinus
,Q168881,small yellow-and-black Eurasian finch with a sharp beak,01534153-n,i43295,siskin|Carduelis spinus,OEWN,Q168881,p8814,species of bird,Carduelis spinus
,Q20754771,small siskin-like finch with a red crown and a rosy breast and rump,01534452-n,i43297,redpoll|Carduelis flammea,OEWN,Q206701,p8814,species of bird,Redpoll
,Q206701,small siskin-like finch with a red crown and a rosy breast and rump,01534452-n,i43297,redpoll|Carduelis flammea,OEWN,Q206701,p8814,species of bird,Carduelis flammea
,Q27075856,small siskin-like finch with a red crown,01534612-n,i43298,redpoll|Carduelis hornemanni,OEWN,Q391412,p8814,species of bird,Arctic Redpoll
,Q391412,small siskin-like finch with a red crown,01534612-n,i43298,redpoll|Carduelis hornemanni,OEWN,Q391412,p8814,species of bird,Carduelis hornemanni
,Q253941,any of several small Old World finches,01535980-n,i43306,canary|canary bird,OEWN,,p8814,breed of domesticated bird,domestic canary
01536122-n,Q192524,any of several small Old World finches,01535980-n,i43306,canary|canary bird,OEWN,,p8814,species of bird,Atlantic Canary
01553266-n,Q869377,passerine bird of New World tropics,01553402-n,i43412,cotinga|chatterer,OEWN,,p8814,genus of birds,Cotinga
01553070-n,Q647533,passerine bird of New World tropics,01553402-n,i43412,cotinga|chatterer,OEWN,,p8814,family of birds,Cotingidae
,Q1315689,common European chat with black plumage and a reddish-brown breast,01563434-n,i43470,stonechat|Saxicola torquata,OEWN,Q1315689,p8814,species of bird,African Stonechat
,Q838665,common European chat with black plumage and a reddish-brown breast,01563434-n,i43470,stonechat|Saxicola torquata,OEWN,Q1315689,p8814,species of bird,European Stonechat
,Q40654550,songbird of northern Europe and Asia,01565092-n,i43482,bluethroat|Erithacus svecicus,OEWN,Q40654550,p8814,species of bird,Erithacus svecicus
,Q26578,songbird of northern Europe and Asia,01565092-n,i43482,bluethroat|Erithacus svecicus,OEWN,Q40654550,p8814,species of bird,Bluethroat
,Q15931206,type genus of the Sylviidae: warblers,01567271-n,i43494,Silvia|genus Silvia,OENN,Q15931206,p8814,genus of plants,Silvia
,Q2862448,type genus of the Sylviidae: warblers,01567271-n,i43494,Silvia|genus Silvia,OENN,Q15931206,p8814,superfamily of songbirds,Sylvioidea
01568723-n,Q18340387,tropical Asian warbler that stitches leaves together to form and conceal its nest,01568848-n,i43505,tailorbird|Orthotomus sutorius,OEWN,Q795556,p8814,genus of birds,Orthotomus
,Q795556,tropical Asian warbler that stitches leaves together to form and conceal its nest,01568848-n,i43505,tailorbird|Orthotomus sutorius,OEWN,Q795556,p8814,species of bird,Common Tailorbird
,Q40659522,American warbler; builds a dome-shaped nest on the ground,01572908-n,i43528,ovenbird|Seiurus aurocapillus,OEWN,Q40659522,p8814,orthographic error for Seiurus aurocapilla,Seiurus aurocapillus
,Q796672,American warbler; builds a dome-shaped nest on the ground,01572908-n,i43528,ovenbird|Seiurus aurocapillus,OEWN,Q40659522,p8814,species of bird,Ovenbird
01593478-n,Q858577,any of various small short-tailed songbirds with strong feet and a sharp beak that feed on small nuts and insects,01593224-n,i43654,nuthatch|nutcracker,OEWN,,p8814,genus of birds,Sitta
03842122-n,Q14880,any of various small short-tailed songbirds with strong feet and a sharp beak that feed on small nuts and insects,01593224-n,i43654,nuthatch|nutcracker,OEWN,,p8814,mechanical device for cracking nuts,nutcracker
,Q5051620,any of various birds of the Australian region whose males build ornamented structures resembling bowers in order to attract females,01603298-n,i43715,bowerbird|catbird,OEWN,,p8814,groups of songbirds,catbird
01603121-n,Q215603,any of various birds of the Australian region whose males build ornamented structures resembling bowers in order to attract females,01603298-n,i43715,bowerbird|catbird,OEWN,,p8814,family of birds,Ptilonorhynchidae
,Q2873051,large hawk of Eurasia and North America used in falconry,01609163-n,i43745,goshawk|Accipiter gentilis,OEWN,Q25353,p8814,common name for several species of bird of prey,goshawk
,Q25353,large hawk of Eurasia and North America used in falconry,01609163-n,i43745,goshawk|Accipiter gentilis,OEWN,Q25353,p8814,species of bird,Accipiter gentilis
,Q3589095,small hawk of Eurasia and northern Africa,01609313-n,i43746,sparrow hawk|Accipiter nisus,OEWN,Q25380,p8814,index of animals with the same common name,sparrowhawk
,Q25380,small hawk of Eurasia and northern Africa,01609313-n,i43746,sparrow hawk|Accipiter nisus,OEWN,Q25380,p8814,species of bird,Eurasian Sparrowhawk
,Q2488588,small Old World falcon that hovers in the air against a wind,01614610-n,i43777,kestrel|Falco tinnunculus,OEWN,Q26490,p8814,small bird of prey,kestrel
,Q26490,small Old World falcon that hovers in the air against a wind,01614610-n,i43777,kestrel|Falco tinnunculus,OEWN,Q26490,p8814,species of bird,Common Kestrel
,Q40657867,South American caracara,01615818-n,i43784,carancha|Polyborus plancus,OEWN,Q40657867,p8814,species of bird,Polyborus plancus
,Q755119,South American caracara,01615818-n,i43784,carancha|Polyborus plancus,OEWN,Q40657867,p8814,species of bird,Crested Caracara
,Q213366,American vulture smaller than the turkey buzzard,01623055-n,i43827,black vulture|carrion crow|Coragyps atratus,OEWN,Q213366,p8814,species of bird,Black Vulture
01620723-n,Q168677,American vulture smaller than the turkey buzzard,01623055-n,i43827,black vulture|carrion crow|Coragyps atratus,OEWN,Q213366,p8814,species of bird,Cinereous Vulture
01625237-n,Q241515,nocturnal bird of prey with hawk-like beak and claws and large head with front-facing eyes,01623768-n,i43831,owl|bird of Minerva|bird of night|hooter,OEWN,,p8814,genus of birds,Strix
01623608-n,Q25222,nocturnal bird of prey with hawk-like beak and claws and large head with front-facing eyes,01623768-n,i43831,owl|bird of Minerva|bird of night|hooter,OEWN,,p8814,order of birds,Strigiformes
,Q40657257,small North American owl having hornlike tufts of feathers whose call sounds like a quavering whistle,01626066-n,i43844,screech owl|Otus asio,OEWN,Q40657257,p8814,synonym of Megascops asio,Otus asio
,Q251939,small North American owl having hornlike tufts of feathers whose call sounds like a quavering whistle,01626066-n,i43844,screech owl|Otus asio,OEWN,Q40657257,p8814,species of bird,Eastern Screech Owl
01645180-n,Q27465,any of various tailless stout-bodied amphibians with long hind limbs for leaping; semiaquatic and terrestrial species,01642406-n,i43933,frog|toad|toad frog|anuran|batrachian|salientian,OEWN,Q53636,p8814,species of amphibian,Common frog
01649196-n,Q146375,any of various tailless stout-bodied amphibians with long hind limbs for leaping; semiaquatic and terrestrial species,01642406-n,i43933,frog|toad|toad frog|anuran|batrachian|salientian,OEWN,Q53636,p8814,species of amphibian,common toad
,Q5182286,large toothed frog of South America and Central America resembling the bullfrog,01646537-n,i43953,crapaud|South American bullfrog|Leptodactylus pentadactylus,OEWN,Q2136945,p8814,French word for toad,Crapaud
,Q2136945,large toothed frog of South America and Central America resembling the bullfrog,01646537-n,i43953,crapaud|South American bullfrog|Leptodactylus pentadactylus,OEWN,Q2136945,p8814,species of amphibian,Smoky jungle frog
01667631-n,Q203538,very large carnivorous sea turtle; wide-ranging in warm open seas,01666706-n,i44042,loggerhead|loggerhead turtle|Caretta caretta,OEWN,Q192095,p8814,species of reptile,hawksbill sea turtle
,Q192095,very large carnivorous sea turtle; wide-ranging in warm open seas,01666706-n,i44042,loggerhead|loggerhead turtle|Caretta caretta,OEWN,Q192095,p8814,species of turtle,loggerhead sea turtle
,Q106448853,freshwater turtle of United States and South America; frequently raised commercially; some young sold as pets,01671306-n,i44069,slider|yellow-bellied terrapin|Pseudemys scripta,OEWN,Q106448853,p8814,,Pseudemys scripta
,Q386512,freshwater turtle of United States and South America; frequently raised commercially; some young sold as pets,01671306-n,i44069,slider|yellow-bellied terrapin|Pseudemys scripta,OEWN,Q106448853,p8814,subspecies of reptile,Q386512
,Q467382,type genus of the Amphisbaenidae,01685677-n,i44146,Amphisbaena|genus Amphisbaena|Amphisbaenia|genus Amphisbaenia,OENN,Q26187,p8814,suborder of reptiles,Amphisbaenia
,Q26187,type genus of the Amphisbaenidae,01685677-n,i44146,Amphisbaena|genus Amphisbaena|Amphisbaenia|genus Amphisbaenia,OENN,Q26187,p8814,genus of reptiles,Amphisbaena
,Q18324831,very swift lizard of eastern and central United States,01688685-n,i44163,racerunner|race runner|six-lined racerunner|Cnemidophorus sexlineatus,OEWN,Q18324831,p8814,species of reptile,Cnemidophorus sexlineatus
,Q2716254,very swift lizard of eastern and central United States,01688685-n,i44163,racerunner|race runner|six-lined racerunner|Cnemidophorus sexlineatus,OEWN,Q18324831,p8814,species of reptile,Six-lined Racerunner
01691867-n,Q191059,small burrowing legless European lizard with tiny eyes; popularly believed to be blind,01692790-n,i44187,blindworm|slowworm|Anguis fragilis,OEWN,Q183660,p8814,family of reptiles,Anguidae
,Q183660,small burrowing legless European lizard with tiny eyes; popularly believed to be blind,01692790-n,i44187,blindworm|slowworm|Anguis fragilis,OEWN,Q183660,p8814,species of reptile,Anguis fragilis
01702056-n,Q878388,large fish-eating Indian crocodilian with a long slender snout,01702316-n,i44242,gavial|Gavialis gangeticus,OEWN,Q17134,p8814,family of crocodilians,Gavialidae
,Q17134,large fish-eating Indian crocodilian with a long slender snout,01702316-n,i44242,gavial|Gavialis gangeticus,OEWN,Q17134,p8814,species of crocodilian belonging to the gharial family (Gavialidae),Gharial
,Q18324838,large harmless shiny black North American snake,01735430-n,i44421,black rat snake|blacksnake|pilot blacksnake|mountain blacksnake|Elaphe obsoleta,OEWN,Q18324838,p8814,species of reptile,Elaphe obsoleta
01733601-n,Q1459098,large harmless shiny black North American snake,01735430-n,i44421,black rat snake|blacksnake|pilot blacksnake|mountain blacksnake|Elaphe obsoleta,OEWN,Q18324838,p8814,species of reptile,Coluber constrictor
,Q3306164,large arboreal boa of tropical South America,01745727-n,i44485,anaconda|Eunectes murinus,OEWN,Q207347,p8814,snake of the genus Eunectes,anaconda
,Q207347,large arboreal boa of tropical South America,01745727-n,i44485,anaconda|Eunectes murinus,OEWN,Q207347,p8814,species of reptile,green anaconda
,Q2321476,large highly venomous snake of northeastern Australia,01754113-n,i44535,taipan|Oxyuranus scutellatus,OEWN,Q2321476,p8814,species of reptile,Coastal taipan
01753994-n,Q852348,large highly venomous snake of northeastern Australia,01754113-n,i44535,taipan|Oxyuranus scutellatus,OEWN,Q2321476,p8814,genus of reptiles,Oxyuranus
,Q296602,spiderlike arachnid with a small rounded body and very long thin legs,01772722-n,i44590,harvestman|daddy longlegs|Phalangium opilio,OEWN,Q21059,p8814,Wikimedia disambiguation page,Daddy Longlegs
01772276-n,Q19116,spiderlike arachnid with a small rounded body and very long thin legs,01772722-n,i44590,harvestman|daddy longlegs|Phalangium opilio,OEWN,Q21059,p8814,order of arachnids,Opiliones
,Q184774,a domestic fowl bred for flesh or eggs; believed to have been developed from the red jungle fowl,01794266-n,i44707,chicken,OEWN,Q184774,p8814,species of bird; ancestor of the chicken,Red Junglefowl
,Q780,a domestic fowl bred for flesh or eggs; believed to have been developed from the red jungle fowl,01794266-n,i44707,chicken,OEWN,Q184774,p8814,domesticated bird (specifically a red junglefowl) kept by humans primarily as a food source,chicken
01791705-n,Q21659,adult male chicken,01794799-n,i44710,cock|rooster,OEWN,,p8814,order of birds,Q21659
,Q780,adult male chicken,01794799-n,i44710,cock|rooster,OEWN,,p8814,domesticated bird (specifically a red junglefowl) kept by humans primarily as a food source,chicken
,Q5139674,the fleshy red crest on the head of the domestic fowl and other gallinaceous birds,01794896-n,i44711,comb|cockscomb|coxcomb,OEWN,Q2390770,p8814,mountain in the Eastern Cape province of South Africa,Cockscomb
,Q2390770,the fleshy red crest on the head of the domestic fowl and other gallinaceous birds,01794896-n,i44711,comb|cockscomb|coxcomb,OEWN,Q2390770,p8814,crest on the top of the head of some gallinaceous birds,comb
,Q40655821,reddish-brown grouse of upland moors of Great Britain,01799160-n,i44740,red grouse|moorfowl|moorbird|moor-bird|moorgame|Lagopus scoticus,OEWN,Q40655821,p8814,species of bird,Red Grouse
,Q1077472,reddish-brown grouse of upland moors of Great Britain,01799160-n,i44740,red grouse|moorfowl|moorbird|moor-bird|moorgame|Lagopus scoticus,OEWN,Q40655821,p8814,subspecies of bird,Lagopus lagopus scotica
,Q117253054,North American grouse that feeds on evergreen buds and needles,01799948-n,i44746,spruce grouse|Canachites canadensis,OEWN,Q117253054,p8814,species of bird,Spruce Grouse
,Q19056,North American grouse that feeds on evergreen buds and needles,01799948-n,i44746,spruce grouse|Canachites canadensis,OEWN,Q117253054,p8814,species of bird,Falcipennis canadensis
01810781-n,Q754863,heavy-bodied small-winged South American game bird resembling a gallinaceous bird but related to the ratite birds,01812909-n,i44828,tinamou|partridge,OEWN,,p8814,species of bird,Red-legged Partridge
01812773-n,Q19172,heavy-bodied small-winged South American game bird resembling a gallinaceous bird but related to the ratite birds,01812909-n,i44828,tinamou|partridge,OEWN,,p8814,family of birds,Tinamidae
,Q41214676,swift of eastern Asia; produces the edible bird's nest,01835753-n,i44967,swiftlet|Collocalia inexpectata,OEWN,Q41214676,p8814,species of bird,Collocalia inexpectata
,Q2213958,swift of eastern Asia; produces the edible bird's nest,01835753-n,i44967,swiftlet|Collocalia inexpectata,OEWN,Q41214676,p8814,tribe of birds in the Swift family (Apodidae),swiftlet
01841602-n,Q310935,bird with strong claws and a stiff tail adapted for climbing and a hard chisel-like bill for boring into wood for insects,01841239-n,i44998,woodpecker|peckerwood|pecker,OEWN,,p8814,genus of birds,Picus
01840967-n,Q25439,bird with strong claws and a stiff tail adapted for climbing and a hard chisel-like bill for boring into wood for insects,01841239-n,i44998,woodpecker|peckerwood|pecker,OEWN,,p8814,family of birds,Q25439
01842111-n,Q868238,large flicker of eastern North America with a red neck and yellow undersurface to wings and tail,01842391-n,i45005,yellow-shafted flicker|Colaptes auratus|yellowhammer,OEWN,Q16819,p8814,genus of birds,Colaptes
,Q16819,large flicker of eastern North America with a red neck and yellow undersurface to wings and tail,01842391-n,i45005,yellow-shafted flicker|Colaptes auratus|yellowhammer,OEWN,Q16819,p8814,species of bird,Northern Flicker
01856020-n,Q256760,large black diving duck of northern parts of the Northern Hemisphere,01856139-n,i45089,scoter|scooter,OEWN,,p8814,genus of ducks,scoter
,Q201300,large black diving duck of northern parts of the Northern Hemisphere,01856139-n,i45089,scoter|scooter,OEWN,,p8814,species of bird,Velvet Scoter
01863666-n,Q2662452,largest crested screamer; native to southern Brazil and Argentina,01863971-n,i45137,chaja|Chauna torquata,OEWN,Q602961,p8814,genus of birds,Chauna
,Q602961,largest crested screamer; native to southern Brazil and Argentina,01863971-n,i45137,chaja|Chauna torquata,OEWN,Q602961,p8814,species of bird,Southern Screamer
01877806-n,Q287881,small furry Australian arboreal marsupials having long usually prehensile tails,01883812-n,i45199,phalanger|opossum|possum,OEWN,,p8814,genus of mammals,Didelphis
01877425-n,Q21834,small furry Australian arboreal marsupials having long usually prehensile tails,01883812-n,i45199,phalanger|opossum|possum,OEWN,,p8814,family of mammals,Q21834
01884057-n,Q1413190,small furry Australian arboreal marsupials having long usually prehensile tails,01883812-n,i45199,phalanger|opossum|possum,OEWN,,p8814,genus of mammals,Phalanger
,Q431978,sluggish tailless Australian arboreal marsupial with grey furry ears and coat; feeds on eucalyptus leaves and bark,01885355-n,i45209,koala|koala bear|kangaroo bear|native bear|Phascolarctos cinereus,OEWN,Q36101,p8814,family of mammals,Phascolarctidae
,Q36101,sluggish tailless Australian arboreal marsupial with grey furry ears and coat; feeds on eucalyptus leaves and bark,01885355-n,i45209,koala|koala bear|kangaroo bear|native bear|Phascolarctos cinereus,OEWN,Q36101,p8814,arboreal herbivorous marsupial native to Australia,koala
,Q972452,small Australian marsupial having long snout and strong claws for feeding on termites; nearly extinct,01888139-n,i45225,numbat|banded anteater|anteater|Myrmecobius fasciatus,OEWN,Q242419,p8814,mammals known for eating ants and termites,Vermilingua
,Q242419,small Australian marsupial having long snout and strong claws for feeding on termites; nearly extinct,01888139-n,i45225,numbat|banded anteater|anteater|Myrmecobius fasciatus,OEWN,Q242419,p8814,species of mammal,numbat
,Q6145,small nocturnal Old World mammal covered with both hair and protective spines,01896466-n,i45273,hedgehog|Erinaceus europaeus|Erinaceus europeaeus,OEWN,Q6145,p8814,species of hedgehog found in northern and western Europe,European hedgehog
,Q6120,small nocturnal Old World mammal covered with both hair and protective spines,01896466-n,i45273,hedgehog|Erinaceus europaeus|Erinaceus europeaeus,OEWN,Q6145,p8814,subfamily of small spiny mammals,hedgehog
,Q3406498,hard outer covering or case of certain organisms such as arthropods and turtles,01906397-n,i45339,carapace|shell|cuticle|shield,OEWN,,p8814,outermost tissues of arthropods,arthropod cuticle
,Q666115,hard outer covering or case of certain organisms such as arthropods and turtles,01906397-n,i45339,carapace|shell|cuticle|shield,OEWN,,p8814,part of exoskeleton in some animals,carapace
01913170-n,Q272388,large siphonophore having a bladderlike float and stinging tentacles,01915807-n,i45388,Portuguese man-of-war|man-of-war|jellyfish,OEWN,,p8814,class of cnidarians,Q272388
,Q202526,large siphonophore having a bladderlike float and stinging tentacles,01915807-n,i45388,Portuguese man-of-war|man-of-war|jellyfish,OEWN,,p8814,species of cnidarian,Portuguese man o' war
,Q135413,terrestrial worm that burrows into and helps aerate soil; often surfaces when the ground is cool or wet; used as bait by anglers,01938036-n,i45514,earthworm|angleworm|fishworm|fishing worm|wiggler|nightwalker|nightcrawler|crawler|dew worm|red worm,OEWN,,p8814,genus of annelids,Lumbricus
,Q30092,terrestrial worm that burrows into and helps aerate soil; often surfaces when the ground is cool or wet; used as bait by anglers,01938036-n,i45514,earthworm|angleworm|fishworm|fishing worm|wiggler|nightwalker|nightcrawler|crawler|dew worm|red worm,OEWN,,p8814,species of annelid worm,Lumbricus terrestris
,Q2925555,terrestrial worm that burrows into and helps aerate soil; often surfaces when the ground is cool or wet; used as bait by anglers,01938036-n,i45514,earthworm|angleworm|fishworm|fishing worm|wiggler|nightwalker|nightcrawler|crawler|dew worm|red worm,OEWN,,p8814,family of annelids,Lumbricidae
,Q134912,marine worms having a row of tufted gills along each side of the back; often used for fishing bait,01939312-n,i45519,lugworm|lug|lobworm,OEWN,,p8814,species of annelid,Tubifex tubifex
,Q21155,marine worms having a row of tufted gills along each side of the back; often used for fishing bait,01939312-n,i45519,lugworm|lug|lobworm,OEWN,,p8814,marine worm,Arenicola marina
,Q6501235,invertebrate having a soft unsegmented body usually enclosed in a shell,01943377-n,i45535,mollusk|mollusc|shellfish,OEWN,,p8814,culinary and fisheries term for exoskeleton-bearing aquatic invertebrates,shellfish
01943129-n,Q25326,invertebrate having a soft unsegmented body usually enclosed in a shell,01943377-n,i45535,mollusk|mollusc|shellfish,OEWN,,p8814,phylum of animals,Mollusca
01950925-n,Q83749,edible marine gastropod,01951087-n,i45578,periwinkle|winkle,OEWN,,p8814,genus of sea snails,Littorina
,Q27935,edible marine gastropod,01951087-n,i45578,periwinkle|winkle,OEWN,,p8814,species of mollusc,common periwinkle
,Q39514,cephalopod mollusk of warm seas whose females have delicate papery spiral shells,01973308-n,i45707,paper nautilus|nautilus|argonaut|Argonauta argo,OEWN,Q39514,p8814,species of mollusc,Argonauta argo
01971232-n,Q223939,cephalopod mollusk of warm seas whose females have delicate papery spiral shells,01973308-n,i45707,paper nautilus|nautilus|argonaut|Argonauta argo,OEWN,Q39514,p8814,Family of marine molluscs,Nautilidae
01971373-n,Q1324463,cephalopod mollusk of warm seas whose females have delicate papery spiral shells,01973308-n,i45707,paper nautilus|nautilus|argonaut|Argonauta argo,OEWN,Q39514,p8814,genus of molluscs,Nautilus
,Q1219291,large black-and-white stork of tropical Africa; its red bill has a black band around the middle,02006785-n,i45894,saddlebill|jabiru|Ephippiorhynchus senegalensis,OEWN,Q1219291,p8814,species of bird,Ephippiorhynchus senegalensis
02006493-n,Q17970,large black-and-white stork of tropical Africa; its red bill has a black band around the middle,02006785-n,i45894,saddlebill|jabiru|Ephippiorhynchus senegalensis,OEWN,Q1219291,p8814,stork native to America,Jabiru
02007756-n,Q13107952,large stork-like bird of the valley of the White Nile with a broad bill suggesting a wooden shoe,02008053-n,i45901,shoebill|shoebird|Balaeniceps rex,OEWN,Q18700,p8814,monotypic family of waterbirds,Balaenicipitidae
,Q18700,large stork-like bird of the valley of the White Nile with a broad bill suggesting a wooden shoe,02008053-n,i45901,shoebill|shoebird|Balaeniceps rex,OEWN,Q18700,p8814,species of bird,Shoebill
,Q11844301,any of several Old World birds of the genus Ibis,02008717-n,i45905,wood ibis|wood stork|Ibis ibis,OEWN,Q11844301,p8814,species of bird,Ibis ibis
02007509-n,Q990175,any of several Old World birds of the genus Ibis,02008717-n,i45905,wood ibis|wood stork|Ibis ibis,OEWN,Q11844301,p8814,species of bird,Wood Stork
,Q933531,Argentinian Cariama,02017178-n,i45956,chunga|seriema|Chunga burmeisteri,OEWN,Q933531,p8814,species of bird,Black-legged Seriema
02016543-n,Q754030,Argentinian Cariama,02017178-n,i45956,chunga|seriema|Chunga burmeisteri,OEWN,Q933531,p8814,family of birds,Cariamidae
02018852-n,Q853653,black gallinule that inhabits ponds and lakes,02019470-n,i45969,moorhen|Gallinula chloropus,OEWN,Q18847,p8814,genus of birds,Gallinula
,Q18847,black gallinule that inhabits ponds and lakes,02019470-n,i45969,moorhen|Gallinula chloropus,OEWN,Q18847,p8814,species of bird,Common Moorhen
02020532-n,Q637533,slate-black slow-flying birds somewhat resembling ducks,02020681-n,i45978,coot,OEWN,,p8814,genus of birds,Fulica
02021022-n,Q25376,slate-black slow-flying birds somewhat resembling ducks,02020681-n,i45978,coot,OEWN,,p8814,species of bird,Common Coot
,Q107333207,small sandpiper that breeds in the Arctic and migrates southward along sandy coasts in most of world,02032032-n,i46039,sanderling|Crocethia alba,OEWN,Q107333207,p8814,species of birds,Crocethia alba
,Q58958,small sandpiper that breeds in the Arctic and migrates southward along sandy coasts in most of world,02032032-n,i46039,sanderling|Crocethia alba,OEWN,Q107333207,p8814,species of bird,Sanderling
,Q25664334,large North American shorebird of eastern and Gulf Coasts,02033491-n,i46049,willet|Catoptrophorus semipalmatus,OEWN,Q25664334,p8814,species of bird,Catoptrophorus semipalmatus
,Q831611,large North American shorebird of eastern and Gulf Coasts,02033491-n,i46049,willet|Catoptrophorus semipalmatus,OEWN,Q25664334,p8814,species of bird,Willet
,Q528764,small black-headed European gull,02044834-n,i46116,laughing gull|blackcap|pewit|pewit gull|Larus ridibundus,OEWN,Q25634|Q25689558,p8814,species of bird,Laughing Gull
,Q25634,small black-headed European gull,02044834-n,i46116,laughing gull|blackcap|pewit|pewit gull|Larus ridibundus,OEWN,Q25634|Q25689558,p8814,species of bird,Black-headed Gull
,Q50726540,northern Pacific puffin having a large yellow plume over each eye,02051007-n,i46157,tufted puffin|Lunda cirrhata|Fratercula cirrhata,OEWN,Q50726540,p8814,species of bird,Lunda cirrhata
,Q838607,northern Pacific puffin having a large yellow plume over each eye,02051007-n,i46157,tufted puffin|Lunda cirrhata|Fratercula cirrhata,OEWN,Q50726540,p8814,species of bird,Tufted Puffin
02051606-n,Q3758978,large somewhat primitive fish-eating diving bird of the Northern Hemisphere having webbed feet placed far back; related to the grebes,02051742-n,i46162,loon|diver,OEWN,,p8814,genus of birds,Gavia
,Q184432,large somewhat primitive fish-eating diving bird of the Northern Hemisphere having webbed feet placed far back; related to the grebes,02051742-n,i46162,loon|diver,OEWN,,p8814,migratory aquatic bird found in Europe and Asia,Black-throated loon
,Q106447807,very large white gannet with black wing tips,02056079-n,i46187,solan|solan goose|solant goose|Sula bassana,OEWN,Q106447807,p8814,species of birds,Sula bassana
,Q26675,very large white gannet with black wing tips,02056079-n,i46187,solan|solan goose|solant goose|Sula bassana,OEWN,Q106447807,p8814,species of Least Concern bird,Northern Gannet
,Q26896,heavy short-tailed oceanic bird of polar regions,02062786-n,i46227,fulmar|fulmar petrel|Fulmarus glacialis,OEWN,Q26896,p8814,species of bird,Northern Fulmar
02060132-n,Q21685,heavy short-tailed oceanic bird of polar regions,02062786-n,i46227,fulmar|fulmar petrel|Fulmarus glacialis,OEWN,Q26896,p8814,order of birds,Procellariiformes
,Q19829408,large whale with a large cavity in the head containing spermaceti and oil; also a source of ambergris,02069893-n,i46265,sperm whale|cachalot|black whale|Physeter catodon,OEWN,Q19829408|Q81214,p8814,species of mammal,Physeter catodon
,Q81214,large whale with a large cavity in the head containing spermaceti and oil; also a source of ambergris,02069893-n,i46265,sperm whale|cachalot|black whale|Physeter catodon,OEWN,Q19829408|Q81214,p8814,largest species of toothed whale,sperm whale
02074861-n,Q219419,small Arctic whale the male having a long spiral ivory tusk,02075145-n,i46295,narwhal|narwal|narwhale|Monodon monoceros,OEWN,Q159426,p8814,family of mammals,Monodontidae
,Q159426,small Arctic whale the male having a long spiral ivory tusk,02075145-n,i46295,narwhal|narwal|narwhale|Monodon monoceros,OEWN,Q159426,p8814,medium-sized toothed whale that lives year-round in the Arctic,narwhal
,Q40261,sirenian mammal of tropical coastal waters of America; the flat tail is rounded,02076483-n,i46303,manatee|Trichechus manatus,OEWN,Q40261,p8814,species of mammal,West Indian manatee
02075693-n,Q25431,sirenian mammal of tropical coastal waters of America; the flat tail is rounded,02076483-n,i46303,manatee|Trichechus manatus,OEWN,Q40261,p8814,order of mammals,Sirenia
02083934-n,Q2292156,either of two large northern marine mammals having ivory tusks and tough hide over thick blubber,02084223-n,i46346,walrus|seahorse|sea horse,OEWN,,p8814,family of mammals,Odobenidae
02084450-n,Q40994,either of two large northern marine mammals having ivory tusks and tough hide over thick blubber,02084223-n,i46346,walrus|seahorse|sea horse,OEWN,,p8814,species of mammal,walrus
,Q38945,an inferior dog or one of mixed breed,02087513-n,i46362,cur|mongrel|mutt,OEWN,,p8814,dog that does not belong to a specific breed due to unintentional breeding,mongrel
,Q38355,an inferior dog or one of mixed breed,02087513-n,i46362,cur|mongrel|mutt,OEWN,,p8814,dog type,Cur
,Q39401,a breed of large powerful hound of European origin having very acute smell and used in tracking,02091118-n,i46385,bloodhound|sleuthhound,OEWN,,p8814,"dog type, hunting dog",scent hound
,Q21098,a breed of large powerful hound of European origin having very acute smell and used in tracking,02091118-n,i46385,bloodhound|sleuthhound,OEWN,,p8814,dog breed,bloodhound
,Q15427080,informal terms referring to a domestic cat,02124950-n,i46595,kitty|kitty-cat|puss|pussy|pussycat,OEWN,,p8814,"noun, adjective, and in rare uses a verb in the English language",pussy
02125600-n,Q147,informal terms referring to a domestic cat,02124950-n,i46595,kitty|kitty-cat|puss|pussy|pussycat,OEWN,,p8814,young cat,kitten
,Q207963,large American feline resembling a lion,02127963-n,i46618,cougar|puma|catamount|mountain lion|painter|panther|Felis concolor,OEWN,Q35255|Q109647288,p8814,melanistic colour variant of any of several species of larger cat,black panther
,Q35255,large American feline resembling a lion,02127963-n,i46618,cougar|puma|catamount|mountain lion|painter|panther|Felis concolor,OEWN,Q35255|Q109647288,p8814,species of mammal,cougar
,Q270748,large American feline resembling a lion,02127963-n,i46618,cougar|puma|catamount|mountain lion|painter|panther|Felis concolor,OEWN,Q35255|Q109647288,p8814,genus of mammals,Puma
02132842-n,Q481907,long-legged spotted cat of Africa and southwestern Asia having nonretractile claws; the swiftest mammal; can be trained to run down game,02132960-n,i46651,cheetah|chetah|Acinonyx jubatus,OEWN,Q23907,p8814,genus of mammals,Acinonyx
,Q23907,long-legged spotted cat of Africa and southwestern Asia having nonretractile claws; the swiftest mammal; can be trained to run down game,02132960-n,i46651,cheetah|chetah|Acinonyx jubatus,OEWN,Q23907,p8814,species of mammal,cheetah
,Q12294232,cat-like mammal typically secreting musk used in perfumes,02137872-n,i46676,civet|civet cat,OEWN,,p8814,mammal of the families Viverridae and Nandiniidae,civet
02138138-n,Q1762710,cat-like mammal typically secreting musk used in perfumes,02137872-n,i46676,civet|civet cat,OEWN,,p8814,genus of mammals,Viverra
,Q5986352,northern African mongoose; in ancient times thought to devour crocodile eggs,02140540-n,i46694,ichneumon|Herpestes ichneumon,OEWN,Q649306,p8814,Enemy of the dragon in medieval literature,Ichneumon
,Q649306,northern African mongoose; in ancient times thought to devour crocodile eggs,02140540-n,i46694,ichneumon|Herpestes ichneumon,OEWN,Q649306,p8814,species of mammal,Egyptian mongoose
,Q1834586,large-eared greyish bat of southern California and northwestern Mexico,02145059-n,i46719,macrotus|Macrotus californicus,OEWN,Q1834586,p8814,species of mammal,California leaf-nosed bat
02144947-n,Q956183,large-eared greyish bat of southern California and northwestern Mexico,02145059-n,i46719,macrotus|Macrotus californicus,OEWN,Q1834586,p8814,genus of mammals,Macrotus
,Q304368,small European brown bat,02150599-n,i46752,pipistrelle|pipistrel|Pipistrellus pipistrellus,OEWN,Q176901,p8814,species of mammal,soprano Pipistrelle
,Q176901,small European brown bat,02150599-n,i46752,pipistrelle|pipistrel|Pipistrellus pipistrellus,OEWN,Q176901,p8814,species of mammal,common pipistrelle
,Q6093621,tropical American click beetle having bright luminous spots,02179399-n,i46913,firefly|fire beetle|Pyrophorus noctiluca,OEWN,Q6093621,p8814,species of insect,Pyrophorus noctiluca
,Q852831,tropical American click beetle having bright luminous spots,02179399-n,i46913,firefly|fire beetle|Pyrophorus noctiluca,OEWN,Q6093621,p8814,species of beetle,Lampyris noctiluca
02200197-n,Q312154,small fruit fly used by Thomas Hunt Morgan in studying basic mechanisms of inheritance,02200341-n,i47035,drosophila|Drosophila melanogaster,OEWN,Q130888,p8814,genus of insects,Drosophila
,Q130888,small fruit fly used by Thomas Hunt Morgan in studying basic mechanisms of inheritance,02200341-n,i47035,drosophila|Drosophila melanogaster,OEWN,Q130888,p8814,species of fly,Drosophila melanogaster
,Q1228564,long-legged slender flies that resemble large mosquitoes but do not bite,02207871-n,i47079,crane fly|daddy longlegs,OEWN,,p8814,superfamily of flies,Tipuloidea
02207747-n,Q474636,long-legged slender flies that resemble large mosquitoes but do not bite,02207871-n,i47079,crane fly|daddy longlegs,OEWN,,p8814,family of flies,Tipulidae
02234332-n,Q10470521,a variety of stick insect,02234455-n,i47233,diapheromera|Diapheromera femorata,OEWN,Q5153638,p8814,genus of insects,Diapheromera
,Q5153638,a variety of stick insect,02234455-n,i47233,diapheromera|Diapheromera femorata,OEWN,Q5153638,p8814,species of insect,Diapheromera femorata
,Q1661828,any of numerous chiefly nocturnal insects; some are domestic pests,02235990-n,i47241,cockroach|roach,OEWN,,p8814,paraphyletic group of winged insects of the order Blattodea,cockroach
,Q1073729,any of numerous chiefly nocturnal insects; some are domestic pests,02235990-n,i47241,cockroach|roach,OEWN,,p8814,species of insect,Nau'in kyankyaso
,Q10603680,predaceous aquatic insect that swims on its back and may inflict painful bites,02243660-n,i47287,backswimmer|Notonecta undulata,OEWN,Q10603680,p8814,species of insect,Notonecta undulata
02243358-n,Q875622,predaceous aquatic insect that swims on its back and may inflict painful bites,02243660-n,i47287,backswimmer|Notonecta undulata,OEWN,Q10603680,p8814,family of insects,Notonectidae
,Q1316279,dark-colored insect having predaceous aquatic larvae,02269516-n,i47442,alderfly|alder fly|Sialis lutaria,OEWN,Q1316279,p8814,species of insect,Sialis lutaria
02269232-n,Q899799,dark-colored insect having predaceous aquatic larvae,02269516-n,i47442,alderfly|alder fly|Sialis lutaria,OEWN,Q1316279,p8814,insects of the Sialidae family,Sialidae
,Q312476,slender-bodied non-stinging insect having iridescent wings that are outspread at rest; adults and nymphs feed on mosquitoes etc.,02271095-n,i47452,dragonfly|darning needle|devil's darning needle|sewing needle|snake feeder|snake doctor|mosquito hawk|skeeter hawk,OEWN,,p8814,genus of dragonflies,Libellula
,Q80066,slender-bodied non-stinging insect having iridescent wings that are outspread at rest; adults and nymphs feed on mosquitoes etc.,02271095-n,i47452,dragonfly|darning needle|devil's darning needle|sewing needle|snake feeder|snake doctor|mosquito hawk|skeeter hawk,OEWN,,p8814,suborder of insects with long strong bodies and two pairs of wings,Anisoptera
,Q97378644,European butterfly having reddish-brown wings each marked with a purple eyespot,02281909-n,i47513,peacock|peacock butterfly|Inachis io,OEWN,Q158699|Q97378644,p8814,species of butterfly,Inachis io
,Q158699,European butterfly having reddish-brown wings each marked with a purple eyespot,02281909-n,i47513,peacock|peacock butterfly|Inachis io,OEWN,Q158699|Q97378644,p8814,species of insect,Aglais io
,Q15657825,small brown and white European moth introduced into eastern United States; pest of various shade and fruit trees,02289077-n,i47553,browntail|brown-tail moth|Euproctis phaeorrhoea,OEWN,Q15657825,p8814,species of insect,Euproctis phaeorrhoea
02289306-n,Q45902,small brown and white European moth introduced into eastern United States; pest of various shade and fruit trees,02289077-n,i47553,browntail|brown-tail moth|Euproctis phaeorrhoea,OEWN,Q15657825,p8814,species of insect,Brown-tail
,Q17294983,moth whose destructive larvae travel in multitudes,02299946-n,i47616,armyworm|Pseudaletia unipuncta|army worm,OEWN,Q17294983,p8814,species of insect,Pseudaletia unipuncta
02297413-n,Q459180,moth whose destructive larvae travel in multitudes,02299946-n,i47616,armyworm|Pseudaletia unipuncta|army worm,OEWN,Q17294983,p8814,family of insects,Noctuidae
,Q13475800,large Asiatic moth introduced into the United States; larvae feed on the ailanthus,02306237-n,i47650,cynthia moth|Samia cynthia|Samia walkeri|ailanthus silkworm,OEWN,Q13475800,p8814,species of insect,Samia walkeri
,Q1462214,large Asiatic moth introduced into the United States; larvae feed on the ailanthus,02306237-n,i47650,cynthia moth|Samia cynthia|Samia walkeri|ailanthus silkworm,OEWN,Q13475800,p8814,species of insect,Samia cynthia
,Q7856837,oriental moth that produces brownish silk,02307449-n,i47657,tussah|tusseh|tussur|tussore|tusser|Antheraea mylitta,OEWN,Q1852236,p8814,,Tussore
,Q1852236,oriental moth that produces brownish silk,02307449-n,i47657,tussah|tusseh|tussur|tussore|tusser|Antheraea mylitta,OEWN,Q1852236,p8814,species of insect,Antheraea mylitta
,Q2305882,a species of sea cucumber inhabiting warm coastal waters from Australia to Asia,02324699-n,i47755,trepang|Holothuria edulis,OEWN,Q127470|Q2305882,p8814,species of echinoderm,Holothuria (Halodeima) edulis
02323994-n,Q127470,a species of sea cucumber inhabiting warm coastal waters from Australia to Asia,02324699-n,i47755,trepang|Holothuria edulis,OEWN,Q127470|Q2305882,p8814,class of echinoderms,Holothuroidea
02327502-n,Q25851,any of various burrowing animals of the family Leporidae having long ears and short tails; some domesticated and raised for pets or food,02326697-n,i47766,rabbit|coney|cony,OEWN,Q9394,p8814,species of lagomorphs (Lagomorpha),Poponejo
,Q9394,any of various burrowing animals of the family Leporidae having long ears and short tails; some domesticated and raised for pets or food,02326697-n,i47766,rabbit|coney|cony,OEWN,Q9394,p8814,mammals of the family Leporidae,rabbit
,Q63941258,swift timid long-eared mammal larger than a rabbit having a divided upper lip and long hind legs; young born furred and with open eyes,02329084-n,i47778,hare,OEWN,,p8814,mammal with long ears,hare
02328889-n,Q46076,swift timid long-eared mammal larger than a rabbit having a divided upper lip and long hind legs; young born furred and with open eyes,02329084-n,i47778,hare,OEWN,,p8814,genus of mammals in the family Leporidae,hare
02344127-n,Q1768650,common large Eurasian vole,02344626-n,i47861,water vole|water rat|Arvicola amphibius,OEWN,Q27016,p8814,species of mammal,Water Vole
,Q27016,common large Eurasian vole,02344626-n,i47861,water vole|water rat|Arvicola amphibius,OEWN,Q27016,p8814,species of mammal,Arvicola amphibius
,Q306215,any of various leaping rodents of desert regions of North America and Mexico; largest members of the family Heteromyidae,02352757-n,i47911,kangaroo rat|desert rat|Dipodomys phillipsii,OEWN,Q306215,p8814,species of mammal,Phillips' kangaroo rat
02352632-n,Q120094,any of various leaping rodents of desert regions of North America and Mexico; largest members of the family Heteromyidae,02352757-n,i47911,kangaroo rat|desert rat|Dipodomys phillipsii,OEWN,Q306215,p8814,genus of mammals,kangaroo rat
02355456-n,Q15102590,large European dormouse,02355584-n,i47928,loir|Glis glis,OEWN,Q147128,p8814,genus of mammals,Glis
,Q147128,large European dormouse,02355584-n,i47928,loir|Glis glis,OEWN,Q147128,p8814,species of mammal,edible dormouse
,Q40653494,rather large central Eurasian ground squirrel,02361236-n,i47958,suslik|souslik|Citellus citellus,OEWN,Q40653494,p8814,species of squirrel,Citellus citellus
,Q623466,rather large central Eurasian ground squirrel,02361236-n,i47958,suslik|souslik|Citellus citellus,OEWN,Q40653494,p8814,species of mammal,European ground squirrel
,Q122453942,stout-bodied nearly tailless domesticated cavy; often kept as a pet and widely used in research,02367325-n,i47996,guinea pig|Cavia cobaya,OEWN,Q122453942,p8814,species of mammal,Cavia cobaya
02367492-n,Q79803,stout-bodied nearly tailless domesticated cavy; often kept as a pet and widely used in research,02367325-n,i47996,guinea pig|Cavia cobaya,OEWN,Q122453942,p8814,domesticated rodent from South America,guinea pig
02367641-n,Q838738,hare-like rodent of the Pampas of Argentina,02367760-n,i47999,mara|Dolichotis patagonum,OEWN,Q194313,p8814,genus of mammals,Dolichotis
,Q194313,hare-like rodent of the Pampas of Argentina,02367760-n,i47999,mara|Dolichotis patagonum,OEWN,Q194313,p8814,species of herbivore,Patagonian mara
,Q40654026,agile long-legged rabbit-sized rodent of Central America and South America and the West Indies; valued as food,02368654-n,i48005,agouti|Dasyprocta aguti,OEWN,Q40654026,p8814,species of mammal,Dasyprocta aguti
02368500-n,Q193966,agile long-legged rabbit-sized rodent of Central America and South America and the West Indies; valued as food,02368654-n,i48005,agouti|Dasyprocta aguti,OEWN,Q40654026,p8814,genus of mammals,Common agouti
02368855-n,Q202697,large burrowing rodent of South America and Central America; highly esteemed as food,02368953-n,i48007,paca|Cuniculus paca,OEWN,Q33936,p8814,genus of mammals,Paca
,Q33936,large burrowing rodent of South America and Central America; highly esteemed as food,02368953-n,i48007,paca|Cuniculus paca,OEWN,Q33936,p8814,species of mammal,lowland paca
,Q3561017,gregarious burrowing rodent larger than the chinchillas,02370768-n,i48019,viscacha|chinchillon|Lagostomus maximus,OEWN,Q1162447,p8814,rodent,viscacha
,Q1162447,gregarious burrowing rodent larger than the chinchillas,02370768-n,i48019,viscacha|chinchillon|Lagostomus maximus,OEWN,Q1162447,p8814,species of mammal,Lagostomus maximus
,Q19829417,domestic beast of burden descended from the African wild ass; patient but stubborn,02392211-n,i48163,domestic ass|donkey|Equus asinus,OEWN,Q19707|Q19829417,p8814,species of mammal,Equus asinus
,Q19707,domestic beast of burden descended from the African wild ass; patient but stubborn,02392211-n,i48163,domestic ass|donkey|Equus asinus,OEWN,Q19707|Q19829417,p8814,"subspecies of mammal (donkey as a domesticated subspecies); beast of burden, similar to a horse, but smaller",donkey
,Q245305,mammal of South Africa that resembled a zebra; extinct since late 19th century,02394269-n,i48179,quagga|Equus quagga,OEWN,Q245305|Q45969,p8814,species of mammal,Equus quagga
,Q45969,mammal of South Africa that resembled a zebra; extinct since late 19th century,02394269-n,i48179,quagga|Equus quagga,OEWN,Q245305|Q45969,p8814,extinct subspecies of plains zebra,quagga
02394934-n,Q134657,massive powerful herbivorous odd-toed ungulate of southeast Asia and Africa having very thick skin and one or two horns on the snout,02394646-n,i48181,rhinoceros|rhino,OEWN,,p8814,genus of mammals,Rhinoceros
02394434-n,Q34718,massive powerful herbivorous odd-toed ungulate of southeast Asia and Africa having very thick skin and one or two horns on the snout,02394646-n,i48181,rhinoceros|rhino,OEWN,,p8814,family of mammals,rhinoceros
,Q629015,Indonesian wild pig with enormous curved canine teeth,02399448-n,i48208,babirusa|babiroussa|babirussa|Babyrousa babyrussa,OEWN,Q629015,p8814,species of babirusa,Babyrousa babyrussa
02399319-n,Q232558,Indonesian wild pig with enormous curved canine teeth,02399448-n,i48208,babirusa|babiroussa|babirussa|Babyrousa babyrussa,OEWN,Q629015,p8814,genus of mammals,Babyrousa
,Q19610691,domesticated bovine animals as a group regardless of sex or age,02405077-n,i48233,cattle|cows|kine|oxen|Bos taurus,OEWN,Q19610691|Q830,p8814,species of mammal,Bos taurus
,Q830,domesticated bovine animals as a group regardless of sex or age,02405077-n,i48233,cattle|cows|kine|oxen|Bos taurus,OEWN,Q19610691|Q830,p8814,"large, domesticated, cloven-hooved herbivores",cattle
,Q20747726,any of several breeds of Indian cattle; especially a large American heat and tick resistant greyish humped breed evolved in the Gulf States by interbreeding Indian cattle and now used chiefly for crossbreeding,02407225-n,i48246,Brahman|Brahma|Brahmin|Bos indicus,OEWN,Q20747726,p8814,"species of mammal, the zebu treated as a species",Bos indicus
,Q897314,any of several breeds of Indian cattle; especially a large American heat and tick resistant greyish humped breed evolved in the Gulf States by interbreeding Indian cattle and now used chiefly for crossbreeding,02407225-n,i48246,Brahman|Brahma|Brahmin|Bos indicus,OEWN,Q20747726,p8814,cattle breed,Brahman cattle
,Q13408062,large long-haired wild ox of Tibet often domesticated,02407954-n,i48249,yak|Bos grunniens,OEWN,Q13408062,p8814,species of mammal,Bos grunniens
,Q26547,large long-haired wild ox of Tibet often domesticated,02407954-n,i48249,yak|Bos grunniens,OEWN,Q13408062,p8814,species of mammal,Bos mutus
,Q122849001,small buffalo of the Celebes having small straight horns,02411684-n,i48276,anoa|dwarf buffalo|Anoa depressicornis,OEWN,Q122849001,p8814,species of mammal,Anoa depressicornis
,Q13452705,small buffalo of the Celebes having small straight horns,02411684-n,i48276,anoa|dwarf buffalo|Anoa depressicornis,OEWN,Q122849001,p8814,mountain anoa (Bubalus quarlesi) and lowland anoa (Bubalus depressicornis),anoa
,Q1001968,large shaggy-haired brown bison of North American plains,02413348-n,i48286,American bison|American buffalo|buffalo|Bison bison,OEWN,Q82728,p8814,project,Buffalo Commons
,Q82728,large shaggy-haired brown bison of North American plains,02413348-n,i48286,American bison|American buffalo|buffalo|Bison bison,OEWN,Q82728,p8814,North American species of even-toed ungulates,American bison
,Q12745017,a large South African antelope; considered the swiftest hoofed mammal,02425037-n,i48361,sassaby|topi|Damaliscus lunatus,OEWN,Q545071,p8814,subspecies of mammal,Damaliscus lunatus lunatus
,Q545071,a large South African antelope; considered the swiftest hoofed mammal,02425037-n,i48361,sassaby|topi|Damaliscus lunatus,OEWN,Q545071,p8814,species of mammal,Common tsessebe
,Q1106281,"a male deer, especially an adult male red deer",02433983-n,i48413,hart|stag,OEWN,,p8814,subspecies of mammal,Central European red deer
02432691-n|02432341-n,Q23390,"a male deer, especially an adult male red deer",02433983-n,i48413,hart|stag,OEWN,,p8814,family of ruminants (Ruminantia),Cervidae
02441528-n,Q862089,tallest living quadruped; having a spotted coat and small horns and very long neck and legs; of savannahs of tropical Africa,02441664-n,i48463,giraffe|camelopard|Giraffa camelopardalis,OEWN,Q15083,p8814,genus of mammals,giraffe
,Q15083,tallest living quadruped; having a spotted coat and small horns and very long neck and legs; of savannahs of tropical Africa,02441664-n,i48463,giraffe|camelopard|Giraffa camelopardalis,OEWN,Q15083,p8814,umbrella species of Giraffa,northern giraffe
,Q46600415,American musteline mammal typically ejecting an intensely malodorous fluid when startled; in some classifications put in a separate subfamily Mephitinae,02448346-n,i48501,skunk|polecat|wood pussy,OEWN,,p8814,common name for several mammals,polecat
,Q43604020,American musteline mammal typically ejecting an intensely malodorous fluid when startled; in some classifications put in a separate subfamily Mephitinae,02448346-n,i48501,skunk|polecat|wood pussy,OEWN,,p8814,common name of mammals in the family Mephitidae,skunk
02140694-n,Q887918,musteline mammal of northern Eurasia,02451981-n,i48523,glutton|Gulo gulo|wolverine,OEWN,Q14334,p8814,genus of mammals,Paradoxurus
,Q14334,musteline mammal of northern Eurasia,02451981-n,i48523,glutton|Gulo gulo|wolverine,OEWN,Q14334,p8814,largest land-dwelling species of the family Mustelidae,wolverine
,Q1768774,naked-tailed armadillo of tropical South America,02458059-n,i48560,tatouay|cabassous|Cabassous unicinctus,OEWN,Q1768774,p8814,species of mammal,southern naked-tailed armadillo
02457941-n,Q856879,naked-tailed armadillo of tropical South America,02458059-n,i48560,tatouay|cabassous|Cabassous unicinctus,OEWN,Q1768774,p8814,genus of mammals,Cabassous
02459880-n,Q185167,a sloth that has three long claws on each forefoot and each hindfoot,02460039-n,i48572,three-toed sloth|ai|Bradypus tridactylus,OEWN,Q142715,p8814,genus of mammals,three-toed sloth
,Q142715,a sloth that has three long claws on each forefoot and each hindfoot,02460039-n,i48572,three-toed sloth|ai|Bradypus tridactylus,OEWN,Q142715,p8814,species of mammal,Pale-throated Three-toed Sloth
02463645-n,Q428197,small toothless anteater with prehensile tail and four-clawed forelimbs; of tropical South America and Central America,02463759-n,i48593,tamandua|tamandu|lesser anteater|Tamandua tetradactyla,OEWN,Q267514,p8814,genus of mammals,Tamandua
,Q267514,small toothless anteater with prehensile tail and four-clawed forelimbs; of tropical South America and Central America,02463759-n,i48593,tamandua|tamandu|lesser anteater|Tamandua tetradactyla,OEWN,Q267514,p8814,species of mammal,southern tamandua
02474643-n,Q171283,"any living or extinct member of the family Hominidae characterized by superior intelligence, articulate speech, and erect carriage",02474924-n,i48657,homo|man|human being|human,OEWN,Q5,p8814,genus of mammals,Homo
,Q5,"any living or extinct member of the family Hominidae characterized by superior intelligence, articulate speech, and erect carriage",02474924-n,i48657,homo|man|human being|human,OEWN,Q5,p8814,"any single member of Homo sapiens, unique extant species of the genus Homo",human
,Q599672,large long-armed ape of Borneo and Sumatra having arboreal habits,02483126-n,i48700,orangutan|orang|orangutang|Pongo pygmaeus,OEWN,Q41050|Q599672,p8814,species of orangutan,Bornean orangutan
02482977-n,Q41050,large long-armed ape of Borneo and Sumatra having arboreal habits,02483126-n,i48700,orangutan|orang|orangutang|Pongo pygmaeus,OEWN,Q41050|Q599672,p8814,genus of ape found in rainforests on the Southeast Asian islands of Sumatra and Borneo,orangutan
02485855-n,Q878467,smallest and most perfectly anthropoid arboreal ape having long arms and no tail; of southern Asia and East Indies,02485993-n,i48716,gibbon|Hylobates lar,OEWN,Q208043,p8814,genus of mammals,Hylobates
,Q208043,smallest and most perfectly anthropoid arboreal ape having long arms and no tail; of southern Asia and East Indies,02485993-n,i48716,gibbon|Hylobates lar,OEWN,Q208043,p8814,species of mammal,Lar Gibbon
,Q46679442,large black gibbon of Sumatra having the 2nd and 3rd toes partially united by a web,02486339-n,i48718,siamang|Hylobates syndactylus|Symphalangus syndactylus,OEWN,Q46679442,p8814,species of mammal,Hylobates syndactylus
,Q213889,large black gibbon of Sumatra having the 2nd and 3rd toes partially united by a web,02486339-n,i48718,siamang|Hylobates syndactylus|Symphalangus syndactylus,OEWN,Q46679442,p8814,species of mammal,Siamang
,Q122311376,smallest guenon monkey; of swampy central and west African forests,02487856-n,i48724,talapoin|Cercopithecus talapoin,OEWN,Q122311376,p8814,species of mammal,Cercopithecus talapoin
,Q244245,smallest guenon monkey; of swampy central and west African forests,02487856-n,i48724,talapoin|Cercopithecus talapoin,OEWN,Q122311376,p8814,genus of mammals,Talapoin
,Q40652743,white and olive green East African monkey with long white tufts of hair beside the face,02488002-n,i48725,grivet|Cercopithecus aethiops,OEWN,Q40652743,p8814,species of mammal,Cercopithecus aethiops
,Q257470,white and olive green East African monkey with long white tufts of hair beside the face,02488002-n,i48725,grivet|Cercopithecus aethiops,OEWN,Q40652743,p8814,species of mammal,grivet
,Q628239,a colobus monkey with a reddish brown coat and white silky fringes down both sides of the body,02491525-n,i48749,guereza|Colobus guereza,OEWN,Q628239,p8814,species of mammal,Mantled guereza
02491209-n,Q358813,a colobus monkey with a reddish brown coat and white silky fringes down both sides of the body,02491525-n,i48749,guereza|Colobus guereza,OEWN,Q628239,p8814,genus of Old World monkeys,Q358813
,Q585189,monkey of Central America and South America having thick hair on the head that resembles a monk's cowl,02494666-n,i48766,capuchin|ringtail|Cebus capucinus,OEWN,Q585189,p8814,New World monkey of the family Cebidae,White-headed capuchin
,Q326260,monkey of Central America and South America having thick hair on the head that resembles a monk's cowl,02494666-n,i48766,capuchin|ringtail|Cebus capucinus,OEWN,Q585189,p8814,subfamily of New World monkeys,Cebinae
02501809-n,Q19816393,a kind of gray-brown lemur (Perodicticus potto),02501947-n,i48807,potto|kinkajou|Perodicticus potto,OEWN,Q747610,p8814,genus of mammals,Potto
,Q747610,a kind of gray-brown lemur (Perodicticus potto),02501947-n,i48807,potto|kinkajou|Perodicticus potto,OEWN,Q747610,p8814,species of mammal,West African potto
,Q632701,raccoon-like omnivorous mammal of Mexico and the southwestern United States having a long bushy tail with black and white rings,02511373-n,i48862,bassarisk|cacomistle|cacomixle|coon cat|raccoon fox|ringtail|ring-tailed cat|civet cat|miner's cat|Bassariscus astutus,OEWN,Q632701,p8814,species of mammal,ringtail
,Q198350,raccoon-like omnivorous mammal of Mexico and the southwestern United States having a long bushy tail with black and white rings,02511373-n,i48862,bassarisk|cacomistle|cacomixle|coon cat|raccoon fox|ringtail|ring-tailed cat|civet cat|miner's cat|Bassariscus astutus,OEWN,Q632701,p8814,"subfamily of mammals, the viverrids",Viverrinae
,Q5479132,omnivorous mammal of Central America and South America,02512146-n,i48866,coati|coati-mondi|coati-mundi|coon cat|Nasua narica,OEWN,Q754992,p8814,common name of a group of mammals,coati
,Q754992,omnivorous mammal of Central America and South America,02512146-n,i48866,coati|coati-mondi|coati-mundi|coon cat|Nasua narica,OEWN,Q754992,p8814,species of mammal,white-nosed coati
,Q998380,catfish common in eastern United States,02521971-n,i48918,horned pout|hornpout|pout|Ameiurus melas,OEWN,Q998380,p8814,species of fish,black bullhead
02620724-n,Q218024,catfish common in eastern United States,02521971-n,i48918,horned pout|hornpout|pout|Ameiurus melas,OEWN,Q998380,p8814,species of fish,Ocean pout
02526712-n,Q5123445,important food and game fish of northern seas (especially the northern Atlantic); related to cod,02526833-n,i48948,pollack|pollock|Pollachius pollachius,OEWN,Q752683,p8814,genus of fishes,Pollachius
,Q752683,important food and game fish of northern seas (especially the northern Atlantic); related to cod,02526833-n,i48948,pollack|pollock|Pollachius pollachius,OEWN,Q752683,p8814,species of fish,Pollachius pollachius
,Q5141254,small fishes found in great schools along coasts of Europe; smaller and rounder than herring,02535840-n,i48998,pilchard|sardine|Sardina pilchardus,OEWN,Q208600,p8814,"common names used to refer to various small, oily forage fish within the herring family of Clupeidae",sardine
,Q208600,small fishes found in great schools along coasts of Europe; smaller and rounder than herring,02535840-n,i48998,pilchard|sardine|Sardina pilchardus,OEWN,Q208600,p8814,species of fish,Q208600
,Q621219,large elongate scaleless oceanic fishes with sharp teeth and a long dorsal fin that resembles a sail,02546905-n,i49061,lancetfish|lancet fish|wolffish,OEWN,,p8814,family of fishes,Alepisauridae
02619202-n,Q604663,large elongate scaleless oceanic fishes with sharp teeth and a long dorsal fin that resembles a sail,02546905-n,i49061,lancetfish|lancet fish|wolffish,OEWN,,p8814,family of fishes,Anarhichadidae
,Q106392599,large elliptical brightly colored deep-sea fish of Atlantic and Pacific and Mediterranean,02548472-n,i49070,opah|moonfish|Lampris regius,OEWN,Q106392599,p8814,species of fish,Lampris regius
02548318-n,Q220801,large elliptical brightly colored deep-sea fish of Atlantic and Pacific and Mediterranean,02548472-n,i49070,opah|moonfish|Lampris regius,OEWN,Q106392599,p8814,genera of marine fishes,Lampris
02548808-n,Q1057454,thin deep-water tropical fish 20 to 30 feet long having a red dorsal fin,02549645-n,i49078,oarfish|king of the herring|ribbonfish|Regalecus glesne,OEWN,Q310390,p8814,family of fishes,Trachipteridae
,Q310390,thin deep-water tropical fish 20 to 30 feet long having a red dorsal fin,02549645-n,i49078,oarfish|king of the herring|ribbonfish|Regalecus glesne,OEWN,Q310390,p8814,species of oarfish living in oceans,giant oarfish
02549375-n,Q1078201,thin deep-water tropical fish 20 to 30 feet long having a red dorsal fin,02549645-n,i49078,oarfish|king of the herring|ribbonfish|Regalecus glesne,OEWN,Q310390,p8814,family of fishes,Regalecidae
02550578-n,Q861011,fishes having large mouths with a wormlike filament attached for luring prey,02550878-n,i49084,goosefish|angler|anglerfish|angler fish|monkfish|lotte|allmouth|Lophius americanus,OEWN,Q1755989,p8814,family of fishes,Lophiidae
02549844-n,Q206948,fishes having large mouths with a wormlike filament attached for luring prey,02550878-n,i49084,goosefish|angler|anglerfish|angler fish|monkfish|lotte|allmouth|Lophius americanus,OEWN,Q1755989,p8814,order of fish belonging to the bony fishes (Osteichthyes),Lophiiformes
,Q15727774,bottom-dwelling fish having scaleless slimy skin and a broad thick head with a wide mouth,02551320-n,i49086,toadfish|Opsanus tau,OEWN,Q1524360,p8814,variety of species of fish,Toadfish
,Q1524360,bottom-dwelling fish having scaleless slimy skin and a broad thick head with a wide mouth,02551320-n,i49086,toadfish|Opsanus tau,OEWN,Q1524360,p8814,species of fish,Oyster toadfish
02552427-n,Q1079148,elongate European surface-dwelling predacious fishes with long toothed jaws; abundant in coastal waters,02552620-n,i49093,needlefish|gar|billfish,OEWN,,p8814,family of fish,Belonidae
,Q643373,elongate European surface-dwelling predacious fishes with long toothed jaws; abundant in coastal waters,02552620-n,i49093,needlefish|gar|billfish,OEWN,,p8814,"species of edible fish, in the genus Belone",Garfish
,Q3347237,slender long-beaked fish of temperate Atlantic waters,02554299-n,i49103,saury|billfish|Scomberesox saurus,OEWN,Q1886478,p8814,species of fish,Saury
,Q1886478,slender long-beaked fish of temperate Atlantic waters,02554299-n,i49103,saury|billfish|Scomberesox saurus,OEWN,Q1886478,p8814,species of fish,Atlantic saury
,Q107329229,pike-like freshwater perches,02560380-n,i49123,walleye|walleyed pike|jack salmon|dory|Stizostedion vitreum,OEWN,Q107329229,p8814,species of fish,Stizostedion vitreum
,Q1462862,pike-like freshwater perches,02560380-n,i49123,walleye|walleyed pike|jack salmon|dory|Stizostedion vitreum,OEWN,Q107329229,p8814,species of fish,Walleye
,Q5559352,usually solitary bottom sea basses of warm seas,02571590-n,i49187,grouper,OEWN,,p8814,subfamily of fishes,grouper
02568359-n,Q207941,usually solitary bottom sea basses of warm seas,02571590-n,i49187,grouper,OEWN,,p8814,family of fishes,Serranidae
,Q1920243,large dark grouper with a thick head and rough scales,02572795-n,i49195,jewfish|Mycteroperca bonaci,OEWN,Q2912602,p8814,species of fish,Atlantic goliath grouper
,Q2912602,large dark grouper with a thick head and rough scales,02572795-n,i49195,jewfish|Mycteroperca bonaci,OEWN,Q2912602,p8814,species of fish,Black grouper
02575535-n,Q1782772,yellow-spotted violet food fish of warm deep waters,02575880-n,i49214,tilefish|Lopholatilus chamaeleonticeps,OEWN,Q198572,p8814,family of fishes,Tilefish
,Q198572,yellow-spotted violet food fish of warm deep waters,02575880-n,i49214,tilefish|Lopholatilus chamaeleonticeps,OEWN,Q198572,p8814,species of fish,Lopholatilus chamaeleonticeps
,Q2482811,found off the West Indies and Florida,02591692-n,i49305,tomtate|Haemulon aurolineatum,OEWN,Q2482811,p8814,species of fish,Tomtate
02590738-n,Q517736,found off the West Indies and Florida,02591692-n,i49305,tomtate|Haemulon aurolineatum,OEWN,Q2482811,p8814,family of fishes,Haemulidae
,Q17767599,any of numerous marine percoid fishes especially (but not exclusively) of the family Sparidae,02593332-n,i49315,sea bream|bream,OEWN,,p8814,several species of freshwater and marine fish,bream
,Q1135606,any of numerous marine percoid fishes especially (but not exclusively) of the family Sparidae,02593332-n,i49315,sea bream|bream,OEWN,,p8814,species of fish,Black seabream
,Q2729463,"a genus of Sparidae, containing porgies (Calamus)",02595237-n,i49326,Calamus|genus Calamus,OENN,Q2729463,p8814,genus of fishes,Calamus
02592867-n,Q239590,"a genus of Sparidae, containing porgies (Calamus)",02595237-n,i49326,Calamus|genus Calamus,OENN,Q2729463,p8814,family of fishes,Sparidae
,Q111127408,Australian food fish having a pinkish body with blue spots,02595649-n,i49329,snapper|Chrysophrys auratus,OEWN,Q111127408,p8814,"taxon, (Forster, 1801) species of sparidae",Chrysophrys auratus
,Q1132480,Australian food fish having a pinkish body with blue spots,02595649-n,i49329,snapper|Chrysophrys auratus,OEWN,Q111127408,p8814,species of fish,Australasian snapper
,Q106417781,large important food fish of Australia; almost indistinguishable from the maigre,02598697-n,i49345,mulloway|jewfish|Sciaena antarctica,OEWN,Q106417781,p8814,species of fish,Sciaena antarctica
,Q184648,large important food fish of Australia; almost indistinguishable from the maigre,02598697-n,i49345,mulloway|jewfish|Sciaena antarctica,OEWN,Q106417781,p8814,species of fish,Argyrosomus japonicus
02602414-n,Q470850,brightly colored tropical fishes with chin barbels,02602928-n,i49370,goatfish|red mullet|surmullet|Mullus surmuletus,OEWN,Q7119,p8814,family of fishes,Mullidae
,Q7119,brightly colored tropical fishes with chin barbels,02602928-n,i49370,goatfish|red mullet|surmullet|Mullus surmuletus,OEWN,Q7119,p8814,species of fish,Mullus surmuletus
02604845-n,Q446802,small fishes having a silver stripe along each side; abundant along the Atlantic coast of the United States,02605035-n,i49382,silversides|silverside,OEWN,,p8814,family of fishes,Atherinidae
,Q254565,small fishes having a silver stripe along each side; abundant along the Atlantic coast of the United States,02605035-n,i49382,silversides|silverside,OEWN,,p8814,species of fish,sand smelt
,Q934761,large ferocious northern deep-sea food fishes with strong teeth and no pelvic fins,02619481-n,i49470,wolffish|wolf fish|catfish,OEWN,,p8814,species of fish,Atlantic wolffish
02619202-n,Q604663,large ferocious northern deep-sea food fishes with strong teeth and no pelvic fins,02619481-n,i49470,wolffish|wolf fish|catfish,OEWN,,p8814,family of fishes,Anarhichadidae
,Q56282003,small spiny-finned fish of coastal or brackish waters having a large head and elongated tapering body having the ventral fins modified as a sucker,02621795-n,i49485,goby|gudgeon,OEWN,,p8814,common name of fish,goby
,Q2082203,small spiny-finned fish of coastal or brackish waters having a large head and elongated tapering body having the ventral fins modified as a sucker,02621795-n,i49485,goby|gudgeon,OEWN,,p8814,species of fish,Giant goby
02627437-n,Q1934719,small mackerel found nearly worldwide,02627617-n,i49517,chub mackerel|tinker|Scomber japonicus,OEWN,Q815837,p8814,species of fish,Atlantic chub mackerel
,Q815837,small mackerel found nearly worldwide,02627617-n,i49517,chub mackerel|tinker|Scomber japonicus,OEWN,Q815837,p8814,species of fish,chub mackerel
,Q106426240,small marlin (to 180 pounds) of western Atlantic,02634405-n,i49553,white marlin|Makaira albida,OEWN,Q106426240,p8814,species of fish,Makaira albida
,Q2000591,small marlin (to 180 pounds) of western Atlantic,02634405-n,i49553,white marlin|Makaira albida,OEWN,Q106426240,p8814,species of fish,White marlin
,Q107330919,smaller than Florida pompano; common in West Indies,02636307-n,i49564,palometa|California pompano|Palometa simillima,OEWN,Q107330919,p8814,species of fish,Palometa simillima
02607769-n,Q271004,smaller than Florida pompano; common in West Indies,02636307-n,i49564,palometa|California pompano|Palometa simillima,OEWN,Q107330919,p8814,family of fishes,Chaetodontidae
,Q106373169,valuable source of caviar and isinglass; found in Black and Caspian seas,02643487-n,i49608,beluga|hausen|white sturgeon|Acipenser huso,OEWN,Q106373169,p8814,species of fish,Acipenser huso
,Q191816,valuable source of caviar and isinglass; found in Black and Caspian seas,02643487-n,i49608,beluga|hausen|white sturgeon|Acipenser huso,OEWN,Q106373169,p8814,species of fish,Beluga
,Q3280549,primitive predaceous North American fish covered with hard scales and having long jaws with needlelike teeth,02644009-n,i49611,gar|garfish|garpike|billfish|Lepisosteus osseus,OEWN,Q1431272,p8814,genus of fishes,Dermogenys
,Q1431272,primitive predaceous North American fish covered with hard scales and having long jaws with needlelike teeth,02644009-n,i49611,gar|garfish|garpike|billfish|Lepisosteus osseus,OEWN,Q1431272,p8814,species of fish,longnose gar
,Q2125926,small tadpole-shaped cold-water fishes with pelvic fins forming a sucker; related to lumpfish,02649924-n,i49645,snailfish|seasnail|sea snail|Liparis liparis,OEWN,Q2125926,p8814,species of fish,Common seasnail
02649615-n,Q670598,small tadpole-shaped cold-water fishes with pelvic fins forming a sucker; related to lumpfish,02649924-n,i49645,snailfish|seasnail|sea snail|Liparis liparis,OEWN,Q2125926,p8814,family of fishes,Liparidae
,Q1328265,spines become erect when the body is inflated; worldwide in warm waters,02658478-n,i49693,porcupinefish|porcupine fish|Diodon hystrix,OEWN,Q1328265,p8814,species of fish,spot-fin porcupinefish
02657985-n,Q329334,spines become erect when the body is inflated; worldwide in warm waters,02658478-n,i49693,porcupinefish|porcupine fish|Diodon hystrix,OEWN,Q1328265,p8814,family of fish (Diodontidae),Diodontidae
,Q1329475,similar to but smaller than porcupinefish,02658662-n,i49694,balloonfish|Diodon holocanthus,OEWN,Q1329475,p8814,species of fish,long-spine porcupinefish
02657520-n,Q201701,similar to but smaller than porcupinefish,02658662-n,i49694,balloonfish|Diodon holocanthus,OEWN,Q1329475,p8814,family of fishes,Tetraodontidae
,Q4242107,large European food fish,02661161-n,i49707,plaice|Pleuronectes platessa,OEWN,Q27098,p8814,common name for a group of flatfish,plaice
,Q27098,large European food fish,02661161-n,i49707,plaice|Pleuronectes platessa,OEWN,Q27098,p8814,flatfish,Pleuronectes platessa
,Q21097700,a large brownish European flatfish,02665841-n,i49737,turbot|Psetta maxima,OEWN,Q21097700,p8814,species of Actinopterygii,Psetta maxima
,Q7924326,a large brownish European flatfish,02665841-n,i49737,turbot|Psetta maxima,OEWN,Q21097700,p8814,family of fishes,Scophthalmidae
,Q1127794,a valve that regulates the supply of fuel to the engine,02672816-n,i49782,accelerator|throttle|throttle valve,OEWN,,p8814,mechanical system that controls operation of the valves in an internal combustion engine,valvetrain
,Q961356,a valve that regulates the supply of fuel to the engine,02672816-n,i49782,accelerator|throttle|throttle valve,OEWN,,p8814,mechanism by which fluid flow is managed by constriction or obstruction,throttle
,Q4576564,device that enables something to be used in a way different from that for which it was intended or makes different pieces of apparatus compatible,02681751-n,i49829,adapter|adaptor,OEWN,,p8814,accessory for connecting two otherwise incompatible devices or workpieces,adapter
,Q1005390,device that enables something to be used in a way different from that for which it was intended or makes different pieces of apparatus compatible,02681751-n,i49829,adapter|adaptor,OEWN,,p8814,adapter used in computing,computing adapter
,Q17005941,composed of or containing or resembling calcium carbonate or calcite or chalk,02684706-a,i14964,calcareous|chalky,OEWN,,p8814,an adjective meaning mostly or partly composed of calcium carbonate,calcareous
,Q209924,composed of or containing or resembling calcium carbonate or calcite or chalk,02684706-a,i14964,calcareous|chalky,OEWN,,p8814,class of sponges,Q209924
,Q1248784,an airfield equipped with control tower and hangars as well as accommodations for passengers and cargo,02695091-n,i49903,airport|airdrome|aerodrome|drome,OEWN,,p8814,"location where aircraft take off and land with extended support facilities, mostly for commercial air transport",airport
,Q62447,an airfield equipped with control tower and hangars as well as accommodations for passengers and cargo,02695091-n,i49903,airport|airdrome|aerodrome|drome,OEWN,,p8814,location from which aircraft flight operations take place,aerodrome
,Q3714446,a painted or carved screen placed above and behind an altar or communion table,02702629-n,i49949,altarpiece|reredos,OEWN,Q46686|Q15711026|Q3714446,p8814,"vertical construction that carries carved, sometimes painted decorations behind an altar table",retable
,Q46686,a painted or carved screen placed above and behind an altar or communion table,02702629-n,i49949,altarpiece|reredos,OEWN,Q46686|Q15711026|Q3714446,p8814,"altarpiece, screen or decoration behind the altar in a church",reredos
,Q51420,a large entrance or reception room or area,02718424-n,i50042,anteroom|antechamber|entrance hall|hall|foyer|lobby|vestibule,OEWN,Q31948,p8814,Italian comune,Atri
,Q31948,a large entrance or reception room or area,02718424-n,i50042,anteroom|antechamber|entrance hall|hall|foyer|lobby|vestibule,OEWN,Q31948,p8814,room in a building used for entry from the outside,lobby
,Q240854,a large entrance or reception room or area,02718424-n,i50042,anteroom|antechamber|entrance hall|hall|foyer|lobby|vestibule,OEWN,Q31948,p8814,large enclosed room,hall
,Q301276,a large entrance or reception room or area,02718424-n,i50042,anteroom|antechamber|entrance hall|hall|foyer|lobby|vestibule,OEWN,Q31948,p8814,anteroom (antechamber) or small foyer leading into a larger space,vestibule
,Q574969,a large entrance or reception room or area,02718424-n,i50042,anteroom|antechamber|entrance hall|hall|foyer|lobby|vestibule,OEWN,Q31948,p8814,type of room,antechamber
,Q186637,a structure composed of a series of arches supported by columns,02736218-n,i50124,arcade|colonnade,OEWN,,p8814,covered walk enclosed by a line of arches on one or both sides,arcade
,Q657100,a structure composed of a series of arches supported by columns,02736218-n,i50124,arcade|colonnade,OEWN,,p8814,row of columns,colonnade
,Q1929383,a waterproof overshoe that protects shoes from water or snow,02738543-n,i50135,arctic|galosh|golosh|rubber|gumshoe,OEWN,,p8814,"footwear with a flexible rubber or synthetic sole and a fabric, cloth, or leather upper",sneaker
,Q853832,a waterproof overshoe that protects shoes from water or snow,02738543-n,i50135,arctic|galosh|golosh|rubber|gumshoe,OEWN,,p8814,type of rubber boot worn over shoes,galoshes
,Q11886611,protective covering made of metal and used in combat,02742673-n,i50158,armor|armour,OEWN,,p8814,"protective covering or reinforcement for objects, persons, or animals that is used to prevent damage from direct contact weapons or projectiles, usually in combat",armor
02865388-n,Q485027,protective covering made of metal and used in combat,02742673-n,i50158,armor|armour,OEWN,,p8814,protective clothing; armor worn on the body,body armor
,Q2281580,a dispenser that turns a liquid (such as perfume) into a fine mist,02757108-n,i50240,atomizer|atomiser|spray|sprayer|nebulizer|nebuliser,OEWN,,p8814,device for helping people with asthma breathe better,nebulizer
,Q659495,a dispenser that turns a liquid (such as perfume) into a fine mist,02757108-n,i50240,atomizer|atomiser|spray|sprayer|nebulizer|nebuliser,OEWN,,p8814,dispensing system of an aerosol mist: a can with a payload and propellant under pressure,aerosol spray
,Q3055935,a dispenser that turns a liquid (such as perfume) into a fine mist,02757108-n,i50240,atomizer|atomiser|spray|sprayer|nebulizer|nebuliser,OEWN,,p8814,writing or art medium,aerosol paint
,Q787116,a mechanism that can move automatically,02764397-n,i50283,automaton|robot|golem,OEWN,,p8814,self-operating machine,automaton
,Q11012,a mechanism that can move automatically,02764397-n,i50283,automaton|robot|golem,OEWN,,p8814,machine capable of carrying out a complex series of actions automatically,robot
,Q7543083,a wide street or thoroughfare,02766477-n,i50297,avenue|boulevard,OEWN,Q7543083,p8814,"wide, straight, usually tree-lined road or approach",avenue
,Q54114,a wide street or thoroughfare,02766477-n,i50297,avenue|boulevard,OEWN,Q7543083,p8814,"type of large road, usually running through a city",boulevard
,Q1107811,a bag carried by a strap on your back or shoulder,02772753-n,i50336,backpack|back pack|knapsack|packsack|rucksack|haversack,OEWN,Q5843,p8814,"case of canvas or leather, for carrying items on the back",haversack
,Q5843,a bag carried by a strap on your back or shoulder,02772753-n,i50336,backpack|back pack|knapsack|packsack|rucksack|haversack,OEWN,Q5843,p8814,bag carried on one's back,backpack
,Q734026,a portable rectangular container for carrying clothes,02776843-n,i50360,bag|traveling bag|travelling bag|grip|suitcase,OEWN,,p8814,small suitcase,Gladstone bag
,Q200814,a portable rectangular container for carrying clothes,02776843-n,i50360,bag|traveling bag|travelling bag|grip|suitcase,OEWN,,p8814,form of luggage,suitcase
,Q1323314,a container used for carrying money and small personal items or accessories (especially by women),02777157-n,i50361,bag|handbag|pocketbook|purse,OEWN,Q467505,p8814,"simple tool used to hold and carry things inside it, made of some flexible material such as paper, fabric, or leather; closed on all sides except the top and easy to handle",bag
,Q467505,a container used for carrying money and small personal items or accessories (especially by women),02777157-n,i50361,bag|handbag|pocketbook|purse,OEWN,Q467505,p8814,"handled medium-to-large bag that is often fashionably designed, typically used by women, to hold personal items",handbag
,Q3545649,something used to lure fish or other animals into danger so they can be trapped or killed,02779210-n,i50373,bait|decoy|lure,OEWN,,p8814,"person, device, or event designed as a distraction meant to fool or divert an automated device, someone, another living being, or some natural process",decoy
,Q1197418,something used to lure fish or other animals into danger so they can be trapped or killed,02779210-n,i50373,bait|decoy|lure,OEWN,,p8814,object to attract fish,fishing lure
,Q89579852,a gymnastic apparatus used by women gymnasts,02780297-n,i50379,balance beam|beam,OEWN,,p8814,apparatus used in artistic gymnastics,balance beam
,Q655301,a gymnastic apparatus used by women gymnasts,02780297-n,i50379,balance beam|beam,OEWN,,p8814,artistic gymnastics apparatus,balance beam
,Q2998475,very short skirt worn by ballerinas,02783838-n,i50399,ballet skirt|tutu,OEWN,Q1359804,p8814,costume worn for dancing,dance costume
,Q1359804,very short skirt worn by ballerinas,02783838-n,i50399,ballet skirt|tutu,OEWN,Q1359804,p8814,skirt worn in ballet by women,tutu
,Q1188223,large room used mainly for dancing,02786347-n,i50414,ballroom|dance hall|dance palace,OEWN,Q805353,p8814,hall for dancing,dance hall
,Q805353,large room used mainly for dancing,02786347-n,i50414,ballroom|dance hall|dance palace,OEWN,Q805353,p8814,large room for formal dancing,ballroom
,Q1422401,a room or establishment where alcoholic drinks are served over a counter,02800154-n,i50495,barroom|bar|saloon|ginmill|taproom,OEWN,,p8814,historical type of an American bar,Western saloon
,Q147268,a room or establishment where alcoholic drinks are served over a counter,02800154-n,i50495,barroom|bar|saloon|ginmill|taproom,OEWN,,p8814,device for controlling the flow of beer into a vessel,beer tap
,Q613611,a stronghold into which people could go for shelter during a battle,02809273-n,i50547,bastion|citadel,OEWN,,p8814,Spanish term for a castle or fortified palace where the king lives,alcázar
,Q88291,a stronghold into which people could go for shelter during a battle,02809273-n,i50547,bastion|citadel,OEWN,,p8814,type of fortress protecting a town and naval term for a safe room,citadel
,Q785952,a building containing dressing rooms for bathers,02810177-n,i50553,bathhouse|bathing machine,OEWN,,p8814,"buildings equipped with swimming pools and other facilities for bathing and swimming, traditionally the primary hygienic facility in a city or town",bathhouse
,Q644886,a building containing dressing rooms for bathers,02810177-n,i50553,bathhouse|bathing machine,OEWN,,p8814,device used for sea bathing during the 19th century,bathing machine
,Q98272210,a tower with a light that gives warning of shoals to passing ships,02817995-n,i50609,beacon|lighthouse|beacon light|pharos,OEWN,,p8814,maritime navigation aid system,sea mark
,Q39715,a tower with a light that gives warning of shoals to passing ships,02817995-n,i50609,beacon|lighthouse|beacon light|pharos,OEWN,,p8814,structure designed to emit light to aid navigation,lighthouse
,Q1019110,tall hat; worn by some British soldiers on ceremonial occasions,02820651-n,i50626,bearskin|busby|shako,OEWN,,p8814,style of cap made from bearskin,bearskin cap
,Q450784,tall hat; worn by some British soldiers on ceremonial occasions,02820651-n,i50626,bearskin|busby|shako,OEWN,,p8814,Wikimedia disambiguation page,Busby
,Q1779930,a highway that encircles an urban area so that traffic does not have to pass through the center,02831832-n,i50697,beltway|bypass|ring road|ringway,OEWN,,p8814,road taking a new route which avoids a previously passed location,bypass
,Q510662,a highway that encircles an urban area so that traffic does not have to pass through the center,02831832-n,i50697,beltway|bypass|ring road|ringway,OEWN,,p8814,type of road encircling a settlement,ring road
,Q1762457,bedding that keeps a person warm in bed,02852392-n,i50831,blanket|cover,OEWN,,p8814,"the materials laid above the mattress of a bed for hygiene, warmth, to protect the mattress, and for decorative effect",bedding
,Q5852,bedding that keeps a person warm in bed,02852392-n,i50831,blanket|cover,OEWN,,p8814,a large piece of woven fabric used as a bed covering or other covering,blanket
,Q920929,lightweight single-breasted jacket; often striped in the colors of a club or school,02853596-n,i50838,blazer|sport jacket|sport coat|sports jacket|sports coat,OEWN,,p8814,sweatshirt with a hood,hoodie
,Q883234,lightweight single-breasted jacket; often striped in the colors of a club or school,02853596-n,i50838,blazer|sport jacket|sport coat|sports jacket|sports coat,OEWN,,p8814,"striped or bright, solid-color informal jacket",blazer
,Q2286991,a stiff hat made of straw with a flat crown,02862524-n,i50887,boater|leghorn|Panama|Panama hat|sailor|skimmer|straw hat,OEWN,Q741814|Q2286991|Q25312663,p8814,"straw hat with a straight brim, flat crown and ribbon hatband",boater
,Q741814,a stiff hat made of straw with a flat crown,02862524-n,i50887,boater|leghorn|Panama|Panama hat|sailor|skimmer|straw hat,OEWN,Q741814|Q2286991|Q25312663,p8814,traditional brimmed straw hat of Ecuadorian origin,panama hat
,Q25312663,a stiff hat made of straw with a flat crown,02862524-n,i50887,boater|leghorn|Panama|Panama hat|sailor|skimmer|straw hat,OEWN,Q741814|Q2286991|Q25312663,p8814,straw hat popular in the 19th century,Sailor hat
,Q2981904,a winder around which thread or tape or film or other flexible materials can be wound,02863755-n,i50896,bobbin|spool|reel,OEWN,,p8814,electrical component,coil
,Q1520790,a winder around which thread or tape or film or other flexible materials can be wound,02863755-n,i50896,bobbin|spool|reel,OEWN,,p8814,spool or cylinder around which thread or yarn is coiled,bobbin
,Q6609574,sealed vessel where water is converted to steam,02867090-n,i50916,boiler|steam boiler,OEWN,,p8814,device used to create steam by applying heat energy to water,steam boiler
,Q3195517,sealed vessel where water is converted to steam,02867090-n,i50916,boiler|steam boiler,OEWN,,p8814,closed vessel in which fluid is heated,boiler
,Q913023,a hat tied under the chin,02873198-n,i50951,bonnet|poke bonnet,OEWN,,p8814,bonnet with a wide brim slanting forward from a small crown to frame and shadow the face,poke bonnet
,Q1149531,a hat tied under the chin,02873198-n,i50951,bonnet|poke bonnet,OEWN,,p8814,headwear usually tied under the chin and having a front brim,bonnet
,Q1549531,small area set off by walls for special use,02877081-n,i50975,booth|cubicle|stall|kiosk,OEWN,,p8814,partially enclosed office workspace that is separated from neighboring workspaces by partitions,cubicle
,Q693369,small area set off by walls for special use,02877081-n,i50975,booth|cubicle|stall|kiosk,OEWN,,p8814,small booth offering goods and services,kiosk
,Q16556730,small area set off by walls for special use,02877081-n,i50975,booth|cubicle|stall|kiosk,OEWN,,p8814,merchandise structure,market stall
,Q848944,a cargo ship,02881464-n,i51003,bottom|freighter|merchantman|merchant ship,OEWN,,p8814,civilian boat or ship that transports cargo or carries passengers for hire,merchant vessel
02968752-n,Q105999,a cargo ship,02881464-n,i51003,bottom|freighter|merchantman|merchant ship,OEWN,,p8814,"ship that carries cargo, goods, and materials onboard from one port to another",cargo ship
,Q14125324,an arrangement of flowers that is usually given as a present,02882329-n,i51009,bouquet|corsage|posy|nosegay,OEWN,,p8814,bouquet of flowers tied at the base,nosegay
,Q3335066,an arrangement of flowers that is usually given as a present,02882329-n,i51009,bouquet|corsage|posy|nosegay,OEWN,,p8814,small bouquet of flowers worn on a woman's dress or around her wrist,corsage
,Q10641314,an awl for making small holes for brads or small screws,02892139-n,i51067,bradawl|pricker,OEWN,,p8814,woodworking hand tool,bradawl
,Q965050,an awl for making small holes for brads or small screws,02892139-n,i51067,bradawl|pricker,OEWN,,p8814,tool for layout and point marking,stitching awl
,Q2025997,an undergarment worn by women to support their breasts,02896008-n,i51090,brassiere|bra|bandeau,OEWN,Q13716,p8814,"bust-wrap, a simple strapless form of brassiere or swimsuit top, or a similar garment worn in Ancient Rome",bandeau
,Q13716,an undergarment worn by women to support their breasts,02896008-n,i51090,brassiere|bra|bandeau,OEWN,Q13716,p8814,"undergarment for supporting, promoting/concealing and confining breast movement",bra
,Q215635,a protective structure of stone or concrete; extends from shore into the water to prevent a beach from washing away,02897867-n,i51103,breakwater|groin|groyne|mole|bulwark|seawall|jetty,OEWN,,p8814,structure constructed on coasts as part of coastal management or to protect an anchorage,breakwater
,Q153084,a protective structure of stone or concrete; extends from shore into the water to prevent a beach from washing away,02897867-n,i51103,breakwater|groin|groyne|mole|bulwark|seawall|jetty,OEWN,,p8814,rigid hydraulic structure built from an ocean shore (in coastal engineering) or from a bank (in rivers) that interrupts water flow and limits the movement of sediment,groyne
,Q1359152,a protective structure of stone or concrete; extends from shore into the water to prevent a beach from washing away,02897867-n,i51103,breakwater|groin|groyne|mole|bulwark|seawall|jetty,OEWN,,p8814,coastal defence,sea wall
,Q3082251,a protective structure of stone or concrete; extends from shore into the water to prevent a beach from washing away,02897867-n,i51103,breakwater|groin|groyne|mole|bulwark|seawall|jetty,OEWN,,p8814,structure that projects from the land out into water,jetty
,Q12955949,a garment that provides covering for the loins,02899556-n,i51112,breechcloth|breechclout|loincloth,OEWN,Q1130359,p8814,garment generally worn as either underwear or as a swimsuit in some countries,thong
,Q1130359,a garment that provides covering for the loins,02899556-n,i51112,breechcloth|breechclout|loincloth,OEWN,Q1130359,p8814,"cloth worn around the loins, often as the sole article of clothing in warm climates",loincloth
,Q1140245,a cushion-like device that reduces shock due to an impact,02914504-n,i51210,buffer|fender,OEWN,,p8814,element protecting the hull of a ship,fender
,Q12162,a cushion-like device that reduces shock due to an impact,02914504-n,i51210,buffer|fender,OEWN,,p8814,device to prevent railway vehicles from going past the end of a physical section of track,buffer stop
,Q5783996,a small house with a single story,02923176-n,i51254,bungalow|cottage,OEWN,,p8814,"typically, a small house",cottage
,Q850107,a small house with a single story,02923176-n,i51254,bungalow|cottage,OEWN,,p8814,"house that is either single-storey or has a second storey built into a sloping roof, popular in North America",bungalow
,Q935908,a fortification of earth; mostly or entirely below ground,02923887-n,i51261,bunker|dugout,OEWN,,p8814,shelter for humans or domesticated animals and livestock based on a hole or depression dug into the ground,dugout
,Q91122,a fortification of earth; mostly or entirely below ground,02923887-n,i51261,bunker|dugout,OEWN,,p8814,defensive military storage fortification,bunker
,Q750164,a vehicle carrying many passengers; used for public transport,02927500-n,i51285,bus|autobus|coach|charabanc|double-decker|jitney|motorbus|motorcoach|omnibus|passenger vehicle,OEWN,Q5638,p8814,"Four-wheeled closed carriage with door in backside, two facing benches for four to six persons, luggage rack on top and extra bench for two to three more persons. Primarily for transport of persons and luggage",horse-drawn omnibus
,Q5638,a vehicle carrying many passengers; used for public transport,02927500-n,i51285,bus|autobus|coach|charabanc|double-decker|jitney|motorbus|motorcoach|omnibus|passenger vehicle,OEWN,Q5638,p8814,large road vehicle for transporting people,bus
,Q854585,a vehicle carrying many passengers; used for public transport,02927500-n,i51285,bus|autobus|coach|charabanc|double-decker|jitney|motorbus|motorcoach|omnibus|passenger vehicle,OEWN,Q5638,p8814,bus that has two levels or decks,double-decker bus
,Q1062861,a vehicle carrying many passengers; used for public transport,02927500-n,i51285,bus|autobus|coach|charabanc|double-decker|jitney|motorbus|motorcoach|omnibus|passenger vehicle,OEWN,Q5638,p8814,"style of open carriage, common in 19th century",charabanc
,Q1044570,a boot reaching halfway up to the knee,02929050-n,i51293,buskin|combat boot|desert boot|half boot|top boot,OEWN,,p8814,"rugged, laced boot worn by soldiers during combat or training",combat boot
,Q605341,a boot reaching halfway up to the knee,02929050-n,i51293,buskin|combat boot|desert boot|half boot|top boot,OEWN,,p8814,laced half-boot of Ancient Rome,buskin
,Q622425,a spot that is open late at night and that provides entertainment (as singers or dancers) as well as dancing and food and drink,02934801-n,i51333,cabaret|nightclub|night club|club|nightspot,OEWN,Q622425,p8814,entertainment venue which usually operates late into the night,nightclub
,Q131183,a spot that is open late at night and that provides entertainment (as singers or dancers) as well as dancing and food and drink,02934801-n,i51333,cabaret|nightclub|night club|club|nightspot,OEWN,Q622425,p8814,venue for a mixed variety show of music & theatrical revue,cabaret
,Q15089865,a railway up the side of a mountain pulled by a moving cable and having counterbalancing ascending and descending cars,02938025-n,i51350,cable railway|funicular|funicular railway,OEWN,Q142031,p8814,"railway that uses a cable, rope or chain to haul trains",cable railway
,Q142031,a railway up the side of a mountain pulled by a moving cable and having counterbalancing ascending and descending cars,02938025-n,i51350,cable railway|funicular|funicular railway,OEWN,Q142031,p8814,cable railway in which a cable moves permanently attached rail cars up and down a slope,funicular
,Q846451,large watertight chamber used for construction under water,02940477-n,i51366,caisson|pneumatic caisson|cofferdam,OEWN,Q205077|Q846451,p8814,watertight retaining structure,caisson
,Q205077,large watertight chamber used for construction under water,02940477-n,i51366,caisson|pneumatic caisson|cofferdam,OEWN,Q205077|Q846451,p8814,temporary construction preventing water passage,cofferdam
,Q29840434,a short sleeveless undergarment for women,02947601-n,i51408,camisole|underbodice,OEWN,,p8814,bodice worn next to the body or under other bodices or garments,underbodice
,Q574526,a short sleeveless undergarment for women,02947601-n,i51408,camisole|underbodice,OEWN,,p8814,"women's underbodices usually worn over corsets or brassieres, reaching to or just below the waist",camisole
,Q1864226,a bell tower; usually stands alone unattached to a building,02949582-n,i51419,campanile|belfry,OEWN,,p8814,free-standing bell tower next to a church building,campanile
,Q815448,a bell tower; usually stands alone unattached to a building,02949582-n,i51419,campanile|belfry,OEWN,,p8814,"structure enclosing bells for ringing as part of building, usually as part of a bell tower or steeple",belfry
,Q1121690,airtight sealed metal container for food or drink or paint etc.,02950393-n,i51426,can|tin|tin can,OEWN,,p8814,sealed food container,beverage can
,Q843389,airtight sealed metal container for food or drink or paint etc.,02950393-n,i51426,can|tin|tin can,OEWN,,p8814,method of preserving food,canning
12417183-n,Q79817,"the most commonly used illicit drug; considered a soft drug, it consists of the dried leaves of the hemp plant; smoked or chewed for euphoric effect",02953127-n,i51442,cannabis|marijuana|marihuana|ganja,OEWN,Q2845,p8814,genus of flowering plants,Cannabis
,Q2845,"the most commonly used illicit drug; considered a soft drug, it consists of the dried leaves of the hemp plant; smoked or chewed for euphoric effect",02953127-n,i51442,cannabis|marijuana|marihuana|ganja,OEWN,Q2845,p8814,psychoactive herb from the Cannabis plant used for medical or recreational purposes,cannabis
,Q11326220,"stable gear consisting of a decorated covering for a horse, especially (formerly) for a warhorse",02958976-n,i51477,caparison|trapping|housing,OEWN,,p8814,"exterior case or enclosure used to protect an interior mechanism (considered an integral part of the equipment and necessary for its operation, as opposed to mere packaging)",housing
,Q2937201,"stable gear consisting of a decorated covering for a horse, especially (formerly) for a warhorse",02958976-n,i51477,caparison|trapping|housing,OEWN,,p8814,cloth covering laid over a horse or other animal for protection and decoration,caparison
,Q6752131,a sleeveless garment like a cloak but shorter,02959203-n,i51478,cape|mantle,OEWN,,p8814,general term for a form of outerwear of differing lengths and having some shaping,coat
,Q1034198,a sleeveless garment like a cloak but shorter,02959203-n,i51478,cape|mantle,OEWN,,p8814,"sleeveless outer garment of varying lengths, sometimes attached to a coat",cape
,Q13581044,an electro-acoustic transducer that is the part of the arm of a record player that holds the needle and that is removable,02975399-n,i51573,cartridge|pickup,OEWN,,p8814,electromechanical transducer used in the playback of records,magnetic cartridge
,Q572648,an electro-acoustic transducer that is the part of the arm of a record player that holds the needle and that is removable,02975399-n,i51573,cartridge|pickup,OEWN,,p8814,transducer that captures or senses mechanical vibrations produced by musical instruments,pickup
,Q19779,an engine that provided medieval artillery used during sieges; a heavy war engine for hurling large stones and other missiles,02985366-n,i51633,catapult,OEWN,,p8814,Roman siege engine,onager
,Q19776,an engine that provided medieval artillery used during sieges; a heavy war engine for hurling large stones and other missiles,02985366-n,i51633,catapult,OEWN,,p8814,type of siege engine weapon which uses a swinging arm to throw a heavy missile at the enemy,trebuchet
,Q1147086,a strong cord made from the intestines of sheep and used in surgery,02987196-n,i51643,catgut|gut,OEWN,Q1147086,p8814,type of cord made from refined sheep intestines,catgut
,Q326426,a strong cord made from the intestines of sheep and used in surgery,02987196-n,i51643,catgut|gut,OEWN,Q1147086,p8814,string or wire that vibrates in a string instrument to produce a musical tone,string
,Q1264081,a container for burning incense (especially one that is swung on a chain in a religious ritual),02996823-n,i51700,censer|thurible,OEWN,Q1264081|Q373066,p8814,ceremonial incense burner,censer
,Q373066,a container for burning incense (especially one that is swung on a chain in a religious ritual),02996823-n,i51700,censer|thurible,OEWN,Q1264081|Q373066,p8814,"metal censer suspended from chains, in which incense is burned during worship services",thurible
,Q1409187,an apparatus that uses centrifugal force to separate particles from a suspension,02999605-n,i51713,centrifuge|extractor|separator,OEWN,,p8814,type of trap designed to intercept most greases and solids before they enter a wastewater disposal system,grease interceptor
,Q191134,an apparatus that uses centrifugal force to separate particles from a suspension,02999605-n,i51713,centrifuge|extractor|separator,OEWN,,p8814,device for rotating containers about a fixed axis and separating materials in said containers by mass inertia,centrifuge
04180107-n,Q386300,a covered cistern; waste water and sewage flow into it,03002170-n,i51727,cesspool|cesspit|sink|sump,OEWN,,p8814,method for basic wastewater treatment (on-site),septic tank
,Q204435,a covered cistern; waste water and sewage flow into it,03002170-n,i51727,cesspool|cesspit|sink|sump,OEWN,,p8814,underground holding tank or soak pit,cesspit
,Q5243076,a long chair; for reclining,03006315-n,i51751,chaise longue|chaise|daybed,OEWN,,p8814,extended seat used for lounging,daybed
,Q1059232,a long chair; for reclining,03006315-n,i51751,chaise longue|chaise|daybed,OEWN,,p8814,upholstered chair that is long enough to support the legs,chaise longue
,Q1432027,a receptacle for urination or defecation in the bedroom,03007879-n,i51760,chamberpot|potty|thunder mug,OEWN,,p8814,bottle for urination used in health care,urinal
,Q152475,a receptacle for urination or defecation in the bedroom,03007879-n,i51760,chamberpot|potty|thunder mug,OEWN,,p8814,"bowl-shaped container with a handle, and often a lid, to be used as a toilet",chamber pot
,Q16140622,a delicatessen that specializes in meats,03011781-n,i51786,charcuterie,OEWN,,p8814,shop specialising in cured meat,charcuterie
,Q260568,a delicatessen that specializes in meats,03011781-n,i51786,charcuterie,OEWN,,p8814,"prepared meat products, such as bacon, ham, sausage, terrines, galantines, ballotines, pâtés, and confit, primarily from pork",charcuterie
,Q582151,a woman's shoe with a very high thick sole,03028933-n,i51895,chopine|platform,OEWN,Q130200,p8814,shoe with a platform sole,platform shoe
,Q130200,a woman's shoe with a very high thick sole,03028933-n,i51895,chopine|platform,OEWN,Q130200,p8814,shoe or overshoe with a thick platform sole,chopine
,Q4655519,a carriage pulled by four horses with one driver,03059655-n,i52075,coach|four-in-hand|coach-and-four,OEWN,,p8814,large four-wheeled closed carriage used by 1: royalty or people of quality or 2: a similar plainer vehicle with seats inside and outside for public conveyance of passengers,coach
,Q3144341,a carriage pulled by four horses with one driver,03059655-n,i52075,coach|four-in-hand|coach-and-four,OEWN,,p8814,carriage drawn by four horses,coach-and-fours
,Q5017834,an ornamental sunken panel in a ceiling or dome,03068446-n,i52134,coffer|caisson|lacunar,OEWN,,p8814,spider web ceiling,caisson
,Q640104,an ornamental sunken panel in a ceiling or dome,03068446-n,i52134,coffer|caisson|lacunar,OEWN,,p8814,"each one of the concave spaces, usually with moldings and a ceiling in the center, of a coffered ceiling or ceiling, but also in doors and other parts of buildings",coffer
,Q335297,(architecture) a tall vertical cylindrical structure standing upright and used to support a structure,03077981-n,i52191,column|pillar,OEWN,,p8814,architectural upright support for a structure or superstructure,pier
,Q4817,(architecture) a tall vertical cylindrical structure standing upright and used to support a structure,03077981-n,i52191,column|pillar,OEWN,,p8814,structural element sustaining the weight of a building,column
,Q317088,"a raw material that is sold in large quantities, usually to other businesses for manufacturing or production purposes",03080712-n,i52206,commodity|trade good|good,OEWN,,p8814,fungible item produced to satisfy wants or needs,commodity
,Q28877,"a raw material that is sold in large quantities, usually to other businesses for manufacturing or production purposes",03080712-n,i52206,commodity|trade good|good,OEWN,,p8814,"tangible or intangible thing, except a service, that satisfies human wants and provides utility",good/s
,Q1126540,a brass musical instrument with a brilliant tone; has a narrow tube and a flared bell and is played by means of valves,03115320-n,i52377,cornet|horn|trumpet|trump,OEWN,,p8814,family of curved or coiled lip-reed wind instruments,horn
,Q202027,a brass musical instrument with a brilliant tone; has a narrow tube and a flared bell and is played by means of valves,03115320-n,i52377,cornet|horn|trumpet|trump,OEWN,,p8814,musical instrument,cornet
,Q478853,a decorative framework to conceal curtain fixtures at the top of a window casing,03115947-n,i52381,cornice|valance|valance board|pelmet,OEWN,,p8814,textile cover of the uppermost part of a window,pelmet
,Q172349,a decorative framework to conceal curtain fixtures at the top of a window casing,03115947-n,i52381,cornice|valance|valance board|pelmet,OEWN,,p8814,"decorative element to gracefully flare out to a finished top edge such as capping walls, pilasters, and cabinets",crown molding
,Q4409891,a decorative framework to conceal curtain fixtures at the top of a window casing,03115947-n,i52381,cornice|valance|valance board|pelmet,OEWN,,p8814,treatment that covers the uppermost part of a window,window valance
,Q5173179,a piece of body armor for the trunk; usually consists of a breastplate and back piece,03117370-n,i52390,corselet|corslet,OEWN,Q5173179,p8814,"half armor worn by heavy infantry, especially from the early 16th to the mid-17th century in Europe",corslet
,Q493205,a piece of body armor for the trunk; usually consists of a breastplate and back piece,03117370-n,i52390,corselet|corslet,OEWN,Q5173179,p8814,foundation garment combining a brassiere and a corset,corselet
,Q16828136,fastener consisting of a wedge or pin inserted through a slot to hold two other pieces together,03119490-n,i52404,cotter|cottar,OEWN,,p8814,Peasant farmer,Cotter
,Q1412569,fastener consisting of a wedge or pin inserted through a slot to hold two other pieces together,03119490-n,i52404,cotter|cottar,OEWN,,p8814,metal fastener with two tines that are bent during installation,split pin
,Q2442900,a bit for enlarging the upper part of a hole,03122293-n,i52422,counterbore|countersink|countersink bit,OEWN,Q2442900|Q1313250,p8814,"flat-bottomed hole allowing a screw head to sit flush with a surface, or a tool for making such a hole",counterbore
,Q1313250,a bit for enlarging the upper part of a hole,03122293-n,i52422,counterbore|countersink|countersink bit,OEWN,Q2442900|Q1313250,p8814,shallow conical holes in materials,Countersunk hole
,Q5133654,an iron spike attached to the shoe to prevent slipping on ice when walking or climbing,03131036-n,i52469,crampon|crampoon|climbing iron|climber,OEWN,Q1124273,p8814,type of robot,Climber
,Q1124273,an iron spike attached to the shoe to prevent slipping on ice when walking or climbing,03131036-n,i52469,crampon|crampoon|climbing iron|climber,OEWN,Q1124273,p8814,traction device for ice-climbing,crampon
,Q746591,an ornamental jeweled headdress signifying sovereignty,03143320-n,i52549,crown|diadem,OEWN,,p8814,ornamental headband worn by monarchs and others as a badge of royalty or local tradition,diadem
,Q170984,an ornamental jeweled headdress signifying sovereignty,03143320-n,i52549,crown|diadem,OEWN,,p8814,"precious item of headwear, symbolizing the power of a ruler",crown
,Q449189,representation of the cross on which Jesus died,03144943-n,i52560,crucifix|rood|rood-tree,OEWN,,p8814,large crucifix over the altar of a medieval church,triumphal cross
,Q20460,representation of the cross on which Jesus died,03144943-n,i52560,crucifix|rood|rood-tree,OEWN,,p8814,cross with an image or artwork of Jesus on it,crucifix
,Q5662058,a small room (or recess) or cabinet used for storage space,03152990-n,i52616,cupboard|closet,OEWN,,p8814,"closed or open-shelved side table for displaying dishware, more specifically plates, cups and saucers",cupboard
,Q1723368,a small room (or recess) or cabinet used for storage space,03152990-n,i52616,cupboard|closet,OEWN,,p8814,"enclosed space, cabinet, or cupboard in a house or building used for general storage or hanging or storing clothes",closet
,Q3039121,hanging cloth used as a blind (especially for a window),03155743-n,i52633,curtain|drape|drapery|mantle|pall,OEWN,Q49005,p8814,depiction of the folds and woven patterns of loose-hanging clothing on the human form,drapery
,Q49005,hanging cloth used as a blind (especially for a window),03155743-n,i52633,curtain|drape|drapery|mantle|pall,OEWN,Q49005,p8814,cloth used to block out light,curtain
,Q211775,a platform raised above the surrounding level to give prominence to the person on it,03164306-n,i52687,dais|podium|pulpit|rostrum|ambo|stump|soapbox,OEWN,,p8814,traditional place for preaching in a church,pulpit
,Q60142,a platform raised above the surrounding level to give prominence to the person on it,03164306-n,i52687,dais|podium|pulpit|rostrum|ambo|stump|soapbox,OEWN,,p8814,platform used to raise something above its surroundings,podium
,Q1261247,a platform raised above the surrounding level to give prominence to the person on it,03164306-n,i52687,dais|podium|pulpit|rostrum|ambo|stump|soapbox,OEWN,,p8814,platform on which one stands to make an impromptu speech,soapbox
,Q3093009,a platform raised above the surrounding level to give prominence to the person on it,03164306-n,i52687,dais|podium|pulpit|rostrum|ambo|stump|soapbox,OEWN,,p8814,raised platform,dais
,Q105190,a barrier constructed to contain the flow of water or to keep out the sea,03164975-n,i52691,dam|dike|dyke,OEWN,Q12323,p8814,artificial ridge or wall to hold back water,levee
,Q12323,a barrier constructed to contain the flow of water or to keep out the sea,03164975-n,i52691,dam|dike|dyke,OEWN,Q12323,p8814,barrier that impounds water or underground streams,dam
,Q5243076,an armless couch; a seat by day and a bed by night,03169762-n,i52722,daybed|divan bed,OEWN,,p8814,extended seat used for lounging,daybed
,Q2354542,an armless couch; a seat by day and a bed by night,03169762-n,i52722,daybed|divan bed,OEWN,,p8814,piece of couch-like sitting furniture without armrest,divan
,Q4470686,something used to beautify,03174056-n,i52754,decoration|ornament|ornamentation,OEWN,Q335261,p8814,"accessory or ornament worn to enhance the beauty or status of the wearer, or the act of adorning oneself",decoration
,Q335261,something used to beautify,03174056-n,i52754,decoration|ornament|ornamentation,OEWN,Q335261,p8814,decoration used to embellish parts of a building or object,ornament
,Q2521716,a large retail store organized into departments offering a variety of merchandise; commonly part of a retail chain,03181429-n,i52795,department store|emporium,OEWN,,p8814,Shopping mall in Bangkok,Emporium
,Q216107,a large retail store organized into departments offering a variety of merchandise; commonly part of a retail chain,03181429-n,i52795,department store|emporium,OEWN,,p8814,retail establishment; building which offers a wide range of consumer goods,department store
,Q1250855,a small boat of shallow draft with cross thwarts for seats and rowlocks for oars with which it is propelled,03204585-n,i52917,dinghy|dory|rowboat,OEWN,,p8814,type of boat,dory
,Q239617,a small boat of shallow draft with cross thwarts for seats and rowlocks for oars with which it is propelled,03204585-n,i52917,dinghy|dory|rowboat,OEWN,,p8814,tender (small boat) carried or towed by a larger vessel,dinghy
,Q13562315,a weighted and hermetically sealed garment supplied with air; worn by underwater divers,03221105-n,i53015,diving suit|diving dress,OEWN,,p8814,Head enclosure with breathing gas supply worn for underwater diving,diving helmet
,Q13450335,a weighted and hermetically sealed garment supplied with air; worn by underwater divers,03221105-n,i53015,diving suit|diving dress,OEWN,,p8814,garment or device designed to protect a diver from the underwater environment,diving suit
,Q2240172,landing in a harbor next to a pier where ships are loaded and unloaded or repaired; may have gates to let water in or out,03221531-n,i53018,dock|dockage|docking facility,OEWN,Q124282,p8814,structure in or above water where ships can dock,jetty
,Q124282,landing in a harbor next to a pier where ships are loaded and unloaded or repaired; may have gates to let water in or out,03221531-n,i53018,dock|dockage|docking facility,OEWN,Q124282,p8814,human-made structure involved in the handling of boats or ships,dock
,Q1394694,a pipe through which liquid is carried away,03236615-n,i53113,drain|drainpipe|waste pipe,OEWN,,p8814,construction feature carrying rainwater downwards from a rain gutter,downspout
,Q1139766,a pipe through which liquid is carried away,03236615-n,i53113,drain|drainpipe|waste pipe,OEWN,,p8814,rainwater harvesting infrastructure,stormwater network
,Q1062672,a man's hat with a tall crown; usually covered with silk or with beaver fur,03242119-n,i53145,dress hat|high hat|opera hat|silk hat|stovepipe|top hat|topper|beaver,OEWN,Q110304,p8814,collapsible hat styled like a top hat,opera hat
,Q110304,a man's hat with a tall crown; usually covered with silk or with beaver fur,03242119-n,i53145,dress hat|high hat|opera hat|silk hat|stovepipe|top hat|topper|beaver,OEWN,Q110304,p8814,"tall-crowned hat initially made of beaver felt and later, of silk plush",top hat
,Q443533,an appliance that removes moisture,03256469-n,i53220,dryer|drier,OEWN,,p8814,fluid removing device,dryer
03488399-n,Q15004,an appliance that removes moisture,03256469-n,i53220,dryer|drier,OEWN,,p8814,type of appliance used to dry hair,hair dryer
,Q20899864,a representation of a person (especially in the form of sculpture),03270785-n,i53307,effigy|image|simulacrum,OEWN,,p8814,representation of a person through art,effigy
,Q1412596,a representation of a person (especially in the form of sculpture),03270785-n,i53307,effigy|image|simulacrum,OEWN,,p8814,representation or imitation of a person or thing,simulacrum
,Q159184,a broad highway designed for high-speed traffic,03311555-n,i53529,expressway|freeway|motorway|pike|state highway|superhighway|throughway|thruway,OEWN,,p8814,type of limited-access road of a specific country,two-lane expressway
,Q46622,a broad highway designed for high-speed traffic,03311555-n,i53529,expressway|freeway|motorway|pike|state highway|superhighway|throughway|thruway,OEWN,,p8814,"highway designed exclusively for high-speed vehicular traffic, with all traffic flow and ingress/egress regulated",controlled-access highway
,Q14875255,a broad highway designed for high-speed traffic,03311555-n,i53529,expressway|freeway|motorway|pike|state highway|superhighway|throughway|thruway,OEWN,,p8814,high-speed road with many characteristics of a controlled-access highway (freeway or motorway),limited-access road
,Q723916,a jet engine in which a fan driven by a turbine provides extra air to the burner and gives extra thrust,03326048-n,i53595,fanjet|fan-jet|fanjet engine|turbofan|turbofan engine,OEWN,Q654051,p8814,jet engine,turbojet
,Q654051,a jet engine in which a fan driven by a turbine provides extra air to the burner and gives extra thrust,03326048-n,i53595,fanjet|fan-jet|fanjet engine|turbofan|turbofan engine,OEWN,Q654051,p8814,airbreathing jet engine designed to provide thrust by driving a fan,turbofan
,Q723916,an airplane propelled by a fanjet engine,03326364-n,i53596,fanjet|fan-jet|turbofan,OEWN,,p8814,jet engine,turbojet
03326048-n,Q654051,an airplane propelled by a fanjet engine,03326364-n,i53596,fanjet|fan-jet|turbofan,OEWN,,p8814,airbreathing jet engine designed to provide thrust by driving a fan,turbofan
,Q2092839,a hat made of felt with a creased crown,03330886-n,i53623,fedora|felt hat|homburg|Stetson|trilby,OEWN,,p8814,brand of hat manufactured by the John B. Stetson Company,Stetson
,Q638335,a hat made of felt with a creased crown,03330886-n,i53623,fedora|felt hat|homburg|Stetson|trilby,OEWN,,p8814,wide brimmed felt hat with a pinched crown,fedora
,Q3362997,a hat made of felt with a creased crown,03330886-n,i53623,fedora|felt hat|homburg|Stetson|trilby,OEWN,,p8814,"narrow brimmed, low-crowned hat, traditionally of felt, with the brim tipped down in front and curled up slightly in the back",trilby
,Q7168554,a barrier that serves to enclose an area,03332179-n,i53632,fence|fencing,OEWN,,p8814,Fence that encloses or demarcates territories or properties,perimeter fence
,Q148571,a barrier that serves to enclose an area,03332179-n,i53632,fence|fencing,OEWN,,p8814,freestanding structure preventing movement across a boundary,fence
,Q1478548,a shackle for the ankles or feet,03335892-n,i53652,fetter|hobble,OEWN,,p8814,shackles for the feet,fetters
,Q451643,a shackle for the ankles or feet,03335892-n,i53652,fetter|hobble,OEWN,,p8814,instrument of punishment,Jougs
,Q585473,an open recess in a wall at the base of a chimney where a fire can be built,03351301-n,i53746,fireplace|hearth|open fireplace,OEWN,,p8814,brick- or stone-lined fireplace,hearth
,Q188669,an open recess in a wall at the base of a chimney where a fire can be built,03351301-n,i53746,fireplace|hearth|open fireplace,OEWN,,p8814,device for firing solid fuels in residential buildings,fireplace
,Q134455912,a food turner with a broad blade used for turning or serving fish or other food that is cooked in a frying pan,03357807-n,i53784,fish slice,OEWN,,p8814,Cooking or serving utensil,Q134455912
,Q18131125,a food turner with a broad blade used for turning or serving fish or other food that is cooked in a frying pan,03357807-n,i53784,fish slice,OEWN,,p8814,Cooking or serving utensil,Spatula kitchen
,Q2234623,a railroad train consisting of freight cars,03399316-n,i54044,freight train|rattler,OEWN,,p8814,type of rail transport,rail freight transport
,Q954927,a railroad train consisting of freight cars,03399316-n,i54044,freight train|rattler,OEWN,,p8814,train used for transportation of freight,freight train
,Q2230940,restraint put into a person's mouth to prevent speaking or shouting,03415650-n,i54139,gag|muzzle,OEWN,,p8814,16th-century instrument of punishment or torture,scold's bridle
,Q651483,restraint put into a person's mouth to prevent speaking or shouting,03415650-n,i54139,gag|muzzle,OEWN,,p8814,device designed to prevent speech,gag
,Q1007870,a room or series of rooms where works of art are exhibited,03416968-n,i54147,gallery|art gallery|picture gallery,OEWN,,p8814,place where art is exhibited and sometimes also sold,art gallery
,Q207694,a room or series of rooms where works of art are exhibited,03416968-n,i54147,gallery|art gallery|picture gallery,OEWN,,p8814,building or space for the exhibition of art,art museum
,Q893449,the area for food preparation on a ship,03417130-n,i54148,galley|ship's galley|caboose|cookhouse,OEWN,,p8814,kitchen onboard a ship,galley
,Q497741,the area for food preparation on a ship,03417130-n,i54148,galley|ship's galley|caboose|cookhouse,OEWN,,p8814,kitchen onboard a vehicle,galley
,Q1432712,a glove of armored leather; protects the hand,03434681-n,i54251,gauntlet|gantlet|metal glove,OEWN,,p8814,glove having a deep cuff to cover all or part of the forearm,gauntlet
,Q1399421,a glove of armored leather; protects the hand,03434681-n,i54251,gauntlet|gantlet|metal glove,OEWN,,p8814,armored glove; part of body armor that covers the hand,gauntlet
,Q1004976,a band of material around the waist that strengthens a skirt or trousers,03442981-n,i54301,girdle|cincture|sash|waistband|waistcloth,OEWN,,p8814,A fabric band or cord used to tighten and secure trousers at the waist.,waistband
,Q204522,a band of material around the waist that strengthens a skirt or trousers,03442981-n,i54301,girdle|cincture|sash|waistband|waistcloth,OEWN,,p8814,cord belt worn with ecclesiastical dress,cincture
,Q1370565,a band of material around the waist that strengthens a skirt or trousers,03442981-n,i54301,girdle|cincture|sash|waistband|waistcloth,OEWN,,p8814,band or strip of fabric wrapped around the waist or worn over the shoulder or hips and usually tied,sash
,Q1527816,a barrier that has parallel or crossed bars blocking a passage but admitting air,03459651-n,i54408,grate|grating,OEWN,,p8814,famework of spaced bars that are parallel to or cross each other,grating
,Q442591,a barrier that has parallel or crossed bars blocking a passage but admitting air,03459651-n,i54408,grate|grating,OEWN,,p8814,Wikimedia disambiguation page,Grill
,Q381885,a place for the burial of a corpse (especially beneath the ground and marked by a tombstone),03459977-n,i54410,grave|tomb,OEWN,Q381885,p8814,burial place,tomb
,Q173387,a place for the burial of a corpse (especially beneath the ground and marked by a tombstone),03459977-n,i54410,grave|tomb,OEWN,Q381885,p8814,location where one dead person or a limited number of people are buried,grave
,Q422821,a heavy coat worn over clothes in winter,03461607-n,i54422,greatcoat|overcoat|topcoat,OEWN,Q422821,p8814,"oversized, heavy overcoat",greatcoat
,Q152574,a heavy coat worn over clothes in winter,03461607-n,i54422,greatcoat|overcoat|topcoat,OEWN,Q422821,p8814,"outer garment for the upper body, worn by any gender for warmth or style",coat
,Q1252133,a framework of metal bars used as a partition or a grate,03464523-n,i54441,grill|grille|grillwork,OEWN,,p8814,"grid of slits in a barrier, that allows passage of fluids but blocks large objects",grille
,Q15181,a framework of metal bars used as a partition or a grate,03464523-n,i54441,grill|grille|grillwork,OEWN,,p8814,form of shish kebab,shashlik
,Q213461,a free-reeded instrument with a piano keyboard in which air is forced through the reeds by bellows,03499638-n,i54656,harmonium|organ|reed organ,OEWN,,p8814,portative reed organ,Indian harmonium
,Q1444,a free-reeded instrument with a piano keyboard in which air is forced through the reeds by bellows,03499638-n,i54656,harmonium|organ|reed organ,OEWN,,p8814,musical keyboard instrument,organ
,Q4327778,horizontal beam used as a finishing piece over a door or window,03508377-n,i54710,header|lintel,OEWN,,p8814,framework around a fireplace,fireplace mantel
,Q1370517,horizontal beam used as a finishing piece over a door or window,03508377-n,i54710,header|lintel,OEWN,,p8814,structural horizontal beam that spans the space between two vertical supports above an opening,lintel
,Q2335617,a child's plaything consisting of an imitation horse mounted on rockers; the child straddles it and pretends to ride,03528796-n,i54833,hobby|hobbyhorse|rocking horse,OEWN,Q647794,p8814,children's horse toy,hobby horse
,Q647794,a child's plaything consisting of an imitation horse mounted on rockers; the child straddles it and pretends to ride,03528796-n,i54833,hobby|hobbyhorse|rocking horse,OEWN,Q647794,p8814,child's toy,rocking horse
,Q4243098,a mechanical device that is curved or bent to suspend or hold or pull something,03537852-n,i54886,hook|claw,OEWN,,p8814,"tool used to grab onto, connect, or attach to something, like for hanging or fishing",hook
,Q1575000,a mechanical device that is curved or bent to suspend or hold or pull something,03537852-n,i54886,hook|claw,OEWN,,p8814,Longshore Hook,Hook
,Q2480927,a flexible pipe for conveying a liquid or gas,03545055-n,i54932,hose|hosepipe,OEWN,,p8814,type of hose typically used in a garden,garden hose
,Q176440,a flexible pipe for conveying a liquid or gas,03545055-n,i54932,hose|hosepipe,OEWN,,p8814,"flexible conduit for conducting liquid, gaseous, or particulate effluents",hose
,Q654772,a hotel providing overnight lodging for travelers,03546876-n,i54942,hostel|hostelry|inn|lodge|auberge,OEWN,,p8814,"cheap, sociable accommodation",hostel
,Q256020,a hotel providing overnight lodging for travelers,03546876-n,i54942,hostel|hostelry|inn|lodge|auberge,OEWN,,p8814,"establishment providing lodging, food and drink",inn
,Q6502413,small crude shelter used as a dwelling,03552234-n,i54970,hovel|hut|hutch|shack|shanty,OEWN,,p8814,precarious dwelling or improvised shelter made with scraps and improvised materials,shack
,Q182676,small crude shelter used as a dwelling,03552234-n,i54970,hovel|hut|hutch|shack|shanty,OEWN,,p8814,building located in the mountains,mountain hut
,Q657819,a speedboat that is equipped with winglike structures that lift it so that it skims the water at high speeds,03557929-n,i55005,hydrofoil|hydroplane,OEWN,,p8814,watercraft using hydrofoil technology,hydrofoil
,Q122714,a speedboat that is equipped with winglike structures that lift it so that it skims the water at high speeds,03557929-n,i55005,hydrofoil|hydroplane,OEWN,,p8814,"fast motorboat, where the hull shape is such that at speed, the weight of the boat is supported by planing forces rather than simple buoyancy",hydroplane
,Q640719,apparatus consisting of a box designed to maintain a constant temperature by the use of a thermostat; used for chicks or premature infants,03572246-n,i55083,incubator|brooder,OEWN,,p8814,device to keep eggs warm,incubator
,Q586119,apparatus consisting of a box designed to maintain a constant temperature by the use of a thermostat; used for chicks or premature infants,03572246-n,i55083,incubator|brooder,OEWN,,p8814,medical device as used in neonatology,incubator
,Q2473660,an opening through which fluid is admitted to a tube or container,03581786-n,i55135,intake|inlet,OEWN,,p8814,opening or structure through which a fluid is admitted to a space or machine,intake
,Q1172599,an opening through which fluid is admitted to a tube or container,03581786-n,i55135,intake|inlet,OEWN,,p8814,"in coastal geography, an indentation of a shoreline that often leads to an enclosed body of salt water, such as a sound, bay, lagoon, or marsh",inlet
,Q35907,a car suitable for traveling over rough terrain,03600138-n,i55243,jeep|landrover,OEWN,,p8814,former British car company,Land Rover
,Q30113,a car suitable for traveling over rough terrain,03600138-n,i55243,jeep|landrover,OEWN,,p8814,US automotive company,Jeep
,Q6005839,a charm superstitiously believed to embody magical powers,03609171-n,i55302,juju|voodoo|hoodoo|fetish|fetich,OEWN,,p8814,West African spiritual belief system,Juju
,Q1546302,a charm superstitiously believed to embody magical powers,03609171-n,i55302,juju|voodoo|hoodoo|fetish|fetich,OEWN,,p8814,"spiritual practices, traditions and beliefs",Hoodoo
,Q14524126,the main tower within the walls of a medieval castle or fortress,03615311-n,i55342,keep|donjon|dungeon,OEWN,,p8814,fortified medieval tower,German keep
,Q91165,the main tower within the walls of a medieval castle or fortress,03615311-n,i55342,keep|donjon|dungeon,OEWN,,p8814,type of fortified tower built within castles during the Middle Ages by European nobility,keep
,Q16842191,something of sentimental value,03615483-n,i55343,keepsake|souvenir|token|relic,OEWN,,p8814,some historical object which usually also has some religious meaning,heirloom
,Q212469,something of sentimental value,03615483-n,i55343,keepsake|souvenir|token|relic,OEWN,,p8814,"object that may be bought to recall an event from the past, like travel",souvenir
,Q2724542,outbuilding that serves as a shelter for a dog,03615737-n,i55345,kennel|doghouse|dog house,OEWN,,p8814,structure or shelter for dogs or cats,kennel
,Q1994782,outbuilding that serves as a shelter for a dog,03615737-n,i55345,kennel|doghouse|dog house,OEWN,,p8814,"small shed commonly built in the shape of a house, intended to provide dogs with a sense of security and protection",doghouse
,Q2749997,the central building block at the top of an arch or vault,03620342-n,i55367,keystone|key|headstone,OEWN,Q220919,p8814,"architecture, a knob or protrusion of stone or wood",boss
,Q220919,the central building block at the top of an arch or vault,03620342-n,i55367,keystone|key|headstone,OEWN,Q220919,p8814,architectural element: wedge-shaped stone of an arch,keystone
,Q2956421,framework consisting of an ornamental design made of strips of wood or metal,03652230-n,i55566,lattice|latticework|fretwork,OEWN,,p8814,"interlaced decorative design that is either carved in low relief on a solid background, or cut out with a fretsaw, jigsaw or scrollsaw",Fretwork
,Q1368562,framework consisting of an ornamental design made of strips of wood or metal,03652230-n,i55566,lattice|latticework|fretwork,OEWN,,p8814,"ornamental criss-crossed framework, an arrangement of crossing laths or other thin strips of material",latticework
03897235-n,Q10550521,a room in a private house or establishment where people can sit and talk and relax,03685038-n,i55760,living room|living-room|sitting room|front room|parlor|parlour,OEWN,Q475018,p8814,reception room,parlour
,Q475018,a room in a private house or establishment where people can sit and talk and relax,03685038-n,i55760,living room|living-room|sitting room|front room|parlor|parlour,OEWN,Q475018,p8814,room in a residential house for relaxing and socializing,living room
,Q5523827,floor consisting of open space at the top of a house just below roof; often used for storage,03691456-n,i55795,loft|attic|garret,OEWN,,p8814,type of accommodation: a low-rent attic room,garret
,Q244490,floor consisting of open space at the top of a house just below roof; often used for storage,03691456-n,i55795,loft|attic|garret,OEWN,,p8814,space found directly below the pitched roof of a house or other building,attic
,Q5704775,a storehouse (as a compartment on a warship) where weapons and ammunition are stored,03709577-n,i55909,magazine|powder store|powder magazine,OEWN,,p8814,building or facility to store and load weapon material for missiles or rockets,artillery magazine
,Q148958,a storehouse (as a compartment on a warship) where weapons and ammunition are stored,03709577-n,i55909,magazine|powder store|powder magazine,OEWN,,p8814,ammunition storage and feeding device of a firearm,magazine
,Q17051104,a large and imposing house,03724592-n,i55999,mansion|mansion house|manse|hall|residence,OEWN,Q1802963,p8814,residence for evangelical pastors and their families and cultural-historical institution typical of Scotland,manse
,Q1802963,a large and imposing house,03724592-n,i55999,mansion|mansion house|manse|hall|residence,OEWN,Q1802963,p8814,very large and imposing dwelling house,mansion
,Q220971,a percussion instrument with wooden bars tuned to produce a chromatic scale and with resonators; played with small mallets,03726875-n,i56015,marimba|xylophone,OEWN,Q165666|Q220971,p8814,"idiophone of Bantu origin consisting of wooden bars struck by mallets with resonator pipes below each bar; related to the West African balafon, and spread through the African diaspora to Central America and the Pacific coast of Colombia and Ecuador",marimba
,Q165666,a percussion instrument with wooden bars tuned to produce a chromatic scale and with resonators; played with small mallets,03726875-n,i56015,marimba|xylophone,OEWN,Q165666|Q220971,p8814,a musical instrument in the percussion family that consists of wooden bars struck by mallets,xylophone
,Q2080521,an area in a town where a public mercantile establishment is set up,03727779-n,i56021,marketplace|market place|mart|market,OEWN,Q132510|Q330284,p8814,covered space traditionally used as a marketplace,market hall
,Q330284,an area in a town where a public mercantile establishment is set up,03727779-n,i56021,marketplace|market place|mart|market,OEWN,Q132510|Q330284,p8814,space in which a market operates,marketplace
,Q42926502,a small folder of paper safety matches,03734799-n,i56068,matchbook,OEWN,,p8814,paperboard folder (matchcover) enclosing a quantity of matches,matchbook
,Q11681907,a small folder of paper safety matches,03734799-n,i56068,matchbook,OEWN,,p8814,"box, generally pocket-sized, for holding matches",matchbox
04005638-n,Q1643563,(medicine) something that treats or prevents or alleviates the symptoms of disease,03745652-n,i56119,medicine|medication|medicament|medicinal drug,OEWN,,p8814,medication legally requiring a medical prescription before it can be dispensed,prescription drug
,Q12140,(medicine) something that treats or prevents or alleviates the symptoms of disease,03745652-n,i56119,medicine|medication|medicament|medicinal drug,OEWN,,p8814,"substance used to diagnose, cure, treat, or prevent disease",medication
,Q16887831,waist-length jacket tapering to a point at the back; worn by officers in the mess for formal dinners,03756760-n,i56168,mess jacket|monkey jacket|shell jacket,OEWN,,p8814,"man's waist-length jacket tapering at the back to a point, originally worn by sailors",monkey jacket
,Q4464974,waist-length jacket tapering to a point at the back; worn by officers in the mess for formal dinners,03756760-n,i56168,mess jacket|monkey jacket|shell jacket,OEWN,,p8814,"formal or semi-formal, open-front, waist-length dress jacket of military origin",mess jacket
,Q1055732,sculpture produced by molding,03785154-n,i56329,mold|mould|molding|moulding|modeling|clay sculpture|modelling,OEWN,,p8814,process of manufacturing by shaping liquid or pliable raw material using a rigid frame called a mold or matrix,molding
,Q474273,sculpture produced by molding,03785154-n,i56329,mold|mould|molding|moulding|modeling|clay sculpture|modelling,OEWN,,p8814,any of a group of malleable substances used in building and sculpting,modeling clay
,Q56761348,a motor vehicle with two wheels and a strong frame,03796045-n,i56397,motorcycle|bike,OEWN,,p8814,specialised pedal-driven vehicle used for maintenance of overhead power lines,bicycle
,Q34493,a motor vehicle with two wheels and a strong frame,03796045-n,i56397,motorcycle|bike,OEWN,,p8814,two- or three-wheeled motor vehicle,motorcycle
,Q1584134,structure consisting of an artificial heap or bank usually of earth or stones,03797581-n,i56402,mound|hill,OEWN,,p8814,"artificial heaped pile of earth, gravel, sand, rocks, or debris",mound
,Q505963,structure consisting of an artificial heap or bank usually of earth or stones,03797581-n,i56402,mound|hill,OEWN,,p8814,raised ground to provide a refuge from flooding,artificial dwelling hill
,Q798964,a slipper that has no fitting around the heel,03803583-n,i56440,mule|scuff,OEWN,,p8814,open-toed slip-on sandal,bath slippers
,Q735150,a slipper that has no fitting around the heel,03803583-n,i56440,mule|scuff,OEWN,,p8814,backless shoe,mule
,Q11164286,a loose dressing gown for women,03823187-n,i56557,negligee|neglige|peignoir|wrapper|housecoat,OEWN,,p8814,"long, usually thin, woman's garment worn as a dressing gown",peignoir
,Q1758403,a loose dressing gown for women,03823187-n,i56557,negligee|neglige|peignoir|wrapper|housecoat,OEWN,,p8814,sheer or heavily trimmed woman's nightgown or dressing gown,negligee
,Q14970,a cargo ship designed to carry crude oil in bulk,03850710-n,i56722,oil tanker|oiler|tanker|tank ship,OEWN,Q14928,p8814,ship designed to transport liquids or gases in bulk,tanker
,Q14928,a cargo ship designed to carry crude oil in bulk,03850710-n,i56722,oil tanker|oiler|tanker|tank ship,OEWN,Q14928,p8814,tanker designed for the transport of petroleum,oil tanker
,Q281460,wind instrument whose sound is produced by means of pipes arranged in sets supplied with air from a bellows and controlled from a large complex musical keyboard,03859585-n,i56771,organ|pipe organ,OEWN,Q281460,p8814,wind instrument that produces sound by driving pressurized air (called wind) through pipes selected via a keyboard,pipe organ
,Q1444,wind instrument whose sound is produced by means of pipes arranged in sets supplied with air from a bellows and controlled from a large complex musical keyboard,03859585-n,i56771,organ|pipe organ,OEWN,Q281460,p8814,musical keyboard instrument,organ
,Q22907584,mattress consisting of a thin pad filled with straw or sawdust,03880766-n,i56904,paillasse|palliasse,OEWN,,p8814,type of bedding,Palliasse
,Q859592,mattress consisting of a thin pad filled with straw or sawdust,03880766-n,i56904,paillasse|palliasse,OEWN,,p8814,material-handling equipment,flexible intermediate bulk container
,Q751876,a large and stately mansion,03883763-n,i56917,palace|castle,OEWN,,p8814,type of manor house mostly built by noble families for representative purposes,château
,Q16560,a large and stately mansion,03883763-n,i56917,palace|castle,OEWN,,p8814,"grand residence, especially a royal or episcopal residence",palace
,Q4899148,a small storeroom for storing foods or wines,03891232-n,i56968,pantry|larder|buttery,OEWN,,p8814,cool room for storing food,larder
,Q258313,a small storeroom for storing foods or wines,03891232-n,i56968,pantry|larder|buttery,OEWN,,p8814,"room where accessories, food supplies, provisions, et cetera, are stored",pantry
,Q8195483,a kind of heavy jacket,03896748-n,i57005,parka|windbreaker|windcheater|anorak,OEWN,,p8814,thin coat designed to resist wind chill and light rain,windbreaker
,Q567688,a kind of heavy jacket,03896748-n,i57005,parka|windbreaker|windcheater|anorak,OEWN,,p8814,hooded cold weather coat,anorak
,Q9300679,a kind of heavy jacket,03896748-n,i57005,parka|windbreaker|windcheater|anorak,OEWN,,p8814,type of jacket,parka
,Q2577534,usually paved outdoor area adjoining a residence,03905846-n,i57055,patio|terrace,OEWN,,p8814,traditional standing area of a sports stadium,terrace
,Q737988,usually paved outdoor area adjoining a residence,03905846-n,i57055,patio|terrace,OEWN,,p8814,an outdoor space generally used for dining or recreation,patio
,Q1409050,large and often sumptuous tent,03907057-n,i57064,pavilion|marquee,OEWN,,p8814,"variety of large tent often used to shelter summer events such as shows, festivals, and weddings",pole marquee
,Q276173,large and often sumptuous tent,03907057-n,i57064,pavilion|marquee,OEWN,,p8814,"small open building in a park or garden, used as a gazebo, restaurant or place to perform music",pavilion
,Q894640,a small bottle that contains a drug (especially a sealed sterile container for injection by needle),03929501-n,i57200,phial|vial|ampule|ampul|ampoule,OEWN,,p8814,"small bottle for medicines, toilet preparations, or chemicals",vial
,Q477379,a small bottle that contains a drug (especially a sealed sterile container for injection by needle),03929501-n,i57200,phial|vial|ampule|ampul|ampoule,OEWN,,p8814,small sealed vial,ampoule
,Q3624223,a small round woman's hat,03944111-n,i57282,pillbox|toque|turban,OEWN,,p8814,small hat with no brim,pillbox hat
,Q2309028,a small round woman's hat,03944111-n,i57282,pillbox|toque|turban,OEWN,,p8814,type of hat with narrow or no brim,toque
,Q1907525,a firearm that is held and fired with one hand,03954735-n,i57352,pistol|handgun|side arm|shooting iron,OEWN,Q1574963,p8814,type of handgun where the firing chamber is integral to the barrel,pistol
,Q1574963,a firearm that is held and fired with one hand,03954735-n,i57352,pistol|handgun|side arm|shooting iron,OEWN,Q1574963,p8814,short-barreled firearm designed to be operated with one hand,handgun
,Q15488250,a lightweight hat worn in tropical countries for protection from the sun,03957175-n,i57367,pith hat|pith helmet|sun helmet|topee|topi,OEWN,,p8814,lightweight cloth-covered helmet,pith helmet
,Q3634589,a lightweight hat worn in tropical countries for protection from the sun,03957175-n,i57367,pith hat|pith helmet|sun helmet|topee|topi,OEWN,,p8814,Nepali hat,Dhaka topi
,Q3273707,adhesive tape used in dressing wounds,03963714-n,i57400,plaster|adhesive plaster|sticking plaster,OEWN,,p8814,bandaging material,surgical tape
,Q216054,adhesive tape used in dressing wounds,03963714-n,i57400,plaster|adhesive plaster|sticking plaster,OEWN,,p8814,"small, self-adhesive medical dressing used to cover minor skin injuries",adhesive bandage
,Q1587360,public box for deposit of mail,03995432-n,i57583,postbox|mailbox|letter box,OEWN,,p8814,mailbox or slot into which incoming mail can be delivered,letter box
,Q49844,public box for deposit of mail,03995432-n,i57583,postbox|mailbox|letter box,OEWN,,p8814,post collection point,post box
,Q14830135,container for carrying gunpowder; made of the hollow horn of an animal,04000972-n,i57619,powder horn|powder flask,OEWN,,p8814,small container for gunpowder,powder flask
,Q7236012,container for carrying gunpowder; made of the hollow horn of an animal,04000972-n,i57619,powder horn|powder flask,OEWN,,p8814,container for storing and dispensing gunpowder or priming powder,powder horn
,Q7249698,a public area set aside as a pedestrian walk,04016581-n,i57708,promenade|mall,OEWN,,p8814,musical,Promenade
,Q369730,a public area set aside as a pedestrian walk,04016581-n,i57708,promenade|mall,OEWN,,p8814,area of a city or town reserved for pedestrian-only use,pedestrian zone
,Q2046167,a sweater that is put on by pulling it over the head,04027422-n,i57761,pullover|slipover,OEWN,,p8814,"garments, waistlength or longer, without a front opening, that must be pulled over the head",pullover
,Q1762432,a sweater that is put on by pulling it over the head,04027422-n,i57761,pullover|slipover,OEWN,,p8814,sleeveless knit pullover,sweater vest
,Q916207,a tool for making holes or indentations,04029643-n,i57773,punch|puncher,OEWN,,p8814,shaped steel or other metal tool with a blunt end that may be struck with a hammer to produce indents (but not holes) in a material,metalworking punch
,Q183413,a tool for making holes or indentations,04029643-n,i57773,punch|puncher,OEWN,,p8814,office tool for making uniform holes in paper,hole puncher
,Q1913135,a small figure of a person operated from above with strings by a puppeteer,04031744-n,i57786,puppet|marionette,OEWN,,p8814,inanimate object or representational figure animated or manipulated by an entertainer,puppet
,Q189888,a small figure of a person operated from above with strings by a puppeteer,04031744-n,i57786,puppet|marionette,OEWN,,p8814,puppet controlled from above using wires or strings,marionette
,Q1064538,bedding made of two layers of cloth filled with stuffing and stitched together,04040471-n,i57847,quilt|comforter|comfort|puff,OEWN,,p8814,"bedcover made of multiple layers of fabric sewn together, usually stitched in decorative patterns",quilt
,Q5847,bedding made of two layers of cloth filled with stuffing and stitched together,04040471-n,i57847,quilt|comforter|comfort|puff,OEWN,,p8814,"type of bedcover, often not as thick as a duvet",comforter
,Q1777138,a course over which races are run,04044101-n,i57872,racetrack|racecourse|raceway|track,OEWN,,p8814,"facility built for racing of animals, vehicles, or athletes",race track
,Q1004435,a course over which races are run,04044101-n,i57872,racetrack|racecourse|raceway|track,OEWN,,p8814,running tracks found in track and field stadia,athletics track
,Q1544018,an electronic receiver that detects and demodulates and amplifies transmitted signals,04050813-n,i57905,radio receiver|receiving set|radio set|radio|tuner|wireless,OEWN,,p8814,frequency selection subsystem for various receiver systems,tuner
,Q159391,an electronic receiver that detects and demodulates and amplifies transmitted signals,04050813-n,i57905,radio receiver|receiving set|radio set|radio|tuner|wireless,OEWN,,p8814,radio device for receiving radio waves and converting them to a useful signal,radio receiver
,Q3537732,an electronic receiver that detects and demodulates and amplifies transmitted signals,04050813-n,i57905,radio receiver|receiving set|radio set|radio|tuner|wireless,OEWN,,p8814,,radio reception
,Q1416685,an embankment built around a space for defensive purposes,04058937-n,i57949,rampart|bulwark|wall,OEWN,,p8814,length of bank or wall forming part of the defensive boundary of a fortification,rampart
,Q57346,an embankment built around a space for defensive purposes,04058937-n,i57949,rampart|bulwark|wall,OEWN,,p8814,fortification used to protect an area from potential aggressors,defensive wall
,Q23954892,a straight sword with a narrow blade and two edges,04061473-n,i57961,rapier|tuck,OEWN,,p8814,light one-handed sword designed for thrusting,small sword
,Q816745,a straight sword with a narrow blade and two edges,04061473-n,i57961,rapier|tuck,OEWN,,p8814,"slender, sharply pointed sword",rapier
,Q17591720,machine in which rotating records cause a stylus to vibrate and the vibrations are amplified acoustically or electronically,04071513-n,i58021,record player|phonograph,OEWN,,p8814,"modern electric version of a gramophone, phonograph, or turntable for the playback of Long Play (LP) vinyl records, commonly without built-in amplification nor loudspeakers",turntable
,Q116434,machine in which rotating records cause a stylus to vibrate and the vibrations are amplified acoustically or electronically,04071513-n,i58021,record player|phonograph,OEWN,,p8814,device for the analogue recording and playback of sound,phonograph
,Q2037215,any vehicle self-propelled by a rocket engine,04106523-n,i58225,rocket|projectile,OEWN,,p8814,weapon projectile utilizing a self-contained rocket engine to propel itself to its target,rocket
,Q336382,any vehicle self-propelled by a rocket engine,04106523-n,i58225,rocket|projectile,OEWN,,p8814,type of firework,skyrocket
,Q5421427,a valve in a container in which pressure can build up (as a steam boiler); it opens automatically when the pressure reaches a dangerous level,04134734-n,i58402,safety valve|relief valve|escape valve|escape cock|escape,OEWN,,p8814,safety device,Explosion vent
,Q730458,a valve in a container in which pressure can build up (as a steam boiler); it opens automatically when the pressure reaches a dangerous level,04134734-n,i58402,safety valve|relief valve|escape valve|escape cock|escape,OEWN,,p8814,valve that acts as a fail-safe,safety valve
04135793-n,Q1570101,a large piece of fabric (usually canvas fabric) by means of which wind is used to propel a sailing vessel,04135005-n,i58403,sail|canvas|canvass|sheet,OEWN,,p8814,strong fabric of the type used to make ships' sails,sailcloth
,Q25999,a large piece of fabric (usually canvas fabric) by means of which wind is used to propel a sailing vessel,04135005-n,i58403,sail|canvas|canvass|sheet,OEWN,,p8814,fabric or other surface supported by a mast to allow wind propulsion,sail
,Q1754898,a sharp-pointed awl for marking wood or metal to be cut,04162518-n,i58572,scriber|scribe|scratch awl,OEWN,,p8814,"hand tool used in metalworking to mark lines on workpieces, prior to machining",scribe
,Q965050,a sharp-pointed awl for marking wood or metal to be cut,04162518-n,i58572,scriber|scribe|scratch awl,OEWN,,p8814,tool for layout and point marking,stitching awl
,Q1478548,a restraint that confines or restricts freedom (especially something used to tie down or restrain a prisoner),04188289-n,i58722,shackle|bond|hamper|trammel,OEWN,,p8814,shackles for the feet,fetters
,Q451643,a restraint that confines or restricts freedom (especially something used to tie down or restrain a prisoner),04188289-n,i58722,shackle|bond|hamper|trammel,OEWN,,p8814,instrument of punishment,Jougs
,Q1766706,armor carried on the arm to intercept blows,04199741-n,i58788,shield|buckler,OEWN,,p8814,small shield,buckler
,Q131559,armor carried on the arm to intercept blows,04199741-n,i58788,shield|buckler,OEWN,,p8814,item of armor carried to intercept attacks or projectiles,shield
,Q216107,a mercantile establishment for the retail sale of goods or services,04209460-n,i58835,shop|store,OEWN,,p8814,retail establishment; building which offers a wide range of consumer goods,department store
,Q213441,a mercantile establishment for the retail sale of goods or services,04209460-n,i58835,shop|store,OEWN,,p8814,place where items or services are sold,shop
,Q311721,German fortifications facing the Maginot Line,04223575-n,i58923,Siegfried line,OENN,Q154504,p8814,fortified line of World War I,Hindenburg Line
,Q154504,German fortifications facing the Maginot Line,04223575-n,i58923,Siegfried line,OENN,Q154504,p8814,German defensive line used in World War II,Siegfried Line
,Q2915329,a collarless men's undergarment for the upper part of the body,04230374-n,i58966,singlet|vest|undershirt,OEWN,Q2915329,p8814,underwear for the upper body,undershirt
,Q1262532,a collarless men's undergarment for the upper part of the body,04230374-n,i58966,singlet|vest|undershirt,OEWN,Q2915329,p8814,female vest,Jelick
,Q17136481,a powered conveyance that carries skiers up a hill,04238755-n,i59021,ski tow|ski lift|lift,OEWN,Q891302,p8814,"mechanized system for transporting skiers, snowboarders, etc. uphill by pulling them along the ground",surface lift
,Q891302,a powered conveyance that carries skiers up a hill,04238755-n,i59021,ski tow|ski lift|lift,OEWN,Q891302,p8814,transport device that carries skiers up a hill,ski lift
,Q199771,a plaything consisting of a Y-shaped stick with elastic between the arms; used to propel small stones,04247204-n,i59077,slingshot|sling|catapult,OEWN,,p8814,"projectile weapon, typically used to propel small stones",weapon sling
,Q13672,a plaything consisting of a Y-shaped stick with elastic between the arms; used to propel small stones,04247204-n,i59077,slingshot|sling|catapult,OEWN,,p8814,projectile weapon,slingshot
,Q1260995,conduit that carries a rapid flow of water controlled by a sluicegate,04251507-n,i59104,sluice|sluiceway|penstock,OEWN,,p8814,enclosed pipe that delivers water to hydroelectric turbines or sewerage systems,penstock
,Q610559,conduit that carries a rapid flow of water controlled by a sluicegate,04251507-n,i59104,sluice|sluiceway|penstock,OEWN,,p8814,hydraulic structure,sluice
,Q2473660,air passage provided by a retractable device containing intake and exhaust pipes; permits a submarine to stay submerged for extended periods of time,04257960-n,i59145,snorkel|schnorkel|schnorchel|snorkel breather|breather,OEWN,,p8814,opening or structure through which a fluid is admitted to a space or machine,intake
,Q196683,air passage provided by a retractable device containing intake and exhaust pipes; permits a submarine to stay submerged for extended periods of time,04257960-n,i59145,snorkel|schnorkel|schnorchel|snorkel breather|breather,OEWN,,p8814,device which allows a submarine to operate submerged while taking in air from above the surface,submarine snorkel
,Q1103989,an upholstered seat for more than one person,04263630-n,i59184,sofa|couch|lounge,OEWN,,p8814,luxurious couch,canapé
,Q131514,an upholstered seat for more than one person,04263630-n,i59184,sofa|couch|lounge,OEWN,,p8814,piece of furniture for seating two or more persons in the form of a bench with armrests,couch
,Q2003053,a long pointed rod used as a tool or weapon,04278001-n,i59278,spear|lance|shaft,OEWN,,p8814,pole weapon that is primarily used on horseback for mounted warfare,lance
,Q44475,a long pointed rod used as a tool or weapon,04278001-n,i59278,spear|lance|shaft,OEWN,,p8814,"weapon or tool consisting of a shaft, usually of wood, with a pointed head that is used for thrusting or throwing",spear
,Q2912707,any distinctive flag,04308278-n,i59467,standard|banner,OEWN,,p8814,"military colours, standards and guidons",military flag
,Q806880,any distinctive flag,04308278-n,i59467,standard|banner,OEWN,,p8814,Type of vertical flag that is attached to a pole,banner (flag)
,Q3109696,a restaurant that specializes in steaks,04315016-n,i59509,steakhouse|chophouse,OEWN,Q3109696,p8814,"restaurant that specializes in steaks and chops, along with other cuts of meat such as poultry, roast prime rib, veal, fish, and seafood",steakhouse
,Q1089950,a restaurant that specializes in steaks,04315016-n,i59509,steakhouse|chophouse,OEWN,Q3109696,p8814,type of traditional South Brazilian restaurant,Churrascaria
,Q5191724,a tall tower that forms the superstructure of a building (usually a church or temple) and that tapers to a point at the top,04319570-n,i59540,steeple|spire,OEWN,,p8814,"tall tower, usually on a church or public building",steeple
,Q852590,a tall tower that forms the superstructure of a building (usually a church or temple) and that tapers to a point at the top,04319570-n,i59540,steeple|spire,OEWN,,p8814,tapering structure on top of a building,spire
,Q1759012,a lever used by a pilot to control the ailerons and elevators of an airplane,04325114-n,i59573,stick|control stick|joystick,OEWN,,p8814,aircraft component,yoke
,Q178805,a lever used by a pilot to control the ailerons and elevators of an airplane,04325114-n,i59573,stick|control stick|joystick,OEWN,,p8814,input device used in aircraft and for video games,joystick
,Q11064354,a lightweight cord,04345112-n,i59688,string|twine,OEWN,,p8814,"long, flexible structure made from fibers or plies twisted together",string
,Q762984,a lightweight cord,04345112-n,i59688,string|twine,OEWN,,p8814,light string or strong thread,twine
,Q141594779,a thing constructed; a complex entity constructed of many parts,04348764-n,i59707,structure|construction,OEWN,,p8814,object or system with distinct interrelated elements arranged into a cohesive whole,structure
,Q6671777,a thing constructed; a complex entity constructed of many parts,04348764-n,i59707,structure|construction,OEWN,,p8814,"arrangement and organization of interrelated elements in an object or system, or the object or system so organized",structure
,Q428661,a submersible warship usually armed with torpedoes,04354832-n,i59738,submarine|pigboat|sub,OEWN,,p8814,German submarine of the First or Second World War,U-boat
,Q2811,a submersible warship usually armed with torpedoes,04354832-n,i59738,submarine|pigboat|sub,OEWN,,p8814,watercraft capable of independent operation underwater,submarine
,Q785952,pool that provides a facility for swimming,04378312-n,i59881,swimming pool|swimming bath|natatorium,OEWN,,p8814,"buildings equipped with swimming pools and other facilities for bathing and swimming, traditionally the primary hygienic facility in a city or town",bathhouse
,Q1501,pool that provides a facility for swimming,04378312-n,i59881,swimming pool|swimming bath|natatorium,OEWN,,p8814,excavation or containment structure filled with water and used for swimming,swimming pool
,Q274556,a cutting or thrusting weapon that has a long metal blade and a hilt with a hand guard,04380981-n,i59896,sword|blade|brand|steel,OEWN,,p8814,ancient Roman sword,arma de ponce
,Q12791,a cutting or thrusting weapon that has a long metal blade and a hilt with a hand guard,04380981-n,i59896,sword|blade|brand|steel,OEWN,,p8814,bladed weapon longer than a knife or dagger,sword
,Q255481,(Judaism) the place of worship for a Jewish congregation,04381822-n,i59901,synagogue|temple|tabernacle,OEWN,,p8814,portable earthly dwelling place for the Shekhinah during the Exodus,tabernacle
,Q34627,(Judaism) the place of worship for a Jewish congregation,04381822-n,i59901,synagogue|temple|tabernacle,OEWN,,p8814,"religious building at the center of a local organization where a Jewish (or rarely Samaritan) community gathers for prayer, education, social assistance or ceremonies",synagogue
,Q5508197,a cloth having a crisscross design,04402241-n,i60022,tartan|plaid,OEWN,,p8814,"long length of tartan fabric pleated and wrapped around the body, worn with a sewn kilt, as part of Scottish highland dress",full plaid
,Q216797,a cloth having a crisscross design,04402241-n,i60022,tartan|plaid,OEWN,,p8814,"Scottish cloth pattern, said (often erroneously) to represent a clan, region, or other group of people",tartan
,Q1072166,a restaurant where tea and light meals are available,04405632-n,i60049,teashop|teahouse|tearoom|tea parlor|tea parlour,OEWN,Q1072166,p8814,cafe-type business serving tea,tea house
,Q774861,a restaurant where tea and light meals are available,04405632-n,i60049,teashop|teahouse|tearoom|tea parlor|tea parlour,OEWN,Q1072166,p8814,"establishments in the Netherlands, where the sale of cannabis for personal consumption by the public is tolerated by the local authorities",cannabis coffee shop
,Q1236143,a boat for communication between ship and shore,04416263-n,i60105,tender|ship's boat|pinnace|cutter,OEWN,,p8814,watercraft,pinnace
,Q837139,a boat for communication between ship and shore,04416263-n,i60105,tender|ship's boat|pinnace|cutter,OEWN,,p8814,type of ship in use in the 16th and 17th centuries,full-rigged pinnace
,Q28810688,a run-down apartment house barely meeting minimal standards,04416519-n,i60107,tenement|tenement house,OEWN,,p8814,"common Portuguese term used in Brazil and Portugal for an area of concentrated, high density urban housing where people live with poor sanitation and hygiene conditions.",Cortiço
,Q1078374,a run-down apartment house barely meeting minimal standards,04416519-n,i60107,tenement|tenement house,OEWN,,p8814,type of building,tenement
,Q20202072,station where transport vehicles load or unload passengers or goods,04420036-n,i60131,terminal|terminus|depot,OEWN,Q25635419,p8814,last stop in a transportation service,terminus
,Q1191753,station where transport vehicles load or unload passengers or goods,04420036-n,i60131,terminal|terminus|depot,OEWN,Q25635419,p8814,"storage and maintenance facility for buses; building where buses are housed, washed, serviced",bus garage
,Q25635419,station where transport vehicles load or unload passengers or goods,04420036-n,i60131,terminal|terminus|depot,OEWN,Q25635419,p8814,"transportation building, or station, which is usually built to act as a terminal point for airlines, a railway, a bus service, or another type of transportation",terminal
,Q88399897,glass tube closed at one end,04423056-n,i60151,test tube,OEWN,,p8814,"laboratory glassware consisting of a finger-like length of glass or clear plastic tubing, open at the top and closed at the bottom",test tube
,Q213452,glass tube closed at one end,04423056-n,i60151,test tube,OEWN,,p8814,common piece of laboratory equipment used to measure the volume of a liquid; has a narrow cylindrical shape,measuring cylinder
,Q2566774,a conical child's plaything tapering to a steel point on which it can be made to spin,04461511-n,i60377,top|whirligig|teetotum|spinning top,OEWN,,p8814,object that spins or whirls,whirligig
,Q23856,a conical child's plaything tapering to a steel point on which it can be made to spin,04461511-n,i60377,top|whirligig|teetotum|spinning top,OEWN,,p8814,"toy designed to spin rapidly on the ground, the motion of which causes it to remain precisely balanced on its tip because of its rotational inertia",top
,Q13409250,a conveyance that transports passengers or freight in carriers suspended from cables and supported by a series of towers,04477048-n,i60469,tramway|tram|aerial tramway|cable tramway|ropeway,OEWN,,p8814,"means of cable transport in which cabins, cars, gondolas or open chairs are hauled above the ground by means of one or more cables",aerial lift
,Q2367733,a conveyance that transports passengers or freight in carriers suspended from cables and supported by a series of towers,04477048-n,i60469,tramway|tram|aerial tramway|cable tramway|ropeway,OEWN,,p8814,type of gondola lift designed for transport of goods,material ropeway
,Q12057487,a window above a door that is usually hinged to a horizontal crosspiece over the door,04480343-n,i60484,transom|transom window|fanlight,OEWN,,p8814,"semicircular or semi-elliptical window with bars radiating out like an open fan, above another window or a doorway",fanlight
,Q1943259,a window above a door that is usually hinged to a horizontal crosspiece over the door,04480343-n,i60484,transom|transom window|fanlight,OEWN,,p8814,"transverse horizontal structural beam, bar of crosspiece; also short for transom window/ transom light",transom
,Q3539074,an antidepressant drug that acts by blocking the reuptake of norepinephrine and serotonin and thus making more of those substances available to act on receptors in the brain,04489799-n,i60548,tricyclic|tricyclic antidepressant|tricyclic antidepressant drug,OEWN,Q908843,p8814,class of chemical compounds,tricyclic compound
,Q908843,an antidepressant drug that acts by blocking the reuptake of norepinephrine and serotonin and thus making more of those substances available to act on receptors in the brain,04489799-n,i60548,tricyclic|tricyclic antidepressant|tricyclic antidepressant drug,OEWN,Q908843,p8814,chemical compounds used primarily as antidepressants,tricyclic antidepressant
,Q5257307,something given as a token of victory,04495252-n,i60582,trophy|prize,OEWN,,p8814,"award to be given to a person, a group of people, or an organization to recognise and reward actions or achievements",prize
,Q381165,something given as a token of victory,04495252-n,i60582,trophy|prize,OEWN,,p8814,reward for a specific achievement,trophy
,Q2093072,conduit consisting of a long hollow object (usually cylindrical) used to hold and conduct objects or liquids or gases,04500800-n,i60614,tube|tubing,OEWN,,p8814,"soft, squeezable container which can be used for thick liquids such as adhesive, caulking, ointment, and toothpaste",squeeze tube
,Q1419626,conduit consisting of a long hollow object (usually cylindrical) used to hold and conduct objects or liquids or gases,04500800-n,i60614,tube|tubing,OEWN,,p8814,fluid conveyance,tube
,Q134455912,cooking utensil having a flat flexible part and a long handle; used for turning or serving food,04507355-n,i60649,turner|food turner,OEWN,,p8814,Cooking or serving utensil,Q134455912
,Q18131125,cooking utensil having a flat flexible part and a long handle; used for turning or serving food,04507355-n,i60649,turner|food turner,OEWN,,p8814,Cooking or serving utensil,Spatula kitchen
,Q216040,a camper equipped with living quarters,04527677-n,i60773,van|caravan,OEWN,,p8814,trailer providing a place to sleep which is more comfortable and protected than a tent,travel trailer
,Q193468,a camper equipped with living quarters,04527677-n,i60773,van|caravan,OEWN,,p8814,covered transportation vehicle,van
,Q827512,the front part of a guided missile or rocket or torpedo that carries the nuclear or explosive charge or the chemical or biological agents,04558661-n,i60953,warhead|payload|load,OEWN,,p8814,"damage-creating payload delivered by a rocket, missile, or torpedo",warhead
,Q645102,the front part of a guided missile or rocket or torpedo that carries the nuclear or explosive charge or the chemical or biological agents,04558661-n,i60953,warhead|payload|load,OEWN,,p8814,roundly tapered end of a two-dimensional or three-dimensional object,ogive
,Q857296,structure consisting of a sloping way down to the water from the place where ships are built or repaired,04572325-n,i61036,ways|shipway|slipway,OEWN,,p8814,rig to hold a ship upright on dry land,ship cradle
,Q361945,structure consisting of a sloping way down to the water from the place where ships are built or repaired,04572325-n,i61036,ways|shipway|slipway,OEWN,,p8814,ramp on the shore by which ships or boats can be moved to and from the water,slipway
,Q557270,lifting device consisting of a horizontal cylinder turned by a crank on which a cable or rope winds,04593031-n,i61158,winch|windlass,OEWN,Q258534|Q2373406,p8814,machine that restrains and manipulates the anchor chain on a boat,anchor windlass
,Q258534,lifting device consisting of a horizontal cylinder turned by a crank on which a cable or rope winds,04593031-n,i61158,winch|windlass,OEWN,Q258534|Q2373406,p8814,device used to pull in or let out a rope or cable,winch
,Q756600,flower arrangement consisting of a circular band of foliage or flowers for ornamental purposes,04613372-n,i61279,wreath|garland|coronal|chaplet|lei,OEWN,,p8814,"decorative wreath or cord, used at festive occasions",garland
,Q541357,flower arrangement consisting of a circular band of foliage or flowers for ornamental purposes,04613372-n,i61279,wreath|garland|coronal|chaplet|lei,OEWN,,p8814,garland,lei
,Q1201922,flower arrangement consisting of a circular band of foliage or flowers for ornamental purposes,04613372-n,i61279,wreath|garland|coronal|chaplet|lei,OEWN,,p8814,"assortment of flowers, leaves, fruits, twigs, or various materials that is constructed to form a ring shape",wreath
,Q254515,similarity in appearance or character or nature between persons or things,04752054-n,i61960,likeness|alikeness|similitude,OEWN,,p8814,concept applicable to the testing of engineering models,similitude
,Q254465,similarity in appearance or character or nature between persons or things,04752054-n,i61960,likeness|alikeness|similitude,OEWN,,p8814,idea in geometry,similarity
,Q42377900,a slippery smoothness,04954805-n,i62979,slickness|slick|slipperiness|slip,OEWN,,p8814,characteristic of a object,slipperiness
,Q180056,a slippery smoothness,04954805-n,i62979,slickness|slick|slipperiness|slip,OEWN,,p8814,low skid resistance due to insufficient road friction,road slipperiness
,Q3341893,an indication of radiant light drawn around the head of a saint,04958893-n,i63001,aura|aureole|halo|nimbus|glory|gloriole,OEWN,,p8814,religious symbol representing a ring of light,halo
,Q374192,an indication of radiant light drawn around the head of a saint,04958893-n,i63001,aura|aureole|halo|nimbus|glory|gloriole,OEWN,,p8814,form of halo or radiance used in art to signify holy persons,aureola
,Q1456962,the visual property of something having a milky brightness and a play of colors from the surface,04960855-n,i63012,opalescence|iridescence,OEWN,,p8814,optical iridescence phenomena characteristic of the opal gemstone,opalescence
,Q957208,the visual property of something having a milky brightness and a play of colors from the surface,04960855-n,i63012,opalescence|iridescence,OEWN,,p8814,"property in which fine colors, changeable with the angle of view or angle of illumination, are produced on a surface by the interference of light that is reflected from both the front and back of a thin film",iridescence
,Q7158021,a shade of white the color of bleached bones,04968508-n,i63045,bone|ivory|pearl|off-white,OEWN,,p8814,color,pearl
,Q1358981,a shade of white the color of bleached bones,04968508-n,i63045,bone|ivory|pearl|off-white,OEWN,,p8814,off-white color that resembles ivory,ivory
,Q221656,the quality of being luminous; emitting or reflecting light,05025269-n,i63372,luminosity|brightness|brightness level|luminance|luminousness|light,OEWN,,p8814,perception of light level,brightness
,Q105902,the quality of being luminous; emitting or reflecting light,05025269-n,i63372,luminosity|brightness|brightness level|luminance|luminousness|light,OEWN,,p8814,total amount of radiant electromagnetic power emitted by an object per unit time,luminosity
,Q2066956,physical energy or intensity,05042508-n,i63463,force|forcefulness|strength,OEWN,,p8814,measure of drug activity,potency
,Q11402,physical energy or intensity,05042508-n,i63463,force|forcefulness|strength,OEWN,,p8814,physical influence that tends to cause an object to change motion unless opposed by other forces,force
,Q854659,the amount of increase in signal power or voltage or current expressed as the ratio of output to input,05116624-n,i63845,amplification|gain,OEWN,,p8814,ability of a circuit to increase the power or amplitude of a signal,gain
,Q424707,the amount of increase in signal power or voltage or current expressed as the ratio of output to input,05116624-n,i63845,amplification|gain,OEWN,,p8814,Wikimedia disambiguation page,Gain
,Q1623587,the quality of being high or lofty,05144667-n,i63986,highness|loftiness,OEWN,,p8814,style of address,His Highness
,Q1337757,the quality of being high or lofty,05144667-n,i63986,highness|loftiness,OEWN,,p8814,style of reference for high nobility,His Eminence
,Q1427424,a closely cropped haircut; usually for men or boys,05268304-n,i64605,crew cut|butch|flattop,OEWN,,p8814,type of short haircut having the hair bristled up to form a flat-appearing deck,flattop
,Q863338,a closely cropped haircut; usually for men or boys,05268304-n,i64605,crew cut|butch|flattop,OEWN,,p8814,haircut where the hair is left slightly longer at the front and top of the head while the hair at the back and sides is shaved or cropped,crew cut
,Q1059724,the bone in the ankle that articulates with the leg bones to form the ankle joint,05278882-n,i64660,anklebone|astragal|astragalus|talus,OEWN,Q13100,p8814,bones of the foot,tarsal bones
,Q13100,the bone in the ankle that articulates with the leg bones to form the ankle joint,05278882-n,i64660,anklebone|astragal|astragalus|talus,OEWN,Q13100,p8814,one of the group of foot bones forming the lower part of the ankle joint,talus
,Q5283631,the jaw in vertebrates that is hinged to open the mouth,05283404-n,i64686,lower jaw|mandible|mandibula|mandibular bone|submaxilla|lower jawbone|jawbone|jowl,OEWN,,p8814,the lower jaw bone,human mandible
,Q16370,the jaw in vertebrates that is hinged to open the mouth,05283404-n,i64686,lower jaw|mandible|mandibula|mandibular bone|submaxilla|lower jawbone|jawbone|jowl,OEWN,,p8814,lower jaw bone,mandible
,Q143652,the tissue (covered by mucous membrane) of the jaws that surrounds the bases of the teeth,05312431-n,i64833,gingiva|gum,OEWN,Q104280,p8814,specialized tissues that both surround and support the teeth,tooth supporting structure
,Q104280,the tissue (covered by mucous membrane) of the jaws that surrounds the bases of the teeth,05312431-n,i64833,gingiva|gum,OEWN,Q104280,p8814,human mouth anatomy,gums
,Q379858,the externally visible cartilaginous structure of the external ear,05331437-n,i64937,auricle|pinna|ear,OEWN,,p8814,outboard part of the ear,auricle
05328447-n,Q7362,the externally visible cartilaginous structure of the external ear,05331437-n,i64937,auricle|pinna|ear,OEWN,,p8814,organ that detects sound; organ of hearing and balance,ear
,Q773449,hormone produced by the thyroid glands to regulate metabolism by controlling the rate of oxidation in cells,05420990-n,i65412,thyroxine|thyroxin|tetraiodothyronine|T,OEWN,,p8814,thyroid hormone,L-thyroxine
,Q216852,hormone produced by the thyroid glands to regulate metabolism by controlling the rate of oxidation in cells,05420990-n,i65412,thyroxine|thyroxin|tetraiodothyronine|T,OEWN,,p8814,group of stereoisomers,thyroxine
,Q74560,the male reproductive cell; the male gamete,05465045-n,i65636,sperm|sperm cell|spermatozoon|spermatozoan,OEWN,,p8814,motile sperm cell,spermatozoon
,Q17145,the male reproductive cell; the male gamete,05465045-n,i65636,sperm|sperm cell|spermatozoon|spermatozoan,OEWN,,p8814,male reproductive cells,sperm
,Q2602063,the layer of unmyelinated neurons (the grey matter) forming the cortex of the cerebrum,05494162-n,i65777,cerebral cortex|cerebral mantle|pallium|cortex,OEWN,Q2602063,p8814,layers of nerve cells on the surface of cerebral hemispheres of chordate animals,pallium
,Q2346577,the layer of unmyelinated neurons (the grey matter) forming the cortex of the cerebrum,05494162-n,i65777,cerebral cortex|cerebral mantle|pallium|cortex,OEWN,Q2602063,p8814,outermost layer of an organ,cortex
,Q168552,the male sex organ,05534035-n,i65965,penis|phallus|member,OEWN,Q58,p8814,"aesthetic or practical object having penis-like quality, generally associated with rites and ceremonies of nature-worship supposed to have a magic influence in inducing fertility among the flocks and herds, as well as in the soil of the earth",phallus
,Q58,the male sex organ,05534035-n,i65965,penis|phallus|member,OEWN,Q58,p8814,primary sexual organ of male animals,penis
,Q16364,the passage to the stomach and lungs; in the front part of the neck below the chin and above the collarbone,05555141-n,i66072,throat|pharynx,OEWN,,p8814,"anterior part of the neck, in front of the vertebra",throat
,Q174778,the passage to the stomach and lungs; in the front part of the neck below the chin and above the collarbone,05555141-n,i66072,throat|pharynx,OEWN,,p8814,part of the throat that is behind the mouth and nasal cavity,pharynx
,Q206718,the small projection of a mammary gland,05562286-n,i66107,nipple|mammilla|mamilla|pap|teat|tit,OEWN,,p8814,projection of mammary glands in mammals,teat
,Q188641,the small projection of a mammary gland,05562286-n,i66107,nipple|mammilla|mamilla|pap|teat|tit,OEWN,,p8814,part of the breast,nipple
,Q1029907,the region of the body of a vertebrate between the thorax and the pelvis,05564576-n,i66121,abdomen|venter|stomach|belly,OEWN,Q9597,p8814,digestive organ,stomach
,Q9597,the region of the body of a vertebrate between the thorax and the pelvis,05564576-n,i66121,abdomen|venter|stomach|belly,OEWN,Q9597,p8814,"in vertebrates, region of the body between the thorax at the top and the pelvis at the bottom; in insects, segment at the caudal end of the body, following on from the head and thorax",abdomen
02442560-n,Q219588,the (prehensile) extremity of the superior limb,05572223-n,i66153,hand|manus|mitt|paw,OEWN,,p8814,soft foot-like part of a mammal that has claws,paw
,Q33767,the (prehensile) extremity of the superior limb,05572223-n,i66153,hand|manus|mitt|paw,OEWN,,p8814,extremity at the end of an arm or forelimb,hand
,Q831589,a finger or toe in human beings or corresponding body part in other vertebrates,05573730-n,i66160,digit|dactyl,OEWN,Q34583,p8814,"archaic mythical race of male beings associated with Rhea, the Great Mother",Dactyls
,Q34583,a finger or toe in human beings or corresponding body part in other vertebrates,05573730-n,i66160,digit|dactyl,OEWN,Q34583,p8814,"part of a limb, such as fingers or toes, present in many vertebrates",digit
,Q1072278,the hard structure (bones and cartilages) that provides a frame for the body of an animal,05593033-n,i66267,skeletal system|skeleton|frame|systema skeletale,OEWN,Q7881,p8814,general shape of a person defined by the molding of skeletal structures and the distribution of muscles and fat,human body shape
,Q7881,the hard structure (bones and cartilages) that provides a frame for the body of an animal,05593033-n,i66267,skeletal system|skeleton|frame|systema skeletale,OEWN,Q7881,p8814,part of a body that forms the supporting structure,skeleton
,Q41781638,the human face (‘kisser’ and ‘smiler’ and ‘mug’ are informal terms for ‘face’ and ‘phiz’ is British),05609112-n,i66346,countenance|physiognomy|phiz|visage|kisser|smiler|mug,OEWN,,p8814,apple cultivar,Smiler
,Q841933,the human face (‘kisser’ and ‘smiler’ and ‘mug’ are informal terms for ‘face’ and ‘phiz’ is British),05609112-n,i66346,countenance|physiognomy|phiz|visage|kisser|smiler|mug,OEWN,,p8814,assessment of a person's character or personality from their outer appearance,physiognomy
,Q2629117,(religion) the world of the dead,05637164-n,i66490,Hell|Hades|infernal region|netherworld|Scheol|underworld|Sheol,OEWN,,p8814,lowest level of the Naraka (hell) realm in Buddhism,Avīci
,Q1521549,(religion) the world of the dead,05637164-n,i66490,Hell|Hades|infernal region|netherworld|Scheol|underworld|Sheol,OEWN,,p8814,location in Greek mythology,Greek underworld
,Q350834,adroitness in using the hands,05650660-n,i66570,dexterity|manual dexterity|sleight,OEWN,,p8814,fine motor skills used to entertain or manipulate,sleight of hand
,Q46627,adroitness in using the hands,05650660-n,i66570,dexterity|manual dexterity|sleight,OEWN,,p8814,"coordination of small muscles, particularly of the hands and fingers, with the eyes",fine motor skill
,Q3955369,the faculty through which the external world is apprehended,05659816-n,i66622,sense|sensation|sentience|sentiency|sensory faculty,OEWN,,p8814,body's detection of external or internal stimulation,sensation
,Q173253,the faculty through which the external world is apprehended,05659816-n,i66622,sense|sensation|sentience|sentiency|sensory faculty,OEWN,,p8814,physiological capacity of organisms that provides data for perception,sense
,Q935526,something or someone that provides a source of happiness,05838106-n,i67515,joy|delight|pleasure,OEWN,,p8814,feeling of happiness,joy
,Q208195,something or someone that provides a source of happiness,05838106-n,i67515,joy|delight|pleasure,OEWN,,p8814,"broad class of mental states that humans and other animals experience as positive, enjoyable, or worth seeking",pleasure
,Q7271585,a temporally organized plan for matters to be attended to,05919534-n,i67903,agenda|docket|schedule,OEWN,Q1758159,p8814,time management tool listing times when events are intended to take place,schedule
,Q1758159,a temporally organized plan for matters to be attended to,05919534-n,i67903,agenda|docket|schedule,OEWN,Q1758159,p8814,list of items to be taken up during a meeting,meeting agenda
,Q188847,the branch of biology concerned with the relations between organisms and their environment,06080479-n,i68604,ecology|bionomics|environmental science,OEWN,Q7150,p8814,interdisciplinary field that studies human interaction with the environment,environmental science
,Q7150,the branch of biology concerned with the relations between organisms and their environment,06080479-n,i68604,ecology|bionomics|environmental science,OEWN,Q7150,p8814,scientific study of the relationships between living organisms,ecology
,Q22719,the theory and practice of navigation through air or space,06106520-n,i68677,aeronautics|astronautics,OEWN,,p8814,theory and practice of navigation beyond the Earth's atmosphere,astronautics
,Q8421,the theory and practice of navigation through air or space,06106520-n,i68677,aeronautics|astronautics,OEWN,,p8814,"science and art of study, design, manufacturing, and operation of airflight-capable machines",aeronautics
,Q1352795,the branch of mechanics concerned with the forces that cause motions of bodies,06123204-n,i68748,dynamics|kinetics,OEWN,,p8814,organisation responsible for preserving and restoring cinematographic heritage,cinematheque
,Q128030,the branch of mechanics concerned with the forces that cause motions of bodies,06123204-n,i68748,dynamics|kinetics,OEWN,,p8814,branch of mechanics studying forces and their effect on motion,dynamics
,Q11023,the discipline dealing with the art or science of applying scientific knowledge to practical problems,06134474-n,i68798,engineering|engineering science|applied science|technology,OEWN,Q28797,p8814,type of applied science,engineering
,Q11016,the discipline dealing with the art or science of applying scientific knowledge to practical problems,06134474-n,i68798,engineering|engineering science|applied science|technology,OEWN,Q28797,p8814,"making, modification, usage, and knowledge of tools, machines, techniques, crafts, systems, and methods of organization, or tools and techniques so created",technology
,Q179310,the branch of engineering science that studies (with the aid of computers) computable processes and structures,06138021-n,i68812,computer science|computing,OEWN,Q21198,p8814,human activity related to the processing of information by use of mechanical devices,computing
,Q21198,the branch of engineering science that studies (with the aid of computers) computable processes and structures,06138021-n,i68812,computer science|computing,OEWN,Q21198,p8814,study of computation,computer science
,Q40634,the humanistic study of language and literature,06180756-n,i68983,linguistics|philology,OEWN,Q40634,p8814,study of language in written historical sources,philology
06182505-n,Q8162,the humanistic study of language and literature,06180756-n,i68983,linguistics|philology,OEWN,Q40634,p8814,scientific study of language,linguistics
,Q897511,the science of analyzing and deciphering codes and ciphers and cryptograms,06182218-n,i68990,cryptanalysis|cryptanalytics|cryptography|cryptology,OEWN,,p8814,study of analyzing information systems in order to discover their hidden aspects,cryptanalysis
,Q8789,the science of analyzing and deciphering codes and ciphers and cryptograms,06182218-n,i68990,cryptanalysis|cryptanalytics|cryptography|cryptology,OEWN,,p8814,practice and study of secure communication techniques,cryptography
,Q1468229,the monotheistic religion of the Jews having its spiritual and ethical principles embodied chiefly in the Torah and in the Talmud,06243034-n,i69284,Judaism,OEWN,,p8814,secret adherence to Judaism,Crypto-Judaism
,Q9268,the monotheistic religion of the Jews having its spiritual and ethical principles embodied chiefly in the Torah and in the Talmud,06243034-n,i69284,Judaism,OEWN,,p8814,Abrahamic monotheistic ethnic religion of the Jews,Judaism
,Q189746,the monotheistic religious system of Muslims founded in Arabia in the 7th century and based on the teachings of Muhammad as laid down in the Koran,06244979-n,i69290,Islam|Islamism|Mohammedanism|Muhammadanism|Muslimism,OEWN,Q432,p8814,political ideology for applying Islamic doctrine to politics and society,Islamism
,Q432,the monotheistic religious system of Muslims founded in Arabia in the 7th century and based on the teachings of Muhammad as laid down in the Koran,06244979-n,i69290,Islam|Islamism|Mohammedanism|Muhammadanism|Muslimism,OEWN,Q432,p8814,monotheistic Abrahamic religion founded by Muhammad,Islam
,Q871232,an article giving opinions or perspectives,06279220-n,i69449,column|editorial|newspaper column,OEWN,,p8814,journalism genre,editorial
,Q267628,an article giving opinions or perspectives,06279220-n,i69449,column|editorial|newspaper column,OEWN,,p8814,recurring piece or article in a periodical,column
,Q34770,a systematic means of communicating by the use of sounds or conventional symbols,06293304-n,i69527,language|linguistic communication,OEWN,,p8814,"particular system of communication, often named for the region or peoples that use it",language
,Q315,a systematic means of communicating by the use of sounds or conventional symbols,06293304-n,i69527,language|linguistic communication,OEWN,,p8814,general system which gives humans the ability to communicate,language
,Q2105891,the case expressing ownership,06322842-n,i69651,genitive|genitive case|possessive|possessive case,OEWN,Q146233,p8814,word or grammatical construction used to indicate a relationship of possession in a broad sense,possessive
,Q146233,the case expressing ownership,06322842-n,i69651,genitive|genitive case|possessive|possessive case,OEWN,Q146233,p8814,"grammatical case that marks a word as modifying another word, indicating possession, composition, etc.",genitive case
,Q2714354,a code of letters and digits added to a postal address to aid in the sorting of mail,06367112-n,i69881,ZIP code|ZIP|postcode|postal code,OEWN,Q136208|Q37447,p8814,postal code system,postal codes in Turkey
,Q37447,a code of letters and digits added to a postal address to aid in the sorting of mail,06367112-n,i69881,ZIP code|ZIP|postcode|postal code,OEWN,Q136208|Q37447,p8814,series of letters and digits for sorting mail,postal code
,Q37484,a long narrative poem telling of a hero's deeds,06391344-n,i70004,epic poem|heroic poem|epic|epos,OEWN,,p8814,"lengthy narrative poem, ordinarily detailing heroic deeds",epic poem
,Q690174,a long narrative poem telling of a hero's deeds,06391344-n,i70004,epic poem|heroic poem|epic|epos,OEWN,,p8814,heroic epic of the Kirgiz people,Epic of Manas
,Q7239797,a short introductory essay preceding the text of a book,06409546-n,i70104,foreword|preface|prolusion,OEWN,,p8814,essay by Søren Kierkegaard,Prefaces
,Q1358138,a short introductory essay preceding the text of a book,06409546-n,i70104,foreword|preface|prolusion,OEWN,,p8814,"section at the beginning of a book or report, usually written by someone other than the author, that introduces or commends the document to the reader",foreword
,Q15123051,beautiful handwriting,06415612-n,i70137,calligraphy|penmanship|chirography,OEWN,,p8814,"technique of writing by hand using a writing instrument such as a pen or pencil, as distinct from typewriting or digital text input; also refers to the physical documents produced by this method",handwriting
,Q12681,beautiful handwriting,06415612-n,i70137,calligraphy|penmanship|chirography,OEWN,,p8814,visual art related to writing,calligraphy
,Q327611,a small book usually having a paper cover,06425532-n,i70195,booklet|brochure|folder|leaflet|pamphlet,OEWN,,p8814,form of paper advertisement intended for wide distribution,flyer
,Q190399,a small book usually having a paper cover,06425532-n,i70195,booklet|brochure|folder|leaflet|pamphlet,OEWN,,p8814,unbound booklet containing text,pamphlet
,Q11034548,a negotiable certificate that can be detached and redeemed as needed,06530059-n,i70718,coupon|voucher,OEWN,,p8814,ticket or document that can be redeemed for a financial discount or rebate when purchasing a product,coupon
,Q689044,a negotiable certificate that can be detached and redeemed as needed,06530059-n,i70718,coupon|voucher,OEWN,,p8814,receipt or bond with a certain value,voucher
,Q723838,a decree that prohibits something,06554038-n,i70844,prohibition|ban|proscription,OEWN,Q621608,p8814,public identification and official condemnation of enemies of the state,proscription
,Q621608,a decree that prohibits something,06554038-n,i70844,prohibition|ban|proscription,OEWN,Q621608,p8814,"official rule or ruling prohibiting something generally, or forbidding someone to do something others can do",ban
,Q5393493,a legal document signed and sealed and delivered to effect a transfer of property and to show the legal right to possess it,06557128-n,i70858,deed|deed of conveyance|title,OEWN,,p8814,bundle of rights in a piece of property in which a party may own either a legal interest or equitable interest,title
,Q705914,a legal document signed and sealed and delivered to effect a transfer of property and to show the legal right to possess it,06557128-n,i70858,deed|deed of conveyance|title,OEWN,,p8814,type of legal instrument in common law,deed
,Q4281973,a card for sending messages by post without an envelope,06640445-n,i71313,postcard|post card|postal card|mailing-card,OEWN,,p8814,postal stationery with an imprinted stamp or indicium signifying the prepayment of postage,postal card
,Q192425,a card for sending messages by post without an envelope,06640445-n,i71313,postcard|post card|postal card|mailing-card,OEWN,,p8814,"a piece of thick paper or thin cardboard, typically rectangular, intended for writing and mailing without an envelope",postcard
,Q13197791,an expression of regret at having caused trouble for someone,06645870-n,i71342,apology,OEWN,,p8814,expression of regret or remorse,apology
,Q273668,an expression of regret at having caused trouble for someone,06645870-n,i71342,apology,OEWN,,p8814,work by Plato,Apology
,Q2562511,a mark of a foot or shoe on a surface,06657802-n,i71400,footprint|footmark|step,OEWN,,p8814,impression of the foot in a soft substance such as sand or snow,footprint
,Q135790,a mark of a foot or shoe on a surface,06657802-n,i71400,footprint|footmark|step,OEWN,,p8814,"imprint left behind in soil, snow, or mud, or on some other ground surface, by an animal walking across it",animal track
06625409-n,Q206287,a short note recognizing a source of information or of a quoted passage,06776392-n,i72034,citation|cite|acknowledgment|credit|reference|mention|quotation,OEWN,,p8814,repetition of one expression as part of another one,quotation
,Q1713,a short note recognizing a source of information or of a quoted passage,06776392-n,i72034,citation|cite|acknowledgment|credit|reference|mention|quotation,OEWN,,p8814,reference to a source,citation
,Q464399,a friendly understanding between political powers,06785262-n,i72077,entente|entente cordiale,OEWN,,p8814,"series of agreements between the United Kingdom and France about colonies in Africa, Siam (Thailand), Newfoundland, and New Hebrides (Vanuatu)",Entente Cordiale
,Q177859,a friendly understanding between political powers,06785262-n,i72077,entente|entente cordiale,OEWN,,p8814,"early 20th century alliance between France, Russia and the United Kingdom",Triple Entente
,Q3695082,any nonverbal action or gesture that encodes a message,06804229-n,i72174,signal|signaling|sign|signalling,OEWN,,p8814,"semiotic concept; object, quality, event, or entity whose presence or occurrence indicates the probable presence or occurrence of something else; includes words, punctuation, expressions, gestures, notices, road signs, symbols, pictures, etc.",sign
,Q174984,any nonverbal action or gesture that encodes a message,06804229-n,i72174,signal|signaling|sign|signalling,OEWN,,p8814,manifestation of information by variation of a physical phenomenon,signal
,Q1261015,a specific size and style of type within a type family,06838449-n,i72362,font|fount|typeface|face|case,OEWN,,p8814,"writing style in which the letters are individualized, without any connection between them",block lettering
,Q17451,a specific size and style of type within a type family,06838449-n,i72362,font|fount|typeface|face|case,OEWN,,p8814,set of glyphs that share common design features,typeface
,Q4868296,a specific size and style of type within a type family,06838449-n,i72362,font|fount|typeface|face|case,OEWN,,p8814,"particular size, weight and style of a typeface",font
,Q4927079,the 11th letter of the Greek alphabet,06848256-n,i72422,lambda,OEWN,Q10897,p8814,structure in the skull,lambda
,Q10897,the 11th letter of the Greek alphabet,06848256-n,i72422,lambda,OEWN,Q10897,p8814,eleventh letter of the Greek alphabet,Λ
,Q14425,the 22nd letter of the Greek alphabet,06849431-n,i72433,chi|khi,OEWN,Q14425,p8814,Greek letter “chi” or “khi”,Χ/χ
,Q9937,the 22nd letter of the Greek alphabet,06849431-n,i72433,chi|khi,OEWN,Q14425,p8814,14th letter of the basic Latin alphabet,N/n
,Q6269452,the last (24th) letter of the Greek alphabet,06849649-n,i72435,omega,OEWN,Q9890,p8814,,Joint Task Force OMEGA
,Q9890,the last (24th) letter of the Greek alphabet,06849649-n,i72435,omega,OEWN,Q9890,p8814,"omega, twenty-fourth letter of the Greek alphabet",Ω/ω
,Q17525358,the 9th letter of the Hebrew alphabet,06850622-n,i72444,teth,OEWN,,p8814,ninth letter of many Semitic alphabets,teth
,Q15163,the 9th letter of the Hebrew alphabet,06850622-n,i72444,teth,OEWN,,p8814,ninth letter in the Hebrew alphabet,ט
,Q17525380,the 13th letter of the Hebrew alphabet,06851055-n,i72448,mem,OEWN,,p8814,thirteenth letter of many Semitic alphabets,mem
,Q19122,the 13th letter of the Hebrew alphabet,06851055-n,i72448,mem,OEWN,,p8814,thirteenth letter of the Hebrew alphabet,מ
,Q42425147,the 15th letter of the Hebrew alphabet,06851269-n,i72450,samekh,OEWN,Q15035,p8814,fifteenth letter of many Semitic abjads,samekh
,Q15035,the 15th letter of the Hebrew alphabet,06851269-n,i72450,samekh,OEWN,Q15035,p8814,fifteenth letter in the Hebrew alphabet,ס
06920935-n,Q28092,family of North American Indian languages spoken from Labrador to South Carolina and west to the Great Plains,06919747-n,i72807,Algonquian|Algonquin|Algonquian language,OEWN,Q33392,p8814,distinct Algonquian language closely related to the Ojibwe language or a particularly divergent Ojibwe dialect,Algonquin
,Q33392,family of North American Indian languages spoken from Labrador to South Carolina and west to the Great Plains,06919747-n,i72807,Algonquian|Algonquin|Algonquian language,OEWN,Q33392,p8814,subfamily of Native American languages,Algonquian
,Q56696,the Algonquian language spoken by the Cree,06922074-n,i72821,Cree|Cree language,OEWN,Q56696,p8814,Algonquian language of Canada,Swampy Cree
,Q33390,the Algonquian language spoken by the Cree,06922074-n,i72821,Cree|Cree language,OEWN,Q56696,p8814,aboriginal language continuum spoken in Canada,Cree
,Q2963878,the Algonquian language spoken by the Ojibwa,06924142-n,i72841,Ojibwa|Ojibway|Chippewa|Ojibway language|Ojibwa language|Chippewa language,OEWN,Q33875,p8814,Algonquian language; southwestern variety of Ojibwe,Chippewa
,Q33875,the Algonquian language spoken by the Ojibwa,06924142-n,i72841,Ojibwa|Ojibway|Chippewa|Ojibway language|Ojibwa language|Chippewa language,OEWN,Q33875,p8814,Central Algonquian language,Ojibwe
,Q1025090,a family of North American Indian languages spoken widely in the Midwest by the Caddo,06928377-n,i72877,Caddo|Caddoan|Caddoan language,OEWN,Q1025090,p8814,family of Native American languages,Caddoan
,Q56756,a family of North American Indian languages spoken widely in the Midwest by the Caddo,06928377-n,i72877,Caddo|Caddoan|Caddoan language,OEWN,Q1025090,p8814,Native American language,Caddo
,Q27796,the language spoken by the Eskimo,06930991-n,i72897,Eskimo|Esquimau|Eskimo language|Esquimau language,OEWN,Q20736,p8814,branch of the Inuit–Yupik (Eskimo) language subfamily of the Eskaleut languages,Inuit
,Q20736,the language spoken by the Eskimo,06930991-n,i72897,Eskimo|Esquimau|Eskimo language|Esquimau language,OEWN,Q20736,p8814,branch of the Eskimo-Aleut languages,Inuit–Yupik
,Q59245703,a family of American Indian languages spoken by Mayas,06931991-n,i72906,Maya|Mayan|Mayan language,OEWN,Q33738,p8814,language of Australia,Maya
,Q33738,a family of American Indian languages spoken by Mayas,06931991-n,i72906,Maya|Mayan|Mayan language,OEWN,Q33738,p8814,language family spoken in Mesoamerica,Mayan
,Q83328,a Turkic language spoken by the Turks,06939575-n,i72966,Turkish|Turkish language,OEWN,Q256,p8814,family of ethnic groups of Eurasia,Turkic peoples
,Q256,a Turkic language spoken by the Turks,06939575-n,i72966,Turkish|Turkish language,OEWN,Q256,p8814,Oghuz Turkic language of the Turkish people,Turkish
,Q33750,a family of Altaic language spoken in Mongolia,06941616-n,i72982,Mongolian|Mongolic|Mongolic language,OEWN,Q33750,p8814,language family of Eurasia,Mongolic
,Q9246,a family of Altaic language spoken in Mongolia,06941616-n,i72982,Mongolian|Mongolic|Mongolic language,OEWN,Q33750,p8814,official language of Mongolia,Mongolian
,Q7033959,the dialect of Chinese spoken in Canton and neighboring provinces and in Hong Kong and elsewhere outside China,06943204-n,i72991,Yue|Yue dialect|Cantonese|Cantonese dialect,OEWN,Q9186,p8814,primary branch of Chinese spoken in southern China,Yue Chinese
,Q9186,the dialect of Chinese spoken in Canton and neighboring provinces and in Hong Kong and elsewhere outside China,06943204-n,i72991,Yue|Yue dialect|Cantonese|Cantonese dialect,OEWN,Q9186,p8814,"variety of Yue Chinese spoken in Guangzhou, Hong Kong, and Macau",Cantonese
,Q56504,any of the forms of Chinese spoken in Fukien province,06943410-n,i72992,Min|Min dialect|Fukien|Fukkianese|Hokkianese|Amoy|Taiwanese|Amoy language|Fukkianese language|Hokkianese language|Taiwanese language|Fukien language|Min language,OEWN,Q56504,p8814,language family,Min Chinese
,Q36778,any of the forms of Chinese spoken in Fukien province,06943410-n,i72992,Min|Min dialect|Fukien|Fukkianese|Hokkianese|Amoy|Taiwanese|Amoy language|Fukkianese language|Hokkianese language|Taiwanese language|Fukien language|Min language,OEWN,Q56504,p8814,"variety of Hokkien mainly spoken in Taiwan, official name is Taiwanese Taigi",Taiwanese Hokkien
,Q1364815,the Tibeto-Burman language spoken in the Thailand and Burmese borderlands,06944907-n,i73000,Karen|Karenic|Karenic language|Karen language,OEWN,Q1364815,p8814,language family,Karenic
,Q271790,the Tibeto-Burman language spoken in the Thailand and Burmese borderlands,06944907-n,i73000,Karen|Karenic|Karenic language|Karen language,OEWN,Q1364815,p8814,ethnolinguistic group of people in Myanmar and Thailand,Karen people
,Q17004185,"a Loloish language, spoken in South Yunnan Province, Jingdong and Jinggu counties, Yuanjiang and Lancang (Mekong) river basins, Ailao mountains",06945580-n,i73005,Hani|Akha|Hani language|Akha language,OEWN,Q17004185,p8814,language group,Hani
,Q56516,"a Loloish language, spoken in South Yunnan Province, Jingdong and Jinggu counties, Yuanjiang and Lancang (Mekong) river basins, Ailao mountains",06945580-n,i73005,Hani|Akha|Hani language|Akha language,OEWN,Q17004185,p8814,language,Hani
,Q7679471,a family of Sino-Tibetan languages spoken in southeastern Asia,06946909-n,i73017,Kadai|Kam-Tai|Kadai language,OEWN,Q34171,p8814,language in North Maluku,Kadai
,Q34171,a family of Sino-Tibetan languages spoken in southeastern Asia,06946909-n,i73017,Kadai|Kam-Tai|Kadai language,OEWN,Q34171,p8814,language family of mainland Southeast Asia,Kra–Dai
,Q7675861,the most widespread and best known of the Kadai family of languages,06947166-n,i73019,Tai,OEWN,Q749720,p8814,Kalam language spoken in Papua New Guinea,Tai
,Q749720,the most widespread and best known of the Kadai family of languages,06947166-n,i73019,Tai,OEWN,Q749720,p8814,branch of the Kra–Dai language family,Tai
,Q72695,"a branch of the Tai languages, spoken in the north, mainly Cao Bang, Lang Son, Bac Kan, Tuyen Quang, Ha Giang, Lao Cai and Thai Nguyen provinces, possibly in Ho Chi Minh City and other sothern locations",06948767-n,i73032,Nung,OEWN,Q72695,p8814,Tai language spoken in Vietnam,Nung
,Q2748232,"a branch of the Tai languages, spoken in the north, mainly Cao Bang, Lang Son, Bac Kan, Tuyen Quang, Ha Giang, Lao Cai and Thai Nguyen provinces, possibly in Ho Chi Minh City and other sothern locations",06948767-n,i73032,Nung,OEWN,Q72695,p8814,Sino-Tibetan language spoken in China,Nung
,Q36264959,a family of languages spoken by people scattered throughout central India,06949600-n,i73040,Munda,OEWN,Q33892,p8814,,Munda
,Q33892,a family of languages spoken by people scattered throughout central India,06949600-n,i73040,Munda,OEWN,Q33892,p8814,"language family, subclass of Austroasiatic language family",Munda
,Q10958896,the branch of the Austronesian languages spoken from Madagascar to the central Pacific,06950545-n,i73047,Malayo-Polynesian|Polynesian,OEWN,Q143158,p8814,language of French Polynesia,Polynesian
,Q143158,the branch of the Austronesian languages spoken from Madagascar to the central Pacific,06950545-n,i73047,Malayo-Polynesian|Polynesian,OEWN,Q143158,p8814,major subgroup of the Austronesian language family,Malayo-Polynesian
,Q1282763,the Oceanic language spoken on Tahiti,06951071-n,i73050,Tahitian|Tahitian language,OEWN,Q34128,p8814,Polynesian ethnic group Indigenous to French Polynesia,Tahitians
,Q34128,the Oceanic language spoken on Tahiti,06951071-n,i73050,Tahitian|Tahitian language,OEWN,Q34128,p8814,language of French Polynesia without official language status,Tahitian
06952763-n,Q34057,official language of the Philippines; based on Tagalog; draws its lexicon from other Philippine languages,06952518-n,i73061,Philippine|Filipino|Filipino language|Philippine language,OEWN,Q33298,p8814,Austronesian language; native language of the Tagalog ethnic group,Tagalog
,Q33298,official language of the Philippines; based on Tagalog; draws its lexicon from other Philippine languages,06952518-n,i73061,Philippine|Filipino|Filipino language|Philippine language,OEWN,Q33298,p8814,"official language of the Philippines; standard and prescriptive form of Tagalog language; alternative name for Tagalog language, particularly its standardized form",Filipino
,Q170217,the Slavic language of Czechs,06957673-n,i73092,Czech|Czech language,OEWN,Q9056,p8814,West Slavic ethnic group and nation,Czechs
,Q9056,the Slavic language of Czechs,06957673-n,i73092,Czech|Czech language,OEWN,Q9056,p8814,West Slavic language,Czech
,Q6760942,the Finnic language spoken by the Cheremis,06970027-n,i73161,Cheremis|Cheremiss|Mari|Mari language|Cheremis language|Cheremiss language,OEWN,Q973685,p8814,language,Mari
,Q973685,the Finnic language spoken by the Cheremis,06970027-n,i73161,Cheremis|Cheremiss|Mari|Mari language|Cheremis language|Cheremiss language,OEWN,Q973685,p8814,Uralic language,Mari
,Q2779185,the medieval dialects of Langue d'oc (southern France),06978970-n,i73219,Provencal|Occitan|Old Occitan|Langue d'oc|Langue d'oc French,OEWN,Q2779185,p8814,Old Romance language,Old Occitan
84545177-n,Q14185,the medieval dialects of Langue d'oc (southern France),06978970-n,i73219,Provencal|Occitan|Old Occitan|Langue d'oc|Langue d'oc French,OEWN,Q2779185,p8814,Romance language of Western Europe,Occitan
,Q2042538,the Hellenic branch of the Indo-European family of languages,06989052-n,i73283,Greek|Hellenic|Hellenic language,OEWN,Q2042538,p8814,branch of Indo-European language family,Hellenic
,Q9129,the Hellenic branch of the Indo-European family of languages,06989052-n,i73283,Greek|Hellenic|Hellenic language,OEWN,Q2042538,p8814,Indo-European language,Greek
,Q35607,a Dravidian language spoken by the Kota,06992305-n,i73304,Kota|Kotar|Kota language|Kotar language,OEWN,Q33483,p8814,language of Gabon,Kota
,Q33483,a Dravidian language spoken by the Kota,06992305-n,i73304,Kota|Kotar|Kota language|Kotar language,OEWN,Q33483,p8814,language of India,Kota
,Q18650060,"a Dravidian language spoken in south central India, specifically in Odisha, Kalahandi district, Thuamur Rampur subdivision",06993847-n,i73316,Manda|Manda language,OEWN,Q56760,p8814,dialect of Western Daly languages,Manda
,Q56760,"a Dravidian language spoken in south central India, specifically in Odisha, Kalahandi district, Thuamur Rampur subdivision",06993847-n,i73316,Manda|Manda language,OEWN,Q56760,p8814,Dravidian language,Manda
,Q6442230,the Dravidian language spoken by the Kui in southeastern India,06993949-n,i73317,Kui|Kui language,OEWN,Q33919,p8814,language spoken in Indonesia,Kui
,Q33919,the Dravidian language spoken by the Kui in southeastern India,06993949-n,i73317,Kui|Kui language,OEWN,Q33919,p8814,Dravidian language spoken in Eastern India,Kui
,Q3440432,"a Chadic language spoken in northern Nigeria, especially in the Plateau State, Bokkos, Barakin-Ladi, and Mangu LGAs",06995774-n,i73332,Ron|Bokkos|Daffo|Ron language|Daffo language|Bokkos language,OEWN,Q1157129,p8814,Chadic language cluster spoken in Nigeria,Ron
,Q1157129,"a Chadic language spoken in northern Nigeria, especially in the Plateau State, Bokkos, Barakin-Ladi, and Mangu LGAs",06995774-n,i73332,Ron|Bokkos|Daffo|Ron language|Daffo language|Bokkos language,OEWN,Q1157129,p8814,language of Nigeria,Daffo
,Q106103295,"a Chadic language spoken south of Lake Chad, especially in the Borno State, Biu and Askira-Uba LGAs, Adamawa State, Gombi LGA",06996555-n,i73338,Bura|Pabir|Bura language|Pabir language,OEWN,Q56552,p8814,Espiritu Santo language of Vanuatu,Bura
,Q56552,"a Chadic language spoken south of Lake Chad, especially in the Borno State, Biu and Askira-Uba LGAs, Adamawa State, Gombi LGA",06996555-n,i73338,Bura|Pabir|Bura language|Pabir language,OEWN,Q56552,p8814,language,Bura
,Q36221,the Cushitic language spoken by the Somali,07003664-n,i73383,Somali|Somali language,OEWN,Q13275,p8814,Cushitic language,Maay-Maay language
,Q13275,the Cushitic language spoken by the Somali,07003664-n,i73383,Somali|Somali language,OEWN,Q13275,p8814,Afroasiatic language belonging to the Cushitic branch,Somali
,Q1295544,a Bantu language spoken in Cameroon,07005589-n,i73392,Fang|Fang language,OEWN,Q33484,p8814,"ethnic group in Cameroon, Gabon and Equatorial Guinea",Fang people
,Q33484,a Bantu language spoken in Cameroon,07005589-n,i73392,Fang|Fang language,OEWN,Q33484,p8814,"Bantu language of Equatorial Guinea, northwest Gabon and neighbouring areas",Fang
,Q5433811,a Bantu language spoken in Cameroon,07005589-n,i73392,Fang|Fang language,OEWN,Q33484,p8814,African language native to Cameroon,Fang
,Q11028619,"a Bantu language, spoken in Zambia and Angola",07006817-n,i73404,Mashi|Mashi language,OEWN,Q10962737,p8814,language spoken in Nigeria,Mashi
,Q10962737,"a Bantu language, spoken in Zambia and Angola",07006817-n,i73404,Mashi|Mashi language,OEWN,Q10962737,p8814,Bantu language spoken in Zambia and Angola,Mashi
,Q35613,a Bantu language sometimes considered a dialect of Zulu,07007148-n,i73407,Ndebele|Matabele,OEWN,Q35613,p8814,"language belonging to the Nguni group of Bantu languages, one of the official languages of Zimbabwe",Northern Ndebele
,Q13155057,a Bantu language sometimes considered a dialect of Zulu,07007148-n,i73407,Ndebele|Matabele,OEWN,Q35613,p8814,language,Ndebele
,Q3197533,the most widely spoken Bantu languages; the official language of Kenya and Tanzania and widely used as a lingua franca in east and central Africa,07008452-n,i73418,Swahili|Swahili language|Kiswahili|Kiswahili language,OEWN,Q7838,p8814,"language with code ""swh"", official variety of swahili",Kiswahili
,Q7838,the most widely spoken Bantu languages; the official language of Kenya and Tanzania and widely used as a lingua franca in east and central Africa,07008452-n,i73418,Swahili|Swahili language|Kiswahili|Kiswahili language,OEWN,Q7838,p8814,Bantu language spoken mainly in East Africa,Swahili
,Q7820988,the language of the Tongan people of south central Africa (Zambia and Zimbabwe),07008689-n,i73419,Tonga|Tonga language,OEWN,Q34101,p8814,Bantu language spoken along the southern coast of Mozambique,Tonga
,Q34101,the language of the Tongan people of south central Africa (Zambia and Zimbabwe),07008689-n,i73419,Tonga|Tonga language,OEWN,Q34101,p8814,Bantu language of Zambia and Zimbabwe,Tonga
,Q25379,a dramatic work intended for performance by actors on a stage,07021061-n,i73487,play|drama|dramatic play,OEWN,Q25379,p8814,"theatrical dramatic work intended to be performed by actors (in theatre, radio or recorded for TV)",play
,Q25372,a dramatic work intended for performance by actors on a stage,07021061-n,i73487,play|drama|dramatic play,OEWN,Q25379,p8814,"formal type of literature intended for performance, where the text is written in the form of character lines and the author's remarks and is usually divided into acts and scenes",drama
,Q940462,a variety show with songs and comic acts etc.,07033537-n,i73563,vaudeville|music hall,OEWN,,p8814,type of British theatrical entertainment popular between 1850 and 1960,music hall
,Q186286,a variety show with songs and comic acts etc.,07033537-n,i73563,vaudeville|music hall,OEWN,,p8814,entertainment genre,vaudeville
,Q2936887,a song of praise (to God or to a saint or to a nation),07049616-n,i73630,hymn|anthem,OEWN,Q484692,p8814,activity in student societies involving singing traditional songs and drinking beer,cantus
,Q484692,a song of praise (to God or to a saint or to a nation),07049616-n,i73630,hymn|anthem,OEWN,Q484692,p8814,combination of text and tune specifically written for the purpose of adoration or prayer,hymn
,Q3841820,a letter of the alphabet standing for a spoken consonant,07130089-n,i74052,consonant,OEWN,,p8814,"letter in an alphabet, which generally represents a consonantal phoneme",consonant letter
,Q38035,a letter of the alphabet standing for a spoken consonant,07130089-n,i74052,consonant,OEWN,,p8814,speech sound that is articulated with complete or partial closure of the vocal tract,consonant
,Q1932016,a loud utterance; often in protest or opposition,07135232-n,i74082,cry|outcry|call|yell|shout|vociferation,OEWN,,p8814,loud vocalization by some living creature,screaming
,Q471379,a loud utterance; often in protest or opposition,07135232-n,i74082,cry|outcry|call|yell|shout|vociferation,OEWN,,p8814,group of paintings by Edvard Munch,The Scream
,Q471379,a loud utterance of emotion (especially when inarticulate),07135865-n,i74083,cry|yell,OEWN,,p8814,group of paintings by Edvard Munch,The Scream
,Q1932016,a loud utterance of emotion (especially when inarticulate),07135865-n,i74083,cry|yell,OEWN,,p8814,loud vocalization by some living creature,screaming
,Q840625,"a favorite saying of a group, organization or individual",07166967-n,i74248,motto|slogan|catchword|shibboleth,OEWN,,p8814,word or phrase that distinguishes one group of people from another,shibboleth
,Q30515,"a favorite saying of a group, organization or individual",07166967-n,i74248,motto|slogan|catchword|shibboleth,OEWN,,p8814,memorable motto or phrase used in social movements & advertisements,slogan
,Q15138390,"a truncated cloth cone mounted on a mast; used (e.g., at airports) to show the direction of the wind",07272250-n,i74811,windsock|wind sock|sock|air sock|air-sleeve|wind sleeve|wind cone|drogue,OEWN,,p8814,drag device streamed behind a vessel,Drogue
,Q216346,"a truncated cloth cone mounted on a mast; used (e.g., at airports) to show the direction of the wind",07272250-n,i74811,windsock|wind sock|sock|air sock|air-sleeve|wind sleeve|wind cone|drogue,OEWN,,p8814,meteorological instrument,windsock
,Q2872553,an adhesive label,07287250-n,i74904,gummed label|sticker|paster,OEWN,,p8814,"piece of printed paper, plastic, or other material with pressure sensitive adhesive on one side",sticker
,Q336665,an adhesive label,07287250-n,i74904,gummed label|sticker|paster,OEWN,,p8814,"plastic, cloth, paper, or ceramic substrate that has a pattern or image printed on it",decal
,Q786054,a violent release of energy caused by a chemical or nuclear reaction,07323181-n,i75101,explosion|detonation|blowup,OEWN,,p8814,supersonic combustion of an explosive material,detonation
,Q179057,a violent release of energy caused by a chemical or nuclear reaction,07323181-n,i75101,explosion|detonation|blowup,OEWN,,p8814,sudden release of energy through high temperatures and gas expansion,explosion
,Q5850078,the cause of a disease,07342208-n,i75199,etiology|aetiology,OEWN,,p8814,reason or origination of some disease,etiology
,Q156318,the cause of a disease,07342208-n,i75199,etiology|aetiology,OEWN,,p8814,"study of causation, or origination",etiology
,Q870545,the sudden collapse of something into a hollow beneath it,07376016-n,i75376,cave in|subsidence,OEWN,,p8814,kind of structural collapse,cave-in
,Q849953,the sudden collapse of something into a hollow beneath it,07376016-n,i75376,cave in|subsidence,OEWN,,p8814,"the motion of a surface (usually, the Earth's surface) as it shifts downward relative to a datum such as sea-level",surface subsidence
,Q109587074,a metallic sound,07400598-n,i75513,jingle|jangle,OEWN,,p8814,guitar technique,jangle
,Q6202344,a metallic sound,07400598-n,i75513,jingle|jangle,OEWN,,p8814,percussion musical instrument,jingle
,Q12142910,a steady flow of a fluid (usually from natural causes),07421365-n,i75630,current|stream,OEWN,,p8814,movement of fluid matter,fluid flow
,Q4456944,a steady flow of a fluid (usually from natural causes),07421365-n,i75630,current|stream,OEWN,,p8814,magnitude and direction of flow in a fluid,current
,Q1671499,the ceremony of installing a new monarch,07468248-n,i75884,coronation|enthronement|enthronization|enthronisation|investiture,OEWN,,p8814,ceremony,enthronement
,Q209715,the ceremony of installing a new monarch,07468248-n,i75884,coronation|enthronement|enthronization|enthronisation|investiture,OEWN,,p8814,ceremony marking the formal investiture of a monarch and/or their consort with regal power,coronation
,Q7318107,a feeling of profound respect for someone or something,07536278-n,i76277,fear|reverence|awe|veneration,OEWN,,p8814,attitude of deep respect tinged with awe,reverence
,Q1579384,a feeling of profound respect for someone or something,07536278-n,i76277,fear|reverence|awe|veneration,OEWN,,p8814,"the act of honoring a saint, a person who has been identified as having a high degree of sanctity or holiness",veneration
,Q3815359,intense sorrow caused by loss of a loved one (especially by death),07550398-n,i76352,grief|heartache|heartbreak|brokenheartedness,OEWN,,p8814,sculpture by Josep Llimona i Bruguera,Desolation
,Q1026040,intense sorrow caused by loss of a loved one (especially by death),07550398-n,i76352,grief|heartache|heartbreak|brokenheartedness,OEWN,,p8814,reaction to loss of someone or something close or important,grief
,Q13305,an ice containing no milk but having a mushy consistency; usually made from fruit juice,07629957-n,i76838,water ice|sorbet,OEWN,Q13302,p8814,frozen dessert,Italian ice
,Q13302,an ice containing no milk but having a mushy consistency; usually made from fruit juice,07629957-n,i76838,water ice|sorbet,OEWN,Q13302,p8814,frozen dessert,sorbet
,Q29437,a flavored sugar topping used to coat and decorate cakes,07636431-n,i76889,frosting|icing|ice,OEWN,,p8814,glaze used on cookies or cakes,icing
,Q29263,a flavored sugar topping used to coat and decorate cakes,07636431-n,i76889,frosting|icing|ice,OEWN,,p8814,"hard white icing, made from softly beaten egg whites, icing sugar and sometimes lemon or lime juice",royal icing
,Q13270,any of various small flat sweet cakes,07650764-n,i76995,cookie|cooky|biscuit,OEWN,,p8814,sweet baked product,biscuit
,Q13266,any of various small flat sweet cakes,07650764-n,i76995,cookie|cooky|biscuit,OEWN,,p8814,baked treat,cookie
,Q3748739,chewy cookie usually containing almond paste,07652143-n,i77003,macaroon,OEWN,,p8814,Italian biscuit,Amaretto macaron
,Q3699636,chewy cookie usually containing almond paste,07652143-n,i77003,macaroon,OEWN,,p8814,type of cookie,macaroon
,Q12264276,a flat cake of thin batter fried on both sides on a griddle,07655812-n,i77033,pancake|battercake|flannel cake|flannel-cake|flapcake|flapjack|griddlecake|hotcake|hot cake,OEWN,,p8814,type of pancake,palatschinke
,Q954627,a flat cake of thin batter fried on both sides on a griddle,07655812-n,i77033,pancake|battercake|flannel cake|flannel-cake|flapcake|flapjack|griddlecake|hotcake|hot cake,OEWN,,p8814,"Dutch, Indonesian and South African pancake",pannenkoek
,Q12264276,small very thin pancake,07656747-n,i77039,crape|crepe|French pancake,OEWN,,p8814,type of pancake,palatschinke
,Q954627,small very thin pancake,07656747-n,i77039,crape|crepe|French pancake,OEWN,,p8814,"Dutch, Indonesian and South African pancake",pannenkoek
,Q10872500,thin slice of meat (especially veal) usually fried or broiled,07670495-n,i77132,cutlet|scallop|scollop|escallop,OEWN,,p8814,meat dish,cutlet
,Q6099,thin slice of meat (especially veal) usually fried or broiled,07670495-n,i77132,cutlet|scallop|scollop|escallop,OEWN,,p8814,"breaded, fried flat piece of meat",escalope
,Q10751820,a small pork sausage,07693727-n,i77303,bratwurst|brat,OEWN,Q899882,p8814,large Dutch sausage composed of pork,Verse Worst
,Q899882,a small pork sausage,07693727-n,i77303,bratwurst|brat,OEWN,Q899882,p8814,type of sausage,Bratwurst
,Q5477096,slice of sweet raised bread baked again until it is brown and hard and crisp,07705587-n,i77382,zwieback|rusk|Brussels biscuit|twice-baked bread,OEWN,Q4122049|Q5477096,p8814,"hard, dry biscuit or a twice-baked bread",rusk
,Q4122049,slice of sweet raised bread baked again until it is brown and hard and crisp,07705587-n,i77382,zwieback|rusk|Brussels biscuit|twice-baked bread,OEWN,Q4122049|Q5477096,p8814,form of rusk,rusk
,Q16983167,"a sandwich consisting of a fried cake of minced beef served on a bun, often with other ingredients",07712845-n,i77434,hamburger|beefburger|burger,OEWN,,p8814,dish consisting of a patty of ground beef,Hamburg steak
,Q6663,"a sandwich consisting of a fried cake of minced beef served on a bun, often with other ingredients",07712845-n,i77434,hamburger|beefburger|burger,OEWN,,p8814,American sandwich of ground beef patty,hamburger
,Q20767168,long pinkish sour leafstalks usually eaten cooked and sweetened,07729012-n,i77533,pieplant|rhubarb,OEWN,,p8814,herbaceous perennial plant in the family Polygonaceae,rhubarb
,Q7535,long pinkish sour leafstalks usually eaten cooked and sweetened,07729012-n,i77533,pieplant|rhubarb,OEWN,,p8814,"fleshy, edible stalks of plants from the genus Rheum",rhubarb
,Q14879985,kale that has smooth leaves,07729933-n,i77538,collards|collard greens,OEWN,,p8814,variety of plant,Brassica oleracea var. viridis
11895992-n,Q146212,kale that has smooth leaves,07729933-n,i77538,collards|collard greens,OEWN,,p8814,species of plant,Brassica oleracea
,Q23900272,compact head of white undeveloped flowers,07730848-n,i77545,cauliflower,OEWN,,p8814,"vegetable, for the plant see Q7537 (Brassica oleracea var. botrytis)",cauliflower
11897103-n,Q7537,compact head of white undeveloped flowers,07730848-n,i77545,cauliflower,OEWN,,p8814,vegetable in the species Brassica oleracea commonly called cauliflower,Brassica oleracea var. botrytis
,Q23012379,stalks eaten raw or cooked or used as seasoning,07746382-n,i77650,celery,OEWN,,p8814,common edible part of the celery plant,celery
12954034-n,Q28298,stalks eaten raw or cooked or used as seasoning,07746382-n,i77650,celery,OEWN,,p8814,"species of edible plant; the vegetables celery, celeriac and leaf celery are modern cultivars",Apium graveolens
,Q1785217,spicy red berrylike fruit; source of wintergreen oil,07759699-n,i77739,wintergreen|boxberry|checkerberry|teaberry|spiceberry,OEWN,,p8814,group of aromatic plants,Wintergreen
12256282-n,Q386770,spicy red berrylike fruit; source of wintergreen oil,07759699-n,i77739,wintergreen|boxberry|checkerberry|teaberry|spiceberry,OEWN,,p8814,species of plant,Gaultheria procumbens
,Q16136843,immense East Indian fruit resembling breadfruit; it contains an edible pulp and nutritious seeds that are commonly roasted,07770660-n,i77810,jackfruit|jak|jack,OEWN,,p8814,edible fruit of the jack tree (Artocarpus heterophyllus),jackfruit
12421225-n,Q45757,immense East Indian fruit resembling breadfruit; it contains an edible pulp and nutritious seeds that are commonly roasted,07770660-n,i77810,jackfruit|jak|jack,OEWN,,p8814,species of flowering plant,Artocarpus heterophyllus
,Q578307,nut of any of several trees of the genus Corylus,07788764-n,i77926,hazelnut|filbert|cobnut|cob,OEWN,,p8814,nut of the hazel tree,hazelnut
12309115-n,Q145889,nut of any of several trees of the genus Corylus,07788764-n,i77926,hazelnut|filbert|cobnut|cob,OEWN,,p8814,genus of plants,Hazel
,Q17767599,flesh of any of various saltwater fishes of the family Sparidae or the family Bramidae,07793165-n,i77946,bream|sea bream,OEWN,,p8814,several species of freshwater and marine fish,bream
,Q1135606,flesh of any of various saltwater fishes of the family Sparidae or the family Bramidae,07793165-n,i77946,bream|sea bream,OEWN,,p8814,species of fish,Black seabream
,Q1790289,tiny lobster-like crustaceans usually boiled briefly,07804861-n,i78022,crayfish|crawfish|crawdad|ecrevisse,OEWN,,p8814,flesh from crayfish,crayfish as food
,Q1211742,tiny lobster-like crustaceans usually boiled briefly,07804861-n,i78022,crayfish|crawfish|crawdad|ecrevisse,OEWN,,p8814,common name for freshwater crustaceans members of the superfamilies Astacoidea and Parastacoidea,crayfish
02592867-n,Q239590,lean flesh of fish found in warm waters of southern Atlantic coast of the United States,07806057-n,i78029,porgy|scup,OEWN,,p8814,family of fishes,Sparidae
02596083-n,Q2151537,lean flesh of fish found in warm waters of southern Atlantic coast of the United States,07806057-n,i78029,porgy|scup,OEWN,,p8814,species of fish,scup
,Q5141254,small fatty fish usually canned,07810039-n,i78057,sardine|pilchard,OEWN,,p8814,"common names used to refer to various small, oily forage fish within the herring family of Clupeidae",sardine
02535840-n,Q208600,small fatty fish usually canned,07810039-n,i78057,sardine|pilchard,OEWN,,p8814,species of fish,Q208600
13170289-n,Q43084,pungent seasoning from the berry of the common pepper plant of East India; use whole or ground,07831564-n,i78192,pepper|peppercorn,OEWN,,p8814,species of plant,black pepper
,Q3143131,pungent seasoning from the berry of the common pepper plant of East India; use whole or ground,07831564-n,i78192,pepper|peppercorn,OEWN,,p8814,spice,peppercorn
12874047-n,Q134283,pungent leaves used as seasoning with meats and fowl and in stews and soups and omelets,07834971-n,i78216,marjoram|oregano,OEWN,,p8814,species of flowering plant,Origanum vulgare
12874242-n,Q22694,pungent leaves used as seasoning with meats and fowl and in stews and soups and omelets,07834971-n,i78216,marjoram|oregano,OEWN,,p8814,species of plant,marjoram
,Q3229775,pickled flower buds used as a pungent relish in various dishes and sauces,07838029-n,i78236,caper,OEWN,,p8814,edible flower bud of the Capparis spinosa,caper
11885375-n,Q157866,pickled flower buds used as a pungent relish in various dishes and sauces,07838029-n,i78236,caper,OEWN,,p8814,genus of plants,Capparis
,Q56296569,mixtures of vinegar or wine and oil with various spices and seasonings; used for soaking foods before cooking,07840478-n,i78254,marinade,OEWN,,p8814,"seasoned, often acidic, liquid in which foods are soaked before cooking",marinade
,Q725668,mixtures of vinegar or wine and oil with various spices and seasonings; used for soaking foods before cooking,07840478-n,i78254,marinade,OEWN,,p8814,"process of soaking foods in a seasoned, often acidic, liquid before cooking",marinating
,Q5726634,a tasty mixture to be spread on bread or crackers or used in preparing other dishes,07872246-n,i78475,spread|paste,OEWN,,p8814,semi-liquid edible substance,food paste
,Q1472481,a tasty mixture to be spread on bread or crackers or used in preparing other dishes,07872246-n,i78475,spread|paste,OEWN,,p8814,"food that is spread, generally with a knife, onto food products such as bread and crackers",spread
,Q20655532,cubes of meat marinated and cooked on a skewer usually with vegetables,07885751-n,i78567,kabob|kebab|shish kebab,OEWN,,p8814,skewered meat dish,shish kebab
,Q179010,cubes of meat marinated and cooked on a skewer usually with vegetables,07885751-n,i78567,kabob|kebab|shish kebab,OEWN,,p8814,variety of meat dishes originating in the Middle East,kebab
,Q110081743,a white sparkling wine either produced in Champagne or resembling that produced there,07909617-n,i78722,champagne|bubbly,OEWN,,p8814,,bubbly
,Q134862,a white sparkling wine either produced in Champagne or resembling that produced there,07909617-n,i78722,champagne|bubbly,OEWN,,p8814,"sparkling wine from Champagne, France",champagne
,Q917046,whiskey illegally distilled from a corn mash,07918760-n,i78785,moonshine|bootleg|corn liquor,OEWN,,p8814,"high-proof distilled spirit, generally produced illicitly",moonshine
,Q516592,whiskey illegally distilled from a corn mash,07918760-n,i78785,moonshine|bootleg|corn liquor,OEWN,,p8814,"fermented (alcoholic) or non-fermented beverage of Latin America, emerging from the Andes and Amazonia regions",chicha
07952788-n,Q264554,a sweet drink containing carbonated water and flavoring,07943752-n,i78966,pop|soda|soda pop|soda water|tonic,OEWN,,p8814,water containing dissolved carbon dioxide gas and intended for drinking,carbonated water
07943437-n,Q147538,a sweet drink containing carbonated water and flavoring,07943752-n,i78966,pop|soda|soda pop|soda water|tonic,OEWN,,p8814,"non-alcoholic drink, often carbonated (sparkling)",soft drink
,Q167037,a business firm whose articles of incorporation have been approved in some state,08076248-n,i79560,corporation|corp,OEWN,,p8814,legal entity incorporated through a legislative or registration process,corporation
,Q134161,a business firm whose articles of incorporation have been approved in some state,08076248-n,i79560,corporation|corp,OEWN,,p8814,business entity which is owned by shareholders,joint-stock company
,Q259059,a social unit living together,08094856-n,i79671,family|household|house|home|menage,OEWN,,p8814,group of one or more people living in the same dwelling and sharing meals or living accommodation; may consist of a single family or other grouping of people,household
,Q8436,a social unit living together,08094856-n,i79671,family|household|house|home|menage,OEWN,,p8814,"group of people affiliated by consanguinity, law, affinity, or co-residence",family
,Q918036,(biology) a taxonomic group that is a division of a species; usually arises as a consequence of geographical isolation within a species,08127614-n,i79805,subspecies|race,OEWN,,p8814,"informal rank in the taxonomic hierarchy, below the level of subspecies",race
,Q68947,(biology) a taxonomic group that is a division of a species; usually arises as a consequence of geographical isolation within a species,08127614-n,i79805,subspecies|race,OEWN,,p8814,"taxonomic rank subordinate to species, differentiating closely related organisms within a single species",subspecies
,Q464399,an informal alliance between countries,08188891-n,i80094,entente|entente cordiale,OEWN,,p8814,"series of agreements between the United Kingdom and France about colonies in Africa, Siam (Thailand), Newfoundland, and New Hebrides (Vanuatu)",Entente Cordiale
,Q177859,an informal alliance between countries,08188891-n,i80094,entente|entente cordiale,OEWN,,p8814,"early 20th century alliance between France, Russia and the United Kingdom",Triple Entente
,Q52847,an international organization of European countries formed after World War II to reduce trade barriers and increase cooperation among its members,08190414-n,i80101,European Union|EU|European Community|EC|European Economic Community|EEC|Common Market|Europe,OEWN,,p8814,"1958–2009 organisation for economic integration, under the EU from 1993",European Economic Community
,Q458,an international organization of European countries formed after World War II to reduce trade barriers and increase cooperation among its members,08190414-n,i80101,European Union|EU|European Community|EC|European Economic Community|EEC|Common Market|Europe,OEWN,,p8814,political and economic union of 27 European states,European Union
,Q2917486,a flock of flying birds,08237541-n,i80310,flight,OEWN,,p8814,animal that uses aerial locomotion,flying or gliding animal
,Q1306961,a flock of flying birds,08237541-n,i80310,flight,OEWN,,p8814,membranous structure that assists an animal in gliding or flight,patagium
,Q939871,a formal association of people with similar interests,08244135-n,i80347,club|social club|society|guild|gild|lodge|order,OEWN,,p8814,association of artisans or merchants,guild
,Q48204,a formal association of people with similar interests,08244135-n,i80347,club|social club|society|guild|gild|lodge|order,OEWN,,p8814,group of people with shared interests or aims,voluntary association
,Q2641292,a party of guests wearing costumes and masks,08270371-n,i80504,masquerade|masquerade party|masque|mask,OEWN,,p8814,social event,masquerade ball
,Q221757,a party of guests wearing costumes and masks,08270371-n,i80504,masquerade|masquerade party|masque|mask,OEWN,,p8814,opera by Giuseppe Verdi,Un ballo in maschera
,Q1363442,a particular society at a particular time and place,08304765-n,i80699,culture|civilization|civilisation,OEWN,,p8814,"regional museum in Lund, Sweden",Kulturen
,Q8432,a particular society at a particular time and place,08304765-n,i80699,culture|civilization|civilisation,OEWN,,p8814,"organized cultural society that encounters many communities, on a scale of a nation or human, as well as a system of development",civilization
,Q189597,a group of warships organized as a tactical unit,08309677-n,i80721,fleet,OEWN,,p8814,Hellenistic Jewish philosopher who lived in Alexandria (c. 20 BCE-c. 50 CE),Philo of Alexandria
,Q189524,a group of warships organized as a tactical unit,08309677-n,i80721,fleet,OEWN,,p8814,large formation of warships within a navy,naval fleet
,Q1412224,an assembly (including one or more judges) to conduct judicial business,08346380-n,i80907,court|tribunal|judicature,OEWN,,p8814,"person or institution with the authority to judge, adjudicate or determine claims or disputes",tribunal
,Q41487,an assembly (including one or more judges) to conduct judicial business,08346380-n,i80907,court|tribunal|judicature,OEWN,,p8814,judicial institution with the authority to resolve legal disputes,court
,Q194236,a social system that provides separate facilities for minority groups,08397071-n,i81145,segregation|separatism,OEWN,,p8814,"advocacy of a state of cultural, ethnic, tribal, religious, racial, governmental or gender separation from the larger group",separatism
08396084-n,Q59816,a social system that provides separate facilities for minority groups,08397071-n,i81145,segregation|separatism,OEWN,,p8814,separation of humans based on race,racial segregation
,Q159334,a public secondary school usually including grades 9 through 12,08426574-n,i81298,senior high school|senior high|high|highschool|high school,OEWN,,p8814,organization where secondary education is provided,secondary school
,Q9826,a public secondary school usually including grades 9 through 12,08426574-n,i81298,senior high school|senior high|high|highschool|high school,OEWN,,p8814,institution which provides final part of secondary education,high school
03125691-n,Q1134237,the group following and attending to some important person,08446124-n,i81413,cortege|retinue|suite|entourage,OEWN,,p8814,household and attendants of a monarch or high-ranking noble,royal court
,Q694166,the group following and attending to some important person,08446124-n,i81413,cortege|retinue|suite|entourage,OEWN,,p8814,body of servants in service of a dignitary,retinue
,Q879641,a dense growth of bushes,08454507-n,i81459,brush|brushwood|coppice|copse|thicket,OEWN,,p8814,vegetational formation dominated by shrubs,shrubland
,Q304888,a dense growth of bushes,08454507-n,i81459,brush|brushwood|coppice|copse|thicket,OEWN,,p8814,mediterranean climate ecosystem in Southern Europe,matorral
,Q10658984,a tract of land with few or no trees in the middle of a wooded area,08558851-n,i81868,clearing|glade,OEWN,,p8814,practice in forestry,cleaning
,Q4358873,a tract of land with few or no trees in the middle of a wooded area,08558851-n,i81868,clearing|glade,OEWN,,p8814,open area within a woodland,glade
,Q1347378,the territorial jurisdiction of a bishop,08568541-n,i81917,diocese|bishopric|episcopate,OEWN,,p8814,form of church governance consisting of a hierarchy of bishops,episcopal polity
,Q665487,the territorial jurisdiction of a bishop,08568541-n,i81917,diocese|bishopric|episcopate,OEWN,,p8814,Christian district or see under the supervision of a bishop,diocese
,Q1312431,a piece of open land for recreational use in an urban area,08632949-n,i82260,park|commons|common|green,OEWN,,p8814,"area in Baghdad, Iraq",Green Zone
,Q22698,a piece of open land for recreational use in an urban area,08632949-n,i82260,park|commons|common|green,OEWN,,p8814,"permanently dedicated recreation area, often open to the public and generally characterized by natural, historic, or landscape features",park
,Q283202,a sheltered port where ships can take on or discharge cargo,08656633-n,i82357,seaport|haven|harbor|harbour,OEWN,Q283202,p8814,"sheltered body of water where ships, boats, and barges can be docked",harbor
,Q44782,a sheltered port where ships can take on or discharge cargo,08656633-n,i82357,seaport|haven|harbor|harbour,OEWN,Q283202,p8814,maritime facility where ships may dock to load and discharge passengers and cargo,port
,Q1153558,a place where a craft can be made fast,08657686-n,i82363,mooring|moorage|berth|slip,OEWN,,p8814,designated location in a port or harbour used for mooring vessels,berth
,Q587735,a place where a craft can be made fast,08657686-n,i82363,mooring|moorage|berth|slip,OEWN,,p8814,,mooring
,Q6017969,a place from which something can be viewed,08694988-n,i82538,vantage point|viewpoint,OEWN,,p8814,high place where people can gather to view scenery,scenic viewpoint
,Q4787372,a place from which something can be viewed,08694988-n,i82538,vantage point|viewpoint,OEWN,,p8814,"high-rise in Archway, London",Vantage Point
,Q911871,a wild and uninhabited area left in its natural condition,08701286-n,i82575,wilderness|wild,OEWN,,p8814,undisturbed natural environment,wilderness
,Q127314,a wild and uninhabited area left in its natural condition,08701286-n,i82575,wilderness|wild,OEWN,,p8814,biotope,coniferous swamp
,Q2088403,(astrology) one of 12 equal areas into which the zodiac is divided,08703415-n,i82586,sign of the zodiac|star sign|sign|mansion|house|planetary house,OEWN,Q2088403,p8814,"in astrology, division of the horoscope into 12 sectors, corresponding to the zodiac signs",house
,Q1795024,(astrology) one of 12 equal areas into which the zodiac is divided,08703415-n,i82586,sign of the zodiac|star sign|sign|mansion|house|planetary house,OEWN,Q2088403,p8814,"one of the twelve 30° sectors of the ecliptic, associated to their cultural symbols as defined by occidental astrology",occidental astrological sign
,Q36947,a republic on the Pacific coast of Central America,08756105-n,i82807,El Salvador|Republic of El Salvador|Salvador,OENN,Q792,p8814,"municipality of Bahia state, Brazil",Salvador
,Q792,a republic on the Pacific coast of Central America,08756105-n,i82807,El Salvador|Republic of El Salvador|Salvador,OENN,Q792,p8814,sovereign state in Central America,El Salvador
,Q756617,a constitutional monarchy in northern Europe; consists of the mainland of Jutland and many islands between the North Sea and the Baltic Sea,08779077-n,i82925,Denmark|Kingdom of Denmark|Danmark,OENN,Q35|Q756617,p8814,transcontinental sovereign state and constitutional monarchy,Kingdom of Denmark
,Q35,a constitutional monarchy in northern Europe; consists of the mainland of Jutland and many islands between the North Sea and the Baltic Sea,08779077-n,i82925,Denmark|Kingdom of Denmark|Danmark,OENN,Q35|Q756617,p8814,country in Northern Europe,Denmark
,Q48214,the area around the eastern Mediterranean; from Turkey to northern Africa and eastward to Iran; the site of such ancient civilizations as Phoenicia and Babylon and Egypt and the birthplace of Judaism and Christianity and Islam; had continuous economic and political turmoil in the 20th century,08809019-n,i83065,Middle East|Mideast|Near East,OENN,Q7204|Q48214,p8814,"geographical term that roughly encompasses Western Asia, and in some definitions parts of the Balkans",Near East
,Q7204,the area around the eastern Mediterranean; from Turkey to northern Africa and eastward to Iran; the site of such ancient civilizations as Phoenicia and Babylon and Egypt and the birthplace of Judaism and Christianity and Islam; had continuous economic and political turmoil in the 20th century,08809019-n,i83065,Middle East|Mideast|Near East,OENN,Q7204|Q48214,p8814,"geopolitical region encompassing Egypt and most of Western Asia, including Iran",Middle East
,Q1003997,the southern part of ancient Palestine succeeding the kingdom of Judah; a Roman province at the time of Christ,08817123-n,i83097,Judea|Judaea,OENN,Q104028|Q1003997,p8814,province of the Roman Empire (6–135 CE),Judaea
,Q104028,the southern part of ancient Palestine succeeding the kingdom of Judah; a Roman province at the time of Christ,08817123-n,i83097,Judea|Judaea,OENN,Q104028|Q1003997,p8814,region of ancient Israel,Judea
,Q131233,national capital of Kiribati,08859956-n,i83289,Tarawa|Bairiki,OENN,Q2486|Q131233|Q999487,p8814,capital of Kiribati,South Tarawa
,Q2486,national capital of Kiribati,08859956-n,i83289,Tarawa|Bairiki,OENN,Q2486|Q131233|Q999487,p8814,atoll in the central Pacific Ocean and the capital of Kiribati,Tarawa
,Q12829733,port city in northern Brazil in the Amazon delta; main port and commercial center for the Amazon River basin,08873847-n,i83348,Belem|Para|Feliz Lusitania|Santa Maria de Belem|St. Mary of Bethlehem,OENN,Q12829733,p8814,"municipality of Pará state, Brazil",Belém
,Q39517,port city in northern Brazil in the Amazon delta; main port and commercial center for the Amazon River basin,08873847-n,i83348,Belem|Para|Feliz Lusitania|Santa Maria de Belem|St. Mary of Bethlehem,OENN,Q12829733,p8814,state in the North Region of Brazil,Pará
08899424-n,Q83065,a largely agricultural county in central England,08904239-n,i83435,Leicestershire|Leicester,OENN,Q23106,p8814,"city in Leicestershire, East Midlands, England",Leicester
,Q23106,a largely agricultural county in central England,08904239-n,i83435,Leicestershire|Leicester,OENN,Q23106,p8814,ceremonial county in England,Leicestershire
,Q1353,a city in north central India,08923207-n,i83526,Delhi|New Delhi,OENN,Q987|Q1353,p8814,megacity and union territory of India,Delhi
,Q987,a city in north central India,08923207-n,i83526,Delhi|New Delhi,OENN,Q987|Q1353,p8814,capital city of India,New Delhi
,Q389688,a theocratic Islamic republic in the Middle East in western Asia; Iran was the core of the ancient empire that was known as Persia until 1935; rich in oil,08930441-n,i83565,Iran|Islamic Republic of Iran|Persia,OENN,Q794,p8814,Iranian (Persian) empire (550–330 BC),Achaemenid Empire
,Q794,a theocratic Islamic republic in the Middle East in western Asia; Iran was the core of the ancient empire that was known as Persia until 1935; rich in oil,08930441-n,i83565,Iran|Islamic Republic of Iran|Persia,OENN,Q794,p8814,country in Western Asia,Iran
08937654-n,Q200969,an ancient kingdom in southern Mesopotamia; Babylonia conquered Israel in the 6th century BC and exiled the Jews to Babylon (where Daniel became a counselor to the king),08937276-n,i83592,Babylonia|Chaldaea|Chaldea,OENN,Q47690,p8814,small country between the late 10th or early 9th and mid-6th centuries BC,Chaldea
,Q47690,an ancient kingdom in southern Mesopotamia; Babylonia conquered Israel in the 6th century BC and exiled the Jews to Babylon (where Daniel became a counselor to the king),08937276-n,i83592,Babylonia|Chaldaea|Chaldea,OENN,Q47690,p8814,historical country,Babylonia
,Q29999,a constitutional monarchy in western Europe on the North Sea; half the country lies below sea level,08968866-n,i83737,Netherlands|The Netherlands|Nederland|Holland,OENN,Q55,p8814,transcontinental sovereign state and constitutional monarchy,Kingdom of the Netherlands
,Q55,a constitutional monarchy in western Europe on the North Sea; half the country lies below sea level,08968866-n,i83737,Netherlands|The Netherlands|Nederland|Holland,OENN,Q55,p8814,one of the four autonomous countries of the Kingdom of the Netherlands; with territories in the Caribbean,Netherlands
,Q102911,a constitutional monarchy in western Europe on the North Sea; half the country lies below sea level,08968866-n,i83737,Netherlands|The Netherlands|Nederland|Holland,OENN,Q55,p8814,region and former province in the western Netherlands,Holland
,Q689837,an area in northwestern Africa with rich phosphate deposits; under Moroccan control since 1992,08993184-n,i83839,Western Sahara|Spanish Sahara,OENN,Q6250,p8814,former Spanish North African colonial possession,Spanish Sahara
,Q6250,an area in northwestern Africa with rich phosphate deposits; under Moroccan control since 1992,08993184-n,i83839,Western Sahara|Spanish Sahara,OENN,Q6250,p8814,territory in North and West Africa,Western Sahara
,Q49333691,a peninsula extending northward from the Arabian mainland into the Persian Gulf,09009061-n,i83914,Qatar|Qatar Peninsula|Katar|Katar Peninsula,OENN,Q49333691,p8814,,Qatar Peninsula
09009275-n,Q846,a peninsula extending northward from the Arabian mainland into the Persian Gulf,09009061-n,i83914,Qatar|Qatar Peninsula|Katar|Katar Peninsula,OENN,Q49333691,p8814,country in West Asia,Qatar
,Q2717096,an intense persistent desire to drink alcoholic beverages to excess,09204890-n,i84894,dipsomania|alcoholism|potomania,OEWN,,p8814,obsolete medical term for alcoholism,dipsomania
14088126-n,Q15326,an intense persistent desire to drink alcoholic beverages to excess,09204890-n,i84894,dipsomania|alcoholism|potomania,OEWN,,p8814,loss of control over the quantity of consumed alcohol,alcoholism
,Q6642389,a fragment of incombustible matter left after a wood or coal or charcoal fire,09268118-n,i85214,cinder|clinker,OEWN,,p8814,type of volcanic rock,scoria
,Q3332002,a fragment of incombustible matter left after a wood or coal or charcoal fire,09268118-n,i85214,cinder|clinker,OEWN,,p8814,general name given to waste from industrial processes,clinker
,Q16502,the 3rd planet from the sun; the planet we live on,09293800-n,i85350,Earth|earth|world|globe,OENN,Q2,p8814,"term ambiguously referring to any of: the whole of reality, the universe, the Earth and all life upon it, or human civilization",world
,Q2,the 3rd planet from the sun; the planet we live on,09293800-n,i85350,Earth|earth|world|globe,OENN,Q2,p8814,third planet from the Sun in the Solar System,Earth
,Q2307625,(geology) a crack in the earth's crust resulting from the displacement of one side with respect to the other,09301443-n,i85385,fault|faulting|geological fault|shift|fracture|break,OEWN,,p8814,"geologic discontinuity feature, often a diaclase, or a fault",fracture
,Q47089,(geology) a crack in the earth's crust resulting from the displacement of one side with respect to the other,09301443-n,i85385,fault|faulting|geological fault|shift|fracture|break,OEWN,,p8814,fracture or discontinuity in rock across which there is displacement,fault
,Q3241565,land that is covered with trees and shrubs,09306921-n,i85418,forest|woodland|timberland|timber,OEWN,,p8814,low-density forest forming open habitats with plenty of sunlight and limited shade,woodland
,Q4421,land that is covered with trees and shrubs,09306921-n,i85418,forest|woodland|timberland|timber,OEWN,,p8814,subjective characterization of an area with trees,forest
,Q3294251,a small natural hill,09349568-n,i85635,knoll|mound|hillock|hummock|hammock,OEWN,,p8814,small hill,hillock
,Q505963,a small natural hill,09349568-n,i85635,knoll|mound|hillock|hummock|hammock,OEWN,,p8814,raised ground to provide a refuge from flooding,artificial dwelling hill
,Q514050,low-lying wet land with grassy vegetation; usually is a transition zone between land and water,09370676-n,i85751,marsh|marshland|fen|fenland,OEWN,,p8814,type of wetland,fen
,Q30198,low-lying wet land with grassy vegetation; usually is a transition zone between land and water,09370676-n,i85751,marsh|marshland|fen|fenland,OEWN,,p8814,wetland dominated by herbaceous plants,marsh
,Q623319,flat tableland with steep edges,09374802-n,i85772,mesa|table,OEWN,,p8814,elevated area of land with a flat top and sides that are usually steep cliffs,mesa
,Q580889,flat tableland with steep edges,09374802-n,i85772,mesa|table,OEWN,,p8814,raised landform with a flat top,table
,Q36449705,a soft wet area of low-lying land that sinks underfoot,09378747-n,i85793,mire|quagmire|quag|morass|slack,OEWN,,p8814,"terrain where peat has accumulated, either former (drained) wetland or wetland actively forming peat",peatland
,Q514050,a soft wet area of low-lying land that sinks underfoot,09378747-n,i85793,mire|quagmire|quag|morass|slack,OEWN,,p8814,type of wetland,fen
,Q662656,the brightest star in Ursa Minor; at the end of the handle of the Little Dipper; the northern axis of the earth points toward it,09419587-n,i85999,Polaris|North Star|pole star|polar star|polestar,OENN,Q12980,p8814,visible star that is approximately aligned with the Earth's axis of rotation,pole star
,Q12980,the brightest star in Ursa Minor; at the end of the handle of the Little Dipper; the northern axis of the earth points toward it,09419587-n,i85999,Polaris|North Star|pole star|polar star|polestar,OENN,Q12980,p8814,brightest star in the constellation Ursa Minor,Polaris
,Q1245089,a natural elevation (especially a rocky one that juts out into the sea),09422467-n,i86014,promontory|headland|head|foreland,OEWN,,p8814,prominent mass of land that overlooks lower-lying land or a body of water,promontory
,Q747957,a natural elevation (especially a rocky one that juts out into the sea),09422467-n,i86014,promontory|headland|head|foreland,OEWN,,p8814,geological landform consisting of a steep and often vertical column or columns of rock,stack
,Q3454845,a natural elevation (especially a rocky one that juts out into the sea),09422467-n,i86014,promontory|headland|head|foreland,OEWN,,p8814,"village in Saaremaa Rural Municipality, Saare County, Estonia",Neemi
,Q105081726,the shore of a sea or ocean,09451197-n,i86148,seashore|coast|seacoast|sea-coast,OEWN,,p8814,coastal landform and habitat,seashore
,Q93352,the shore of a sea or ocean,09451197-n,i86148,seashore|coast|seacoast|sea-coast,OEWN,,p8814,area where land meets the sea or ocean,coast
,Q1987070,matter that has been deposited by some natural process,09451871-n,i86151,sediment|deposit,OEWN,,p8814,"geological process in which sediments, soil and rocks are added to a landform or land mass",deposition
,Q180184,matter that has been deposited by some natural process,09451871-n,i86151,sediment|deposit,OEWN,,p8814,particulate matter that is deposited on the surface of land,sediment
,Q574922,the froth produced by soaps or detergents,09462117-n,i86214,soapsuds|suds|lather,OEWN,,p8814,container of a bar of soap,soap dish
,Q215414,the froth produced by soaps or detergents,09462117-n,i86214,soapsuds|suds|lather,OEWN,,p8814,form of matter containing pockets of gas in a solid or liquid,foam
,Q1262699,a sloping mass of loose rocks at the base of a cliff,09477283-n,i86293,talus|scree,OEWN,,p8814,"artificial gravel of angular shape, used as construction aggregate",crushed stone
,Q1133195,a sloping mass of loose rocks at the base of a cliff,09477283-n,i86293,talus|scree,OEWN,,p8814,"collection of broken rock fragments at the base of crags, mountain cliffs etc, that has accumulated through periodic rockfall",scree
,Q838625,a level shelf of land interrupting a declivity (with steep slopes above and below),09479337-n,i86306,terrace|bench,OEWN,,p8814,agricultural formation consisting of a slope cut into a series of receding flat surfaces or platforms,terrace
,Q828581,a level shelf of land interrupting a declivity (with steep slopes above and below),09479337-n,i86306,terrace|bench,OEWN,,p8814,step-like landform,terrace
,Q4478339,a level shelf of land interrupting a declivity (with steep slopes above and below),09479337-n,i86306,terrace|bench,OEWN,,p8814,area of flat land on a slope,bench
,Q525728,surface layer of ground containing a mat of grass and grass roots,09487049-n,i86354,turf|sod|sward|greensward,OEWN,,p8814,grass and roots beneath,sod
08609148-n,Q207766,surface layer of ground containing a mat of grass and grass roots,09487049-n,i86354,turf|sod|sward|greensward,OEWN,,p8814,area of land planted with grasses and similar plants,lawn
,Q115537581,a creature of the imagination; a person that exists only in legends or myths or fiction,09506868-n,i86463,imaginary being|imaginary creature,OEWN,Q3071701,p8814,"character known only from narrations (fictional or in a factual manner) without a proof of existence; includes fictional, mythical, legendary or religious characters and similar",imaginary character
,Q3071701,a creature of the imagination; a person that exists only in legends or myths or fiction,09506868-n,i86463,imaginary being|imaginary creature,OEWN,Q3071701,p8814,a common charge in heraldry,imaginary creature
,Q290562,(folklore) a giant who likes to eat human beings,09513956-n,i86493,ogre,OEWN,,p8814,"legendary monster featuring in mythology, folklore, and fiction",ogre
,Q210053,(folklore) a giant who likes to eat human beings,09513956-n,i86493,ogre,OEWN,,p8814,race of beings in Germanic mythology,Jötnar
,Q1379405,any supernatural being worshipped as controlling some part of the world or some aspect of life or who is the personification of a force,09528550-n,i86570,deity|divinity|god|immortal,OEWN,,p8814,quality of a deity,divinity
,Q178885,any supernatural being worshipped as controlling some part of the world or some aspect of life or who is the personification of a force,09528550-n,i86570,deity|divinity|god|immortal,OEWN,,p8814,"natural or supernatural god or goddess, divine being",deity
,Q1276669,the Babylonian god of wisdom; son of Apsu and father of Marduk; counterpart of the Sumerian Enki; as one of the supreme triad including Anu and Bel he was assigned control of the watery element,09540763-n,i86640,Ea,OENN,Q1276669,p8814,deity in Mesopotamian mythology,Ea
,Q189726,the Babylonian god of wisdom; son of Apsu and father of Marduk; counterpart of the Sumerian Enki; as one of the supreme triad including Anu and Bel he was assigned control of the watery element,09540763-n,i86640,Ea,OENN,Q1276669,p8814,god in Sumerian mythology; god of ritual wisdom,Enki
,Q3678579,a name for the God of the Old Testament as transliterated from the Hebrew consonants YHVH,09561429-n,i86782,Yahweh|YHWH|Yahwe|Yahveh|YHVH|Yahve|Wahvey|Jahvey|Jahweh|Jehovah|JHVH,OENN,Q105173|Q3678579,p8814,Latinate transliteration of יהוה (YHWH) with the vowel points of Adonai,Jehovah
,Q766677,a name for the God of the Old Testament as transliterated from the Hebrew consonants YHVH,09561429-n,i86782,Yahweh|YHWH|Yahwe|Yahveh|YHVH|Yahve|Wahvey|Jahvey|Jahweh|Jehovah|JHVH,OENN,Q105173|Q3678579,p8814,"national god of ancient Israel and Judah kingdoms, god of monotheistic Judaism and Abrahamic religions",Yahweh
,Q1144339,(folklore) fairies that are somewhat mischievous,09563850-n,i86797,elf|hob|gremlin|pixie|pixy|brownie|imp,OEWN,,p8814,British legendary creature,pixie
,Q174396,(folklore) fairies that are somewhat mischievous,09563850-n,i86797,elf|hob|gremlin|pixie|pixy|brownie|imp,OEWN,,p8814,supernatural being in folklore,elf
,Q1412790,(folklore) fairies that are somewhat mischievous,09563850-n,i86797,elf|hob|gremlin|pixie|pixy|brownie|imp,OEWN,,p8814,folkloric mischievous creature,gremlin
,Q2266278,(folklore) fairies that are somewhat mischievous,09563850-n,i86797,elf|hob|gremlin|pixie|pixy|brownie|imp,OEWN,,p8814,"mythical creature, a diminutive demon similar to a goblin",imp
,Q1325848,a legendary creature resembling a tiny old man; lives in the depths of the earth and guards buried treasure,09564236-n,i86799,gnome|dwarf,OEWN,,p8814,humanoid mythical creature of Nordic folklore,Tomte
,Q214045,a legendary creature resembling a tiny old man; lives in the depths of the earth and guards buried treasure,09564236-n,i86799,gnome|dwarf,OEWN,,p8814,supernatural being in Germanic folklore,dwarf
,Q273101,an evil supernatural being,09565450-n,i86808,devil|fiend|demon|daemon|daimon,OEWN,,p8814,devil-like figure in Quran and Islamic tradition,Q273101
,Q177413,an evil supernatural being,09565450-n,i86808,devil|fiend|demon|daemon|daimon,OEWN,,p8814,"mythological and malevolent being prevalent in religion, occultism, mythology, and folklore",demon
,Q936678,an evil supernatural being,09565450-n,i86808,devil|fiend|demon|daemon|daimon,OEWN,,p8814,supernatural creatures in Arab culture and Islam,Ifrit
,Q35230,(Judeo-Christian and Islamic religions) chief spirit of evil and adversary of God; tempter of mankind; master of Hell,09566482-n,i86814,Satan|Old Nick|Devil|Lucifer|Beelzebub|the Tempter|Prince of Darkness,OENN,Q6674,p8814,entity in the Abrahamic religions that tells others to do sinful actions,Satan
,Q6674,(Judeo-Christian and Islamic religions) chief spirit of evil and adversary of God; tempter of mankind; master of Hell,09566482-n,i86814,Satan|Old Nick|Devil|Lucifer|Beelzebub|the Tempter|Prince of Darkness,OENN,Q6674,p8814,mythical personification of evil,devil
,Q202492,(Judeo-Christian and Islamic religions) chief spirit of evil and adversary of God; tempter of mankind; master of Hell,09566482-n,i86814,Satan|Old Nick|Devil|Lucifer|Beelzebub|the Tempter|Prince of Darkness,OENN,Q6674,p8814,"Philistine god, formerly worshipped in Ekron, later adopted in Judaism and Christianity as a demon",Beelzebub
,Q1938640,(folklore) a small grotesque supernatural creature that makes trouble for human beings,09566877-n,i86816,goblin|hob|hobgoblin,OEWN,,p8814,mischievous spirit,hobgoblin
,Q308697,(folklore) a small grotesque supernatural creature that makes trouble for human beings,09566877-n,i86816,goblin|hob|hobgoblin,OEWN,,p8814,"type of mythical humanoid, usually diminutive and mischievous, sometimes associated with fairies",goblin
,Q3396544,(folklore) a small grotesque supernatural creature that makes trouble for human beings,09566877-n,i86816,goblin|hob|hobgoblin,OEWN,,p8814,"fairy- or goblin-like mythological creature from Iberian, South American, Chamorro and Filipino folklore",Duende
,Q107640879,(Scottish folklore) water spirit in the form of a horse that likes to drown its riders,09567053-n,i86817,kelpy|kelpie,OEWN,,p8814,Wikimedia disambiguation page,Kelpfish
,Q1125907,(Scottish folklore) water spirit in the form of a horse that likes to drown its riders,09567053-n,i86817,kelpy|kelpie,OEWN,,p8814,mythical Scottish shape-shifting water horse,kelpie
,Q23847406,a person who uses scientific knowledge to solve practical problems,09638837-n,i87197,engineer|applied scientist|technologist,OEWN,Q81096,p8814,American electrical engineer,Kitty Joyner
,Q81096,a person who uses scientific knowledge to solve practical problems,09638837-n,i87197,engineer|applied scientist|technologist,OEWN,Q81096,p8814,professional practitioner of engineering,engineer
,Q385799,a white native of Cape Province who is a descendant of Dutch settlers and who speaks Afrikaans,09658823-n,i87258,Afrikaner|Afrikander|Boer,OEWN,Q188201,p8814,Southern African ethnic group descended from predominantly Dutch settlers,Afrikaners
,Q188201,a white native of Cape Province who is a descendant of Dutch settlers and who speaks Afrikaans,09658823-n,i87258,Afrikaner|Afrikander|Boer,OEWN,Q188201,p8814,descendants of the Dutch settlers in the Dutch Cape Colony,Boer
,Q131192140,a woman who is a Jew,09701369-n,i87521,Jewess,OEWN,,p8814,,Jewish women
,Q339043,a woman who is a Jew,09701369-n,i87521,Jewess,OEWN,,p8814,opera by Fromental Halévy,La Juive
,Q849967,a native or inhabitant of Great Britain,09720360-n,i87638,Britisher|Briton|Brit,OEWN,,p8814,ancient Celtic people who lived in Great Britain from the Iron Age through the Roman and Sub-Roman periods,Celtic Britons
,Q309197,a native or inhabitant of Great Britain,09720360-n,i87638,Britisher|Briton|Brit,OEWN,,p8814,Celtic ethnic group,Bretons
,Q42884,a person of German nationality,09767053-n,i87959,German,OEWN,,p8814,residents and citizens of Germany & people of German descent,Germans
,Q22633,a person of German nationality,09767053-n,i87959,German,OEWN,,p8814,Indo-European ethnolinguistic group,Germanic people
,Q213159,the superior of an abbey of monks,09773735-n,i88008,abbot|archimandrite,OEWN,Q213159|Q103163,p8814,title,archimandrite
,Q103163,the superior of an abbey of monks,09773735-n,i88008,abbot|archimandrite,OEWN,Q213159|Q103163,p8814,"religious title, superior of a community of monks, often an abbey",abbot
,Q1051798,someone who maintains and audits business accounts,09780826-n,i88051,accountant|comptroller|controller,OEWN,Q673633|Q326653,p8814,profession,statutory auditor
,Q471066,someone who maintains and audits business accounts,09780826-n,i88051,accountant|comptroller|controller,OEWN,Q673633|Q326653,p8814,play by Nikolai Gogol,The Government Inspector
,Q852661,an officer who acts as military assistant to a more senior officer,09789602-n,i88080,adjutant|aide|aide-de-camp,OEWN,Q369894,p8814,military position with administrative duties,adjutant
,Q369894,an officer who acts as military assistant to a more senior officer,09789602-n,i88080,adjutant|aide|aide-de-camp,OEWN,Q369894,p8814,personal assistant or secretary to a person of high military rank,aide-de-camp
,Q4683638,the supreme commander of a fleet; ranks above a vice admiral and below a fleet admiral,09790627-n,i88085,admiral|full admiral,OEWN,Q132851,p8814,top military rank of sailors in Ukraine,Admiral
,Q132851,the supreme commander of a fleet; ranks above a vice admiral and below a fleet admiral,09790627-n,i88085,admiral|full admiral,OEWN,Q132851,p8814,highest naval officer rank,admiral
,Q17131110,a lawyer who pleads cases in court,09795104-n,i88103,advocate|counsel|counselor|counsellor|counselor-at-law|pleader,OEWN,Q380075,p8814,legal professional title in English-speaking countries and in Germany,counsel
,Q380075,a lawyer who pleads cases in court,09795104-n,i88103,advocate|counsel|counselor|counsellor|counselor-at-law|pleader,OEWN,Q380075,p8814,profession in the field of law,advocate
,Q67102720,a historian who writes annals,09814238-n,i88223,annalist,OEWN,,p8814,writer in charge of writing the annals,annalist
09940626-n,Q3330547,a historian who writes annals,09814238-n,i88223,annalist,OEWN,,p8814,writer of a chronicle,chronicler
,Q105425483,someone chosen to judge and decide a disputed issue,09822852-n,i88272,arbiter|arbitrator|umpire,OEWN,,p8814,"attorney, business professional, or retired judge with expertise in a particular field who, as an impartial third party, hears and decides disputes between opposing parties",arbitrator
,Q4859473,someone chosen to judge and decide a disputed issue,09822852-n,i88272,arbiter|arbitrator|umpire,OEWN,,p8814,neutral party who helps people resolve disputes without the ability to make binding decisions,mediator
,Q544315,a physicist who studies astronomy,09837748-n,i88342,astronomer|uranologist|stargazer,OEWN,Q11063,p8814,painting by Johannes Vermeer,The Astronomer
,Q11063,a physicist who studies astronomy,09837748-n,i88342,astronomer|uranologist|stargazer,OEWN,Q11063,p8814,scientist who studies celestial bodies,astronomer
,Q3419806,someone who fights bulls,09855548-n,i88435,bullfighter|toreador,OEWN,Q549322,p8814,participant in the Camargue bullfighting,raseteur
,Q549322,someone who fights bulls,09855548-n,i88435,bullfighter|toreador,OEWN,Q549322,p8814,profession,bullfighter
,Q911554,a very wealthy or powerful businessperson,09859605-n,i88467,baron|business leader|king|magnate|mogul|power|top executive|tycoon,OEWN,Q911554,p8814,entrepreneur achieving wealth and prominence in particular industries,business magnate
,Q903810,a very wealthy or powerful businessperson,09859605-n,i88467,baron|business leader|king|magnate|mogul|power|top executive|tycoon,OEWN,Q911554,p8814,person in a high social position,Magnate
,Q2891167,someone who drives or rides in a boat,09881352-n,i88609,boater,OEWN,Q2891167,p8814,profession,boater
,Q805534,someone who drives or rides in a boat,09881352-n,i88609,boater,OEWN,Q2891167,p8814,"Emigrants from Cuba floating in rafts to neighboring countries after the Balsero Crisis of 1994; most notably to the U.S. after the implementation of the wet feet, dry feet policy",Balseros
,Q15982795,someone who does special exercises to develop a brawny musculature,09882251-n,i88615,bodybuilder|muscle builder|muscle-builder|musclebuilder,OEWN,,p8814,person practicing bodybuilding,bodybuilder
,Q6940325,someone who does special exercises to develop a brawny musculature,09882251-n,i88615,bodybuilder|muscle builder|muscle-builder|musclebuilder,OEWN,,p8814,Wikimedia disambiguation page,Muscleman
,Q1208175,a photographer who operates a movie camera,09908991-n,i88790,camera operator|cinematographer,OEWN,Q1208175,p8814,professional operator of a film or video camera; filmmaker who moves the camera according to the instructions of the cameraman or director,camera operator
,Q222344,a photographer who operates a movie camera,09908991-n,i88790,camera operator|cinematographer,OEWN,Q1208175,p8814,chief over the camera and lighting crews working on a film,cinematographer
,Q1856852,a boy who delivers newspapers,09917055-n,i88843,carrier|newsboy,OEWN,Q1856852,p8814,occupation,newspaper hawker
10416607-n,Q187031,a boy who delivers newspapers,09917055-n,i88843,carrier|newsboy,OEWN,Q1856852,p8814,occupation,paperboy
,Q4362293,someone who lives in a cave,09922184-n,i88878,cave dweller|troglodyte,OEWN,,p8814,style of house built in a natural or artificial cave,underground living
,Q1190089,someone who lives in a cave,09922184-n,i88878,cave dweller|troglodyte,OEWN,,p8814,common name of prehistoric human species,caveperson
,Q5054938,someone who lives in a cave,09922184-n,i88878,cave dweller|troglodyte,OEWN,,p8814,human being who inhabits a cave,cave dweller
,Q11247470,an officer in command of a military unit,09961443-n,i89103,commanding officer|commandant|commander,OEWN,,p8814,officer in command of a military unit,commanding officer
,Q2054507,an officer in command of a military unit,09961443-n,i89103,commanding officer|commandant|commander,OEWN,,p8814,title given to the officer in charge of a military academy; military or police rank; commander of a military prison or prison camp,commandant
,Q5152792,a government administrator,09963290-n,i89112,commissioner,OEWN,Q524778,p8814,representative of a burgh or shire in the Parliament of Scotland,Commissioner in the Parliament of Scotland
,Q524778,a government administrator,09963290-n,i89112,commissioner,OEWN,Q524778,p8814,title given to a member of a commission or to an individual who has been given a commission,commissioner
,Q4660728,the person who leads a musical group,09972018-n,i89150,conductor|music director|director,OEWN,Q158852,p8814,1987 film by Christina Olofson,A Woman Is a Risky Bet: Six Orchestra Conductors
,Q158852,the person who leads a musical group,09972018-n,i89150,conductor|music director|director,OEWN,Q158852,p8814,person who directs a musical group during a performance,conductor
,Q4489757,a diplomat appointed by a government to protect its commercial interests and help its citizens in a foreign country,09979276-n,i89193,consul,OEWN,Q207978,p8814,magistrate or title in various republics and city-states,consul
,Q207978,a diplomat appointed by a government to protect its commercial interests and help its citizens in a foreign country,09979276-n,i89193,consul,OEWN,Q207978,p8814,diplomatic rank,consul
,Q1318187,someone employed to make written copies of documents and manuscripts,09984335-n,i89225,copyist|scribe|scrivener,OEWN,Q916292,p8814,"clerk, scribe, or notary",scrivener
,Q916292,someone employed to make written copies of documents and manuscripts,09984335-n,i89225,copyist|scribe|scrivener,OEWN,Q916292,p8814,person who wrote or copied manuscripts,scribe
,Q3997704,someone employed to make written copies of documents and manuscripts,09984335-n,i89225,copyist|scribe|scrivener,OEWN,Q916292,p8814,"person who makes copies, especially of musical or textual manuscripts",copyist
,Q3589290,a journalist employed to provide news stories for newspapers or broadcast media,09986240-n,i89238,correspondent|newswriter,OEWN,Q1155838,p8814,author of (literary) letters,correspondent
,Q1155838,a journalist employed to provide news stories for newspapers or broadcast media,09986240-n,i89238,correspondent|newswriter,OEWN,Q1155838,p8814,journalist contributing reports from a remote location,correspondent
,Q22003416,a woman of refinement,10008828-n,i89380,dame|madam|ma'am|lady|gentlewoman,OEWN,,p8814,person granted a damehood honour,dame
,Q1378024,a woman of refinement,10008828-n,i89380,dame|madam|ma'am|lady|gentlewoman,OEWN,,p8814,title held by aristocratic or noble women,lady
,Q5466622,a man who is much concerned with his dress and appearance,10010564-n,i89386,dandy|dude|fop|gallant|sheik|beau|swell|fashion plate|clotheshorse,OEWN,Q876391,p8814,pejorative term for a man excessively concerned with his appearance and clothes,fop
,Q876391,a man who is much concerned with his dress and appearance,10010564-n,i89386,dandy|dude|fop|gallant|sheik|beau|swell|fashion plate|clotheshorse,OEWN,Q876391,p8814,man who places particular importance upon physical appearance,dandy
,Q3115299,a person appointed or elected to represent others,10020380-n,i89446,delegate,OEWN,Q994779,p8814,representative in France responsible for designating senators,French Grand Elector
,Q994779,a person appointed or elected to represent others,10020380-n,i89446,delegate,OEWN,Q994779,p8814,individual who speaks or acts on behalf of an organization,delegate
,Q183318,a ruler who is unconstrained by law,10031556-n,i89513,dictator|potentate,OEWN,Q183318,p8814,absolutist or autocratic ruler who assumes sole power over the state,Dictator
,Q131719,a ruler who is unconstrained by law,10031556-n,i89513,dictator|potentate,OEWN,Q183318,p8814,political treatise by Niccolò Machiavelli,The Prince
,Q2462658,someone who controls resources and expenditures,10034684-n,i89528,director|manager|managing director,OEWN,Q1162163,p8814,person whose job is to manage something,manager
,Q1162163,someone who controls resources and expenditures,10034684-n,i89528,director|manager|managing director,OEWN,Q1162163,p8814,person who leads a particular area of a company or organization,director
,Q10843474,someone who works underwater,10039277-n,i89552,diver|underwater diver,OEWN,,p8814,underwater diving where divers are paid for their work,professional diving
,Q1137295,someone who works underwater,10039277-n,i89552,diver|underwater diver,OEWN,,p8814,profession,frogman
,Q5527068,someone who guards an entrance,10046278-n,i89589,doorkeeper|door guard|hall porter|porter|gatekeeper|ostiary,OEWN,Q1650716,p8814,person who controls access to something,gatekeeper
,Q1650716,someone who guards an entrance,10046278-n,i89589,doorkeeper|door guard|hall porter|porter|gatekeeper|ostiary,OEWN,Q1650716,p8814,person whose job it is to monitor and open the door of a semi-public building,doorkeeper
09888415-n,Q10860242,someone who guards an entrance,10046278-n,i89589,doorkeeper|door guard|hall porter|porter|gatekeeper|ostiary,OEWN,Q1650716,p8814,type of security guard,bouncer
,Q1779946,a laborer who is obliged to do menial work,10055534-n,i89633,drudge|peon|navvy|galley slave,OEWN,,p8814,navigational engineers,navvy
,Q117280,a laborer who is obliged to do menial work,10055534-n,i89633,drudge|peon|navvy|galley slave,OEWN,,p8814,social category,peon
,Q12765670,a person who is voluntarily absent from home or country,10091139-n,i89845,exile|expatriate|expat,OEWN,Q12765670,p8814,"person who is away from one's home (i.e. city, state, or country), while either being explicitly refused permission to return or being threatened with imprisonment or death upon return",exile
,Q476713,a person who is voluntarily absent from home or country,10091139-n,i89845,exile|expatriate|expat,OEWN,Q12765670,p8814,individual temporarily or permanently residing in a country other than that of their citizenship,expatriate
,Q5455155,someone who sells fish,10113587-n,i89975,fishmonger,OEWN,Q550594,p8814,woman who prepares and sells fish,fishwife
,Q550594,someone who sells fish,10113587-n,i89975,fishmonger,OEWN,Q550594,p8814,profession of selling raw fish and seafood,fishmonger
,Q2415493,a writer or artist who sells services to different employers without a long-term contract with any of them,10130190-n,i90085,freelancer|freelance|free-lance|free lance|independent|self-employed person,OEWN,Q215279,p8814,legislator who is not a member of any parliamentary group/faction (may be affiliated to a political party),non-attached
,Q215279,a writer or artist who sells services to different employers without a long-term contract with any of them,10130190-n,i90085,freelancer|freelance|free-lance|free lance|independent|self-employed person,OEWN,Q215279,p8814,self-employed worker with no committed employer,freelancer
,Q987168,a male member of a religious order that originally relied solely on alms,10131672-n,i90095,friar|mendicant,OEWN,Q548320,p8814,one who practices mendicancy and relies chiefly or exclusively on alms to survive,mendicant
,Q548320,a male member of a religious order that originally relied solely on alms,10131672-n,i90095,friar|mendicant,OEWN,Q548320,p8814,member of a mendicant male religious order in the Roman Catholic Church,friar
,Q3140857,someone who takes care of a garden,10140190-n,i90152,gardener,OEWN,,p8814,"person who works and conducts research in the science and art of growing flowers, fruits, vegetables or ornamental plants",horticulturist
10140328-n,Q758780,someone who takes care of a garden,10140190-n,i90152,gardener,OEWN,,p8814,person who tends gardens,gardener
,Q942086,a young female,10149362-n,i90206,girl|miss|missy|young lady|young woman|fille,OEWN,,p8814,1957 musical comedy film directed by George Cukor,Les Girls
,Q3031,a young female,10149362-n,i90206,girl|miss|missy|young lady|young woman|fille,OEWN,,p8814,young female human,girl
,Q4557944,the head of a state government,10159834-n,i90272,governor,OEWN,Q132050,p8814,political office in Belgium,governor
,Q132050,the head of a state government,10159834-n,i90272,governor,OEWN,Q132050,p8814,high ranked governing official in a state,governor
,Q872672,a member of an irregular armed force that fights a stronger force by sabotage and harassment,10170076-n,i90348,guerrilla|guerilla|irregular|insurgent,OEWN,,p8814,Serbian nationalist and irredentist paramilitary organisation and movement,Chetniks
,Q80895,a member of an irregular armed force that fights a stronger force by sabotage and harassment,10170076-n,i90348,guerrilla|guerilla|irregular|insurgent,OEWN,,p8814,form of irregular warfare,guerrilla warfare
,Q619851,a professional killer who uses a gun,10171603-n,i90357,gunslinger|hired gun|gun|gun for hire|triggerman|torpedo|shooter,OEWN,Q619851,p8814,a person able to shoot quickly and accurately with a gun,gunfighter
,Q378770,a professional killer who uses a gun,10171603-n,i90357,gunslinger|hired gun|gun|gun for hire|triggerman|torpedo|shooter,OEWN,Q619851,p8814,person who is hired to kill another person,contract killer
,Q3821326,"a member of a people with dark skin and hair who speak Romany and who traditionally live by seasonal work and fortunetelling; they are believed to have originated in northern India but now are living on all continents (but mostly in Europe, North Africa, and North America)",10173755-n,i90372,Gypsy|Gipsy|Romany|Rommany|Romani|Roma|Bohemian,OEWN,,p8814,painting by Antonio da Correggio,"Madonna and Child, ""Zingarella"""
,Q8060,"a member of a people with dark skin and hair who speak Romany and who traditionally live by seasonal work and fortunetelling; they are believed to have originated in northern India but now are living on all continents (but mostly in Europe, North Africa, and North America)",10173755-n,i90372,Gypsy|Gipsy|Romany|Rommany|Romani|Roma|Bohemian,OEWN,,p8814,Indo-Aryan ethnic group,Romani people
,Q1639239,someone who makes and sells hats,10181947-n,i90427,hatmaker|hatter|milliner|modiste,OEWN,Q1639239,p8814,"craftsperson who makes hats (blocking, shaping, sewing; may repair)",hatter
,Q864751,someone who makes and sells hats,10181947-n,i90427,hatmaker|hatter|milliner|modiste,OEWN,Q1639239,p8814,fictional character from Alice in Wonderland and Through the Looking-Glass,The Hatter
,Q1587978,a person who does not acknowledge your god,10185987-n,i90451,heathen|pagan|gentile|infidel,OEWN,,p8814,term used in certain religions for one who has no religious beliefs,infidel
,Q2060071,a person who does not acknowledge your god,10185987-n,i90451,heathen|pagan|gentile|infidel,OEWN,,p8814,"term for a polytheist, non-monotheist or non-Christian",pagan
,Q11287467,one having both male and female sexual characteristics and organs; at birth an unambiguous assignment of male or female cannot be made,10191752-n,i90489,hermaphrodite|intersex|gynandromorph|androgyne|epicene|epicene person,OEWN,,p8814,"person born with any of several variations in sex characteristics including chromosomes, gonads, sex hormones or genitals that do not fit the typical definitions for male or female bodies",intersex person
,Q303479,one having both male and female sexual characteristics and organs; at birth an unambiguous assignment of male or female cannot be made,10191752-n,i90489,hermaphrodite|intersex|gynandromorph|androgyne|epicene|epicene person,OEWN,,p8814,sexually reproducing organism that produces both male and female gametes,hermaphrodite
,Q38126150,a wife who manages a household while her husband earns the family income,10209395-n,i90599,housewife|homemaker|lady of the house|woman of the house,OEWN,Q1934684,p8814,female married family member whose main occupation is running or managing the family's home,housewife
,Q1934684,a wife who manages a household while her husband earns the family income,10209395-n,i90599,housewife|homemaker|lady of the house|woman of the house,OEWN,Q1934684,p8814,family member whose main occupation is running or managing the family's home,homemaker
10489564-n,Q845929,a person who professes beliefs and opinions that he or she does not hold in order to conceal his or her real feelings or motives,10215212-n,i90638,hypocrite|dissembler|dissimulator|phony|phoney|pretender,OEWN,,p8814,someone who claims to be rightful holder of a throne that is vacant or held by another,pretender
,Q205875,a person who professes beliefs and opinions that he or she does not hold in order to conceal his or her real feelings or motives,10215212-n,i90638,hypocrite|dissembler|dissimulator|phony|phoney|pretender,OEWN,,p8814,comedy play by Molière,Tartuffe
,Q11085831,someone who mediates between speakers of different languages,10232171-n,i90733,interpreter|translator,OEWN,,p8814,person who works with translating and communicating oral texts in different languages,interpreter
,Q333634,someone who mediates between speakers of different languages,10232171-n,i90733,interpreter|translator,OEWN,,p8814,person who translates written text from one language to another,translator
,Q2261440,originally a person of noble birth trained to arms and chivalry; today in Great Britain a person honored by the sovereign for personal merit,10258072-n,i90874,knight,OEWN,Q102083,p8814,title of honour held by a member of an order,Knight
,Q102083,originally a person of noble birth trained to arms and chivalry; today in Great Britain a person honored by the sovereign for personal merit,10258072-n,i90874,knight,OEWN,Q102083,p8814,person granted an honorary title by a monarch or other political leader,knight
,Q21488839,a woman of the peerage in Britain,10262488-n,i90898,lady|noblewoman|peeress,OEWN,,p8814,"Five legal systems historically comprising hereditary titles in the United Kingdom, Great Britain, England, Scotland and Ireland",Peerages in the United Kingdom
,Q1378024,a woman of the peerage in Britain,10262488-n,i90898,lady|noblewoman|peeress,OEWN,,p8814,title held by aristocratic or noble women,lady
,Q22956083,a commissioned officer in the Navy ranking above a lieutenant and below a commander,10279694-n,i91005,lieutenant commander,OEWN,Q837582,p8814,navy officer rank of the Canadian Armed Forces,lieutenant-commander
,Q837582,a commissioned officer in the Navy ranking above a lieutenant and below a commander,10279694-n,i91005,lieutenant commander,OEWN,Q837582,p8814,commissioned officer rank in many navies,lieutenant commander
,Q2046665,a general officer ranking above a major general and below a full general,10279863-n,i91006,lieutenant general,OEWN,Q152951,p8814,military rank of the United States,lieutenant general
,Q152951,a general officer ranking above a major general and below a full general,10279863-n,i91006,lieutenant general,OEWN,Q152951,p8814,military rank used in many countries,lieutenant general
,Q1836630,an artist of consummate skill,10299827-n,i91139,maestro|master,OEWN,,p8814,honorific title of respect given to a master musician; most often used in addressing or referring to conductors,maestro
,Q1641418,an artist of consummate skill,10299827-n,i91139,maestro|master,OEWN,,p8814,judicial officer found in courts,master
,Q6510487,a member of the United States Marine Corps,10313800-n,i91223,marine|devil dog|leatherneck|shipboard soldier,OEWN,,p8814,military slang,Leatherneck
,Q1898583,a member of the United States Marine Corps,10313800-n,i91223,marine|devil dog|leatherneck|shipboard soldier,OEWN,,p8814,military service branch specialized in amphibious warfare,marine force
,Q6773415,(in some countries) a military officer of highest rank,10315837-n,i91234,marshal|marshall,OEWN,Q111837,p8814,university security officer in Sri Lanka,Marshal
,Q111837,(in some countries) a military officer of highest rank,10315837-n,i91234,marshal|marshall,OEWN,Q111837,p8814,term used in several official titles in various branches of society,marshal
,Q2393212,traveler who moves from one region or country to another,10334610-n,i91350,migrant|migrator,OEWN,,p8814,"Ottoman Muslims who emigrated to Anatolia, from the late 18th century until the end of the 20th century",Muhacir
,Q1932461,traveler who moves from one region or country to another,10334610-n,i91350,migrant|migrator,OEWN,,p8814,person who voluntarily or involuntarily moves to another country,migrant
,Q1268911,someone who plays a music as a profession,10360025-n,i91511,musician|instrumentalist|player,OEWN,,p8814,type of folk musician in Scandinavia,spelman
10359679-n,Q639669,someone who plays a music as a profession,10360025-n,i91511,musician|instrumentalist|player,OEWN,,p8814,"person who composes, conducts or performs music",musician
,Q1278335,someone who plays a music as a profession,10360025-n,i91511,musician|instrumentalist|player,OEWN,,p8814,person who plays a musical instrument,instrumentalist
,Q7070221,a woman who is the custodian of children,10364831-n,i91539,nanny|nursemaid|nurse,OEWN,Q7070221,p8814,female domestic worker employed in the main field of the care of children,nursemaid
,Q936969,a woman who is the custodian of children,10364831-n,i91539,nanny|nursemaid|nurse,OEWN,Q7070221,p8814,person employed to take care of employer's children in the employer's home,nanny
,Q13905856,a registered nurse who has received special training and can perform many of the duties of a physician,10387518-n,i91676,nurse practitioner|NP|nurse clinician,OEWN,Q595071,p8814,nursing profession,nurse practitioner
,Q595071,a registered nurse who has received special training and can perform many of the duties of a physician,10387518-n,i91676,nurse practitioner|NP|nurse clinician,OEWN,Q595071,p8814,profession,nurse practitioner
,Q2066166,a person who pays more attention to formal rules and book learning than they merit,10431101-n,i91928,pedant|bookworm|scholastic,OEWN,Q2066166,p8814,"personality type; person obsessed with detail or process, often negatively perceived",pedant
,Q214719,a person who pays more attention to formal rules and book learning than they merit,10431101-n,i91928,pedant|bookworm|scholastic,OEWN,Q2066166,p8814,love of books,bibliophilia
,Q3555589,someone who travels about selling their wares (as on the streets or at carnivals),10431296-n,i91929,peddler|pedlar|hawker|pitchman,OEWN,Q638172,p8814,informal seller of goods or food in public spaces,street vendor
,Q638172,someone who travels about selling their wares (as on the streets or at carnivals),10431296-n,i91929,peddler|pedlar|hawker|pitchman,OEWN,Q638172,p8814,travelling vendor of goods,peddler
,Q1131236,a health professional trained in the art of preparing and dispensing drugs,10441215-n,i91986,pharmacist|druggist|chemist|apothecary|pill pusher|pill roller,OEWN,Q105186,p8814,historical name for a medical professional now called a pharmacist,apothecary
,Q105186,a health professional trained in the art of preparing and dispensing drugs,10441215-n,i91986,pharmacist|druggist|chemist|apothecary|pill pusher|pill roller,OEWN,Q105186,p8814,healthcare professional who practices in pharmacy,pharmacist
,Q11679511,someone who procures customers for whores (in England they call a pimp a ponce),10453501-n,i92032,pimp|procurer|panderer|pander|pandar|ponce,OEWN,Q11679511,p8814,"person who engages in procuring, that is, promotes or facilitates prostitution",procurer
,Q43437,someone who procures customers for whores (in England they call a pimp a ponce),10453501-n,i92032,pimp|procurer|panderer|pander|pandar|ponce,OEWN,Q11679511,p8814,facilitation or provision of prostitute,procuring
,Q3492227,someone who helps to open up a new line of research or technology or art,10454492-n,i92037,pioneer|innovator|trailblazer|groundbreaker,OEWN,Q3492227,p8814,person who innovates,innovator
,Q1898036,someone who helps to open up a new line of research or technology or art,10454492-n,i92037,pioneer|innovator|trailblazer|groundbreaker,OEWN,Q3492227,p8814,1823 novel by James Fenimore Cooper,The Pioneers
,Q7259489,a railroad employee who assists passengers (especially on sleeping cars),10474871-n,i92138,porter|Pullman porter,OEWN,Q7259489,p8814,type of porter on sleeping cars on US railroads,Pullman porter
,Q7231592,a railroad employee who assists passengers (especially on sleeping cars),10474871-n,i92138,porter|Pullman porter,OEWN,Q7259489,p8814,railway employee to assist passengers and load luggage,porter
10486745-n,Q30461,the person who holds the office of head of state of the United States government,10486961-n,i92216,president of the United States|United States president|president|chief executive,OEWN,,p8814,"leader of a country or part of a country, usually in republics",president
,Q11696,the person who holds the office of head of state of the United States government,10486961-n,i92216,president of the United States|United States president|president|chief executive,OEWN,,p8814,head of state and head of government of the United States of America,President of the United States
10650671-n,Q1758037,the officer who presides at the meetings of an organization,10488547-n,i92219,president|chair|chairperson,OEWN,Q140686,p8814,"presiding officer of a national assembly or legislative body, originated in the Westminster Parliament",speaker
,Q140686,the officer who presides at the meetings of an organization,10488547-n,i92219,president|chair|chairperson,OEWN,Q140686,p8814,leading or presiding officer of an organized group,chairperson
,Q867132,a distinguished female operatic singer; a female operatic star,10491317-n,i92233,prima donna|diva,OEWN,Q693249,p8814,"celebrated female in entertainment, often music",diva
,Q693249,a distinguished female operatic singer; a female operatic star,10491317-n,i92233,prima donna|diva,OEWN,Q693249,p8814,leading female singer in an opera company,prima donna
,Q2747456,a male member of a royal family other than the sovereign (especially the son of a sovereign),10492384-n,i92240,prince,OEWN,Q2747456,p8814,"titile of nobility, male member of a monarch's or former monarch's family",prince
,Q12886381,a male member of a royal family other than the sovereign (especially the son of a sovereign),10492384-n,i92240,prince,OEWN,Q2747456,p8814,,son of emperor
,Q5482740,a person who designs and writes and tests computer programs,10500853-n,i92286,programmer|computer programmer|coder|software engineer,OEWN,Q1709010|Q5482740,p8814,person who writes computer software (subclass of software developer),programmer
,Q1709010,a person who designs and writes and tests computer programs,10500853-n,i92286,programmer|computer programmer|coder|software engineer,OEWN,Q1709010|Q5482740,p8814,practitioner of software engineering,software engineer
,Q1779530,someone who reads proof in order to find errors and mark corrections,10502353-n,i92294,proofreader|reader,OEWN,Q356139,p8814,opaque white fluid applied to paper to mask errors in text,correction fluid
,Q356139,someone who reads proof in order to find errors and mark corrections,10502353-n,i92294,proofreader|reader,OEWN,Q356139,p8814,profession,proofreader
,Q2114175,a high-ranking university administrator,10506053-n,i92313,provost,OEWN,Q2114175,p8814,senior academic administrator at many institutions of higher education,provost
,Q756215,a high-ranking university administrator,10506053-n,i92313,provost,OEWN,Q2114175,p8814,senior official in various Christian churches,provost
,Q29572226,someone who rules during the absence or incapacity or minority of the country's monarch,10535710-n,i92499,regent,OEWN,Q477406,p8814,representation of the monarch during a throne vacancy,Regent
,Q477406,someone who rules during the absence or incapacity or minority of the country's monarch,10535710-n,i92499,regent,OEWN,Q477406,p8814,governing official in the absence or incapacity of a monarch,regent
,Q1146843,one retired from society for religious reasons,10538719-n,i92517,anchorite|hermit,OEWN,Q1146843,p8814,"someone who, for religious reasons, withdraws from secular society",anchorite
10538538-n,Q189829,one retired from society for religious reasons,10538719-n,i92517,anchorite|hermit,OEWN,Q1146843,p8814,person who lives in seclusion from society,hermit
,Q10650082,someone who reads manuscripts and judges their suitability for publication,10546502-n,i92560,reviewer|referee|reader,OEWN,Q10650082,p8814,person whose profession is to review a work,reviewer
,Q1589282,someone who reads manuscripts and judges their suitability for publication,10546502-n,i92560,reviewer|referee|reader,OEWN,Q10650082,p8814,Christian Pietistic movement in Norway,Haugean
,Q707995,any member of a ship's crew,10566190-n,i92686,sailor,OEWN,Q45199,p8814,enlisted rank in many navies around the world,seaman
,Q45199,any member of a ship's crew,10566190-n,i92686,sailor,OEWN,Q45199,p8814,person who navigates water-borne vessels or assists in doing so,sailor
,Q2912143,someone who is punished for the errors of others,10574739-n,i92733,scapegoat,OEWN,,p8814,practice of singling out any party for unmerited negative treatment or blame as a scapegoat,scapegoating
,Q113204,someone who is punished for the errors of others,10574739-n,i92733,scapegoat,OEWN,,p8814,historical profession,whipping boy
,Q14290559,someone who can find paths through unexplored territory,10582177-n,i92778,scout|pathfinder|guide,OEWN,Q14290559,p8814,"person, who with knowledge or wisdom of the subject matter, escorts others, e.g., travelers or tourists through unknown or unfamiliar locations",guide
,Q1428424,someone who can find paths through unexplored territory,10582177-n,i92778,scout|pathfinder|guide,OEWN,Q14290559,p8814,specialized soldier who prepares sites for airborne operations,pathfinder
,Q1455706,a railroad employee in charge of signals and point in a railroad yard,10616499-n,i92989,signal worker,OEWN,Q1455706,p8814,employee of a railway transport network,signalman
,Q1065141,a railroad employee in charge of signals and point in a railroad yard,10616499-n,i92989,signal worker,OEWN,Q1455706,p8814,at sea,signalman
,Q2625151,a member of any of several British or American groups consisting predominantly of young people who shave their heads; some engage in white supremacist and anti-immigrant activities and this leads to the perception that all skinheads are racist and violent,10626886-n,i93042,skinhead|skin,OEWN,,p8814,members of skinhead subculture adherents of far-right political views,white power skinhead
,Q485417,a member of any of several British or American groups consisting predominantly of young people who shave their heads; some engage in white supremacist and anti-immigrant activities and this leads to the perception that all skinheads are racist and violent,10626886-n,i93042,skinhead|skin,OEWN,,p8814,member of a subculture that originated in the second half of the 1960s in London among working class youths and distinguished by its rebellion,skinhead
,Q15980591,someone who works metal (especially by hammering it when it is hot and malleable),10634145-n,i93089,smith|metalworker,OEWN,Q838566,p8814,"craft/trade; one who works with metal to create art, tools, or other objects",metalworker
09878558-n,Q1639825,someone who works metal (especially by hammering it when it is hot and malleable),10634145-n,i93089,smith|metalworker,OEWN,Q838566,p8814,"person who creates wrought iron or steel products by forging, hammering, bending, and cutting",blacksmith
,Q753110,a composer of words or music for popular songs,10643902-n,i93146,songwriter|songster|ballad maker,OEWN,Q753110,p8814,person who writes the words or music to songs,songwriter
,Q488205,a composer of words or music for popular songs,10643902-n,i93146,songwriter|songster|ballad maker,OEWN,Q753110,p8814,"musician who writes, composes and sings own songs",singer-songwriter
,Q2488257,one who practices magic or sorcery,10645222-n,i93153,sorcerer|magician|wizard|necromancer|thaumaturge|thaumaturgist,OEWN,,p8814,someone who uses or practices magic that derives from supernatural or occult sources,magician
,Q81741,one who practices magic or sorcery,10645222-n,i93153,sorcerer|magician|wizard|necromancer|thaumaturge|thaumaturgist,OEWN,,p8814,rituals or actions employed to manipulate natural or supernatural beings and forces,magic
,Q372436,a person who is a respected leader in national or international affairs,10669601-n,i93293,solon|national leader,OEWN,,p8814,civil servant or politician in high government offices,statesperson
,Q133337,a person who is a respected leader in national or international affairs,10669601-n,i93293,solon|national leader,OEWN,,p8814,Athenian legislator,Solon
,Q2914912,someone who cuts or carves stone,10678733-n,i93340,stonecutter|cutter,OEWN,Q328325,p8814,painting by Gustave Courbet,The Stone Breakers
,Q328325,someone who cuts or carves stone,10678733-n,i93340,stonecutter|cutter,OEWN,Q328325,p8814,craftsman,stonemason
,Q16938385,a minor actor in crowd scenes,10696008-n,i93447,supernumerary|spear carrier|extra,OEWN,Q658371,p8814,"group of singers, musicians and dancers that take part in carnivals and other festivities in Spain and Latin America",comparsa
,Q658371,a minor actor in crowd scenes,10696008-n,i93447,supernumerary|spear carrier|extra,OEWN,Q658371,p8814,"actor with a very minor part, typically non-speaking and in the background",extra
,Q24702381,one appointed to represent a city or university or corporation in business transactions,10706381-n,i93507,syndic,OEWN,Q1339249,p8814,"mayor of a municipality in the canton of Fribourg or Vaud, Switzerland, on in the Aosta Valley, Italy",syndic (mayor)
,Q1339249,one appointed to represent a city or university or corporation in business transactions,10706381-n,i93507,syndic,OEWN,Q1339249,p8814,officer of government with varying powers,syndic
,Q64760507,a person whose occupation is teaching,10713754-n,i93557,teacher|instructor,OEWN,Q37226,p8814,low-level academic rank,instructional staff
,Q37226,a person whose occupation is teaching,10713754-n,i93557,teacher|instructor,OEWN,Q37226,p8814,"person who helps others to acquire knowledge, competences or values",teacher
,Q1965933,a vagrant,10742949-n,i93737,tramp|hobo|bum,OEWN,Q1965933,p8814,long-term homeless person,tramp
,Q843281,a vagrant,10742949-n,i93737,tramp|hobo|bum,OEWN,Q1965933,p8814,migratory worker or homeless vagabond,hobo
,Q844409,an officer charged with receiving and disbursing funds,10746908-n,i93763,treasurer|financial officer,OEWN,Q388338,p8814,position in ancient Egypt,treasurer
,Q388338,an officer charged with receiving and disbursing funds,10746908-n,i93763,treasurer|financial officer,OEWN,Q388338,p8814,person responsible for running the treasury of an organization,treasurer
,Q3528729,a person who plays the kettledrums,10754620-n,i93818,tympanist|timpanist,OEWN,Q3528729,p8814,percussionist who plays the timpani,timpanist
10056654-n,Q386854,a person who plays the kettledrums,10754620-n,i93818,tympanist|timpanist,OEWN,Q3528729,p8814,percussionist who creates and accompanies music using drums,drummer
,Q16937295,a person with unusual powers of foresight,10776101-n,i93956,visionary|illusionist|seer,OEWN,Q1658894,p8814,Figure in traditional Finnic culture,Tietäjä
,Q1658894,a person with unusual powers of foresight,10776101-n,i93956,visionary|illusionist|seer,OEWN,Q1658894,p8814,artist who masters illusion (includes stage magician and painter),illusionist
,Q2572947,a guard who keeps watch,10789727-n,i94050,watcher|security guard,OEWN,,p8814,person on a ship in charge of the observation of the sea for hazards,lookout
,Q856887,a guard who keeps watch,10789727-n,i94050,watcher|security guard,OEWN,,p8814,person employed to protect assets,security guard
,Q1423009,the Zoroastrian god of time,10826216-n,i94235,Zurvan,OENN,Q1423009,p8814,extinct branch of Zoroastrianism,Zurvanism
,Q230478,the Zoroastrian god of time,10826216-n,i94235,Zurvan,OENN,Q1423009,p8814,,Zurvan
,Q577011,prince consort of Queen Victoria of England (1819-1861),10831144-n,i94265,Albert|Prince Albert|Albert Francis Charles Augustus Emmanuel,OENN,Q152245,p8814,male given name,Albert
,Q152245,prince consort of Queen Victoria of England (1819-1861),10831144-n,i94265,Albert|Prince Albert|Albert Francis Charles Augustus Emmanuel,OENN,Q152245,p8814,Consort of Queen Victoria from 1840 to 1861 (1819–1861),Prince Albert of Saxe-Coburg and Gotha
,Q666578,Queen of England and Scotland and Ireland; daughter of James II and the last of the Stuart monarchs; in 1707 she was the last English ruler to exercise the royal veto over parliament (1665-1714),10838073-n,i94301,Anne of Great Britain|Anne Stuart|Anne,OENN,Q119702,p8814,female given name,Anna
,Q119702,Queen of England and Scotland and Ireland; daughter of James II and the last of the Stuart monarchs; in 1707 she was the last English ruler to exercise the royal veto over parliament (1665-1714),10838073-n,i94301,Anne of Great Britain|Anne Stuart|Anne,OENN,Q119702,p8814,Queen of Great Britain and Ireland from 1702 to 1714 (1665–1714),Anne of Great Britain
,Q8005827,United States printer (born in England) whose press produced the first American prayer book and the New York City's first newspaper (1663-1752),10880185-n,i94527,Bradford|William Bradford,OENN,Q8005827,p8814,Early English-born printer in North America,William Bradford
,Q4019943,United States printer (born in England) whose press produced the first American prayer book and the New York City's first newspaper (1663-1752),10880185-n,i94527,Bradford|William Bradford,OENN,Q8005827,p8814,American printer,William Bradford
,Q913810,Irish abbess; a patron saint of Ireland (453-523),10883800-n,i94547,Brigit of Kildare|Bridget|Saint Bridget|St. Bridget|Brigid|Saint Brigid|St. Brigid|Bride|Saint Bride|St. Bride,OENN,Q80979,p8814,female given name,Bridget
,Q80979,Irish abbess; a patron saint of Ireland (453-523),10883800-n,i94547,Brigit of Kildare|Bridget|Saint Bridget|St. Bridget|Brigid|Saint Brigid|St. Brigid|Bride|Saint Bride|St. Bride,OENN,Q80979,p8814,Irish abbess and saint (c. 451 – 525),Brigid of Kildare
,Q579371,king of Scotland from 1306 to 1329; defeated the English army under Edward II at Bannockburn and gained recognition of Scottish independence (1274-1329),10887060-n,i94565,Bruce|Robert the Bruce|Robert I,OENN,Q187312,p8814,male given name,Bruce
,Q187312,king of Scotland from 1306 to 1329; defeated the English army under Edward II at Bannockburn and gained recognition of Scottish independence (1274-1329),10887060-n,i94565,Bruce|Robert the Bruce|Robert I,OENN,Q187312,p8814,King of Scotland (1306–1329),Robert I of Scotland
,Q332487,suave and witty English statesman remembered mostly for letters to his son (1694-1773),10914825-n,i94712,Philip Stanhope|Chesterfield|Fourth Earl of Chesterfield|Philip Dormer Stanhope,OENN,Q332487,p8814,18th-century British statesman and man of letters; (1694-1773),"Philip Stanhope, 4th Earl of Chesterfield"
,Q135872,suave and witty English statesman remembered mostly for letters to his son (1694-1773),10914825-n,i94712,Philip Stanhope|Chesterfield|Fourth Earl of Chesterfield|Philip Dormer Stanhope,OENN,Q332487,p8814,Wikimedia disambiguation page,Chesterfield
,Q1284910,Roman statesman and general who built the Flaminian Way; died when he was defeated by Hannibal (died 217 BC),10992487-n,i95115,Flaminius|Gaius Flaminius,OENN,Q318879,p8814,politician,Gaius Flaminius
,Q318879,Roman statesman and general who built the Flaminian Way; died when he was defeated by Hannibal (died 217 BC),10992487-n,i95115,Flaminius|Gaius Flaminius,OENN,Q318879,p8814,Roman politician and consul (c. 275 – 217 BC),Gaius Flaminius
,Q237251,wife of William Shakespeare (1556-1623),11054481-n,i95447,Hathaway|Anne Hathaway,OENN,Q237251,p8814,wife of William Shakespeare (1556-1623),Anne Hathaway
,Q36301,wife of William Shakespeare (1556-1623),11054481-n,i95447,Hathaway|Anne Hathaway,OENN,Q237251,p8814,American actress (born 1982),Q36301
,Q6270146,United States singer (born in Russia) who appeared in the first full-length talking film (1886-1950),11109659-n,i95742,Jolson|Al Jolson|Asa Yoelson,OENN,Q128532,p8814,musical,Jolson
,Q128532,United States singer (born in Russia) who appeared in the first full-length talking film (1886-1950),11109659-n,i95742,Jolson|Al Jolson|Asa Yoelson,OENN,Q128532,p8814,"American entertainer, actor, and singer (1886–1950)",Al Jolson
,Q8019371,British physicist who invented the Kelvin scale of temperature and pioneered undersea telegraphy (1824-1907),11120250-n,i95799,Kelvin|First Baron Kelvin|William Thompson,OENN,Q122701,p8814,"physician and Registrar General from Ireland, born 1861",William Thompson
,Q122701,British physicist who invented the Kelvin scale of temperature and pioneered undersea telegraphy (1824-1907),11120250-n,i95799,Kelvin|First Baron Kelvin|William Thompson,OENN,Q122701,p8814,British physicist and engineer (1824–1907),"William Thomson, 1st Baron Kelvin"
,Q984613,United States electrical engineer who made numerous automotive improvements (including the electric starter) (1876-1958),11122868-n,i95813,Charles F. Kettering|Kettering|Charles Kettering|Charles Franklin Kettering,OENN,Q959123,p8814,"town in North Northamptonshire, Northamptonshire, England",Kettering
,Q959123,United States electrical engineer who made numerous automotive improvements (including the electric starter) (1876-1958),11122868-n,i95813,Charles F. Kettering|Kettering|Charles Kettering|Charles Franklin Kettering,OENN,Q959123,p8814,"American inventor, engineer, businessman, and the holder of 140 patents (1876–1958)",Charles F. Kettering
,Q919515,United States humorist and writer of satirical short stories (1885-1933),11137734-n,i95894,Lardner|Ring Lardner|Ringgold Wilmer Lardner,OENN,Q919515,p8814,"American sportswriter, short story writer (1885–1933)",Ring Lardner
,Q728542,United States humorist and writer of satirical short stories (1885-1933),11137734-n,i95894,Lardner|Ring Lardner|Ringgold Wilmer Lardner,OENN,Q919515,p8814,American screenwriter (1915–2000),Ring Lardner Jr.
,Q182840,king of France and Germany (846-879),11159243-n,i96011,Louis II|Louis le Begue|Louis the Stammerer|Louis the German,OENN,Q152463,p8814,King of West Francia from 877 to 879,Louis the Stammerer
,Q152463,king of France and Germany (846-879),11159243-n,i96011,Louis II|Louis le Begue|Louis the Stammerer|Louis the German,OENN,Q152463,p8814,King of East Francia from 843 to 876,Louis the German
,Q4910727,United States basketball center (born in 1934),11295485-n,i96781,Russell|Bill Russell|William Felton Russell,OENN,Q242185,p8814,"American shortstop, coach, and manager in Major League Baseball",Bill Russell
,Q242185,United States basketball center (born in 1934),11295485-n,i96781,Russell|Bill Russell|William Felton Russell,OENN,Q242185,p8814,American basketball player (1934–2022),Bill Russell
,Q7423471,United States golfer who was first to win all four major golf tournaments (1902-1999),11301672-n,i96813,Sarazen|Gene Sarazen,OENN,Q723707,p8814,American-bred Thoroughbred racehorse,Sarazen
,Q723707,United States golfer who was first to win all four major golf tournaments (1902-1999),11301672-n,i96813,Sarazen|Gene Sarazen,OENN,Q723707,p8814,American golfer (1902–1999),Gene Sarazen
,Q18559808,English potter who started a pottery famous for its bone china (1754-1827),11331812-n,i96984,Spode|Josiah Spode,OENN,Q18559808,p8814,English potter and merchant (1755-1825),Josiah Spode II
,Q6290627,English potter who started a pottery famous for its bone china (1754-1827),11331812-n,i96984,Spode|Josiah Spode,OENN,Q18559808,p8814,English potter (1733-1797),Josiah Spode
,Q1472674,Swedish theologian (1688-1772),11346586-n,i97072,Swedenborg|Svedberg|Emanuel Swedenborg|Emanuel Svedberg,OENN,Q185832,p8814,"unit of time for the rate at which a particle settles down within a fluid, defined as 100 femtoseconds",svedberg
,Q185832,Swedish theologian (1688-1772),11346586-n,i97072,Swedenborg|Svedberg|Emanuel Swedenborg|Emanuel Svedberg,OENN,Q185832,p8814,Swedish 18th century scientist and theologian (1688-1772),Emmanuel Swedenborg
,Q537152,English historian who studied the rise and fall of civilizations looking for cyclical patterns (1889-1975),11367312-n,i97192,Toynbee|Arnold Toynbee|Arnold Joseph Toynbee,OENN,Q185381,p8814,British economic historian (1852–1883),Arnold Toynbee
,Q185381,English historian who studied the rise and fall of civilizations looking for cyclical patterns (1889-1975),11367312-n,i97192,Toynbee|Arnold Toynbee|Arnold Joseph Toynbee,OENN,Q185381,p8814,British historian (1889–1975),Arnold J. Toynbee
,Q1448789,United States businessman (born in Germany) who founded a company to make pipe organs (1831-1914),11419269-n,i97493,Wurlitzer|Rudolf Wurlitzer,OENN,Q1448789,p8814,American musical instrument maker,Franz Rudolph Wurlitzer
,Q1078587,United States businessman (born in Germany) who founded a company to make pipe organs (1831-1914),11419269-n,i97493,Wurlitzer|Rudolf Wurlitzer,OENN,Q1448789,p8814,American company of music boxes and instruments,Rudolph Wurlitzer Company
,Q2303209,the flow of air that is driven backwards by an aircraft propeller,11443311-n,i97612,slipstream|airstream|race|backwash|wash,OEWN,,p8814,fluid dynamics phenomenon,slipstream
06123958-n,Q8424,the flow of air that is driven backwards by an aircraft propeller,11443311-n,i97612,slipstream|airstream|race|backwash|wash,OEWN,,p8814,branch of dynamics concerned with studying the motion of air,aerodynamics
,Q5532837,the rising of a body of water and its overflowing onto normally dry land,11475008-n,i97781,flood|inundation|deluge|alluvion,OEWN,,p8814,biblical flood myth,Genesis flood narrative
,Q301869,the rising of a body of water and its overflowing onto normally dry land,11475008-n,i97781,flood|inundation|deluge|alluvion,OEWN,,p8814,deliberate flooding of an area,inundation
,Q991239,the space around a radiating body within which its electromagnetic oscillations can exert force on another similar body not in contact with it,11477177-n,i97792,field|field of force|force field,OEWN,,p8814,physics term,force field
,Q185674,the space around a radiating body within which its electromagnetic oscillations can exert force on another similar body not in contact with it,11477177-n,i97792,field|field of force|force field,OEWN,,p8814,"physical quantity, represented by a number or tensor, that has a value for each point in space-time",field
,Q2252144,small tough woody zamia of Florida and West Indies and Cuba; roots and half-buried stems yield an arrowroot,11622542-n,i98357,coontie|Florida arrowroot|Seminole bread|Zamia pumila,OEWN,Q2252144,p8814,species of plant,Zamia pumila
,Q1089795,small tough woody zamia of Florida and West Indies and Cuba; roots and half-buried stems yield an arrowroot,11622542-n,i98357,coontie|Florida arrowroot|Seminole bread|Zamia pumila,OEWN,Q2252144,p8814,division of plants,Cycadophyta
,Q50838983,large coniferous evergreen tree of North Africa and Spain having flattened branches and scalelike leaves yielding a hard fragrant wood; bark yields a resin used in varnishes,11663473-n,i98553,sandarac|sandarac tree|Tetraclinis articulata|Callitris quadrivalvis,OEWN,Q50838983,p8814,species of plant,Callitris quadrivalvis
,Q201703,large coniferous evergreen tree of North Africa and Spain having flattened branches and scalelike leaves yielding a hard fragrant wood; bark yields a resin used in varnishes,11663473-n,i98553,sandarac|sandarac tree|Tetraclinis articulata|Callitris quadrivalvis,OEWN,Q50838983,p8814,vegetal extract,sandarac
,Q2047589,reproductive organ of angiosperm plants especially one having showy or colorful parts,11689786-n,i98673,flower|bloom|blossom,OEWN,,p8814,,blossom
,Q506,reproductive organ of angiosperm plants especially one having showy or colorful parts,11689786-n,i98673,flower|bloom|blossom,OEWN,,p8814,sexual reproductive structure found on flowering plants,flower
,Q1572090,North American herb with poisonous root stock and edible though insipid fruit,11720527-n,i98830,mayapple|May apple|wild mandrake|Podophyllum peltatum,OEWN,Q1572090,p8814,species of plant,Podophyllum peltatum
11717857-n,Q158503,North American herb with poisonous root stock and edible though insipid fruit,11720527-n,i98830,mayapple|May apple|wild mandrake|Podophyllum peltatum,OEWN,Q1572090,p8814,genus of plants,Berberis
,Q18337957,used in some classifications for the American spicebush and certain other plants often included in the genus Lindera,11726589-n,i98860,Benzoin|genus Benzoin,OENN,Q18337957,p8814,genus of plants,Benzoin
,Q426819,used in some classifications for the American spicebush and certain other plants often included in the genus Lindera,11726589-n,i98860,Benzoin|genus Benzoin,OENN,Q18337957,p8814,chemical compound,(+/-)-benzoin
,Q62398746,small tree of southern United States having dark red heartwood,11727411-n,i98864,laurel-tree|red bay|Persea borbonia,OEWN,Q4351742,p8814,small mediterranean tree; Laurel Branch is symbol of cult of Apollo,laurel tree
,Q4351742,small tree of southern United States having dark red heartwood,11727411-n,i98864,laurel-tree|red bay|Persea borbonia,OEWN,Q4351742,p8814,species of plant,Persea borbonia
,Q584469,yellowwood tree with brittle wood and aromatic leaves and bark; source of sassafras oil; widely distributed in eastern North America,11727698-n,i98866,sassafras|sassafras tree|Sassafras albidum,OEWN,Q584469,p8814,species of plant,Sassafras albidum
11727578-n,Q131532,yellowwood tree with brittle wood and aromatic leaves and bark; source of sassafras oil; widely distributed in eastern North America,11727698-n,i98866,sassafras|sassafras tree|Sassafras albidum,OEWN,Q584469,p8814,genus of plants,Sassafras
,Q2724976,East Indian tree widely cultivated in the tropics for its aromatic seed; source of two spices: nutmeg and mace,11734851-n,i98899,nutmeg|nutmeg tree|Myristica fragrans,OEWN,Q2724976,p8814,species of plant,Myristica fragrans
11734619-n,Q1878350,East Indian tree widely cultivated in the tropics for its aromatic seed; source of two spices: nutmeg and mace,11734851-n,i98899,nutmeg|nutmeg tree|Myristica fragrans,OEWN,Q2724976,p8814,genus of plants in the Myristicaceae family,Myristica
11737708-n,Q207427,white Egyptian lotus: water lily of Egypt to southeastern Africa; held sacred by the Egyptians,11736279-n,i98905,lotus|white lotus|Egyptian water lily|white lily|Nymphaea lotus,OEWN,Q161111,p8814,genus of plants,Nelumbo
,Q161111,white Egyptian lotus: water lily of Egypt to southeastern Africa; held sacred by the Egyptians,11736279-n,i98905,lotus|white lotus|Egyptian water lily|white lily|Nymphaea lotus,OEWN,Q161111,p8814,species of plant,Nymphaea lotus
11737708-n,Q207427,native to eastern Asia; widely cultivated for its large pink or white flowers,11737868-n,i98914,lotus|Indian lotus|sacred lotus|Nelumbo nucifera,OEWN,Q16528,p8814,genus of plants,Nelumbo
,Q16528,native to eastern Asia; widely cultivated for its large pink or white flowers,11737868-n,i98914,lotus|Indian lotus|sacred lotus|Nelumbo nucifera,OEWN,Q16528,p8814,species of plant,Nelumbo nucifera
,Q159218,a poisonous herb native to northern Europe having hooded blue-purple flowers; the dried leaves and roots yield aconite,11743696-n,i98940,monkshood|helmetflower|helmet flower|Aconitum napellus,OEWN,Q159218,p8814,species of plant,Aconitum napellus
11743238-n,Q155904,a poisonous herb native to northern Europe having hooded blue-purple flowers; the dried leaves and roots yield aconite,11743696-n,i98940,monkshood|helmetflower|helmet flower|Aconitum napellus,OEWN,Q159218,p8814,genus of flowering plants in the buttercup family Ranunculaceae,Aconitum
,Q4115564,a common North American anemone with cylindrical fruit clusters resembling thimbles,11746092-n,i98953,thimbleweed|Anemone cylindrica,OEWN,Q4115564,p8814,species of plant,Anemone cylindrica
11746290-n,Q161056,a common North American anemone with cylindrical fruit clusters resembling thimbles,11746092-n,i98953,thimbleweed|Anemone cylindrica,OEWN,Q4115564,p8814,species of plant,Anemone nemorosa
,Q2208329,common anemone of eastern North America with solitary pink-tinged white flowers,11746442-n,i98955,wood anemone|snowdrop|Anemone quinquefolia,OEWN,Q2208329,p8814,species of plant,Anemone quinquefolia
,Q105415,common anemone of eastern North America with solitary pink-tinged white flowers,11746442-n,i98955,wood anemone|snowdrop|Anemone quinquefolia,OEWN,Q2208329,p8814,genus of plants,Galanthus
,Q2846008,columbine of eastern North America having long-spurred red flowers,11747827-n,i98963,meeting house|honeysuckle|Aquilegia canadensis,OEWN,Q2846008,p8814,species of plant,Aquilegia canadensis
12695656-n,Q158538,columbine of eastern North America having long-spurred red flowers,11747827-n,i98963,meeting house|honeysuckle|Aquilegia canadensis,OEWN,Q2846008,p8814,species of plant,Lonicera caprifolium
11758672-n,Q148623,any plant of the genus Pulsatilla; sometimes included in genus Anemone,11758003-n,i99015,pasqueflower|pasque flower,OEWN,,p8814,species of plant,Pulsatilla vulgaris
11757785-n,Q147764,any plant of the genus Pulsatilla; sometimes included in genus Anemone,11758003-n,i99015,pasqueflower|pasque flower,OEWN,,p8814,genus of plants,Pulsatilla
,Q111912248,"tall rush with soft erect or arching stems found in Eurasia, Australia, New Zealand, and common in North America",11764241-n,i99046,bulrush|bullrush|common rush|soft rush|Juncus effusus,OEWN,Q161677,p8814,index of plants with the same common name,bulrush
,Q161677,"tall rush with soft erect or arching stems found in Eurasia, Australia, New Zealand, and common in North America",11764241-n,i99046,bulrush|bullrush|common rush|soft rush|Juncus effusus,OEWN,Q161677,p8814,species of plant,Juncus effusus
11768799-n,Q636425,widely cultivated American plant cultivated in tropical and warm regions; showy yellow flowers on stalks that bend over to the soil so that seed pods ripen underground,11768970-n,i99063,peanut|peanut vine|Arachis hypogaea,OEWN,Q37383,p8814,genus of plants,Arachis
,Q37383,widely cultivated American plant cultivated in tropical and warm regions; showy yellow flowers on stalks that bend over to the soil so that seed pods ripen underground,11768970-n,i99063,peanut|peanut vine|Arachis hypogaea,OEWN,Q37383,p8814,"legume cultivated for use of the underground seedpods as a grain crop, and also processed as peanut oil",peanut
,Q65950237,shrubby perennial of southern Australia having downy or woolly stems and undersides of leaves and racemes of red to pink flowers,11772637-n,i99083,hairy darling pea|Swainsona greyana|Swainsona grandiflora,OEWN,Q65950237,p8814,species of plant,Swainsona grandiflora
,Q7653037,shrubby perennial of southern Australia having downy or woolly stems and undersides of leaves and racemes of red to pink flowers,11772637-n,i99083,hairy darling pea|Swainsona greyana|Swainsona grandiflora,OEWN,Q65950237,p8814,species of plant,Swainsona greyana
,Q15535916,East Indian spiny tree having twice-pinnate leaves and yellow flowers followed by flat pods; source of black catechu,11777659-n,i99105,catechu|Jerusalem thorn|Acacia catechu,OEWN,Q15535916,p8814,species of plant,Acacia catechu
11776163-n,Q81666,East Indian spiny tree having twice-pinnate leaves and yellow flowers followed by flat pods; source of black catechu,11777659-n,i99105,catechu|Jerusalem thorn|Acacia catechu,OEWN,Q15535916,p8814,genus of plants,Acacia
11794329-n,Q3874774,an ornamental but poisonous flowering shrub having narrow evergreen leaves and clusters of fragrant white to pink or red flowers: native to East Indies but widely cultivated in warm regions,11794456-n,i99181,oleander|rose bay|Nerium oleander,OEWN,Q155833,p8814,genus of plants,Nerium
,Q155833,an ornamental but poisonous flowering shrub having narrow evergreen leaves and clusters of fragrant white to pink or red flowers: native to East Indies but widely cultivated in warm regions,11794456-n,i99181,oleander|rose bay|Nerium oleander,OEWN,Q155833,p8814,species of plant,Nerium oleander
,Q19847180,widely cultivated as a groundcover for its dark green shiny leaves and usually blue-violet flowers,11798561-n,i99200,myrtle|Vinca minor,OEWN,Q161777,p8814,varieties of the color green,shade of green
,Q161777,widely cultivated as a groundcover for its dark green shiny leaves and usually blue-violet flowers,11798561-n,i99200,myrtle|Vinca minor,OEWN,Q161777,p8814,species of plant,Vinca minor
11819320-n,Q26771,Old World vine with lobed evergreen leaves and black berrylike fruits,11819447-n,i99302,ivy|common ivy|English ivy|Hedera helix,OEWN,Q26354,p8814,"ivy, evergreen climbing plant",Hedera
,Q26354,Old World vine with lobed evergreen leaves and black berrylike fruits,11819447-n,i99302,ivy|common ivy|English ivy|Hedera helix,OEWN,Q26354,p8814,species of plant,Hedera helix
,Q10888482,Chinese herb with palmately compound leaves and small greenish flowers and forked aromatic roots believed to have medicinal powers,11820201-n,i99306,ginseng|nin-sin|Panax ginseng|Panax schinseng|Panax pseudoginseng,OEWN,Q10888482,p8814,species of plant,Panax pseudoginseng
,Q182881,Chinese herb with palmately compound leaves and small greenish flowers and forked aromatic roots believed to have medicinal powers,11820201-n,i99306,ginseng|nin-sin|Panax ginseng|Panax schinseng|Panax pseudoginseng,OEWN,Q10888482,p8814,species of plant,Panax ginseng
,Q15593811,evergreen low-growing perennial having mottled green and silvery-grey heart-shaped pungent leaves; Virginia to South Carolina,11823055-n,i99320,heartleaf|heart-leaf|Asarum virginicum,OEWN,Q15593811,p8814,species of plant,Asarum virginicum
11822545-n,Q157718,evergreen low-growing perennial having mottled green and silvery-grey heart-shaped pungent leaves; Virginia to South Carolina,11823055-n,i99320,heartleaf|heart-leaf|Asarum virginicum,OEWN,Q15593811,p8814,genus of plants,Asarum
,Q12583230,low-growing herb having clusters of small white four-petaled flowers,11833379-n,i99370,sandwort|Moehringia lateriflora,OEWN,Q12583230,p8814,species of plant,Moehringia lateriflora
,Q7417109,low-growing herb having clusters of small white four-petaled flowers,11833379-n,i99370,sandwort|Moehringia lateriflora,OEWN,Q12583230,p8814,Wikimedia disambiguation page,Sandwort
,Q159611,leaves sometimes used as potherbs; seeds used as cereal; southern United States to Central America; India and China,11844615-n,i99423,pigweed|Amaranthus hypochondriacus,OEWN,Q159611,p8814,species of plant,Amaranthus hypochondriacus
,Q157663,leaves sometimes used as potherbs; seeds used as cereal; southern United States to Central America; India and China,11844615-n,i99423,pigweed|Amaranthus hypochondriacus,OEWN,Q159611,p8814,species of plant,Amaranthus retroflexus
,Q4869290,low-growing strong-smelling coastal shrub of warm parts of the New World having unisexual flowers in conelike spikes and thick succulent leaves,11848010-n,i99440,saltwort|Batis maritima,OEWN,Q4869290,p8814,species of plant,Batis maritima
11847817-n,Q134459,low-growing strong-smelling coastal shrub of warm parts of the New World having unisexual flowers in conelike spikes and thick succulent leaves,11848010-n,i99440,saltwort|Batis maritima,OEWN,Q4869290,p8814,genus of plants,Batis
,Q15591153,bushy annual weed of central North America having greenish flowers and winged seeds,11853842-n,i99469,winged pigweed|tumbleweed|Cycloloma atriplicifolium,OEWN,Q15591153,p8814,species of plant,Cycloloma atriplicifolium
11853677-n,Q8352821,bushy annual weed of central North America having greenish flowers and winged seeds,11853842-n,i99469,winged pigweed|tumbleweed|Cycloloma atriplicifolium,OEWN,Q15591153,p8814,genus of plants,Cycloloma
,Q15709475,a coarse annual herb introduced into North America from Siberia; dangerous to sheep and cattle on western rangelands because of its high oxalate content,11854218-n,i99471,halogeton|Halogeton glomeratus,OEWN,Q15709475,p8814,species of plant,Halogeton glomeratus
11854046-n,Q1024025,a coarse annual herb introduced into North America from Siberia; dangerous to sheep and cattle on western rangelands because of its high oxalate content,11854218-n,i99471,halogeton|Halogeton glomeratus,OEWN,Q15709475,p8814,genus of plants,Halogeton
,Q64506735,bushy plant of Old World salt marshes and sea beaches having prickly leaves; burned to produce a crude soda ash,11855123-n,i99476,saltwort|barilla|glasswort|kali|kelpwort|Salsola kali|Salsola soda,OEWN,Q2713171,p8814,set of salt-tolerant plants,Barilla
,Q163655,bushy plant of Old World salt marshes and sea beaches having prickly leaves; burned to produce a crude soda ash,11855123-n,i99476,saltwort|barilla|glasswort|kali|kelpwort|Salsola kali|Salsola soda,OEWN,Q2713171,p8814,species of plant,Salsola kali
,Q17252862,low hardy much-branched spiny shrub common in alkaline soils of western America,11855720-n,i99479,greasewood|black greasewood|Sarcobatus vermiculatus,OEWN,Q17252862,p8814,species of plant,Sarcobatus vermiculatus
,Q16870286,low hardy much-branched spiny shrub common in alkaline soils of western America,11855720-n,i99479,greasewood|black greasewood|Sarcobatus vermiculatus,OEWN,Q17252862,p8814,Wikimedia disambiguation page,Greasewood
,Q4113860,showy succulent ground-hugging plant of Rocky Mountains regions having deep to pale pink flowers and fleshy farinaceous roots; the Montana state flower,11881024-n,i99597,bitterroot|Lewisia rediviva,OEWN,Q4113860,p8814,species of plant,bitterroot
11880450-n,Q879036,showy succulent ground-hugging plant of Rocky Mountains regions having deep to pale pink flowers and fleshy farinaceous roots; the Montana state flower,11881024-n,i99597,bitterroot|Lewisia rediviva,OEWN,Q4113860,p8814,genus of plants,Lewisia
,Q2938024,North American herb with pungent scaly or toothed roots,11902895-n,i99697,crinkleroot|crinkle-root|crinkle root|pepper root|toothwort|Cardamine diphylla|Dentaria diphylla,OEWN,Q2938024,p8814,species of plant,Cardamine diphylla
,Q143696,North American herb with pungent scaly or toothed roots,11902895-n,i99697,crinkleroot|crinkle-root|crinkle root|pepper root|toothwort|Cardamine diphylla|Dentaria diphylla,OEWN,Q2938024,p8814,genus of plants,Lathraea
11911864-n,Q842030,southeastern European plant cultivated for its fragrant purplish flowers and round flat papery silver-white seedpods that are used for indoor decoration,11912010-n,i99742,honesty|silver dollar|money plant|satin flower|satinpod|Lunaria annua,OEWN,Q240620,p8814,genus of plants,Lunaria
,Q240620,southeastern European plant cultivated for its fragrant purplish flowers and round flat papery silver-white seedpods that are used for indoor decoration,11912010-n,i99742,honesty|silver dollar|money plant|satin flower|satinpod|Lunaria annua,OEWN,Q240620,p8814,"species of plant, native to the Balkans and south west Asia",Lunaria annua
,Q87644934,weedy Eurasian plant often a pest in grain fields,11917191-n,i99768,field mustard|wild mustard|charlock|chadlock|Brassica kaber|Sinapis arvensis,OEWN,Q27986|Q87644934,p8814,species of plant,Brassica kaber
,Q27986,weedy Eurasian plant often a pest in grain fields,11917191-n,i99768,field mustard|wild mustard|charlock|chadlock|Brassica kaber|Sinapis arvensis,OEWN,Q27986|Q87644934,p8814,species of plant,Sinapis arvensis
,Q164046,small aquatic plant having tufted awl-shaped leaves in a basal rosette and minute white flowers; circumboreal,11918740-n,i99776,awlwort|Subularia aquatica,OEWN,Q164046,p8814,species of aquatic plant,Subularia aquatica
11918548-n,Q159790,small aquatic plant having tufted awl-shaped leaves in a basal rosette and minute white flowers; circumboreal,11918740-n,i99776,awlwort|Subularia aquatica,OEWN,Q164046,p8814,genus of plants,Subularia
,Q157557,perennial herb with branched woody stock and bright yellow flowers,11924140-n,i99802,celandine|greater celandine|swallowwort|swallow wort|Chelidonium majus,OEWN,Q156807,p8814,species of plant,Ficaria verna
,Q156807,perennial herb with branched woody stock and bright yellow flowers,11924140-n,i99802,celandine|greater celandine|swallowwort|swallow wort|Chelidonium majus,OEWN,Q156807,p8814,species of plant in the poppy family,Chelidonium majus
,Q2724394,perennial woodland native of North America having a red root and red sap and bearing a solitary lobed leaf and white flower in early spring and having acrid emetic properties; rootstock used as a stimulant and expectorant,11928546-n,i99826,bloodroot|puccoon|redroot|tetterwort|Sanguinaria canadensis,OEWN,Q2724394,p8814,species of plant,Sanguinaria canadensis
,Q160098,perennial woodland native of North America having a red root and red sap and bearing a solitary lobed leaf and white flower in early spring and having acrid emetic properties; rootstock used as a stimulant and expectorant,11928546-n,i99826,bloodroot|puccoon|redroot|tetterwort|Sanguinaria canadensis,OEWN,Q2724394,p8814,species of plant,Potentilla erecta
,Q7258210,perennial woodland native of North America having a red root and red sap and bearing a solitary lobed leaf and white flower in early spring and having acrid emetic properties; rootstock used as a stimulant and expectorant,11928546-n,i99826,bloodroot|puccoon|redroot|tetterwort|Sanguinaria canadensis,OEWN,Q2724394,p8814,Wikimedia disambiguation page,Puccoon
,Q157618,delicate European herb with greyish leaves and spikes of purplish flowers; formerly used medicinally,11929996-n,i99833,fumitory|fumewort|fumeroot|Fumaria officinalis,OEWN,Q157618,p8814,species of plant,Fumaria officinalis
11929822-n,Q157496,delicate European herb with greyish leaves and spikes of purplish flowers; formerly used medicinally,11929996-n,i99833,fumitory|fumewort|fumeroot|Fumaria officinalis,OEWN,Q157618,p8814,genus of plants,Fumaria
12048665-n,Q748153,widespread rank-smelling weed having white-rayed flower heads with yellow discs,11943643-n,i99882,mayweed|dog fennel|stinking mayweed|stinking chamomile|Anthemis cotula,OEWN,Q571357,p8814,genus of plants,Tripleurospermum
,Q571357,widespread rank-smelling weed having white-rayed flower heads with yellow discs,11943643-n,i99882,mayweed|dog fennel|stinking mayweed|stinking chamomile|Anthemis cotula,OEWN,Q571357,p8814,species of plant,Anthemis cotula
,Q2544599,perennial Old World herb having rayed flower heads with blue florets cultivated for its root and its heads of crisp edible leaves used in salads,11973507-n,i100045,chicory|succory|chicory plant|Cichorium intybus,OEWN,Q2544599,p8814,species of plant,Cichorium intybus
11973369-n,Q158514,perennial Old World herb having rayed flower heads with blue florets cultivated for its root and its heads of crisp edible leaves used in salads,11973507-n,i100045,chicory|succory|chicory plant|Cichorium intybus,OEWN,Q2544599,p8814,genus of plants,Cichorium
,Q28604477,widely cultivated herb with leaves valued as salad green; either curly serrated leaves or broad flat ones that are usually blanched,11973808-n,i100046,endive|witloof|Cichorium endivia,OEWN,Q178547,p8814,leafy vegetable plant,endive
,Q178547,widely cultivated herb with leaves valued as salad green; either curly serrated leaves or broad flat ones that are usually blanched,11973808-n,i100046,endive|witloof|Cichorium endivia,OEWN,Q178547,p8814,species of plant,Cichorium endivia
,Q1549236,any of several plants of or developed from the species Dahlia pinnata having tuberous roots and showy rayed variously colored flower heads; native to the mountains of Mexico and Central America and Colombia,11980714-n,i100081,dahlia|Dahlia pinnata,OEWN,Q1549236,p8814,species of plant,Dahlia pinnata
,Q130918,any of several plants of or developed from the species Dahlia pinnata having tuberous roots and showy rayed variously colored flower heads; native to the mountains of Mexico and Central America and Colombia,11980714-n,i100081,dahlia|Dahlia pinnata,OEWN,Q1549236,p8814,genus of plants,Dahlia
,Q3053763,herb having a basal cluster of grey-green leaves and leafless stalks each with a solitary broad yellow flower head; desert areas Idaho to Arizona,11984915-n,i100102,sunray|Enceliopsis nudicaulis,OEWN,Q3053763,p8814,species of plant,Enceliopsis nudicaulis
11984738-n,Q2710487,herb having a basal cluster of grey-green leaves and leafless stalks each with a solitary broad yellow flower head; desert areas Idaho to Arizona,11984915-n,i100102,sunray|Enceliopsis nudicaulis,OEWN,Q3053763,p8814,genus of plants,Enceliopsis
,Q15588334,an American weedy plant with small white or greenish flowers,11985687-n,i100106,fireweed|Erechtites hieracifolia,OEWN,Q15588334|Q857720,p8814,species of plant,Erechtites hieracifolia
,Q857720,an American weedy plant with small white or greenish flowers,11985687-n,i100106,fireweed|Erechtites hieracifolia,OEWN,Q15588334|Q857720,p8814,species of plant in the Asteraceae family,Erechtites hieraciifolius
12001046-n,Q2065883,any North American shrubby perennial herb of the genus Heliopsis having large yellow daisylike flowers,12001151-n,i100183,heliopsis|oxeye,OEWN,,p8814,genus of plants,Heliopsis
,Q478332,any North American shrubby perennial herb of the genus Heliopsis having large yellow daisylike flowers,12001151-n,i100183,heliopsis|oxeye,OEWN,,p8814,species of plant,Heliopsis helianthoides
,Q27164,tall leafy-stemmed Eurasian perennial with white flowers; widely naturalized; often placed in genus Chrysanthemum,12010338-n,i100228,oxeye daisy|ox-eyed daisy|marguerite|moon daisy|white daisy|Leucanthemum vulgare|Chrysanthemum leucanthemum,OEWN,Q27164,p8814,species of plant,Leucanthemum vulgare
12010105-n,Q21040,tall leafy-stemmed Eurasian perennial with white flowers; widely naturalized; often placed in genus Chrysanthemum,12010338-n,i100228,oxeye daisy|ox-eyed daisy|marguerite|moon daisy|white daisy|Leucanthemum vulgare|Chrysanthemum leucanthemum,OEWN,Q27164,p8814,genus of plants,Leucanthemum
,Q14954851,herb of Canary Islands widely cultivated for its blue or purple or red or variegated daisylike flowers,12022176-n,i100284,cineraria|Pericallis cruenta|Senecio cruentus,OEWN,Q14954851,p8814,species of plant,Pericallis cruenta
,Q13217438,herb of Canary Islands widely cultivated for its blue or purple or red or variegated daisylike flowers,12022176-n,i100284,cineraria|Pericallis cruenta|Senecio cruentus,OEWN,Q14954851,p8814,species of plant,Jacobaea maritima
,Q18774030,annual herb of the eastern Himalayas (Kashmir) having purple florets and a fragrant root that yields a volatile oil used in perfumery and for preserving furs,12030657-n,i100324,costusroot|Saussurea costus|Saussurea lappa,OEWN,Q18774030,p8814,species of plant,Saussurea lappa
,Q133082,annual herb of the eastern Himalayas (Kashmir) having purple florets and a fragrant root that yields a volatile oil used in perfumery and for preserving furs,12030657-n,i100324,costusroot|Saussurea costus|Saussurea lappa,OEWN,Q18774030,p8814,genus of plants,Costus
,Q1144724,widespread European weed having yellow daisylike flowers; sometimes an obnoxious weed and toxic to cattle if consumed in quantity,12032722-n,i100333,ragwort|tansy ragwort|ragweed|benweed|Senecio jacobaea,OEWN,Q1144724,p8814,species of plant,Senecio jacobaea
11852343-n,Q829752,widespread European weed having yellow daisylike flowers; sometimes an obnoxious weed and toxic to cattle if consumed in quantity,12032722-n,i100333,ragwort|tansy ragwort|ragweed|benweed|Senecio jacobaea,OEWN,Q1144724,p8814,species of annual plant,Bassia scoparia
,Q852073,spring-flowering garden perennial of Asiatic origin having finely divided aromatic leaves and white to pink-purple flowers; source of an insecticide; sometimes placed in genus Chrysanthemum,12042523-n,i100385,painted daisy|pyrethrum|Tanacetum coccineum|Chrysanthemum coccineum,OEWN,Q852073,p8814,species of plant,Tanacetum coccineum
12041589-n,Q54016,spring-flowering garden perennial of Asiatic origin having finely divided aromatic leaves and white to pink-purple flowers; source of an insecticide; sometimes placed in genus Chrysanthemum,12042523-n,i100385,painted daisy|pyrethrum|Tanacetum coccineum|Chrysanthemum coccineum,OEWN,Q852073,p8814,genus of plants,Tanacetum
,Q109521235,Mexican epiphytic orchid having pale green or yellow-green flowers with white purple-veined lip,12082115-n,i100553,butterfly orchid|butterfly orchis|Epidendrum venosum|Encyclia venosa,OEWN,Q109521235,p8814,,Encyclia venosa
,Q5002974,Mexican epiphytic orchid having pale green or yellow-green flowers with white purple-veined lip,12082115-n,i100553,butterfly orchid|butterfly orchis|Epidendrum venosum|Encyclia venosa,OEWN,Q109521235,p8814,Wikimedia disambiguation page,Butterfly orchid
,Q149344,Mediterranean plant widely cultivated as a houseplant for its showy dark green leaves splotched with silver and nodding white or pink to reddish flowers with reflexed petals,12113846-n,i100706,cyclamen|Cyclamen purpurascens,OEWN,Q149344,p8814,species of plant,Cyclamen purpurascens
12113605-n,Q147295,Mediterranean plant widely cultivated as a houseplant for its showy dark green leaves splotched with silver and nodding white or pink to reddish flowers with reflexed petals,12113846-n,i100706,cyclamen|Cyclamen purpurascens,OEWN,Q149344,p8814,genus of plants,Cyclamen
,Q111528911,water pimpernel of Europe to China,12117080-n,i100725,brookweed|Samolus valerandii,OEWN,Q111528911,p8814,"species, by L., 1991, in family Primulaceae",Samolus valerandii
12116740-n,Q121047,water pimpernel of Europe to China,12117080-n,i100725,brookweed|Samolus valerandii,OEWN,Q111528911,p8814,genus of plants,Samolus
,Q49426613,tropical American shrub or small tree with brown wood and dark berries,12118073-n,i100731,marlberry|Ardisia escallonoides|Ardisia paniculata,OEWN,Q49426613,p8814,species of plant,Ardisia escallonoides
12117913-n,Q163675,tropical American shrub or small tree with brown wood and dark berries,12118073-n,i100731,marlberry|Ardisia escallonoides|Ardisia paniculata,OEWN,Q49426613,p8814,species of plant,Ardisia crenata
,Q87622596,European grass spreading rapidly by creeping rhizomes; naturalized in North America as a weed,12126095-n,i100763,dog grass|couch grass|quackgrass|quack grass|quick grass|witch grass|witchgrass|Agropyron repens,OEWN,Q87622596,p8814,species of plant in the genus Agropyron,Agropyron repens
,Q276262,European grass spreading rapidly by creeping rhizomes; naturalized in North America as a weed,12126095-n,i100763,dog grass|couch grass|quackgrass|quack grass|quick grass|witch grass|witchgrass|Agropyron repens,OEWN,Q87622596,p8814,species of grass,Elymus repens
,Q3744284,grass with wide flat leaves cultivated in Europe and America for permanent pasture and hay and for lawns,12142127-n,i100850,fescue|fescue grass|meadow fescue|Festuca elatior,OEWN,Q3744284,p8814,name that may not be used,Festuca elatior L. (1753)
12141922-n,Q157337,grass with wide flat leaves cultivated in Europe and America for permanent pasture and hay and for lawns,12142127-n,i100850,fescue|fescue grass|meadow fescue|Festuca elatior,OEWN,Q3744284,p8814,genus of plants,Festuca
12131916-n,Q164128,weedy annual grass often occurs in grainfields and other cultivated land; seeds sometimes considered poisonous,12145700-n,i100871,darnel|tare|bearded darnel|cheat|Lolium temulentum,OEWN,Q32856034|Q162088,p8814,Species of grass,Bromus tectorum
12145022-n,Q158509,weedy annual grass often occurs in grainfields and other cultivated land; seeds sometimes considered poisonous,12145700-n,i100871,darnel|tare|bearded darnel|cheat|Lolium temulentum,OEWN,Q32856034|Q162088,p8814,genus of plants,Lolium
12377617-n,Q1281083,European sedge having rough-edged leaves and spikelets of reddish flowers and aromatic roots,12171687-n,i101004,galingale|galangal|Cyperus longus,OEWN,Q2425310,p8814,species of plant,Alpinia officinarum
,Q734727,European sedge having rough-edged leaves and spikelets of reddish flowers and aromatic roots,12171687-n,i101004,galingale|galangal|Cyperus longus,OEWN,Q2425310,p8814,rhizome of several plants from the ginger family (Zingiberaceae),galangal
,Q111912248,"tall marsh plant with cylindrical seed heads that explode when mature shedding large quantities of down; its long flat leaves are used for making mats and chair seats; of North America, Europe, Asia and North Africa",12176290-n,i101030,cat's-tail|bullrush|bulrush|nailrod|reed mace|reedmace|Typha latifolia,OEWN,Q147520,p8814,index of plants with the same common name,bulrush
,Q147520,"tall marsh plant with cylindrical seed heads that explode when mature shedding large quantities of down; its long flat leaves are used for making mats and chair seats; of North America, Europe, Asia and North Africa",12176290-n,i101030,cat's-tail|bullrush|bulrush|nailrod|reed mace|reedmace|Typha latifolia,OEWN,Q147520,p8814,species of plant,Typha latifolia
,Q30558042,an African melon,12184582-n,i101068,watermelon|watermelon vine|Citrullus vulgaris,OEWN,Q30558042,p8814,species of plant,Citrullus vulgaris
,Q41318,an African melon,12184582-n,i101068,watermelon|watermelon vine|Citrullus vulgaris,OEWN,Q30558042,p8814,annual vine in the cucumber and melon family,Cucumis metuliferus
,Q17465532,the loofah climber that has cylindrical fruit,12187310-n,i101081,loofah|vegetable sponge|Luffa cylindrica,OEWN,Q17465532,p8814,species of plant,Luffa cylindrica
12186829-n,Q232909,the loofah climber that has cylindrical fruit,12187310-n,i101081,loofah|vegetable sponge|Luffa cylindrica,OEWN,Q17465532,p8814,genus of vines,Luffa
12192267-n,Q866047,tall coarse annual of Old World tropics widely cultivated in southern United States and West Indies for its long mucilaginous green pods used as basis for soups and stews; sometimes placed in genus Hibiscus,12192483-n,i101104,okra|gumbo|okra plant|lady's-finger|Abelmoschus esculentus|Hibiscus esculentus,OEWN,Q80531,p8814,genus of plants,Abelmoschus
,Q80531,tall coarse annual of Old World tropics widely cultivated in southern United States and West Indies for its long mucilaginous green pods used as basis for soups and stews; sometimes placed in genus Hibiscus,12192483-n,i101104,okra|gumbo|okra plant|lady's-finger|Abelmoschus esculentus|Hibiscus esculentus,OEWN,Q80531,p8814,species of edible plant,Abelmoschus esculentus
,Q158496,any of various plants of the genus Althaea; similar to but having smaller flowers than genus Alcea,12194828-n,i101114,althea|althaea|hollyhock,OEWN,,p8814,species of plant,Althaea officinalis
12194641-n,Q157706,any of various plants of the genus Althaea; similar to but having smaller flowers than genus Alcea,12194828-n,i101114,althea|althaea|hollyhock,OEWN,,p8814,genus of plants,Althaea
12203835-n,Q3504689,western Mediterranean annual having deep purple-red flowers subtended by 3 large cordate bracts,12203969-n,i101156,malope|Malope trifida,OEWN,Q638145,p8814,genus of plants,Malope
,Q638145,western Mediterranean annual having deep purple-red flowers subtended by 3 large cordate bracts,12203969-n,i101156,malope|Malope trifida,OEWN,Q638145,p8814,species of plant,Malope trifida
,Q50853353,forest tree of lowland Central America having a strong very light wood; used for making floats and rafts and in crafts,12212104-n,i101196,balsa|Ochroma lagopus,OEWN,Q50853353,p8814,species of plant,Ochroma lagopus
12211978-n,Q12302824,forest tree of lowland Central America having a strong very light wood; used for making floats and rafts and in crafts,12212104-n,i101196,balsa|Ochroma lagopus,OEWN,Q50853353,p8814,genus of plants,Ochroma
,Q1999614,shrubby tree with silky foliage and spikes of cylindrical yellow nectarous flowers,12236341-n,i101279,honeysuckle|Australian honeysuckle|coast banksia|Banksia integrifolia,OEWN,Q1999614,p8814,tree in the family Proteaceae that grows along the east coast of Australia,Banksia integrifolia
12695656-n,Q158538,shrubby tree with silky foliage and spikes of cylindrical yellow nectarous flowers,12236341-n,i101279,honeysuckle|Australian honeysuckle|coast banksia|Banksia integrifolia,OEWN,Q1999614,p8814,species of plant,Lonicera caprifolium
,Q7697821,tall shrub of eastern Australia having oblanceolate to obovate leaves and red flowers in compact racemes,12244086-n,i101318,waratah|Telopea oreades,OEWN,Q7697821,p8814,species of plant,Telopea oreades
12243922-n,Q136760,tall shrub of eastern Australia having oblanceolate to obovate leaves and red flowers in compact racemes,12244086-n,i101318,waratah|Telopea oreades,OEWN,Q7697821,p8814,genus of plants,Telopea
,Q3287159,evergreen tree of the Pacific coast of North America having glossy leathery leaves and orange-red edible berries; wood used for furniture and bark for tanning,12251057-n,i101350,madrona|madrono|manzanita|Arbutus menziesii,OEWN,Q469695,p8814,common name for many species of genus Arctostaphylos,manzanita
,Q469695,evergreen tree of the Pacific coast of North America having glossy leathery leaves and orange-red edible berries; wood used for furniture and bark for tanning,12251057-n,i101350,madrona|madrono|manzanita|Arbutus menziesii,OEWN,Q469695,p8814,species of plant,Arbutus menziesii
,Q2333372,broad-leaved evergreen Asiatic shrub with glossy leaves and drooping clusters of white flowers,12263976-n,i101413,andromeda|Japanese andromeda|lily-of-the-valley tree|Pieris japonica,OEWN,Q2333372,p8814,species of plant,Pieris japonica
12250404-n,Q742866,broad-leaved evergreen Asiatic shrub with glossy leaves and drooping clusters of white flowers,12263976-n,i101413,andromeda|Japanese andromeda|lily-of-the-valley tree|Pieris japonica,OEWN,Q2333372,p8814,species of plant,Andromeda polifolia
,Q15248961,fleshy tawny or reddish saprophytic herb resembling the Indian pipe and growing in woodland humus of eastern North America; in some classifications placed in a separate genus Hypopitys,12279833-n,i101488,pinesap|false beachdrops|Monotropa hypopithys,OEWN,Q15248961,p8814,species of plant,Monotropa hypopithys
12279180-n,Q133288,fleshy tawny or reddish saprophytic herb resembling the Indian pipe and growing in woodland humus of eastern North America; in some classifications placed in a separate genus Hypopitys,12279833-n,i101488,pinesap|false beachdrops|Monotropa hypopithys,OEWN,Q15248961,p8814,genus of plants,Monotropa
,Q1489573,medium-sized hop hornbeam of eastern North America,12308522-n,i101620,Eastern hop hornbeam|ironwood|ironwood tree|Ostrya virginiana,OEWN,Q1489573,p8814,species of plant,Ostrya virginiana
12307905-n,Q605290,medium-sized hop hornbeam of eastern North America,12308522-n,i101620,Eastern hop hornbeam|ironwood|ironwood tree|Ostrya virginiana,OEWN,Q1489573,p8814,genus of plants,Ostrya
12309115-n,Q145889,small nut-bearing tree much grown in Europe,12309950-n,i101627,cobnut|filbert|Corylus avellana|Corylus avellana grandis,OEWN,Q124969,p8814,genus of plants,Hazel
,Q124969,small nut-bearing tree much grown in Europe,12309950-n,i101627,cobnut|filbert|Corylus avellana|Corylus avellana grandis,OEWN,Q124969,p8814,species of plant,Corylus avellana
,Q15708981,one of the most handsome prairie wildflowers having large erect bell-shaped bluish flowers; of moist places in prairies and fields from eastern Colorado and Nebraska south to New Mexico and Texas,12312476-n,i101640,prairie gentian|tulip gentian|bluebell|Eustoma grandiflorum,OEWN,Q15708981,p8814,species of plant,Eustoma grandiflorum
12057797-n,Q27989,one of the most handsome prairie wildflowers having large erect bell-shaped bluish flowers; of moist places in prairies and fields from eastern Colorado and Nebraska south to New Mexico and Texas,12312476-n,i101640,prairie gentian|tulip gentian|bluebell|Eustoma grandiflorum,OEWN,Q15708981,p8814,species of plant,Campanula rotundifolia
,Q1406355,an American hickory tree having bitter nuts,12341144-n,i101781,pignut|pignut hickory|brown hickory|black hickory|Carya glabra,OEWN,Q1406355,p8814,species of plant,Carya glabra
,Q672080,an American hickory tree having bitter nuts,12341144-n,i101781,pignut|pignut hickory|brown hickory|black hickory|Carya glabra,OEWN,Q1406355,p8814,species of small perennial herb,Conopodium majus
,Q110514778,tree of extreme southern Florida and West Indies having thin scaly bark and aromatic fruits and seeds and yielding hard heavy close-grained zebrawood,12352305-n,i101838,nakedwood|Eugenia dicrana,OEWN,Q110514778,p8814,species of plant,Eugenia dicrana
13163472-n,Q2359212,tree of extreme southern Florida and West Indies having thin scaly bark and aromatic fruits and seeds and yielding hard heavy close-grained zebrawood,12352305-n,i101838,nakedwood|Eugenia dicrana,OEWN,Q110514778,p8814,genus of plants,Colubrina
,Q50844164,small evergreen tropical tree native to Brazil and West Indies but introduced into southern United States; grown in Brazil for its edible tough-skinned purple grapelike fruit that grows all along the branches,12353570-n,i101845,jaboticaba|jaboticaba tree|Myrciaria cauliflora,OEWN,Q50844164,p8814,species of plant,Myrciaria cauliflora
,Q1973619,small evergreen tropical tree native to Brazil and West Indies but introduced into southern United States; grown in Brazil for its edible tough-skinned purple grapelike fruit that grows all along the branches,12353570-n,i101845,jaboticaba|jaboticaba tree|Myrciaria cauliflora,OEWN,Q50844164,p8814,species of plant,Plinia cauliflora
12353914-n,Q320179,small tropical American shrubby tree; widely cultivated in warm regions for its sweet globular yellow fruit,12354047-n,i101847,guava|true guava|guava bush|Psidium guajava,OEWN,Q166843,p8814,"genus of plants, guava",Psidium
,Q166843,small tropical American shrubby tree; widely cultivated in warm regions for its sweet globular yellow fruit,12354047-n,i101847,guava|true guava|guava bush|Psidium guajava,OEWN,Q166843,p8814,species of plant,Psidium guajava
12365653-n,Q4959355,shrub or small tree native to southwestern Asia having large red many-seeded fruit,12365797-n,i101910,pomegranate|pomegranate tree|Punica granatum,OEWN,Q13188,p8814,genus of plants,Punica
,Q13188,shrub or small tree native to southwestern Asia having large red many-seeded fruit,12365797-n,i101910,pomegranate|pomegranate tree|Punica granatum,OEWN,Q13188,p8814,fruit-bearing deciduous shrub,pomegranate
,Q734727,southeastern Asian perennial with aromatic roots,12377477-n,i101967,galangal|Alpinia galanga,OEWN,Q402971,p8814,rhizome of several plants from the ginger family (Zingiberaceae),galangal
,Q402971,southeastern Asian perennial with aromatic roots,12377477-n,i101967,galangal|Alpinia galanga,OEWN,Q402971,p8814,species of plant,Alpinia galanga
,Q14625808,rhizomatous herb of India having aromatic seeds used as seasoning,12378810-n,i101974,cardamom|cardamon|Elettaria cardamomum,OEWN,Q33466,p8814,spice used in the kitchen,cardamom
,Q33466,rhizomatous herb of India having aromatic seeds used as seasoning,12378810-n,i101974,cardamom|cardamon|Elettaria cardamomum,OEWN,Q33466,p8814,species of plant,Elettaria cardamomum
,Q25502511,tropical American passionflower yielding the large granadilla fruit,12404554-n,i102094,granadilla|giant granadilla|Passiflora quadrangularis,OEWN,Q159105,p8814,genus of Passifloraceae,Granadilla
,Q159105,tropical American passionflower yielding the large granadilla fruit,12404554-n,i102094,granadilla|giant granadilla|Passiflora quadrangularis,OEWN,Q159105,p8814,species of plant,Passiflora quadrangularis
,Q7150699,any plant of the genus Cannabis; a coarse bushy annual with palmate leaves and clusters of small green flowers; yields tough fibers and narcotic drugs,12417441-n,i102158,cannabis|hemp,OEWN,,p8814,low-THC Cannabis plant,industrial hemp
12417183-n,Q79817,any plant of the genus Cannabis; a coarse bushy annual with palmate leaves and clusters of small green flowers; yields tough fibers and narcotic drugs,12417441-n,i102158,cannabis|hemp,OEWN,,p8814,genus of flowering plants,Cannabis
12421627-n,Q59798,Mediterranean tree widely cultivated for its edible fruit,12422189-n,i102180,fig|common fig|common fig tree|Ficus carica,OEWN,Q36146,p8814,genus of plants in the family Moraceae,Ficus
,Q36146,Mediterranean tree widely cultivated for its edible fruit,12422189-n,i102180,fig|common fig|common fig tree|Ficus carica,OEWN,Q36146,p8814,species of plant,Ficus carica
12432215-n,Q156901,plants with sword-shaped leaves and erect stalks bearing bright-colored flowers composed of three petals and three drooping sepals,12432427-n,i102225,iris|flag|fleur-de-lis|sword lily,OEWN,,p8814,genus of plants in the order Iridaceae,Iris
12435107-n,Q21173,plants with sword-shaped leaves and erect stalks bearing bright-colored flowers composed of three petals and three drooping sepals,12432427-n,i102225,iris|flag|fleur-de-lis|sword lily,OEWN,,p8814,species of plant,Iris pseudacorus
,Q15041677,Old World crocus having purple or white flowers with aromatic pungent orange stigmas used in flavoring food,12437208-n,i102251,saffron|saffron crocus|Crocus sativus,OEWN,Q15041677,p8814,species of plant,Crocus sativus
,Q25434,Old World crocus having purple or white flowers with aromatic pungent orange stigmas used in flavoring food,12437208-n,i102251,saffron|saffron crocus|Crocus sativus,OEWN,Q15041677,p8814,spice derived from the flower of Crocus sativus,saffron
,Q10657527,amaryllis of tropical America often cultivated as a houseplant for its showy white to red flowers,12441642-n,i102273,hippeastrum|Hippeastrum puniceum,OEWN,Q10657527,p8814,species of plant,Hippeastrum puniceum
12441496-n,Q757257,amaryllis of tropical America often cultivated as a houseplant for its showy white to red flowers,12441642-n,i102273,hippeastrum|Hippeastrum puniceum,OEWN,Q10657527,p8814,genus of plants,Hippeastrum
,Q61046162,perennial having hollow cylindrical leaves used for seasoning,12455657-n,i102333,chives|chive|cive|schnittlaugh|Allium schoenoprasum,OEWN,Q51148,p8814,herb,chives
,Q51148,perennial having hollow cylindrical leaves used for seasoning,12455657-n,i102333,chives|chive|cive|schnittlaugh|Allium schoenoprasum,OEWN,Q51148,p8814,edible species of plant,Allium schoenoprasum
,Q87605304,a day lily with yellow flowers,12477596-n,i102435,lemon lily|Hemerocallis lilio-asphodelus|Hemerocallis flava,OEWN,Q87605304,p8814,,Hemerocallis flava
,Q2993897,a day lily with yellow flowers,12477596-n,i102435,lemon lily|Hemerocallis lilio-asphodelus|Hemerocallis flava,OEWN,Q87605304,p8814,species of plant,Hemerocallis lilioasphodelus
,Q113251901,sometimes placed in genus Scilla,12479780-n,i102446,wild hyacinth|wood hyacinth|bluebell|harebell|Hyacinthoides nonscripta|Scilla nonscripta,OEWN,Q113251901,p8814,species of plant,Scilla nonscripta
,Q164013,sometimes placed in genus Scilla,12479780-n,i102446,wild hyacinth|wood hyacinth|bluebell|harebell|Hyacinthoides nonscripta|Scilla nonscripta,OEWN,Q113251901,p8814,species of plant,Hyacinthoides non-scripta
,Q161155,common Old World herb having grasslike leaves and clusters of star-shaped white flowers with green stripes; naturalized in the eastern United States,12480387-n,i102449,starflower|sleepy dick|summer snowflake|Ornithogalum umbellatum,OEWN,Q161155,p8814,species of plant,Ornithogalum umbellatum
12479976-n,Q161148,common Old World herb having grasslike leaves and clusters of star-shaped white flowers with green stripes; naturalized in the eastern United States,12480387-n,i102449,starflower|sleepy dick|summer snowflake|Ornithogalum umbellatum,OEWN,Q161155,p8814,genus of plants,Ornithogalum
,Q50872038,having dense spikes of small white flowers and yielding a bulb with medicinal properties,12483087-n,i102463,sea squill|sea onion|squill|Urginea maritima,OEWN,Q50872038,p8814,species of plant,Urginea maritima
,Q161788,having dense spikes of small white flowers and yielding a bulb with medicinal properties,12483087-n,i102463,sea squill|sea onion|squill|Urginea maritima,OEWN,Q50872038,p8814,species of plant,Drimia maritima
,Q66604178,perennial herb of East Indies to Polynesia and Australia; cultivated for its large edible root yielding Otaheite arrowroot starch,12496279-n,i102525,pia|Indian arrowroot|Tacca leontopetaloides|Tacca pinnatifida,OEWN,Q66604178,p8814,,Tacca pinnatifida
,Q1577447,perennial herb of East Indies to Polynesia and Australia; cultivated for its large edible root yielding Otaheite arrowroot starch,12496279-n,i102525,pia|Indian arrowroot|Tacca leontopetaloides|Tacca pinnatifida,OEWN,Q66604178,p8814,species of flowering plant,Tacca leontopetaloides
,Q42662614,tropical tree with prickly trunk; its heavy red wood yields a red dye and is used for cabinetry,12509773-n,i102587,brazilwood|peachwood|peach-wood|pernambuco wood|Caesalpinia echinata,OEWN,Q216469,p8814,genus of plants,Paubrasilia
,Q216469,tropical tree with prickly trunk; its heavy red wood yields a red dye and is used for cabinetry,12509773-n,i102587,brazilwood|peachwood|peach-wood|pernambuco wood|Caesalpinia echinata,OEWN,Q216469,p8814,Species of tree,Caesalpinia echinata
12528175-n,Q783956,South African shrub having flat acuminate leaves and yellow flowers; leaves are aromatic when dried and used to make an herbal tea,12528328-n,i102660,rooibos|Aspalathus linearis|Aspalathus cedcarbergensis,OEWN,Q272181,p8814,genus of plants,Aspalathus
,Q272181,South African shrub having flat acuminate leaves and yellow flowers; leaves are aromatic when dried and used to make an herbal tea,12528328-n,i102660,rooibos|Aspalathus linearis|Aspalathus cedcarbergensis,OEWN,Q272181,p8814,species of plant,Aspalathus linearis
,Q5028820,small shrubby African tree with hard wood used as a dyewood yielding a red dye,12529614-n,i102667,camwood|African sandalwood|Baphia nitida,OEWN,Q5028820,p8814,"species of plant, Camwood",Baphia nitida
12529441-n,Q3314278,small shrubby African tree with hard wood used as a dyewood yielding a red dye,12529614-n,i102667,camwood|African sandalwood|Baphia nitida,OEWN,Q5028820,p8814,genus of plants,Baphia
,Q2452407,small shrubby tree of eastern North America similar to the Judas tree having usually pink flowers; found in damp sheltered underwood,12534438-n,i102690,redbud|Cercis canadensis,OEWN,Q2452407,p8814,species of plant,Q2452407
12533931-n,Q29033,small shrubby tree of eastern North America similar to the Judas tree having usually pink flowers; found in damp sheltered underwood,12534438-n,i102690,redbud|Cercis canadensis,OEWN,Q2452407,p8814,genus of plants,Cercis
,Q12233863,drought-tolerant herb grown for forage and for its seed which yield a gum used as a thickening agent or sizing material,12540911-n,i102722,guar|cluster bean|Cyamopsis tetragonolobus|Cyamopsis psoraloides,OEWN,Q12233863|Q264770,p8814,species of plant,Cyamopsis psoraloides
,Q264770,drought-tolerant herb grown for forage and for its seed which yield a gum used as a thickening agent or sizing material,12540911-n,i102722,guar|cluster bean|Cyamopsis tetragonolobus|Cyamopsis psoraloides,OEWN,Q12233863|Q264770,p8814,legum,Cyamopsis tetragonoloba
,Q311395,genus of Asiatic erect or sprawling herbs: soya bean,12552513-n,i102776,Glycine|genus Glycine,OENN,Q311395,p8814,genus of plants,Glycine
12552673-n,Q11006,genus of Asiatic erect or sprawling herbs: soya bean,12552513-n,i102776,Glycine|genus Glycine,OENN,Q311395,p8814,species of plant in the Fabaceae family,soybean
,Q3645698,annual or perennial herbs or subshrubs,12565595-n,i102836,Lotus|genus Lotus,OENN,Q3645698,p8814,genus of flowering plants in the bean family Fabaceae,Lotus
11737708-n,Q207427,annual or perennial herbs or subshrubs,12565595-n,i102836,Lotus|genus Lotus,OENN,Q3645698,p8814,genus of plants,Nelumbo
,Q12841445,low-growing annual herb of southwestern United States (Texas) having silky foliage and blue flowers; a leading cause of livestock poisoning in the southwestern United States,12567720-n,i102847,bluebonnet|buffalo clover|Texas bluebonnet|Lupinus subcarnosus,OEWN,Q12841445,p8814,species of plant,Lupinus subcarnosus
,Q4985913,low-growing annual herb of southwestern United States (Texas) having silky foliage and blue flowers; a leading cause of livestock poisoning in the southwestern United States,12567720-n,i102847,bluebonnet|buffalo clover|Texas bluebonnet|Lupinus subcarnosus,OEWN,Q12841445,p8814,Wikimedia disambiguation page,Buffalo clover
,Q161749,European woody plant having pink flowers and unifoliate leaves and long tough roots; spreads by underground runners,12573398-n,i102872,restharrow|rest-harrow|Ononis repens,OEWN,Q161749,p8814,species of plant,Ononis repens
12573619-n,Q160102,European woody plant having pink flowers and unifoliate leaves and long tough roots; spreads by underground runners,12573398-n,i102872,restharrow|rest-harrow|Ononis repens,OEWN,Q161749,p8814,species of plant,Ononis spinosa
,Q65946511,fast-growing vine from eastern Asia having tuberous starchy roots and hairy trifoliate leaves and racemes of purple flowers followed by long hairy pods containing many seeds; grown for fodder and forage and root starch; widespread in the southern United States,12587459-n,i102940,kudzu|kudzu vine|Pueraria lobata,OEWN,Q65946511,p8814,species of plant,Pueraria lobata
,Q15525444,fast-growing vine from eastern Asia having tuberous starchy roots and hairy trifoliate leaves and racemes of purple flowers followed by long hairy pods containing many seeds; grown for fodder and forage and root starch; widespread in the southern United States,12587459-n,i102940,kudzu|kudzu vine|Pueraria lobata,OEWN,Q65946511,p8814,"group of climbing, coiling, and trailing perennial vine",Pueraria thomsonii
,Q22110820,tropical American palm having edible nuts and yielding a useful fiber,12604429-n,i103016,coyol|coyol palm|Acrocomia vinifera,OEWN,Q22110820,p8814,species of plant,Acrocomia vinifera
12604603-n,Q1882542,tropical American palm having edible nuts and yielding a useful fiber,12604429-n,i103016,coyol|coyol palm|Acrocomia vinifera,OEWN,Q22110820,p8814,Neotropical palm species,Acrocomia aculeata
,Q500857,tall fan palm of Africa and India and Malaysia yielding a hard wood and sweet sap that is a source of palm wine and sugar; leaves used for thatching and weaving,12606390-n,i103027,palmyra|palmyra palm|toddy palm|wine palm|lontar|longar palm|Borassus flabellifer,OEWN,Q500857,p8814,species of plant,Borassus flabellifer
12606273-n,Q310912,tall fan palm of Africa and India and Malaysia yielding a hard wood and sweet sap that is a source of palm wine and sugar; leaves used for thatching and weaving,12606390-n,i103027,palmyra|palmyra palm|toddy palm|wine palm|lontar|longar palm|Borassus flabellifer,OEWN,Q500857,p8814,genus of plants,Borassus
,Q416369,climbing palm of Sri Lanka and southern India remarkable for the great length of the stems which are used for malacca canes,12607260-n,i103031,rattan|rattan palm|Calamus rotang,OEWN,Q416369,p8814,species of plant,Calamus rotang
12606871-n,Q165260,climbing palm of Sri Lanka and southern India remarkable for the great length of the stems which are used for malacca canes,12607260-n,i103031,rattan|rattan palm|Calamus rotang,OEWN,Q416369,p8814,genus of palms,Calamus
,Q50831532,South American palm yielding a wax similar to carnauba wax,12609541-n,i103044,caranday|caranda|caranda palm|wax palm|Copernicia australis|Copernicia alba,OEWN,Q50831532,p8814,species of plant,Copernicia australis
,Q2718997,South American palm yielding a wax similar to carnauba wax,12609541-n,i103044,caranday|caranda|caranda palm|wax palm|Copernicia australis|Copernicia alba,OEWN,Q50831532,p8814,species of plant,Copernicia alba
,Q50846904,tall feather palm of northern Brazil with hard-shelled nuts yielding valuable oil and a kind of vegetable ivory,12613305-n,i103065,babassu|babassu palm|coco de macao|Orbignya phalerata|Orbignya spesiosa|Orbignya martiana,OEWN,Q50846904,p8814,species of plant,Orbignya phalerata
,Q239507,tall feather palm of northern Brazil with hard-shelled nuts yielding valuable oil and a kind of vegetable ivory,12613305-n,i103065,babassu|babassu palm|coco de macao|Orbignya phalerata|Orbignya spesiosa|Orbignya martiana,OEWN,Q50846904,p8814,palm species,Attalea speciosa
,Q157408,an Old World plantain with long narrow ribbed leaves widely established in temperate regions,12619946-n,i103100,English plantain|narrow-leaved plantain|ribgrass|ribwort|ripple-grass|buckthorn|Plantago lanceolata,OEWN,Q157408,p8814,species of plant,Plantago lanceolata
,Q147861,an Old World plantain with long narrow ribbed leaves widely established in temperate regions,12619946-n,i103100,English plantain|narrow-leaved plantain|ribgrass|ribwort|ripple-grass|buckthorn|Plantago lanceolata,OEWN,Q157408,p8814,species of plant,Rhamnus cathartica
,Q21876809,a member of the genus Fagopyrum; annual Asian plant with clusters of small pinkish white flowers and small edible triangular seeds which are used whole or ground into flour,12622255-n,i103111,buckwheat|Polygonum fagopyrum|Fagopyrum esculentum,OEWN,Q21876809,p8814,species of plant,Polygonum fagopyrum
12622096-n,Q7223832,a member of the genus Fagopyrum; annual Asian plant with clusters of small pinkish white flowers and small edible triangular seeds which are used whole or ground into flour,12622255-n,i103111,buckwheat|Polygonum fagopyrum|Fagopyrum esculentum,OEWN,Q21876809,p8814,genus of plants,Fagopyrum
12634357-n,Q2720105,submersed plant with whorled lanceolate leaves and solitary axillary flowers; Old World plant naturalized in southern United States and clogging Florida's waterways,12634467-n,i103173,hydrilla|Hydrilla verticillata,OEWN,Q164181,p8814,genus of aquatic plant,Hydrilla
,Q164181,submersed plant with whorled lanceolate leaves and solitary axillary flowers; Old World plant naturalized in southern United States and clogging Florida's waterways,12634467-n,i103173,hydrilla|Hydrilla verticillata,OEWN,Q164181,p8814,species of plant,Hydrilla verticillata
12639285-n,Q157371,submerged marine plant with very long narrow leaves found in abundance along North Atlantic coasts,12639488-n,i103199,eelgrass|grass wrack|sea wrack|Zostera marina,OEWN,Q21128,p8814,genus of plants,Zostera
,Q21128,submerged marine plant with very long narrow leaves found in abundance along North Atlantic coasts,12639488-n,i103199,eelgrass|grass wrack|sea wrack|Zostera marina,OEWN,Q21128,p8814,species of aquatic plant,Zostera marina
,Q161146,Eurasian rose with prickly stems and fragrant leaves and bright pink flowers followed by scarlet hips,12642380-n,i103211,sweetbrier|sweetbriar|brier|briar|eglantine|Rosa eglanteria,OEWN,Q161146,p8814,"suppressed name, use Rosa rubiginosa",Rosa eglanteria L. (1753)
,Q159721,Eurasian rose with prickly stems and fragrant leaves and bright pink flowers followed by scarlet hips,12642380-n,i103211,sweetbrier|sweetbriar|brier|briar|eglantine|Rosa eglanteria,OEWN,Q161146,p8814,species of plant,Rosa dumalis
,Q15546415,Eurasian rose with prickly stems and fragrant leaves and bright pink flowers followed by scarlet hips,12642380-n,i103211,sweetbrier|sweetbriar|brier|briar|eglantine|Rosa eglanteria,OEWN,Q161146,p8814,species of plant,Rosa rubiginosa
12657466-n,Q156512,any of a numerous plants grown for their five-petaled flowers; abundant in temperate regions; alleged to have medicinal properties,12657646-n,i103287,cinquefoil|five-finger,OEWN,,p8814,genus of plants,Q156512
,Q130224,any of a numerous plants grown for their five-petaled flowers; abundant in temperate regions; alleged to have medicinal properties,12657646-n,i103287,cinquefoil|five-finger,OEWN,,p8814,species of plant,Potentilla reptans
,Q21877146,European garden herb with purple-tinged flowers and leaves that are sometimes used for salads,12658246-n,i103290,salad burnet|burnet bloodwort|pimpernel|Poterium sanguisorba,OEWN,Q21877146,p8814,species of plant,Poterium sanguisorba
12112644-n,Q157732,European garden herb with purple-tinged flowers and leaves that are sometimes used for salads,12658246-n,i103290,salad burnet|burnet bloodwort|pimpernel|Poterium sanguisorba,OEWN,Q21877146,p8814,genus of plants,Anagallis
12834995-n,Q468778,evergreen North American honeysuckle vine having coral-red or orange flowers,12697464-n,i103482,trumpet honeysuckle|coral honeysuckle|trumpet flower|trumpet vine|Lonicera sempervirens,OEWN,Q161352,p8814,species of plant,Campsis radicans
,Q161352,evergreen North American honeysuckle vine having coral-red or orange flowers,12697464-n,i103482,trumpet honeysuckle|coral honeysuckle|trumpet flower|trumpet vine|Lonicera sempervirens,OEWN,Q161352,p8814,species of plant,Lonicera sempervirens
,Q164323,deciduous shrub widely cultivated for its white or pink or red flowers,12702654-n,i103507,weigela|Weigela florida,OEWN,Q164323,p8814,species of plant,Weigela florida
12702529-n,Q157840,deciduous shrub widely cultivated for its white or pink or red flowers,12702654-n,i103507,weigela|Weigela florida,OEWN,Q164323,p8814,genus of plants,Weigela
11965038-n,Q254502,any of several herbs of the genus Dipsacus native to the Old World having flower heads surrounded by spiny bracts,12703172-n,i103510,teasel|teazel|teasle,OEWN,,p8814,genus of plants,Carduus
12703025-n,Q161946,any of several herbs of the genus Dipsacus native to the Old World having flower heads surrounded by spiny bracts,12703172-n,i103510,teasel|teazel|teasle,OEWN,,p8814,genus of plants,Dipsacus
,Q157557,North American annual plant with usually yellow or orange flowers; grows chiefly on wet rather acid soil,12705140-n,i103520,jewelweed|lady's earrings|orange balsam|celandine|touch-me-not|Impatiens capensis,OEWN,Q2462343,p8814,species of plant,Ficaria verna
12704914-n,Q141672,North American annual plant with usually yellow or orange flowers; grows chiefly on wet rather acid soil,12705140-n,i103520,jewelweed|lady's earrings|orange balsam|celandine|touch-me-not|Impatiens capensis,OEWN,Q2462343,p8814,genus of plants,Impatiens
,Q2462343,North American annual plant with usually yellow or orange flowers; grows chiefly on wet rather acid soil,12705140-n,i103520,jewelweed|lady's earrings|orange balsam|celandine|touch-me-not|Impatiens capensis,OEWN,Q2462343,p8814,species of plant,Impatiens capensis
,Q15546527,tree of northern India and China having purple blossoms and small inedible yellow fruits; naturalized in the southern United States as a shade tree,12716736-n,i103575,chinaberry|chinaberry tree|China tree|Persian lilac|pride-of-India|azederach|azedarach|Melia azederach|Melia azedarach,OEWN,Q15546527|Q162171,p8814,species of plant,Melia azederach
,Q162171,tree of northern India and China having purple blossoms and small inedible yellow fruits; naturalized in the southern United States as a shade tree,12716736-n,i103575,chinaberry|chinaberry tree|China tree|Persian lilac|pride-of-India|azederach|azedarach|Melia azederach|Melia azedarach,OEWN,Q15546527|Q162171,p8814,species of plant,Melia azedarach
,Q21004587,southeastern Asian tree producing large fruits resembling grapefruits,12729863-n,i103640,pomelo|pomelo tree|pummelo|shaddock|Citrus maxima|Citrus grandis|Citrus decumana,OEWN,Q21004587,p8814,species of plant,Citrus grandis
,Q80024,southeastern Asian tree producing large fruits resembling grapefruits,12729863-n,i103640,pomelo|pomelo tree|pummelo|shaddock|Citrus maxima|Citrus grandis|Citrus decumana,OEWN,Q21004587,p8814,species of plant,pomelo
,Q67192697,large citrus tree having large sweet deep orange fruit that is easily peeled; widely cultivated in Florida,12731677-n,i103649,temple orange|temple orange tree|tangor|king orange|Citrus nobilis,OEWN,Q67192697,p8814,species of plant,Citrus nobilis
,Q3051888,large citrus tree having large sweet deep orange fruit that is easily peeled; widely cultivated in Florida,12731677-n,i103649,temple orange|temple orange tree|tangor|king orange|Citrus nobilis,OEWN,Q67192697,p8814,citrus fruit hybrid of the mandarin orange,tangor
,Q2885646,"shrub of central and southeastern Europe; partially parasitic on beeches, chestnuts and oaks",12758658-n,i103776,mistletoe|Loranthus europaeus,OEWN,Q164391,p8814,common name for a parasitic plant that grows on trees and shrubs,mistletoe
,Q164391,"shrub of central and southeastern Europe; partially parasitic on beeches, chestnuts and oaks",12758658-n,i103776,mistletoe|Loranthus europaeus,OEWN,Q164391,p8814,species of plant,Loranthus europaeus
,Q50849806,East Indian fruit tree bearing fruit similar to but sweeter than that of the rambutan,12766324-n,i103813,pulasan|pulassan|pulasan tree|Nephelium mutabile,OEWN,Q50849806,p8814,species of plant,Nephelium mutabile
,Q2365257,East Indian fruit tree bearing fruit similar to but sweeter than that of the rambutan,12766324-n,i103813,pulasan|pulassan|pulasan tree|Nephelium mutabile,OEWN,Q50849806,p8814,species of plant,Nephelium ramboutan-ake
12771337-n,Q15102396,shrub or small tree of southeastern United States to West Indies and Brazil; grown for the slender racemes of white flowers and orange and crimson foliage,12771527-n,i103837,cyrilla|leatherwood|white titi|Cyrilla racemiflora,OEWN,Q140549,p8814,genus of plants,Cyrilla
,Q140549,shrub or small tree of southeastern United States to West Indies and Brazil; grown for the slender racemes of white flowers and orange and crimson foliage,12771527-n,i103837,cyrilla|leatherwood|white titi|Cyrilla racemiflora,OEWN,Q140549,p8814,species of plant,Cyrilla racemiflora
12779880-n,Q161175,tropical American evergreen tree bearing kidney-shaped nuts that are edible only when roasted,12780033-n,i103884,cashew|cashew tree|Anacardium occidentale,OEWN,Q34007,p8814,genus of plants,Anacardium
,Q34007,tropical American evergreen tree bearing kidney-shaped nuts that are edible only when roasted,12780033-n,i103884,cashew|cashew tree|Anacardium occidentale,OEWN,Q34007,p8814,species of plant,Cashew
,Q3919027,large evergreen tropical tree cultivated for its large oval fruit,12782044-n,i103894,mango|mango tree|Mangifera indica,OEWN,Q3919027,p8814,species of plant,Mangifera indica
12781883-n,Q161807,large evergreen tropical tree cultivated for its large oval fruit,12782044-n,i103894,mango|mango tree|Mangifera indica,OEWN,Q3919027,p8814,genus of plants,Mangifera
,Q1424396,common tropical American shrub or small tree with purplish fruit,12786803-n,i103916,mombin|mombin tree|jocote|Spondias purpurea,OEWN,Q1424396,p8814,species of plant,Spondias purpurea
12786606-n,Q794969,common tropical American shrub or small tree with purplish fruit,12786803-n,i103916,mombin|mombin tree|jocote|Spondias purpurea,OEWN,Q1424396,p8814,species of plant,Spondias mombin
,Q26899,tree having palmate leaves and large clusters of white to red flowers followed by brown shiny inedible seeds,12789129-n,i103925,horse chestnut|buckeye|Aesculus hippocastanum,OEWN,Q26899,p8814,species of plant,Aesculus hippocastanum
12283721-n,Q22699,tree having palmate leaves and large clusters of white to red flowers followed by brown shiny inedible seeds,12789129-n,i103925,horse chestnut|buckeye|Aesculus hippocastanum,OEWN,Q26899,p8814,species of plant,Castanea sativa
,Q5279626,tropical tree of southern Asia having hard dark-colored heartwood used in cabinetwork,12791289-n,i103937,ebony|ebony tree|Diospyros ebenum,OEWN,Q5279626,p8814,species of tree,Diospyros ebenum
,Q156005,tropical tree of southern Asia having hard dark-colored heartwood used in cabinetwork,12791289-n,i103937,ebony|ebony tree|Diospyros ebenum,OEWN,Q5279626,p8814,black wood,ebony
,Q85194128,deciduous tree of southeastern United States and Mexico,12793902-n,i103950,false buckthorn|chittamwood|chittimwood|shittimwood|black haw|Bumelia lanuginosa,OEWN,Q85194128,p8814,species of plant,Bumelia lanuginosa
,Q16869890,deciduous tree of southeastern United States and Mexico,12793902-n,i103950,false buckthorn|chittamwood|chittimwood|shittimwood|black haw|Bumelia lanuginosa,OEWN,Q85194128,p8814,Wikimedia disambiguation page,False buckthorn
,Q511569,perennial subshrub of Tenerife having leaves in rosettes resembling pinwheels,12807596-n,i104020,pinwheel|Aeonium haworthii,OEWN,Q511569,p8814,species of plant,Aeonium haworthii
12807444-n,Q152874,perennial subshrub of Tenerife having leaves in rosettes resembling pinwheels,12807596-n,i104020,pinwheel|Aeonium haworthii,OEWN,Q511569,p8814,genus of plants,Aeonium
,Q12332586,perennial plant of the western United States having bright red flowers in feathery spikes; used as an ornamental,12819670-n,i104074,coralbells|Heuchera sanguinea,OEWN,Q12332586,p8814,species of plant,Heuchera sanguinea
12818801-n,Q972663,perennial plant of the western United States having bright red flowers in feathery spikes; used as an ornamental,12819670-n,i104074,coralbells|Heuchera sanguinea,OEWN,Q12332586,p8814,genus of plants,Heuchera
,Q11891603,stoloniferous white-flowered spring-blooming woodland plant,12824514-n,i104094,foamflower|coolwart|false miterwort|false mitrewort|Tiarella cordifolia,OEWN,Q11891603,p8814,species of plant,Tiarella cordifolia
12824277-n,Q1456298,stoloniferous white-flowered spring-blooming woodland plant,12824514-n,i104094,foamflower|coolwart|false miterwort|false mitrewort|Tiarella cordifolia,OEWN,Q11891603,p8814,"genus of plants, the foamflowers",Tiarella
,Q932776,European perennial branching plant; occurs in hedgerows and at the edge of woodlands,12841429-n,i104177,gromwell|Lithospermum officinale,OEWN,Q515267,p8814,genus of plants,Lithospermum
,Q515267,European perennial branching plant; occurs in hedgerows and at the edge of woodlands,12841429-n,i104177,gromwell|Lithospermum officinale,OEWN,Q515267,p8814,species of plant,Lithospermum officinale
,Q17464870,a creeping perennial herb with hairy stems and orbicular to reniform leaves and small white to greenish flowers; used as a grass substitute in warm regions,12846903-n,i104205,dichondra|Dichondra micrantha,OEWN,Q17464870,p8814,species of plant,Dichondra micrantha
12846709-n,Q140232,a creeping perennial herb with hairy stems and orbicular to reniform leaves and small white to greenish flowers; used as a grass substitute in warm regions,12846903-n,i104205,dichondra|Dichondra micrantha,OEWN,Q17464870,p8814,genus of plants,Dichondra
12869103-n,Q720501,a European mint with aromatic and pungent leaves used in perfumery and as a seasoning in cookery; often cultivated as a remedy for bruises; yields hyssop oil,12869259-n,i104314,hyssop|Hyssopus officinalis,OEWN,Q137931,p8814,genus of plants,Hyssopus
,Q137931,a European mint with aromatic and pungent leaves used in perfumery and as a seasoning in cookery; often cultivated as a remedy for bruises; yields hyssop oil,12869259-n,i104314,hyssop|Hyssopus officinalis,OEWN,Q137931,p8814,species of plant,Hyssopus officinalis
,Q102165594,herb with downy leaves and small purple or white flowers that yields a pungent oil used as a flavoring,12876851-n,i104354,peppermint|Mentha piperita,OEWN,Q102165594,p8814,species of plant,Mentha piperita
,Q156037,herb with downy leaves and small purple or white flowers that yields a pungent oil used as a flavoring,12876851-n,i104354,peppermint|Mentha piperita,OEWN,Q102165594,p8814,species of plant (peppermint),Mentha × piperita
12884798-n,Q1865680,widely cultivated for its fragrant grey-green leaves used in cooking and in perfumery,12884920-n,i104397,rosemary|Rosmarinus officinalis,OEWN,Q122679,p8814,genus of plants,Rosmarinus
,Q122679,widely cultivated for its fragrant grey-green leaves used in cooking and in perfumery,12884920-n,i104397,rosemary|Rosmarinus officinalis,OEWN,Q122679,p8814,species of the genus Rosmarinus,Rosmarinus officinalis
12903705-n,Q157555,any of several plants of the genus Digitalis,12903539-n,i104488,foxglove|digitalis,OEWN,,p8814,toxic flowering plant in the family Plantaginaceae,Digitalis purpurea
12903351-n,Q156533,any of several plants of the genus Digitalis,12903539-n,i104488,foxglove|digitalis,OEWN,,p8814,genus of flowering plants in the family Plantaginaceae,Digitalis
,Q157078,common European perennial having showy yellow and orange flowers; a naturalized weed in North America,12905020-n,i104496,toadflax|butter-and-eggs|wild snapdragon|devil's flax|Linaria vulgaris,OEWN,Q157078,p8814,species of plant,Linaria vulgaris
12904683-n,Q156692,common European perennial having showy yellow and orange flowers; a naturalized weed in North America,12905020-n,i104496,toadflax|butter-and-eggs|wild snapdragon|devil's flax|Linaria vulgaris,OEWN,Q157078,p8814,genus of plants,Linaria
,Q2716800,weedy nightshade with silvery foliage and violet or blue or white flowers; roundish berry widely used to curdle milk; central United States to South America,12915690-n,i104539,trompillo|white horse nettle|prairie berry|purple nightshade|silverleaf nightshade|silver-leaved nightshade|silver-leaved nettle|Solanum elaeagnifolium,OEWN,Q2716800,p8814,species of plant,Solanum elaeagnifolium
12917067-n,Q146400,weedy nightshade with silvery foliage and violet or blue or white flowers; roundish berry widely used to curdle milk; central United States to South America,12915690-n,i104539,trompillo|white horse nettle|prairie berry|purple nightshade|silverleaf nightshade|silver-leaved nightshade|silver-leaved nettle|Solanum elaeagnifolium,OEWN,Q2716800,p8814,species of plant,Solanum nigrum
,Q812057,plant bearing large mild thick-walled usually bell-shaped fruits; the principal salad peppers,12922024-n,i104566,sweet pepper|bell pepper|pimento|pimiento|paprika|sweet pepper plant|Capsicum annuum grossum,OEWN,,p8814,species of plant,Pimenta racemosa
,Q1380,plant bearing large mild thick-walled usually bell-shaped fruits; the principal salad peppers,12922024-n,i104566,sweet pepper|bell pepper|pimento|pimiento|paprika|sweet pepper plant|Capsicum annuum grossum,OEWN,,p8814,species of the plant genus Capsicum,Capsicum annuum
12924010-n,Q192497,"intensely poisonous tall coarse annual tropical weed having rank-smelling foliage, large white or violet trumpet-shaped flowers and prickly fruits",12924263-n,i104577,jimsonweed|jimson weed|Jamestown weed|common thorn apple|apple of Peru|Datura stramonium,OEWN,Q30959,p8814,"genus of poisonous plants, potentially psychoactive",Datura
,Q30959,"intensely poisonous tall coarse annual tropical weed having rank-smelling foliage, large white or violet trumpet-shaped flowers and prickly fruits",12924263-n,i104577,jimsonweed|jimson weed|Jamestown weed|common thorn apple|apple of Peru|Datura stramonium,OEWN,Q30959,p8814,species of plant,Datura stramonium
,Q50844764,deciduous erect or spreading shrub with spiny branches and violet-purple flowers followed by orange-red berries; southeastern Europe to China,12925895-n,i104585,common matrimony vine|Duke of Argyll's tea tree|Lycium barbarum|Lycium halimifolium,OEWN,Q50844764,p8814,species of plant,Lycium halimifolium
,Q196332,deciduous erect or spreading shrub with spiny branches and violet-purple flowers followed by orange-red berries; southeastern Europe to China,12925895-n,i104585,common matrimony vine|Duke of Argyll's tea tree|Lycium barbarum|Lycium halimifolium,OEWN,Q50844764,p8814,species of plant,Lycium barbarum
,Q15539874,Mexican evergreen climbing plant having large solitary funnel-shaped fragrant yellow flowers with purple-brown ridges in the throat,12934551-n,i104630,chalice vine|trumpet flower|cupflower|Solandra guttata,OEWN,Q15539874,p8814,species of plant,Solandra guttata
12929405-n|12929192-n,Q1702276,Mexican evergreen climbing plant having large solitary funnel-shaped fragrant yellow flowers with purple-brown ridges in the throat,12934551-n,i104630,chalice vine|trumpet flower|cupflower|Solandra guttata,OEWN,Q15539874,p8814,genus of plants,Nierembergia
,Q2089847,tropical Asiatic shrub; source of croton oil,12943523-n,i104671,croton|Croton tiglium,OEWN,Q2089847,p8814,species of plant,Croton tiglium
12943360-n,Q519802,tropical Asiatic shrub; source of croton oil,12943523-n,i104671,croton|Croton tiglium,OEWN,Q2089847,p8814,genus of plants,Croton
,Q17136675,a common European plant having edible tubers with the flavor of roasted chestnuts,12956915-n,i104737,earthnut|Conopodium denudatum,OEWN,Q17136675,p8814,species of plant,Conopodium denudatum
,Q5327244,a common European plant having edible tubers with the flavor of roasted chestnuts,12956915-n,i104737,earthnut|Conopodium denudatum,OEWN,Q17136675,p8814,Wikimedia disambiguation page,Earthnut
,Q22111834,widely cultivated as a salad crop and pot herb; often a weed,12971556-n,i104814,common corn salad|lamb's lettuce|Valerianella olitoria|Valerianella locusta,OEWN,Q158954|Q22111834,p8814,species of plant,Valerianella olitoria
,Q158954,widely cultivated as a salad crop and pot herb; often a weed,12971556-n,i104814,common corn salad|lamb's lettuce|Valerianella olitoria|Valerianella locusta,OEWN,Q158954|Q22111834,p8814,species of plant Valerianella locusta,corn salad
12989642-n,Q1383511,any of various fungi of the genus Scleroderma having hard-skinned subterranean fruiting bodies resembling truffles,12989891-n,i104917,earthball|false truffle|puffball|hard-skinned puffball,OEWN,,p8814,genus of fungi,Scleroderma
,Q545130,any of various fungi of the genus Scleroderma having hard-skinned subterranean fruiting bodies resembling truffles,12989891-n,i104917,earthball|false truffle|puffball|hard-skinned puffball,OEWN,,p8814,species of fungus,Lycoperdon perlatum
,Q949817,any slime mold of the genus Dictostylium,12997314-n,i104954,dictostylium|dictyostelium,OEWN,,p8814,eukaryotic organisms with a life cycle that includes a free-living single-celled stage and the formation of spores,slime molds
,Q378789,any slime mold of the genus Dictostylium,12997314-n,i104954,dictostylium|dictyostelium,OEWN,,p8814,infraphylum of protists,Mycetozoa
13005996-n,Q7850807,any of various highly prized edible subterranean fungi of the genus Tuber; grow naturally in southwestern Europe,13006180-n,i105003,truffle|earthnut|earth-ball,OEWN,,p8814,genus of fungi,Tuber
,Q2690965,any of various highly prized edible subterranean fungi of the genus Tuber; grow naturally in southwestern Europe,13006180-n,i105003,truffle|earthnut|earth-ball,OEWN,,p8814,"fruiting body of a subterranean fungus (here focus on cuisine, not on taxonomy)",truffle
,Q105057495,edible east Asian mushroom having a golden or dark brown to blackish cap and an inedible stipe,13022690-n,i105068,shiitake|shiitake mushroom|Chinese black mushroom|golden oak mushroom|Oriental black mushroom|Lentinus edodes,OEWN,Q105057495,p8814,species of fungus,Lentinus edodes
,Q320999,edible east Asian mushroom having a golden or dark brown to blackish cap and an inedible stipe,13022690-n,i105068,shiitake|shiitake mushroom|Chinese black mushroom|golden oak mushroom|Oriental black mushroom|Lentinus edodes,OEWN,Q105057495,p8814,species of fungus,Lentinula edodes
,Q105050987,edible agaric that is pale lilac when young; has a smooth moist cap,13037862-n,i105145,blewits|Clitocybe nuda,OEWN,Q105050987,p8814,species of fungus,Clitocybe nuda
13037509-n,Q573661,edible agaric that is pale lilac when young; has a smooth moist cap,13037862-n,i105145,blewits|Clitocybe nuda,OEWN,Q105050987,p8814,genus of fungi,Tricholoma
,Q105065411,large greyish-brown edible fungus forming a mass of overlapping caps that somewhat resembles a hen at the base of trees,13073430-n,i105317,hen-of-the-woods|hen of the woods|Polyporus frondosus|Grifola frondosa,OEWN,Q105065411,p8814,species of fungus,Polyporus frondosus
,Q1165686,large greyish-brown edible fungus forming a mass of overlapping caps that somewhat resembles a hen at the base of trees,13073430-n,i105317,hen-of-the-woods|hen of the woods|Polyporus frondosus|Grifola frondosa,OEWN,Q105065411,p8814,species of fungus,Grifola frondosa
,Q24956240,fungus used in the preparation of punk for fuses,13074833-n,i105323,agaric|Fomes igniarius,OEWN,Q24956240,p8814,species of fungus,Fomes igniarius
,Q227690,fungus used in the preparation of punk for fuses,13074833-n,i105323,agaric|Fomes igniarius,OEWN,Q24956240,p8814,species of fungus,Agaricus bisporus
,Q3952473,form genus of sterile imperfect fungi; many form sclerotia; some cause sclerotium disease in plants,13103589-n,i105466,Sclerotium|genus Sclerotium,OENN,Q3952473,p8814,genus of fungi,Sclerotium
,Q837377,form genus of sterile imperfect fungi; many form sclerotia; some cause sclerotium disease in plants,13103589-n,i105466,Sclerotium|genus Sclerotium,OENN,Q3952473,p8814,"sclerotium, plural sclerotia, is a compact mass of hardened fungal mycelium containing food reserves",sclerotium
,Q67193257,Asian pepper plant whose leaves are chewed with betel nut (seed of the betel palm) by southeast Asians,13170753-n,i105751,betel|betel pepper|Piper betel,OEWN,Q67193257,p8814,species of plant,Piper betel
,Q159532,Asian pepper plant whose leaves are chewed with betel nut (seed of the betel palm) by southeast Asians,13170753-n,i105751,betel|betel pepper|Piper betel,OEWN,Q67193257,p8814,"mild stimulant, similar to caffeine or nicotine",betel
13210554-n,Q258034,large coarse fern often several feet high; essentially weed ferns; cosmopolitan,13210742-n,i105966,bracken|pasture brake|brake|Pteridium aquilinum,OEWN,Q213548,p8814,"genus of plants, the Brackens",Q258034
,Q213548,large coarse fern often several feet high; essentially weed ferns; cosmopolitan,13210742-n,i105966,bracken|pasture brake|brake|Pteridium aquilinum,OEWN,Q213548,p8814,species of plant,Pteridium aquilinum
,Q380640,a relatively small amount of money given for services rendered (as by a waiter),13319724-n,i106560,gratuity|tip|pourboire|baksheesh|bakshish|bakshis|backsheesh,OEWN,,p8814,practice customarily tendered to service sector workers,tipping
,Q305459,a relatively small amount of money given for services rendered (as by a waiter),13319724-n,i106560,gratuity|tip|pourboire|baksheesh|bakshish|bakshis|backsheesh,OEWN,,p8814,a small bribe,baksheesh
,Q649847,a gold coin of the Byzantine Empire; widely circulated in Europe in the Middle Ages,13410367-n,i107078,bezant|bezzant|byzant|solidus,OEWN,,p8814,generic medieval western european name for eastern gold coins,bezant
,Q231455,a gold coin of the Byzantine Empire; widely circulated in Europe in the Middle Ages,13410367-n,i107078,bezant|bezzant|byzant|solidus,OEWN,,p8814,gold coin issued in the Late Roman Empire,solidus
,Q2347864,a coin worth one-hundredth of the value of the basic unit,13411799-n,i107091,penny|cent|centime,OEWN,,p8814,ancient Italian currency denomination,quattrino
,Q1053637,a coin worth one-hundredth of the value of the basic unit,13411799-n,i107091,penny|cent|centime,OEWN,,p8814,fraction currency in several Francophone countries,centime
,Q1542312,erosion by friction,13444788-n,i107284,abrasion|attrition|corrasion|detrition,OEWN,,p8814,loss or displacement of land along a coastline,coastal erosion
,Q188842,erosion by friction,13444788-n,i107284,abrasion|attrition|corrasion|detrition,OEWN,,p8814,"process of wearing down or wearing away of rocks by the hard particles carried by rivers, glaciers, wind and waves",abrasion
,Q1766412,the process of totally saturating something with a substance,13517720-n,i107655,impregnation|saturation,OEWN,,p8814,Wikipedia article covering multiple topics,saturation (chemistry)
,Q906204,the process of totally saturating something with a substance,13517720-n,i107655,impregnation|saturation,OEWN,,p8814,,impregnation
,Q22327148,the process of flowing out,13550498-n,i107808,outflow|effluence|efflux,OEWN,,p8814,protein complex that is capable of efflux transmembrane transporter activity,efflux pump complex
,Q1444790,the process of flowing out,13550498-n,i107808,outflow|effluence|efflux,OEWN,,p8814,flow of excess rainwater not infiltrating in the ground over its surface,surface runoff
,Q186161,the spontaneous emission of a stream of particles or electromagnetic rays in nuclear decay,13566387-n,i107891,radiation|radioactivity,OEWN,,p8814,radiation that carries enough energy to liberate electrons from atoms or molecules,ionizing radiation
,Q11448,the spontaneous emission of a stream of particles or electromagnetic rays in nuclear decay,13566387-n,i107891,radiation|radioactivity,OEWN,,p8814,process by which an unstable atom emits radiation,radioactivity
,Q721322,a natural process resulting in the evolution of organisms best adapted to the environment,13584949-n,i107987,survival|survival of the fittest|natural selection|selection,OEWN,,p8814,phrase to describe the mechanism of natural selection,survival of the fittest
,Q43478,a natural process resulting in the evolution of organisms best adapted to the environment,13584949-n,i107987,survival|survival of the fittest|natural selection|selection,OEWN,,p8814,differential survival and reproduction of individuals in nature due to differences in phenotype; a key mechanism of evolution,natural selection
,Q2393344,the eruption through the gums of baby teeth,13586984-n,i107998,teething|dentition|odontiasis,OEWN,,p8814,"natural process that children experience, in which the teeth erupt from the gums",teething
,Q641973,the eruption through the gums of baby teeth,13586984-n,i107998,teething|dentition|odontiasis,OEWN,,p8814,development and arrangement of teeth,dentition
,Q6452502,the process of becoming a vapor,13593639-n,i108035,vaporization|vaporisation|vapor|vapour|evaporation,OEWN,,p8814,phase transition from the liquid phase to vapor (either through evaporation or boiling),vaporization
,Q132814,the process of becoming a vapor,13593639-n,i108035,vaporization|vaporisation|vapor|vapour|evaporation,OEWN,,p8814,type of vaporization of a liquid that occurs from its surface; surface phenomenon,evaporation
,Q851986,"a process in which an agent causes an organic substance to break down into simpler substances; especially, the anaerobic breakdown of sugar into alcohol",13596636-n,i108051,zymosis|zymolysis|fermentation|fermenting|ferment,OEWN,,p8814,"biological process which converts sugars such as glucose, fructose, and sucrose into cellular energy, producing ethanol and carbon dioxide",ethanol fermentation
,Q41760,"a process in which an agent causes an organic substance to break down into simpler substances; especially, the anaerobic breakdown of sugar into alcohol",13596636-n,i108051,zymosis|zymolysis|fermentation|fermenting|ferment,OEWN,,p8814,metabolic process producing energy in the absence of oxygen,fermentation
,Q691543,a unit of length equal to 3 feet; defined as 91.44 centimeters; originally taken to be the average length of a stride,13672065-n,i108440,yard|pace,OEWN,,p8814,unit of length,pace
,Q482798,a unit of length equal to 3 feet; defined as 91.44 centimeters; originally taken to be the average length of a stride,13672065-n,i108440,yard|pace,OEWN,,p8814,unit of length,yard
,Q253276,"a former British unit of length equivalent to 6,080 feet (1,853.184 meters); 800 feet longer than a statute mile",13682724-n,i108502,nautical mile|naut mi|mile|mi|geographical mile|Admiralty mile,OEWN,,p8814,unit of length (on ground),mile
,Q93318,"a former British unit of length equivalent to 6,080 feet (1,853.184 meters); 800 feet longer than a statute mile",13682724-n,i108502,nautical mile|naut mi|mile|mi|geographical mile|Admiralty mile,OEWN,,p8814,unit of distance (1852 m),nautical mile
,Q625416,the basic unit of money in Hungary,13698649-n,i108607,forint,OEWN,,p8814,economy of the country,economy of Hungary
,Q47190,the basic unit of money in Hungary,13698649-n,i108607,forint,OEWN,,p8814,currency of Hungary,forint
,Q7995739,formerly the basic unit of money in Italy; equal to 100 centesimi,13708481-n,i108691,lira|Italian lira,OEWN,,p8814,monetary unit of a number of countries,lira
,Q204992,formerly the basic unit of money in Italy; equal to 100 centesimi,13708481-n,i108691,lira|Italian lira,OEWN,,p8814,currency,Italian lira
,Q14961002,the basic unit of money in Turkey,13709265-n,i108696,lira|Turkish lira,OEWN,,p8814,"Turkish currency, 2005-date (changed in 2009 to just ""lira"")",New Turkish lira
,Q172872,the basic unit of money in Turkey,13709265-n,i108696,lira|Turkish lira,OEWN,,p8814,currency of Turkey,Turkish lira
,Q4856415,the basic unit of money in the Philippines; equal to 100 centavos,13715189-n,i108744,Philippine peso|peso,OEWN,Q17193,p8814,Philippine peso banknotes,banknotes of the Philippine peso
,Q17193,the basic unit of money in the Philippines; equal to 100 centavos,13715189-n,i108744,Philippine peso|peso,OEWN,Q17193,p8814,official currency of the Philippines,Philippine peso
,Q48733128,the basic unit of money in India; equal to 100 paise,13725909-n,i108836,Indian rupee|rupee,OEWN,,p8814,smallest value Indian banknote,Indian 1-rupee note
,Q80524,the basic unit of money in India; equal to 100 paise,13725909-n,i108836,Indian rupee|rupee,OEWN,,p8814,official currency of the Republic of India,Indian rupee
,Q28169800,the basic unit of money in Israel,13728415-n,i108855,shekel,OEWN,,p8814,Israeli currency denomination,20 new shekel banknote
,Q131309,the basic unit of money in Israel,13728415-n,i108855,shekel,OEWN,,p8814,currency of Israel and occupied territories,new shekel
,Q7124763,the quantity contained in a pail,13790677-n,i109249,pail|pailful,OEWN,,p8814,cylindrical shipping container,Pail
02913195-n,Q47107,the quantity contained in a pail,13790677-n,i109249,pail|pailful,OEWN,,p8814,cylindrical container used to hold or transport liquids or other materials,bucket
,Q1638628,a shape whose base is a circle and whose sides taper up to a point,13895231-n,i109829,cone|conoid|cone shape,OEWN,Q42344,p8814,"a ruled surface, whose rulings (lines) fulfill the additional conditions that ① all rulings are parallel to a plane (the directrix plane) and ② all rulings intersect a fixed line (the axis)",conoid
,Q42344,a shape whose base is a circle and whose sides taper up to a point,13895231-n,i109829,cone|conoid|cone shape,OEWN,Q42344,p8814,geometric shape,cone
,Q607538,the shape of something rotating rapidly,13900751-n,i109858,whirl|swirl|vortex|convolution,OEWN,,p8814,body of swirling water,whirlpool
,Q490600,the shape of something rotating rapidly,13900751-n,i109858,whirl|swirl|vortex|convolution,OEWN,,p8814,meteorological phenomenon,dust devil
,Q732722,the shape of something rotating rapidly,13900751-n,i109858,whirl|swirl|vortex|convolution,OEWN,,p8814,fluid flow revolving around an axis of rotation,vortex
,Q1327902,a tortuous and twisted shape or position,13908063-n,i109906,tortuosity|tortuousness|torsion|contortion|crookedness,OEWN,,p8814,skill of extreme physical flexibility,contortion
,Q826575,a tortuous and twisted shape or position,13908063-n,i109906,tortuosity|tortuousness|torsion|contortion|crookedness,OEWN,,p8814,twisting of an object due to an applied torque,torsion
,Q2301683,a tortuous and twisted shape or position,13908063-n,i109906,tortuosity|tortuousness|torsion|contortion|crookedness,OEWN,,p8814,Parameter for diffusion and fluid flow in porous media,tortuosity
,Q208383,a state of peace agreed to between opponents so they can discuss peace terms,13994359-n,i110355,armistice|cease-fire|truce,OEWN,Q107706,p8814,temporary or permanent stoppage of war,ceasefire
,Q107706,a state of peace agreed to between opponents so they can discuss peace terms,13994359-n,i110355,armistice|cease-fire|truce,OEWN,Q107706,p8814,"formal agreement between belligerents to stop fighting, short of definitively ending the war",armistice
,Q3098938,a state of peace agreed to between opponents so they can discuss peace terms,13994359-n,i110355,armistice|cease-fire|truce,OEWN,Q107706,p8814,period in the history of Finland between the Winter War and the Continuation War,Interim Peace
,Q205972,habitual intoxication; prolonged and excessive intake of alcoholic drinks leading to a breakdown in health and an addiction to alcohol such that abrupt deprivation leads to severe withdrawal symptoms,14088126-n,i110840,alcoholism|alcohol addiction|inebriation|drunkenness,OEWN,Q15326,p8814,negative effect(s) induced by the ingestion of ethanol (alcohol),alcohol intoxication
,Q15326,habitual intoxication; prolonged and excessive intake of alcoholic drinks leading to a breakdown in health and an addiction to alcohol such that abrupt deprivation leads to severe withdrawal symptoms,14088126-n,i110840,alcoholism|alcohol addiction|inebriation|drunkenness,OEWN,Q15326,p8814,loss of control over the quantity of consumed alcohol,alcoholism
,Q8264724,a sudden loss of consciousness resulting when the rupture or occlusion of a blood vessel leads to oxygen lack in the brain,14105785-n,i110934,stroke|cerebrovascular accident|CVA,OEWN,Q12202,p8814,bleeding within internal organ,stroke
,Q12202,a sudden loss of consciousness resulting when the rupture or occlusion of a blood vessel leads to oxygen lack in the brain,14105785-n,i110934,stroke|cerebrovascular accident|CVA,OEWN,Q12202,p8814,death of a region of brain cells due to poor blood flow,stroke
,Q7069348,the presence of gallstones in the gallbladder,14138727-n,i111113,cholelithiasis,OEWN,,p8814,Human disease,gallstone disease
,Q272714,the presence of gallstones in the gallbladder,14138727-n,i111113,cholelithiasis,OEWN,,p8814,"stone formed within the gallbladder (object, not disease)",gallstone
,Q3991731,an overactive thyroid gland; pathologically excessive production of thyroid hormones or the condition resulting from excessive production of thyroid hormones,14144249-n,i111137,hyperthyroidism|thyrotoxicosis,OEWN,Q16499,p8814,thyroid disease,thyrotoxicosis
,Q16499,an overactive thyroid gland; pathologically excessive production of thyroid hormones or the condition resulting from excessive production of thyroid hormones,14144249-n,i111137,hyperthyroidism|thyrotoxicosis,OEWN,Q16499,p8814,thyroid gland disease that involves an overproduction of thyroid hormone,hyperthyroidism
,Q2085267,inflammation of the fauces and pharynx,14196966-n,i111379,sore throat|pharyngitis|raw throat,OEWN,,p8814,inflammation of the pharynx,pharyngitis
,Q1292082,inflammation of the fauces and pharynx,14196966-n,i111379,sore throat|pharyngitis|raw throat,OEWN,,p8814,pain of the throat,sore throat
,Q6452285,a circumscribed inflammatory and often suppurating lesion on the skin or an internal mucous surface resulting in necrosis of tissue,14235091-n,i111580,ulcer|ulceration,OEWN,,p8814,"lesion on the surface of the skin or a mucous surface, produced by the sloughing of inflammatory necrotic tissue",ulcer
,Q172941,a circumscribed inflammatory and often suppurating lesion on the skin or an internal mucous surface resulting in necrosis of tissue,14235091-n,i111580,ulcer|ulceration,OEWN,,p8814,ulcer of an area of the gastrointestinal tract,peptic ulcer disease
,Q1182746,an affliction in which some part of the body is misshapen or malformed,14236994-n,i111592,deformity|malformation|misshapenness,OEWN,,p8814,congenital or acquired major abnormality in the shape of a body part or organ,deformity
14488632-n,Q727096,an affliction in which some part of the body is misshapen or malformed,14236994-n,i111592,deformity|malformation|misshapenness,OEWN,,p8814,condition present at birth regardless of cause; human disease or disorder developed prior to birth,congenital disorder
,Q1986297,a viral disease of cattle causing a mild skin disease affecting the udder; formerly used to inoculate humans against smallpox,14286384-n,i111885,cowpox|vaccinia,OEWN,,p8814,species of virus (causing cowpox),Vaccinia virus
,Q1066011,a viral disease of cattle causing a mild skin disease affecting the udder; formerly used to inoculate humans against smallpox,14286384-n,i111885,cowpox|vaccinia,OEWN,,p8814,human disease caused by infection with the Vaccinia virus,cowpox
,Q770709,an injury that doesn't break the skin but results in some discoloration,14312373-n,i112044,bruise|contusion,OEWN,,p8814,"physical trauma caused to a body part, either by impact, injury or physical attack",blunt trauma
,Q574491,an injury that doesn't break the skin but results in some discoloration,14312373-n,i112044,bruise|contusion,OEWN,,p8814,type of hematoma,bruise
,Q3443277,a response of body tissues to injury or irritation; characterized by pain and swelling and redness and heat,14359944-n,i112305,inflammation|redness|rubor,OEWN,,p8814,transient reddening of the face as symptom,flushing
,Q101991,a response of body tissues to injury or irritation; characterized by pain and swelling and redness and heat,14359944-n,i112305,inflammation|redness|rubor,OEWN,,p8814,signs of activation of the immune system,inflammation
,Q186889,the state that precedes vomiting,14383357-n,i112458,nausea|sickness,OEWN,,p8814,medical symptom or condition,nausea
00119553-n,Q127076,the state that precedes vomiting,14383357-n,i112458,nausea|sickness,OEWN,,p8814,forcible expulsion of the contents of the stomach through the mouth,vomiting
,Q10916362,a reeling sensation; a feeling that you are about to fall,14395918-n,i112532,dizziness|giddiness|lightheadedness|vertigo,OEWN,,p8814,general term for a number of types of impairment in spatial perception and stability,dizziness
,Q10686316,a reeling sensation; a feeling that you are about to fall,14395918-n,i112532,dizziness|giddiness|lightheadedness|vertigo,OEWN,,p8814,type of dizziness,vertigo
,Q1432717,a form of schizophrenia characterized by a tendency to remain in a fixed stuporous state for long periods; the catatonia may give way to short periods of extreme excitement,14422520-n,i112677,catatonic schizophrenia|catatonic type schizophrenia|catatonia,OEWN,Q1432717,p8814,mental disorder,catatonic schizophrenia
,Q501571,a form of schizophrenia characterized by a tendency to remain in a fixed stuporous state for long periods; the catatonia may give way to short periods of extreme excitement,14422520-n,i112677,catatonic schizophrenia|catatonic type schizophrenia|catatonia,OEWN,Q1432717,p8814,"psychopathological syndrome, a group of postural and movement abnormalities",catatonia
,Q426635,a white solid mineral that occurs naturally as periclase; a source of magnesium,14714768-n,i114184,periclase|magnesia|magnesium oxide,OEWN,Q214769,p8814,magnesium oxide mineral,periclase
,Q214769,a white solid mineral that occurs naturally as periclase; a source of magnesium,14714768-n,i114184,periclase|magnesia|magnesium oxide,OEWN,Q214769,p8814,chemical compound naturally occurring as periclase,magnesium oxide
,Q903081,cement consisting of a sticky substance that is used as an adhesive,14727036-n,i114258,glue|gum|mucilage,OEWN,,p8814,thickening agent,natural gum
,Q131790,cement consisting of a sticky substance that is used as an adhesive,14727036-n,i114258,glue|gum|mucilage,OEWN,,p8814,material which is used for bonding of various materials,adhesive
14798389-n,Q202501,a mixture of nectar and pollen prepared by worker bees and fed to larvae,14798251-n,i114653,beebread|ambrosia,OEWN,,p8814,secretion from the glands in the hypopharynx of nurse bees,royal jelly
,Q169822,a mixture of nectar and pollen prepared by worker bees and fed to larvae,14798251-n,i114653,beebread|ambrosia,OEWN,,p8814,fermented pollen,bee pollen
,Q184996,a material such as glass or porcelain with negligible electrical or thermal conductivity,14845760-n,i114931,insulator|dielectric|nonconductor,OEWN,,p8814,"electrically poorly conducting or non-conducting, non-metallic substance in which charge carriers are generally not free to move",dielectric
,Q178150,a material such as glass or porcelain with negligible electrical or thermal conductivity,14845760-n,i114931,insulator|dielectric|nonconductor,OEWN,,p8814,"material whose internal electric charges do not flow freely, and which therefore does not conduct an electric current",insulator
,Q397926,a purified liquid produced by condensation from a vapor during distilling; the product of distilling,14861130-n,i115022,distillate|distillation,OEWN,,p8814,"generic term for distilled alcoholic beverages that contain between 29% and 60% alcohol by volume, especially in the context of the Hispanosphere",aguardiente
,Q101017,a purified liquid produced by condensation from a vapor during distilling; the product of distilling,14861130-n,i115022,distillate|distillation,OEWN,,p8814,method of separating mixtures based on differences in volatility of components in a boiling liquid mixture,distillation
,Q14860849,a very slender natural or synthetic fiber,14892009-n,i115195,fibril|filament|strand,OEWN,,p8814,extracellular matrix material consisting of polysaccharides and protein,fibril
,Q1391831,a very slender natural or synthetic fiber,14892009-n,i115195,fibril|filament|strand,OEWN,,p8814,"continuous strand formed of filament fiber or spun, twisted, and plied short fibers, used for sewing and needlework",thread
,Q145205,any of a class of solid or semisolid viscous substances obtained either as exudations from certain plants or prepared by polymerization of simple molecules,14918291-n,i115350,resin|rosin,OEWN,,p8814,"solid or highly viscous substance, of plant or synthetic origin, which can be polymerized into a solid",resin
,Q138937,any of a class of solid or semisolid viscous substances obtained either as exudations from certain plants or prepared by polymerization of simple molecules,14918291-n,i115350,resin|rosin,OEWN,,p8814,"organic substance, solid resin",rosin
,Q496805,water containing salts,15033414-n,i116028,seawater|saltwater|brine,OEWN,,p8814,water that contains a significant concentration of dissolved salts,saline water
,Q184395,water containing salts,15033414-n,i116028,seawater|saltwater|brine,OEWN,,p8814,water from a sea or ocean,sea water
,Q837336,the scum formed by oxidation at the surface of molten metals,15067423-n,i116219,slag|scoria|dross,OEWN,,p8814,impurities in molten metal,dross
,Q271768,the scum formed by oxidation at the surface of molten metals,15067423-n,i116219,slag|scoria|dross,OEWN,,p8814,glass-like by-product left over after a desired metal has been separated from its raw ore,slag
,Q422488,a nucleoside component of DNA; composed of guanine and deoxyribose,15097852-n,i116398,deoxyguanosine,OEWN,Q422488,p8814,chemical compound,2'-deoxyguanosine
86800337-n,Q422462,a nucleoside component of DNA; composed of guanine and deoxyribose,15097852-n,i116398,deoxyguanosine,OEWN,Q422488,p8814,chemical compound,guanosine
,Q72926076,a stout length of sawn timber; made in a wide variety of sizes and used for many purposes,15126421-n,i116565,board|plank,OEWN,,p8814,a board which is made of wood,wood board
,Q1355652,a stout length of sawn timber; made in a wide variety of sizes and used for many purposes,15126421-n,i116565,board|plank,OEWN,,p8814,flat rectangular piece of timber,plank
,Q898776,a cheap hard material made from wood chips that are pressed together and bound with synthetic resin,15127022-n,i116568,chipboard|hardboard,OEWN,,p8814,pressed wood board,particle board
,Q1251688,a cheap hard material made from wood chips that are pressed together and bound with synthetic resin,15127022-n,i116568,chipboard|hardboard,OEWN,,p8814,type of fiberboard,hardboard
,Q11326182,the first light of day,15193837-n,i116932,dawn|dawning|morning|aurora|first light|daybreak|break of day|break of the day|dayspring|sunrise|sunup|cockcrow,OEWN,Q193294,p8814,time that marks the beginning of the twilight before sunrise,dawn
,Q193294,the first light of day,15193837-n,i116932,dawn|dawning|morning|aurora|first light|daybreak|break of day|break of the day|dayspring|sunrise|sunup|cockcrow,OEWN,Q193294,p8814,instant at which the upper edge of the Sun appears over the eastern horizon in the morning,sunrise
,Q1623403,New Year's Eve in Scotland,15207559-n,i116999,Hogmanay,OEWN,Q1623403,p8814,last day of the year in Scottish tradition,Hogmanay
,Q11269,New Year's Eve in Scotland,15207559-n,i116999,Hogmanay,OEWN,Q1623403,p8814,last day of the year in the Gregorian calendar; 31 December,New Year's Eve
,Q211945,period extending from Dec. 24 to Jan. 6,15221372-n,i117081,Christmas|Christmastide|Christmastime|Yule|Yuletide|Noel,OEWN,,p8814,Winter festival,Yule
,Q19809,period extending from Dec. 24 to Jan. 6,15221372-n,i117081,Christmas|Christmastide|Christmastime|Yule|Yuletide|Noel,OEWN,,p8814,"holiday originating in Christianity, usually December 25",Christmas
,Q867780,period extending from Dec. 24 to Jan. 6,15221372-n,i117081,Christmas|Christmastide|Christmastime|Yule|Yuletide|Noel,OEWN,,p8814,Christian liturgical period during Christmas,Christmastide
,Q3517772,period extending from Dec. 24 to Jan. 6,15221372-n,i117081,Christmas|Christmastide|Christmastime|Yule|Yuletide|Noel,OEWN,,p8814,Christmas period with related and unrelated holidays between the end of November until the first days of January,Christmas and holiday season
,Q1778552,"the time for one complete rotation of the earth relative to a particular star, about 4 minutes shorter than a mean solar day",15233129-n,i117143,sidereal day|day,OEWN,,p8814,"one day of sidereal time; the time in which Earth rotates once around its axis, relative to the point of the vernal equinox",sidereal day
15232958-n,Q191747,"the time for one complete rotation of the earth relative to a particular star, about 4 minutes shorter than a mean solar day",15233129-n,i117143,sidereal day|day,OEWN,,p8814,time standard,sidereal time
,Q4845365,the last day before Lent,15266695-n,i117340,Mardi Gras|Shrove Tuesday|Fat Tuesday|pancake day,OEWN,,p8814,day in February or March preceding Ash Wednesday,Shrove Tuesday
,Q35105,the last day before Lent,15266695-n,i117340,Mardi Gras|Shrove Tuesday|Fat Tuesday|pancake day,OEWN,,p8814,holiday on the day before Ash Wednesday,Mardi Gras
,Q3711325,distance travelled per unit time,15307914-n,i117563,speed|velocity,OEWN,,p8814,magnitude of velocity of motion,speed
,Q11465,distance travelled per unit time,15307914-n,i117563,speed|velocity,OEWN,,p8814,"rate of change of the position of an object as a function of time, and the direction of that change",velocity
