wn_synset,wn_definition,wn_ili,wn_members,wn_wd_qid,wn_qid_candidate,qid_count_original,wd_label,wd_parent,wd_description
12621867-n,twining perennial vine having racemes of fragrant greenish flowers; western China to Russia,i103109,silver lace vine|China fleece vine|Russian vine|Polygonum aubertii,Q11093157|Q10350936,Q10350936,2,Polygonum aubertii,Polygonum,species of plant
12433924-n,German iris having large white flowers with lavender-tinged falls and a fragrant rhizome,i102232,Florentine iris|orris|Iris germanica florentina|Iris florentina,Q16120935|Q104250895,Q104250895,2,Iris florentina,Iris,species of plant
13042303-n,a large white agaric; edible but not palatable,i105169,Clitocybe robusta|Clytocybe alba,Q107977878|Q10455220,Q10455220,2,Clitocybe robusta,Clitocybe,species of fungus
13260075-n,twining woody vine of Madagascar having thick dark waxy evergreen leaves and clusters of large fragrant waxy white flowers along the stems; widely cultivated in warm regions,i106214,Madagascar jasmine|waxflower|Stephanotis floribunda,Q10475339|Q1786657,Q10475339,2,Marsdenia floribunda,Marsdenia,species of plant
13069692-n,a dingy yellow brown fungus with a rough stalk that superficially resembles a bolete,i105300,Gastroboletus scabrosus,Q10503330|Q59518784,Q10503330,2,Gastroleccinum scabrosum,Gastroleccinum,species of fungus
13042627-n,an edible white agaric that fruits in dense clusters; the gills are narrow and crowded and the stalk is fleshy and unpolished,i105171,Clitocybe subconnexa,Q10557728|Q59534250,Q10557728,2,Lepista subconnexa,Lepista,species of fungus
02609381-n,a blue and yellow damselfish of Bermuda and Florida and the West Indies,i49408,beaugregory|Pomacentrus leucostictus,Q738910|Q106410671,Q106410671,2,Pomacentrus leucostictus,Pomacentrus,species of fish
02653043-n,a kind of gurnard,i49663,tub gurnard|yellow gurnard|Trigla lucerna,Q630618|Q106430314,Q106430314,2,Trigla lucerna,Trigla,species of fish
01504418-n,most plentiful skate in North American inshore waters in summer; to 21 inches,i43199,little skate|Raja erinacea,Q1913942|Q106445138,Q106445138,2,Raja erinacea,Raja,
01838559-n,large whippoorwill-like bird of the southern United States,i44983,chuck-will's-widow|Caprimulgus carolinensis,Q1262147|Q106447031,Q106447031,2,Caprimulgus carolinensis,Caprimulgus,species of birds
02061401-n,a variety of albatross with black feet,i46219,black-footed albatross|gooney|gooney bird|goonie|goony|Diomedea nigripes,Q600319|Q106447851,Q106447851,2,Diomedea nigripes,Diomedea,species of bird
12724616-n,perennial herb of eastern North America with palmately compound leaves and usually rose-purple flowers,i103617,violet wood sorrel|Oxalis violacea,Q15346873|Q1067933,Q1067933,2,violet wood-sorrel,Oxalis,species of plant
12089718-n,orchid with slender nearly leafless reddish-brown stems with loose racemes of reddish-brown flowers; of open brushy woods of southeastern Arizona and central Texas,i100588,Texas purple spike|Hexalectris warnockii,Q106899649|Q15467896,Q106899649,2,Bletia warnockii,Bletia,
11631053-n,very small tree similar to Rocky mountain pinon but having a single needle per fascicle; similar to Parry's pinyon in range,i98395,California single-leaf pinyon|Pinus californiarum,Q21384176|Q106918872,Q106918872,2,Pinus californiarum,Pinus,
02578221-n,large blue Pacific remora that attaches to whales and dolphins,i49227,whale sucker|whalesucker|Remilegia australis,Q850041|Q107328425,Q107328425,2,Remilegia australis,Remilegia,species of fish
02620724-n,common along northeastern coast of North America,i49478,ocean pout|Macrozoarces americanus,Q218024|Q107331225,Q107331225,2,Macrozoarces americanus,Macrozoarces,species of fish
13077814-n,a fungus with a rusty red cap and a white pore surface that becomes yellow with age and a pale yellow stalk,i105335,Boletus roxanae,Q108479890|Q107526679,Q107526679,2,Boletus roxanae,Boletus,species of fungi in the genus Boletus
13037049-n,fungus causing a disease in coffee and some other tropical plants,i105142,coffee fungus|Pellicularia koleroga,Q107527889|Q108145682,Q107527889,2,Botryobasidium koleroga,Botryobasidium,species of fungi in the genus Botryobasidium
02377103-n,solid-hoofed herbivorous quadruped domesticated since prehistoric times,i48054,horse|Equus caballus,Q26644764|Q10758650,Q10758650,2,Equus caballus,Equus,"domestic horse, species of mammal"
13240731-n,of Eurasia and Greenland and North America,i106115,common horsetail|field horsetail|Equisetum arvense,Q17257054|Q107592,Q107592,2,Equisetum arvense,Equisetum,species of plant
13025183-n,widely distributed edible mushroom rich yellow in color with a smooth cap and a pleasant apricot aroma,i105081,chanterelle|chantarelle|Cantharellus cibarius,Q107600474|Q188749,Q107600474,2,Craterellus cibarius,Craterellus,species of fungi in the genus Craterellus
13059337-n,a lorchel with deep brownish red fertile part and white stalk,i105251,Gyromitra fastigiata|Gyromitra brunnea,Q107643708|Q107717878,Q107643708,2,Discina brunnea,Discina,
13059337-n,a lorchel with deep brownish red fertile part and white stalk,i105251,Gyromitra fastigiata|Gyromitra brunnea,Q107643708|Q107717878,Q107717878,2,Gyromitra brunnea,Gyromitra,
13057667-n,a discina with a flat or saucer-shaped fertile body that is brown on the upper surface; has a short stalk; not recommended for eating,i105244,Discina macrospora,Q107718019|Q80914340,Q107718019,2,Gyromitra macrospora,Gyromitra,
12558074-n,perennial twining vine of Old World tropics having trifoliate leaves and racemes of fragrant purple pea-like flowers followed by maroon pods of edible seeds; grown as an ornamental and as a vegetable on the Indian subcontinent; sometimes placed in genus Dolichos,i102803,hyacinth bean|bonavist|Indian bean|Egyptian bean|Lablab purpureus|Dolichos lablab,Q3712638|Q1077410,Q1077410,2,Lablab purpureus,Lablab,species of plant
13077109-n,a fungus that has an off-white cap when it is young but later becomes dingy brown and a stalk of the same color; the under surface of the cap (the tubes) a pale greenish yellow,i105332,Boletus pallidus,Q107799045|Q12200203,Q107799045,2,Imleria pallida,Imleria,species of fungus
13042303-n,a large white agaric; edible but not palatable,i105169,Clitocybe robusta|Clytocybe alba,Q107977878|Q10455220,Q107977878,2,Lepista robusta,Lepista,species of fungi in the genus Lepista
13037049-n,fungus causing a disease in coffee and some other tropical plants,i105142,coffee fungus|Pellicularia koleroga,Q107527889|Q108145682,Q108145682,2,Pellicularia koleroga,Pellicularia,species of fungi in the genus Pellicularia
13079723-n,a fungus with a broadly convex brown cap and pores that extend part way down the stalk,i105345,Phylloporus boletinoides,Q108199695|Q49632525,Q108199695,2,Phylloporopsis boletinoides,Phylloporopsis,species of fungi in the genus Phylloporopsis
13078002-n,a fungus with a velvety stalk and usually a dingy brown cap; injured areas turn blue instantly,i105336,Boletus subvelutipes,Q108416519|Q4035289,Q108416519,2,Suillellus subvelutipes,Suillellus,species of fungi in the genus Suillellus
13253261-n,a large fungus with viscid cap that dries and turns brown with age; gills are off-white,i106180,Armillaria zelleri,Q108443971|Q49600720,Q108443971,2,Tricholoma zelleri,Tricholoma,species of fungi in the genus Tricholoma
13077814-n,a fungus with a rusty red cap and a white pore surface that becomes yellow with age and a pale yellow stalk,i105335,Boletus roxanae,Q108479890|Q107526679,Q108479890,2,Xerocomus roxanae,Xerocomus,species of fungi in the genus Xerocomus
13024282-n,yellowish edible agaric that usually turns red when touched,i105075,blushing mushroom|blusher|Amanita rubescens,Q108559035|Q623485,Q108559035,2,Agaricus rubescens var. rubescens,Agaricus rubescens,
13024472-n,fungus similar to Amanita phalloides,i105076,destroying angel|Amanita verna,Q108561516|Q571885,Q108561516,2,Amanita phalloides var. verna,Amanita phalloides,
13076337-n,an edible and choice fungus; has a convex cap that is slightly viscid when fresh and moist but soon dries and a thick bulbous tan stalk,i105328,Boletus edulis,Q108595981|Q19740,Q108595981,2,Dictyopus edulis var. edulis,Dictyopus edulis,
13057072-n,a helvella with an irregularly convoluted cap that is dark brown when young and becomes dull grey with age; the lower surface of the cap is smooth and pale grey; the stalk is thick and deeply fluted,i105241,Helvella sulcata,Q108607218|Q80915422,Q108607218,2,Helvella lacunosa var. sulcata,Helvella lacunosa,
13054337-n,a morel whose pitted fertile body is attached to the stalk with little free skirt around it; the fertile body is grey when young and black in old age,i105227,black morel|Morchella conica|conic morel|Morchella angusticeps|narrowhead morel,Q108657321|Q1327882,Q108657321,2,Morchella esculenta var. conica,Morchella esculenta,
13022126-n,coarse edible mushroom with a hollow stem and a broad white cap,i105065,horse mushroom|Agaricus arvensis,Q108691770|Q690801,Q108691770,2,Psalliota campestris var. arvensis,Psalliota campestris,
13022289-n,common edible mushroom found naturally in moist open soil; the cultivated mushroom of commerce,i105066,meadow mushroom|field mushroom|Agaricus campestris,Q108691775|Q234529,Q108691775,2,Psalliota campestris var. campestris,Psalliota campestris,
12590899-n,handsome roundheaded deciduous tree having compound dark green leaves and profuse panicles of fragrant creamy-white flowers; China and Japan,i102955,Japanese pagoda tree|Chinese scholartree|Chinese scholar tree|Sophora japonica|Sophora sinensis,Q288558|Q10881597,Q10881597,2,Sophora japonica,Sophora,species of plant
12349084-n,marsh herb with a long spike of purple flowers; originally of Europe but now rampant in eastern United States,i101821,purple loosestrife|spiked loosestrife|Lythrum salicaria,Q10890069|Q157513,Q10890069,2,Lythrum anceps,Lythrum,species of plant
01650281-n,of a great variety of habitats from southern Alaska to Baja California west of the Rockies,i43976,western toad|Bufo boreas,Q2191167|Q109525827,Q109525827,2,,,
01653331-n,a small brown tree toad having a shrill call heard near wetlands of eastern United States and Canada in early spring,i43992,spring peeper|Hyla crucifer,Q135015|Q109526434,Q109526434,2,Hyla crucifer,Hyla,Species of amphibian
01652053-n,this spadefoot toad live in California,i43986,western spadefoot|Scaphiopus hammondii,Q3101052|Q109528215,Q109528215,2,Scaphiopus hammondii,Scaphiopus,Species of amphibian
01458102-n,confined to rivers,i42951,ten-spined stickleback|Gasterosteus pungitius,Q754894|Q109538522,Q109538522,2,Gasterosteus pungitius,Gasterosteus,species of fish
01452353-n,small stocky Mexican fish; popular aquarium fish,i42916,platy|Platypoecilus maculatus,Q1162971|Q109540926,Q109540926,2,Platypoecilus maculatus,Platypoecilus,species of fish
12898253-n,California plant with slender racemes of white flowers,i104463,white snapdragon|Antirrhinum coulterianum,Q15358127|Q10955022,Q10955022,2,Antirrhinum coulterianum,Antirrhinum,species of plant
13203954-n,Eurasian fern with simple lanceolate fronds,i105932,hart's-tongue|hart's-tongue fern|Asplenium scolopendrium|Phyllitis scolopendrium,Q10956573|Q1130272,Q10956573,2,Phyllitis scolopendrium,Phyllitis,species of plant
02127963-n,large American feline resembling a lion,i46618,cougar|puma|catamount|mountain lion|painter|panther|Felis concolor,Q35255|Q109647288,Q109647288,2,Felis concolor,cats,species of mammal
02128791-n,slender long-legged African wildcat having large untufted ears and tawny black-spotted coat,i46623,serval|Felis serval,Q42699|Q109647291,Q109647291,2,Felis serval,cats,species of mammal
12058677-n,bellflower common in marshes of eastern North America having lanceolate linear leaves and small whitish flowers,i100457,marsh bellflower|Campanula aparinoides,Q110059553|Q15596433,Q110059553,2,Palustricodon aparinoides,Palustricodon,species of plant
12939164-n,poisonous Old World spurge; adventive in America; seeds yield a purgative oil,i104649,caper spurge|myrtle spurge|mole plant|Euphorbia lathyris,Q110382330|Q164223,Q110382330,2,Epurga lathyris,Epurga,species of plant
12621867-n,twining perennial vine having racemes of fragrant greenish flowers; western China to Russia,i103109,silver lace vine|China fleece vine|Russian vine|Polygonum aubertii,Q11093157|Q10350936,Q11093157,2,Fallopia aubertii,Fallopia,species of plant
11762044-n,evergreen aromatic shrubby tree of southeastern United States having small hard berries thickly coated with white wax used for candles,i99035,bay myrtle|puckerbush|Myrica cerifera,Q1109693|Q15377365,Q1109693,2,Morella cerifera,Morella,species of plant
11903797-n,perennial of southern Europe having clusters of fragrant flowers of all colors especially yellow and orange; often naturalized on old walls or cliffs; sometimes placed in genus Erysimum,i99702,wallflower|Cheiranthus cheiri|Erysimum cheiri,Q159370|Q11111735,Q11111735,2,Cheiranthus cheiri,Cheiranthus,species of plant
12844813-n,weakly climbing European perennial with white or pink flowers; naturalized in North America and an invasive weed,i104194,field bindweed|wild morning-glory|Convolvulus arvensis,Q15517213|Q111346,Q111346,2,Convolvulus arvensis,Convolvulus,species of plant
12131916-n,annual or winter annual grass with softly hairy leaves of the Mediterranean,i100794,downy brome|downy bromegrass|downy cheat|downy chess|cheatgrass|drooping brome|Bromus tectorum,Q111417203|Q164128,Q111417203,2,Anisantha tectorum,Anisantha,"species, by (L.) Nevski, 1934, in family Poaceae"
12666958-n,small Chinese shrub with smooth unfurrowed dark red fruit grown especially for its red or pink or white flowers,i103332,dwarf flowering almond|Prunus glandulosa,Q11175489|Q149743,Q11175489,2,Cerasus glandulosa,Prunus subg. Cerasus,species of plant
12812550-n,climbing shrub with adhesive aerial roots having opposite leaves and small white flowers in terminal cymes; Himalayas to Taiwan and Japan,i104043,climbing hydrangea|Schizophragma hydrangeoides,Q92191445|Q11287263,Q11287263,2,Schizophragma hydrangeoides,Schizophragma,species of plant
01790476-n,large marine arthropod of the Atlantic coast of North America having a domed carapace that is shaped like a horseshoe and a stiff pointed tail; a living fossil related to the wood louse,i44686,horseshoe crab|king crab|Limulus polyphemus|Xiphosurus polyphemus,Q1329239|Q1133152,Q1133152,2,Atlantic horseshoe crab,Limulus,species of arthropods
13243988-n,of northern Europe and America; resembling a miniature fir,i106132,fir clubmoss|mountain clubmoss|little clubmoss|Lycopodium selago,Q1142154|Q21976256,Q1142154,2,Huperzia selago,Huperzia,species of plant
11872308-n,arborescent cacti having very spiny cylindrical stem segments; southwestern United States and Mexico,i99557,cholla|Opuntia cholla,Q1147788|Q14946481,Q1147788,2,Cylindropuntia cholla,Cylindropuntia,species of plant
12940163-n,annual spurge of western United States having showy white-bracted flower clusters and very poisonous milk,i104654,snow-on-the-mountain|snow-in-summer|ghost weed|Euphorbia marginata,Q117845990|Q1152788,Q1152788,2,Euphorbia marginata,Euphorbia sect. Alectoroctonum,species of plant
01452353-n,small stocky Mexican fish; popular aquarium fish,i42916,platy|Platypoecilus maculatus,Q1162971|Q109540926,Q1162971,2,Xiphophorus maculatus,Xiphophorus,species of fish
02445646-n,usually rich dark brown,i48483,American mink|Mustela vison,Q116910164|Q50407587,Q116910164,2,,,
02118293-n,wolflike yellowish-brown wild dog of Australia,i46557,dingo|warrigal|warragal|Canis dingo,Q5032447|Q117011854,Q117011854,2,Canis dingo,Canis,species of mammal
12939955-n,common perennial United States spurge having showy white petallike bracts,i104653,wild spurge|flowering spurge|tramp's spurge|Euphorbia corollata,Q117838085|Q5410423,Q117838085,2,Agaloma corollata,Agaloma,species of plant
12941281-n,showy poinsettia found from the southern United States to Peru,i104659,Japanese poinsettia|mole plant|paint leaf|Euphorbia heterophylla,Q117845540|Q3060418,Q117845540,2,Cyathophora heterophylla,Cyathophora,species of plant
12940163-n,annual spurge of western United States having showy white-bracted flower clusters and very poisonous milk,i104654,snow-on-the-mountain|snow-in-summer|ghost weed|Euphorbia marginata,Q117845990|Q1152788,Q117845990,2,Dichrophyllum marginatum,Dichrophyllum,species of plant
12942259-n,Mexican shrub often cultivated for its scarlet-bracted flowers,i104664,scarlet plume|Euphorbia fulgens,Q117953175|Q4301001,Q117953175,2,Trichosterigma fulgens,Trichosterigma,species of plant
02053463-n,small European grebe,i46171,dabchick|little grebe|Podiceps ruficollis,Q25421|Q11846961,Q11846961,2,Podiceps ruficollis,Podiceps,species of bird
11921763-n,Old World alpine poppy with white or yellow to orange flowers,i99789,Iceland poppy|Papaver alpinum,Q119149737|Q149346,Q119149737,2,Oreomecon alpina,Oreomecon,Flowering plant species in the poppy family
11922228-n,subarctic perennial poppy of both hemispheres having fragrant white or yellow to orange or peach flowers,i99792,Iceland poppy|arctic poppy|Papaver nudicaule,Q119150816|Q148824,Q119150816,2,Oreomecon nudicaulis,Oreomecon,Plant species in the poppy family
13077109-n,a fungus that has an off-white cap when it is young but later becomes dingy brown and a stalk of the same color; the under surface of the cap (the tubes) a pale greenish yellow,i105332,Boletus pallidus,Q107799045|Q12200203,Q12200203,2,Boletus pallidus,Boletus,species of fungus
12203132-n,arborescent perennial shrub having palmately lobed furry leaves and showy red-purple flowers; southwestern United States,i101152,tree mallow|velvetleaf|velvet-leaf|Lavatera arborea,Q12210226|Q811549,Q12210226,2,Malva arborea,Malva,species of plant
12700193-n,common North American shrub or small tree,i103495,American red elder|red-berried elder|stinking elder|Sambucus pubens,Q3470723|Q12210848,Q12210848,2,Sambucus pubens,Sambucus,species of plant
02128146-n,nocturnal wildcat of Central America and South America having a dark-spotted buff-brown coat,i46619,ocelot|panther cat|Felis pardalis|Leopardus pardalis,Q33261|Q122170181,Q122170181,2,Felis pardalis,cats,species of mammal
12363015-n,tall North American perennial with creeping rootstocks and narrow leaves and spikes of pinkish-purple flowers occurring in great abundance in burned-over areas or recent clearings; an important honey plant,i101896,fireweed|giant willowherb|rosebay willowherb|wickup|Epilobium angustifolium,Q160104|Q12217056,Q12217056,2,Epilobium angustifolium,Epilobium,species of plant
02463082-n,large shaggy-haired toothless anteater with long tongue and powerful claws; of South America,i48589,ant bear|giant anteater|great anteater|tamanoir|Myrmecophaga jubata,Q203033|Q122259133,Q122259133,2,Myrmecophaga jubata,Myrmecophaga,species of mammal
02136356-n,bear with a black coat living in central and eastern Asia,i46669,Asiatic black bear|black bear|Ursus thibetanus|Selenarctos thibetanus|Arcticonus thibetanus,Q122451771|Q124410,Q122451771,2,Arcticonus thibetanus,Arcticonus,species of mammal
02129117-n,medium-sized wildcat of Central America and South America having a dark-striped coat,i46625,tiger cat|Felis tigrina,Q205948|Q122653137,Q122653137,2,Felis tigrina,cats,species of mammal
02434622-n,small deer of Japan with slightly forked antlers,i48418,Japanese deer|sika|Cervus nippon|Cervus sika,Q122701031|Q190516,Q122701031,2,Sika nippon,Sika,species of mammal
02128969-n,small spotted wildcat of southern Asia and Malaysia,i46624,leopard cat|Felis bengalensis|Prionailurus bengalensis,Q42627|Q122748829,Q122748829,2,Felis bengalensis,cats,species of mammal
11762266-n,deciduous aromatic shrub of eastern North America with grey-green wax-coated berries,i99036,bayberry|candleberry|swamp candleberry|waxberry|Myrica pensylvanica,Q3331585|Q12331270,Q12331270,2,Myrica pensylvanica,Myrica,species of plant
02321960-n,a sea urchin that can be eaten,i47737,edible sea urchin|Echinus esculentus,Q124657158|Q664443,Q124657158,2,Sphaerechinus esculentus,Sphaerechinus,species of echinoderm
11731296-n,American deciduous magnolia having large leaves and fruit like a small cucumber,i98882,cucumber tree|Magnolia acuminata,Q93448763|Q1249099,Q1249099,2,Magnolia acuminata,Magnolia,species of plant
02445299-n,the common American weasel distinguished by large size and black-tipped tail,i48481,longtail weasel|long-tailed weasel|Mustela frenata,Q125749307|Q720696,Q125749307,2,Neogale frenata,Neogale,species of mammal
83443092-n,a jackal native to Africa with a black back,,jackal|Canis mesomelas|black-backed jackal,Q125814326|Q188944,Q125814326,2,black-backed jackal,Lupulella,species of mammal
85147429-n,a jackal native to Southern Africa with a stripe down its side,,jackal|Canis adustus|side-striped jackal,Q125815593|Q208079,Q125815593,2,side-striped jackal,Lupulella,species of mammal
01838559-n,large whippoorwill-like bird of the southern United States,i44983,chuck-will's-widow|Caprimulgus carolinensis,Q1262147|Q106447031,Q1262147,2,Chuck-will's-widow,Antrostomus,species of bird
12527496-n,perennial Eurasian herb having heads of red or yellow flowers and common in meadows and pastures; formerly used medicinally for kidney disorders,i102656,kidney vetch|Anthyllis vulneraria,Q92988397|Q126256,Q126256,2,Anthyllis vulneraria,Anthyllis,species of plant
01838728-n,American nocturnal goatsucker with grey-and-white plumage,i44984,whippoorwill|Caprimulgus vociferus,Q1268205|Q25658709,Q1268205,2,Eastern Whip-poor-will,Antrostomus,species of bird
12357103-n,medium-sized swamp gum of New South Wales and Victoria,i101863,mountain swamp gum|Eucalyptus camphora,Q66115606|Q12839325,Q12839325,2,Eucalyptus camphora,Eucalyptus,species of plant
12880439-n,fragrant California annual herb having lanceolate leaves and clusters of rose-purple flowers,i104373,mustang mint|Monardella lanceolata,Q32852632|Q12842241,Q12842241,2,Monardella lanceolata,Monardella,species of plant
12153668-n,tough Asiatic grass whose culms are used for ropes and baskets,i100912,munj|munja|Saccharum bengalense|Saccharum munja,Q93077342|Q12845384|Q3630865,Q12845384,3,Saccharum bengalense,Saccharum,species of plant
12821832-n,small plant with leaves in a basal cluster and tiny greenish flowers in slender racemes; northwestern North America to California and Colorado,i104083,five-point bishop's cap|Mitella pentandra,Q15606119|Q12901065,Q12901065,2,Mitella pentandra,Mitella,species of plant
01572064-n,similar to Audubon's warbler,i43522,myrtle warbler|myrtle bird|Dendroica coronata,Q2192309|Q1294154,Q1294154,2,Dendroica coronata,Setophaga,species of bird
12456154-n,pungent Old World weedy plant,i102336,wild garlic|wood garlic|ramsons|Allium ursinum,Q92558539|Q130882,Q130882,2,Allium ursinum,Allium,"species of plant, herb"
11866382-n,large cactus of east central Mexico having golden to pale yellow flowers and spines,i99526,golden barrel cactus|Echinocactus grusonii,Q42751825|Q131270,Q131270,2,Echinocactus grusonii,Echinocactus,species of plant
13054337-n,a morel whose pitted fertile body is attached to the stalk with little free skirt around it; the fertile body is grey when young and black in old age,i105227,black morel|Morchella conica|conic morel|Morchella angusticeps|narrowhead morel,Q108657321|Q1327882,Q1327882,2,Morchella conica,Morchella,species of fungus
02506644-n,Asian elephant having smaller ears and tusks primarily in the male,i48835,Indian elephant|Elephas maximus,Q591305|Q133006,Q133006,2,Asian elephant,Elephas,species of mammal
12807224-n,perennial northern temperate plant with toothed leaves and heads of small purplish-white flowers,i104018,orpine|orpin|livelong|live-forever|Sedum telephium,Q1327535|Q13390371,Q13390371,2,Sedum telephium,Sedum,species of plant
01653331-n,a small brown tree toad having a shrill call heard near wetlands of eastern United States and Canada in early spring,i43992,spring peeper|Hyla crucifer,Q135015|Q109526434,Q135015,2,Spring Peeper,Pseudacris,species of amphibian
11676574-n,Tasmanian timber tree with yellow aromatic wavy-grained wood used for carving and ship building; sometimes placed in genus Dacrydium,i98620,huon pine|Lagarostrobus franklinii|Dacrydium franklinii,Q137400|Q17363776,Q137400,2,Lagarostrobos franklinii,Lagarostrobos,"species of plant, from Tasmania"
11674889-n,New Zealand silver pine of conical habit with long slender flexuous branches; adapted to cold wet summers and high altitudes,i98612,tarwood|tar-wood|Dacrydium colensoi,Q138261|Q17363786,Q138261,2,Manoao colensoi,Manoao,species of plant
11868478-n,spring-blooming South American cactus with oblong joints and coral-red flowers; sometimes placed in genus Schlumbergera,i99537,Easter cactus|Hatiora gaertneri|Schlumbergera gaertneri,Q3153249|Q138282,Q138282,2,Hatiora gaertneri,Hatiora,species of plant
11953856-n,rhizomatous perennial wood aster of eastern North America with white flowers,i99929,white wood aster|Aster divaricatus,Q19848818|Q13911606,Q13911606,2,Aster divaricatus,Aster,species of plant
11954372-n,perennial of western North America having white flowers,i99932,white prairie aster|Aster falcatus,Q13955505|Q38782261,Q13955505,2,Symphyotrichum falcatum,Symphyotrichum,Species of flowering plant in family Asteraceae
12948518-n,Chinese tree bearing seeds that yield tung oil,i104695,tung tree|tung|tung-oil tree|Aleurites fordii,Q1422363|Q38926734,Q1422363,2,Vernicia fordii,Vernicia,species of plant
12140056-n,a dune grass of the Pacific seacoast used as a sand binder,i100839,sea lyme grass|European dune grass|Elymus arenarius|Leymus arenaria,Q1426766|Q21874166,Q1426766,2,Leymus arenarius,Leymus,species of plant
88957229-n,"an annual herb that grows in open grasslands, roadsides and pathways that originates in the Americas and is used in traditional herbal medicine",,Euphorbia hirta,Q14549482|Q36177,Q14549482,2,Chamaesyce hirta,Chamaesyce,species of plant
12679069-n,Eurasian tree with orange-red berrylike fruits,i103392,rowan|rowan tree|European mountain ash|Sorbus aucuparia,Q87645461|Q146198,Q146198,2,Sorbus aucuparia,Sorbus,species of plant
01597609-n,North American swallow that lives in colonies and builds bottle-shaped mud nests on cliffs and walls,i43680,cliff swallow|Hirundo pyrrhonota,Q1591775|Q14624738,Q14624738,2,Hirundo pyrrhonota,Hirundo,species of bird
12651402-n,Europe,i103256,wild strawberry|wood strawberry|Fragaria vesca,Q50857565|Q146684,Q146684,2,Fragaria vesca,Fragaria,species of plant
02493442-n,the smallest monkey; of tropical forests of the Amazon,i48759,pygmy marmoset|Cebuella pygmaea,Q244361|Q14850405,Q14850405,2,Pygmy marmoset,Cebuella,species of mammal (Cebuella pygmaea)
12597200-n,European purple-flowered with slender stems; occurs as a weed in hedges,i102987,bush vetch|Vicia sepium,Q15525238|Q148570,Q148570,2,Vicia sepium,Vicia,species of plant
11736510-n,blue Egyptian lotus: held sacred by the Egyptians,i98906,blue lotus|Nymphaea caerulea,Q50897106|Q148880,Q148880,2,Nymphaea caerulea,Nymphaea,species of plant
12660497-n,small wild or half-domesticated Eurasian plum bearing small ovoid fruit in clusters,i103299,bullace|Prunus insititia,Q149195|Q10878191,Q149195,2,Prunus domestica subsp. insititia,Prunus domestica,subspecies of plant
11921763-n,Old World alpine poppy with white or yellow to orange flowers,i99789,Iceland poppy|Papaver alpinum,Q119149737|Q149346,Q149346,2,Papaver alpinum,Papaver,species of plant
12266402-n,trailing red-fruited plant,i101424,American cranberry|large cranberry|Vaccinium macrocarpon,Q50852926|Q149397,Q149397,2,Vaccinium macrocarpon,Vaccinium sect. Oxycoccus,species of plant
11872308-n,arborescent cacti having very spiny cylindrical stem segments; southwestern United States and Mexico,i99557,cholla|Opuntia cholla,Q1147788|Q14946481,Q14946481,2,Opuntia cholla,Opuntia,species of plant
12752595-n,poplar of northeastern North America with broad heart-shaped leaves,i103747,balsam poplar|hackmatack|tacamahac|Populus balsamifera,Q15384833|Q149471,Q149471,2,Populus balsamifera,Populus,species of plant
11674355-n,New Zealand evergreen valued for its light easily worked wood,i98609,kahikatea|New Zealand dacryberry|New Zealand white pine|Dacrycarpus dacrydioides|Podocarpus dacrydioides,Q1981615|Q14947698,Q14947698,2,Podocarpus dacrydioides,Podocarpus sect. Dacrycarpus,species of plant
11872497-n,cactus having yellow flowers and purple fruits,i99558,nopal|Opuntia lindheimeri,Q93313162|Q14955003,Q14955003,2,Opuntia lindheimeri,Opuntia,species of plant
12666958-n,small Chinese shrub with smooth unfurrowed dark red fruit grown especially for its red or pink or white flowers,i103332,dwarf flowering almond|Prunus glandulosa,Q11175489|Q149743,Q149743,2,Prunus glandulosa,Prunus,species of plant
12581814-n,variety of pea plant native to the Mediterranean region and North Africa and widely grown especially for forage,i102913,field pea|field-pea plant|Austrian winter pea|Pisum sativum arvense|Pisum arvense,Q149758|Q21876275,Q149758,2,Field pea,Pisum sativum,genus Pisum – subspecies of plant
11778952-n,African tree supposed to mark healthful regions,i99111,fever tree|Acacia xanthophloea,Q15525187|Q1499421,Q1499421,2,Acacia xanthophloea,Acacia,species of plant
11664913-n,Asiatic shrub or small tree widely planted in United States and Europe; in some classifications assigned to its own genus,i98560,Oriental arborvitae|Thuja orientalis|Platycladus orientalis,Q33482|Q15041676,Q15041676,2,Thuja orientalis,Thuja subg. Biota,species of plant
12436100-n,bulbous iris of western Mediterranean region having usually violet-purple flowers,i102245,Spanish iris|xiphium iris|Iris xiphium,Q91363501|Q1505610,Q1505610,2,Iris xiphium,Iris,species of plant
12487523-n,plant of western North America having grasslike leaves and greenish-white flowers,i102484,alkali grass|Zigadenus elegans,Q2853166|Q15221394,Q15221394,2,Zigadenus elegans,Zigadenus,species of plant
12601858-n,a wisteria of China having white flowers,i103007,silky wisteria|Wisteria venusta,Q15532945|Q15235903,Q15235903,2,Wisteria venusta,Wisteria,species of plant
12539594-n,European herb resembling vetch; naturalized in the eastern United States; having umbels of pink-and-white flowers and sharp-angled pods,i102716,axseed|crown vetch|Coronilla varia,Q158908|Q15248508,Q15248508,2,Coronilla varia,Coronilla,species of plant
12371608-n,canna grown especially for its edible rootstock from which arrowroot starch is obtained,i101940,achira|indian shot|arrowroot|Canna indica|Canna edulis,Q163559|Q15250761,Q15250761,2,Canna edulis,Canna,species of plant
11849273-n,rank-smelling tropical American pigweed,i99445,American wormseed|Mexican tea|Spanish tea|wormseed|Chenopodium ambrosioides,Q640032|Q15251066,Q15251066,2,Chenopodium ambrosioides,Chenopodium,species of plant
11969871-n,Eurasian plant with apple-scented foliage and white-rayed flowers and feathery leaves used medicinally; in some classification systems placed in genus Anthemis,i100027,chamomile|camomile|Chamaemelum nobilis|Anthemis nobilis,Q5723577|Q15281388,Q15281388,2,Anthemis nobilis,Anthemis,species of plant
13201953-n,tropical Old World or Australian epiphytic fern frequently forming tufts in tree crotches,i105920,bird's nest fern|Asplenium nidus,Q15283521|Q1736890,Q15283521,2,Neottopteris nidus,Neottopteris,species of plant
11823269-n,wild ginger having persistent heart-shaped pungent leaves; West Virginia to Alabama,i99321,heartleaf|heart-leaf|Asarum shuttleworthii,Q15295890|Q15593271,Q15295890,2,Hexastylis shuttleworthii,Hexastylis,species of plant
12435437-n,low-growing spring-flowering American iris with bright blue-lilac flowers,i102241,dwarf iris|vernal iris|Iris verna,Q42960889|Q15296151,Q15296151,2,Iris verna,Iris,species of plant
13244741-n,ground pine thickly covered with bristly leaves; widely distributed in barren sandy or peaty moist coastal regions of eastern and southeastern United States,i106137,foxtail grass|Lycopodium alopecuroides,Q15321697|Q21976231,Q15321697,2,Lycopodiella alopecuroides,Lycopodiella,species of plant
11924946-n,glaucous herb of northeastern United States and Canada having loose racemes of yellow-tipped pink flowers; sometimes placed in genus Fumaria,i99806,Roman wormwood|rock harlequin|Corydalis sempervirens|Fumaria sempervirens,Q15324515|Q21874304|Q1478395,Q15324515,3,Capnoides sempervirens,Capnoides,species of plant
12456595-n,European leek naturalized in Great Britain; leaves are triangular,i102339,three-cornered leek|triquetrous leek|Allium triquetrum,Q92558489|Q1532690,Q1532690,2,Allium triquetrum,Allium,species of plant
12365354-n,evening-opening primrose of south central United States,i101907,Missouri primrose|Ozark sundrops|Oenothera macrocarpa,Q15330425|Q9373395,Q15330425,2,Megapterium macrocarpum,Megapterium,species of plant
12810737-n,woody climber of southeastern United States having white flowers in compound terminal clusters,i104035,decumary|Decumaria barbata|Decumaria barbara,Q58763080|Q15337547,Q15337547,2,Decumaria barbara,Decumaria,species of plant
13194780-n,mat-forming lithophytic or terrestrial fern with creeping rootstocks and large pinnatifid fronds found throughout North America and Europe and Africa and east Asia,i105884,common polypody|adder's fern|wall fern|golden maidenhair|golden polypody|sweet fern|Polypodium vulgare,Q15337906|Q743883,Q15337906,2,Ctenopteris vulgaris,Ctenopteris,species of plant
13244608-n,"a variety of club moss, commonly called ground pine, prince's pine, or princess pine (Lycopodium obscurum)",i106136,ground fir|princess pine|tree clubmoss|Lycopodium obscurum,Q15338742|Q3281399,Q15338742,2,Dendrolycopodium obscurum,Dendrolycopodium,species of plant
11870452-n,a low tuberculate cactus with white feathery spines; northeastern Mexico,i99547,feather ball|Mammillaria plumosa,Q15339901|Q283486,Q15339901,2,Neomammillaria plumosa,Neomammillaria,species of plant
12879913-n,annual of southern United States,i104370,plains lemon monarda|Monarda pectinata,Q89028606|Q15343760,Q15343760,2,Monarda pectinata,Monarda,species of plant
12365217-n,a day-flowering biennial or perennial of the genus Oenothera,i101906,sundrops|Oenothera fruticosa,Q15345195|Q7078662,Q15345195,2,Kneiffia fruticosa,Kneiffia,species of plant
12724616-n,perennial herb of eastern North America with palmately compound leaves and usually rose-purple flowers,i103617,violet wood sorrel|Oxalis violacea,Q15346873|Q1067933,Q15346873,2,Sassia violacea,Sassia,species of plant
11564466-n,a common liverwort,i98262,hepatica|Marchantia polymorpha,Q15348827|Q992846,Q15348827,2,Jungermannia polymorpha,Jungermannia,species of plant
12410449-n,violet of eastern North America having lilac-purple flowers with a long slender spur,i102125,long-spurred violet|Viola rostrata,Q15357379|Q3024420,Q15357379,2,Lophion rostratum,Lophion,species of plant
12410616-n,leafy-stemmed violet of eastern North America having large white or creamy flowers faintly marked with purple,i102126,pale violet|striped violet|cream violet|Viola striata,Q15357426|Q16736005,Q15357426,2,Lophion striatum,Lophion,species of plant
12898253-n,California plant with slender racemes of white flowers,i104463,white snapdragon|Antirrhinum coulterianum,Q15358127|Q10955022,Q15358127,2,Sairocarpus coulterianus,Sairocarpus,species of plant
12389993-n,stiff shrub having oblong entire leaves and dense cymes of yellow flowers,i102024,shrubby St John's wort|Hypericum prolificum|Hypericum spathulatum,Q15367030|Q17812747,Q15367030,2,Myriandra prolifica,Myriandra,species of plant
11955276-n,North American perennial herb having small autumn-blooming purple or pink or white flowers; widely naturalized in Europe,i99937,Michaelmas daisy|New York aster|Aster novi-belgii,Q1537333|Q15708990,Q1537333,2,Symphyotrichum novi-belgii,Symphyotrichum,Species of flowering plant in family Asteraceae
12274352-n,small shrub of southern and western Australia having pinkish to rosy purple tubular flowers,i101462,Port Jackson heath|Epacris purpurascens,Q65942827|Q15376759,Q15376759,2,Epacris purpurascens,Epacris,species of plant
11762044-n,evergreen aromatic shrubby tree of southeastern United States having small hard berries thickly coated with white wax used for candles,i99035,bay myrtle|puckerbush|Myrica cerifera,Q1109693|Q15377365,Q15377365,2,Myrica cerifera,Myrica,species of plant
12778063-n,deciduous shrub of southeastern and central United States,i103869,bearberry|possum haw|winterberry|Ilex decidua,Q15383155|Q5997670,Q15383155,2,Prinos deciduus,Prinos,species of plant
12752595-n,poplar of northeastern North America with broad heart-shaped leaves,i103747,balsam poplar|hackmatack|tacamahac|Populus balsamifera,Q15384833|Q149471,Q15384833,2,Aigeiros balsamifera,Aigeiros,species of plant
12269811-n,small branching blueberry common in marshy areas of the eastern United States having greenish or yellowish unpalatable berries reputedly eaten by deer,i101440,deerberry|squaw huckleberry|Vaccinium stamineum,Q15386677|Q7907970,Q15386677,2,Polycodium stamineum,Polycodium,species of plant
12264975-n,medium-sized rhododendron of Pacific coast of North America having large rosy brown-spotted flowers,i101417,coast rhododendron|Rhododendron californicum,Q15387197|Q38907276,Q15387197,2,Hymenanthes californica,Hymenanthes,species of plant
12940607-n,tall European perennial naturalized and troublesome as a weed in eastern North America,i104656,leafy spurge|wolf's milk|Euphorbia esula,Q15388851|Q148882,Q15388851,2,Euphorbia paradoxa,Euphorbia,species of plant
12272900-n,plant of southeastern United States having solitary white funnel-shaped flowers flushed with pink and large glossy green leaves that turn bronze-red in fall,i101455,oconee bells|Shortia galacifolia,Q15394339|Q867748,Q15394339,2,Sherwoodia galacifolia,Sherwoodia,species of plant
12684948-n,Peruvian shrub or small tree having large glossy leaves and cymes of fragrant yellow to green or red flowers; cultivated for its medicinal bark,i103422,calisaya|Cinchona officinalis|Cinchona ledgeriana|Cinchona calisaya,Q3091779|Q5120189|Q15399753,Q15399753,3,Cinchona calisaya,Cinchona,species of plant
12832473-n,small California annual with white flowers,i104130,evening-snow|Linanthus dichotomus,Q15400423|Q6550250,Q15400423,2,Navarretia dichotoma,Navarretia,species of plant
12087530-n,a long-spurred orchid with base leaves and petals converging under the upper sepal,i100578,Hooker's orchid|Habenaria hookeri,Q15435811|Q39369033,Q15435811,2,Platanthera hookeri,Platanthera,species of plant
12088639-n,orchid of northeastern and alpine eastern North America closely related to the purple fringed orchids but having rosy-purple or violet flowers with denticulate leaf divisions,i100583,purple fringeless orchid|purple fringeless orchis|Habenaria peramoena,Q15436673|Q39369293,Q15436673,2,Platanthera peramoena,Platanthera,species of plant
11850141-n,annual European plant with spikes of greenish flowers and leaves that are white and hairy on the underside; common as a weed in North America,i99449,oak-leaved goosefoot|oakleaf goosefoot|Chenopodium glaucum,Q17271799|Q1543836,Q1543836,2,Chenopodium glaucum,Chenopodium,species of plant
12089718-n,orchid with slender nearly leafless reddish-brown stems with loose racemes of reddish-brown flowers; of open brushy woods of southeastern Arizona and central Texas,i100588,Texas purple spike|Hexalectris warnockii,Q106899649|Q15467896,Q15467896,2,Hexalectris warnockii,Hexalectris,species of plant
12837889-n,annual of the western United States having large coiled flower spikes; a threatened species,i104158,large-flowered fiddleneck|Amsinckia grandiflora,Q15493011|Q4748790,Q15493011,2,Benthamia grandiflora,Benthamia,species of plant
12532600-n,large spiny shrub of eastern Asia having clusters of yellow flowers; often cultivated in shelterbelts and hedges,i102682,Siberian pea tree|Caragana arborescens,Q15502974|Q162124,Q15502974,2,Aspalathus caragana,Aspalathus,species of plant
12126498-n,valuable forage grass of western United States,i100765,western wheatgrass|bluestem wheatgrass|Agropyron smithii,Q15510778|Q39551241,Q15510778,2,Elymus smithii,Elymus,species of plant
12129882-n,used by Maoris for thatching,i100782,toetoe|toitoi|Arundo conspicua|Chionochloa conspicua,Q15512764|Q39541903,Q15512764,2,Chionochloa conspicua,Chionochloa,species of plant
12844813-n,weakly climbing European perennial with white or pink flowers; naturalized in North America and an invasive weed,i104194,field bindweed|wild morning-glory|Convolvulus arvensis,Q15517213|Q111346,Q15517213,2,Strophocaulos arvensis,Strophocaulos,species of plant
11778952-n,African tree supposed to mark healthful regions,i99111,fever tree|Acacia xanthophloea,Q15525187|Q1499421,Q15525187,2,Vachellia xanthophloea,Vachellia,species of plant
12784289-n,common nonpoisonous shrub of eastern North America with waxy compound leaves and green paniculate flowers followed by red berries,i103905,smooth sumac|scarlet sumac|vinegar tree|Rhus glabra,Q15525206|Q3177997,Q15525206,2,Schmaltzia glabra,Schmaltzia,species of plant
12597200-n,European purple-flowered with slender stems; occurs as a weed in hedges,i102987,bush vetch|Vicia sepium,Q15525238|Q148570,Q15525238,2,Atossa sepium,Atossa,species of plant
12784768-n,evergreen shrub of southeastern United States with spikes of reddish yellow flowers and glandular hairy fruits,i103907,sugar-bush|sugar sumac|Rhus ovata,Q15525262|Q7321569,Q15525262,2,Schmaltzia ovata,Schmaltzia,species of plant
11652436-n,relatively low wide-spreading endemic on Guadalupe Island; cultivated for its bluish foliage,i98498,Guadalupe cypress|Cupressus guadalupensis,Q92734748|Q1552597,Q1552597,2,Cupressus guadalupensis,Cupressus,species of plant
12601534-n,having deep purple flowers,i103005,Chinese wistaria|Wisteria chinensis,Q15527909|Q39151976,Q15527909,2,Kraunhia chinensis,Kraunhia,species of plant
12548614-n,small semi-evergreen broad-spreading tree of eastern South Africa with orange-scarlet flowers and small coral-red seeds; yields a light soft wood used for fence posts or shingles,i102758,kaffir boom|Cape kafferboom|Erythrina caffra,Q15530188|Q1955238,Q15530188,2,Corallodendron afrum,Corallodendron,species of plant
12587995-n,desert shrub of Syria and Arabia having small white flowers; constitutes the juniper of the Old Testament; sometimes placed in genus Genista,i102942,retem|raetam|juniper bush|juniper|Retama raetam|Genista raetam,Q15531393|Q2910823,Q15531393,2,Lygos raetam,Lygos,species of plant
11778745-n,shrubby Australian tree having clusters of fragrant golden yellow flowers; widely cultivated as an ornamental,i99110,golden wattle|Acacia pycnantha,Q15531407|Q516233,Q15531407,2,Racosperma pycnanthum,Racosperma,species of plant
12932200-n,annual of Mexico and southern United States having edible purplish viscid fruit resembling small tomatoes,i104617,tomatillo|jamberry|Mexican husk tomato|Physalis ixocarpa,Q92954215|Q15532679,Q15532679,2,Physalis ixocarpa,Physalis,species of plant
12671140-n,deciduous Chinese shrub or small tree with often trilobed leaves grown for its pink-white flowers,i103354,flowering almond|Prunus triloba,Q15532819|Q2727171,Q15532819,2,Amygdalus triloba,Amygdalus,species of plant
12601858-n,a wisteria of China having white flowers,i103007,silky wisteria|Wisteria venusta,Q15532945|Q15235903,Q15532945,2,Rehsonia venusta,Rehsonia,species of plant
12661941-n,small hybrid apricot of Asia and Asia Minor having purplish twigs and white flowers following by inferior purple fruit,i103307,purple apricot|black apricot|Prunus dasycarpa,Q15533117|Q16988612,Q15533117,2,Armenoprunus dasycarpa,Armenoprunus,species of plant
12667711-n,frequently cultivated Eurasian evergreen shrub or small tree having showy clusters of white flowers and glossy foliage and yielding oil similar to bitter almond oil,i103336,cherry laurel|laurel cherry|Prunus laurocerasus,Q15534675|Q157508,Q15534675,2,Cerasus laurocerasus,Cerasus,species of plant
12565934-n,low-growing much-branched perennial of Canary Islands having orange-red to scarlet or purple flowers; naturalized in United States,i102838,coral gem|Lotus berthelotii,Q15537502|Q5492395,Q15537502,2,Heinekenia berthelotii,Heinekenia,species of plant
12534643-n,shrub of western United States having pink or crimson flowers; often forms thickets,i102691,western redbud|California redbud|Cercis occidentalis,Q15538466|Q5063945,Q15538466,2,Siliquastrum occidentale,Siliquastrum,species of plant
12561471-n,scrambling perennial of damp or marshy areas of Eurasia and North America with purplish flowers,i102817,marsh pea|Lathyrus palustris,Q15539021|Q159365,Q15539021,2,Orobus palustris,Orobus,species of plant
12560069-n,a weak-stemmed winter annual native to Mediterranean region for long established in southern United States; cultivated as a cover and pasture crop,i102810,singletary pea|Caley pea|rough pea|wild winterpea|Lathyrus hirsutus,Q15540205|Q159773,Q15540205,2,Pisum hirsutum,Pisum,species of plant
12589542-n,small Dominican tree bearing masses of large crimson flowers before the fine pinnate foliage emerges,i102949,carib wood|Sabinea carinalis,Q15542654|Q87585867,Q15542654,2,Poitea carinalis,Poitea,species of plant
12671317-n,a common wild cherry of eastern North America having small bitter black berries favored by birds,i103355,chokecherry|chokecherry tree|Prunus virginiana,Q15542944|Q162829,Q15542944,2,Padus virginiana,Padus,species of plant
12649466-n,American red-fruited hawthorn with dense corymbs of pink-red flowers,i103246,red haw|Crataegus pedicellata|Crataegus coccinea,Q15543298|Q3002196,Q15543298,2,Mespilus coccinea,Mespilus,species of medlar plant
11906626-n,annual weed of Europe and North America having a rosette of basal leaves and tiny flowers followed by oblong seed capsules,i99715,whitlow grass|shadflower|shad-flower|Draba verna,Q15543679|Q164032,Q15543679,2,Erophila verna,Erophila,species of plant
12648821-n,European hawthorn having deeply cleft leaves and bright red fruits; widely cultivated in many varieties and often grown as impenetrable hedges; established as an escape in eastern North America,i103243,English hawthorn|Crataegus monogyna,Q15543909|Q161511,Q15543909,2,Mespilus monogyna,Mespilus,species of medlar plant
12651760-n,North American wild strawberry with sweet scarlet fruit; a source of many cultivated strawberries,i103258,Virginia strawberry|scarlet strawberry|Fragaria virginiana,Q15545616|Q978247,Q15545616,2,Potentilla virginiana,,species of plant
12488097-n,plant of western North America to Mexico; poisonous especially to grazing animals,i102487,grassy death camas|Zigadenus venenosus|Zigadenus venenosus gramineus,Q3849177|Q15547277,Q15547277,2,Zigadenus venenosus,Zigadenus,species of plant
11953396-n,North American perennial with apparently whorled leaves and showy white purple-tinged flowers,i99926,whorled aster|Aster acuminatus,Q15548303|Q38761572,Q15548303,2,Oclemena acuminata,Oclemena,species of plant
11976001-n,annual of Mediterranean to Portugal having hairy stems and minutely spiny-toothed leaves and large heads of yellow flowers,i100058,blessed thistle|sweet sultan|Cnicus benedictus,Q792835|Q15548577,Q15548577,2,Cnicus benedictus,Cnicus,species of plant
12557758-n,hairy trailing or prostrate western Australian vine with bright scarlet-pink flowers,i102801,scarlet runner|running postman|Kennedia prostrata,Q15553798|Q3195154,Q15553798,2,Caulinia prostrata,Caulinia,species of plant
11955656-n,perennial of southeastern United States having usually blue flowers,i99939,Short's aster|Aster shortii,Q15555506|Q38783181,Q15555506,2,Symphyotrichum shortii,Symphyotrichum,Species of flowering plant in family Asteraceae
12034554-n,low much-branched perennial of western United States having silvery leaves; an important browse and shelter plant,i100342,silver sage|silver sagebrush|grey sage|gray sage|Seriphidium canum|Artemisia cana,Q1431474|Q583160|Q15562485,Q15562485,3,Seriphidium canum,Seriphidium,species of plant
12038322-n,western American goldenrod with long narrow clusters of small yellow flowers,i100361,narrow goldenrod|Solidago spathulata,Q67197476|Q15567522,Q15567522,2,Solidago spathulata,Solidago,species of plant
11955496-n,tufted rigid North American perennial with loose clusters of white flowers,i99938,upland white aster|Aster ptarmicoides,Q15567718|Q38780016,Q15567718,2,Solidago ptarmicoides,Solidago,species of plant
11826838-n,deep-rooted perennial of southeastern United States,i99335,pine-barren sandwort|longroot|Arenaria caroliniana,Q15571189|Q38617331,Q15571189,2,Minuartia caroliniana,Minuartia,species of plant
11981569-n,of China,i100085,florist's chrysanthemum|florists' chrysanthemum|mum|Dendranthema grandifloruom|Chrysanthemum morifolium,Q15571979|Q15530181,Q15571979,2,Dendranthema morifolium,Dendranthema,species of plant
12002811-n,European hawkweed introduced into northeastern United States; locally troublesome weeds,i100190,king devil|yellow hawkweed|Hieracium praealtum,Q25362844|Q15575765|Q8051739,Q15575765,3,Hieracium praealtum,Hieracium,species of plant
12009862-n,alpine perennial plant native to Europe having leaves covered with whitish down and small flower heads held in stars of glistening whitish bracts,i100226,edelweiss|Leontopodium alpinum,Q22111554|Q15584175,Q15584175,2,Leontopodium alpinum,Leontopodium,species of plant
12032089-n,stiff much-branched perennial of the Mediterranean region having very white woolly stems and leaves,i100330,dusty miller|Senecio cineraria|Cineraria maritima,Q20061216|Q15591639,Q15591639,2,Senecio cineraria,Senecio,species of plant
11823269-n,wild ginger having persistent heart-shaped pungent leaves; West Virginia to Alabama,i99321,heartleaf|heart-leaf|Asarum shuttleworthii,Q15295890|Q15593271,Q15593271,2,Asarum shuttleworthii,Asarum,species of plant
12058677-n,bellflower common in marshes of eastern North America having lanceolate linear leaves and small whitish flowers,i100457,marsh bellflower|Campanula aparinoides,Q110059553|Q15596433,Q15596433,2,Campanula aparinoides,,species of plant
12032580-n,American ragwort with yellow flowers,i100332,butterweed|ragwort|Senecio glabellus,Q7122962|Q15598537,Q15598537,2,Senecio glabellus,Senecio,species of plant
11996783-n,annual of southern United States and Mexico having bristly leaves and pale yellow flowers,i100161,camphor daisy|Haplopappus phyllocephalus,Q15601199|Q38774941,Q15601199,2,Rayjacksonia phyllocephala,Rayjacksonia,species of plant
12741114-n,a climber having flowers that are the color of canaries,i103694,canarybird flower|canarybird vine|canary creeper|Tropaeolum peregrinum,Q15603773|Q5477895,Q15603773,2,Trophaeum peregrinum,Trophaeum,species of plant
12821832-n,small plant with leaves in a basal cluster and tiny greenish flowers in slender racemes; northwestern North America to California and Colorado,i104083,five-point bishop's cap|Mitella pentandra,Q15606119|Q12901065,Q15606119,2,Pectiantia pentandra,Pectiantia,species of plant
12973477-n,large fern of New Zealand having kidney-shaped fronds,i104825,kidney fern|Trichomanes reniforme,Q15606693|Q27837164,Q15606693,2,Cardiomanes reniforme,Cardiomanes,species of plant
13230358-n,lip fern of Texas to Oklahoma and Colorado and Arizona and Mexico having tall erect tufted fronds,i106062,southwestern lip fern|Cheilanthes eatonii,Q89139268|Q15610746,Q15610746,2,Cheilanthes eatonii,Cheilanthes,species of plant
13230027-n,small tufted fern of northwestern America,i106060,lace fern|Cheilanthes gracillima,Q15610965|Q5089650,Q15610965,2,Allosorus gracillimus,Allosorus,species of plant
12663495-n,dwarf ornamental shrub of western United States having large black to red and yellow sweet edible fruit,i103315,Western sand cherry|Rocky Mountains cherry|Prunus besseyi,Q3408648|Q15624054,Q15624054,2,Prunus besseyi,Prunus,species of plant
11971346-n,shrubby annual of the Mediterranean region with yellowish-white flowers,i100033,crown daisy|Chrysanthemum coronarium,Q6585129|Q15627835,Q15627835,2,Chrysanthemum coronarium,Chrysanthemum,species of plant
11971155-n,European herb with bright yellow flowers; a common weed in grain fields,i100032,corn marigold|field marigold|Chrysanthemum segetum,Q28242|Q15627858,Q15627858,2,Chrysanthemum segetum,Chrysanthemum,species of plant
12173550-n,widely distributed North American sedge having rigid olive green stems,i101014,hardstem bulrush|hardstemmed bulrush|Scirpus acutus,Q15628951|Q38663645,Q15628951,2,Schoenoplectus acutus,Schoenoplectus,species of plant
11954708-n,early-flowering perennial of southern and southeastern Europe with flower heads resembling those of goldenrod,i99934,goldilocks|goldilocks aster|Aster linosyris|Linosyris vulgaris,Q80691167|Q15630423,Q15630423,2,Aster linosyris,Aster,species of plant
11907006-n,erect European annual often grown as a salad crop to be harvested when young and tender,i99717,rocket|roquette|garden rocket|rocket salad|arugula|Eruca sativa|Eruca vesicaria sativa,Q156884|Q25694275,Q156884,2,Eruca vesicaria subsp. sativa,Eruca vesicaria,edible annual plant Eruca vesicaria subsp. sativa
11955276-n,North American perennial herb having small autumn-blooming purple or pink or white flowers; widely naturalized in Europe,i99937,Michaelmas daisy|New York aster|Aster novi-belgii,Q1537333|Q15708990,Q15708990,2,Aster novi-belgii,Aster,species of plant
11746738-n,Eurasian herb with solitary nodding fragrant white flowers,i98957,snowdrop anemone|snowdrop windflower|Anemone sylvestris,Q93124828|Q157358,Q157358,2,Anemonoides sylvestris,Anemonoides,species of plant
12064142-n,Eurasian orchid with showy pink or purple flowers in a loose spike,i100469,male orchis|early purple orchid|Orchis mascula,Q92740849|Q157435,Q157435,2,Orchis mascula,Orchis,species of plant
12084890-n,European orchid having dense spikes of fragrant pink or lilac or red flowers with conspicuous spurs,i100566,fragrant orchid|Gymnadenia conopsea,Q93377046|Q157442,Q157442,2,Gymnadenia conopsea,Gymnadenia,species of plant
12667711-n,frequently cultivated Eurasian evergreen shrub or small tree having showy clusters of white flowers and glossy foliage and yielding oil similar to bitter almond oil,i103336,cherry laurel|laurel cherry|Prunus laurocerasus,Q15534675|Q157508,Q157508,2,Prunus laurocerasus,Prunus,species of plant
11741112-n,perennial European buttercup with yellow spring flowers widely naturalized especially in eastern North America,i98927,meadow buttercup|tall buttercup|tall crowfoot|tall field buttercup|Ranunculus acris,Q42711363|Q157563,Q157563,2,Ranunculus acris,Ranunculus,species of plant
12114402-n,a small fleshy herb common along North American seashores and in brackish marshes having pink or white flowers,i100709,sea milkwort|sea trifoly|black saltwort|Glaux maritima,Q2720092|Q157851,Q157851,2,Glaux maritima,Glaux,species of plant
11826990-n,perennial succulent herb with small solitary axillary or terminal flowers,i99336,seabeach sandwort|Arenaria peploides,Q157949|Q21870734,Q157949,2,Honckenya peploides,Honckenya,species of plant
12569309-n,European medic naturalized in North America having yellow flowers and sickle-shaped pods,i102854,sickle alfalfa|sickle lucerne|sickle medick|Medicago falcata,Q158531|Q21976301,Q158531,2,Medicago sativa subsp. falcata,Medicago sativa,subspecies of alfalfa plant
12539594-n,European herb resembling vetch; naturalized in the eastern United States; having umbels of pink-and-white flowers and sharp-angled pods,i102716,axseed|crown vetch|Coronilla varia,Q158908|Q15248508,Q158908,2,Securigera varia,Securigera,species of plant
11893127-n,or genus Arabis: erect cress widely distributed throughout Europe,i99648,tower mustard|tower cress|Turritis glabra|Arabis glabra,Q158993|Q18182668,Q158993,2,Arabis glabra,Arabis,species of plant
01597609-n,North American swallow that lives in colonies and builds bottle-shaped mud nests on cliffs and walls,i43680,cliff swallow|Hirundo pyrrhonota,Q1591775|Q14624738,Q1591775,2,American Cliff Swallow,Petrochelidon,species of bird
11844225-n,tall showy tropical American annual having hairy stems and long spikes of usually red flowers above leaves deeply flushed with purple; seeds often used as cereal,i99422,prince's-feather|gentleman's-cane|prince's-plume|red amaranth|purple amaranth|Amaranthus cruentus|Amaranthus hybridus hypochondriacus|Amaranthus hybridus erythrostachys,Q50914214|Q159191,Q159191,2,Amaranthus cruentus,Amaranthus,species of plant
01644380-n,similar to bullfrog; found in or near marshes and ponds; of United States and Canada,i43940,green frog|spring frog|Rana clamitans|Lithobates clamitans,Q4667968|Q159363,Q159363,2,Rana clamitans,Rana,species of amphibian
12561471-n,scrambling perennial of damp or marshy areas of Eurasia and North America with purplish flowers,i102817,marsh pea|Lathyrus palustris,Q15539021|Q159365,Q159365,2,Lathyrus palustris,Lathyrus,species of plant
12704332-n,Old World annual having fragrant purple to deep crimson flower heads; naturalized in United States,i103516,sweet scabious|pincushion flower|mournful widow|Scabiosa atropurpurea,Q17436334|Q159446,Q159446,2,Scabiosa atropurpurea,Scabiosa,species of plant
12679607-n,medium-sized European tree resembling the rowan but bearing edible fruit,i103396,service tree|sorb apple|sorb apple tree|Sorbus domestica,Q18593737|Q159558,Q159558,2,Sorbus domestica,Sorbus,species of plant
12646584-n,deciduous flat-growing shrub with a fanned herringbone pattern and having reddish flowers and orange-red berries; used as a ground cover,i103234,Cotoneaster horizontalis,Q65946893|Q159650,Q159650,2,Cotoneaster horizontalis,Cotoneaster,species of plant
12646431-n,climbing evergreen shrub with white flowers and red berries; often used as ground cover,i103233,Cotoneaster dammeri,Q65946889|Q159655,Q159655,2,Cotoneaster dammeri,Cotoneaster,species of plant
12560069-n,a weak-stemmed winter annual native to Mediterranean region for long established in southern United States; cultivated as a cover and pasture crop,i102810,singletary pea|Caley pea|rough pea|wild winterpea|Lathyrus hirsutus,Q15540205|Q159773,Q159773,2,Lathyrus hirsutus,Lathyrus,species of plant
12363015-n,tall North American perennial with creeping rootstocks and narrow leaves and spikes of pinkish-purple flowers occurring in great abundance in burned-over areas or recent clearings; an important honey plant,i101896,fireweed|giant willowherb|rosebay willowherb|wickup|Epilobium angustifolium,Q160104|Q12217056,Q160104,2,Chamaenerion angustifolium,Chamaenerion,species of plant
12112934-n,herb with scarlet or white or purple blossoms that close at approach of rainy weather,i100701,scarlet pimpernel|red pimpernel|poor man's weatherglass|Anagallis arvensis,Q21327968|Q160573,Q160573,2,Anagallis arvensis,Anagallis,species of plant
12433924-n,German iris having large white flowers with lavender-tinged falls and a fragrant rhizome,i102232,Florentine iris|orris|Iris germanica florentina|Iris florentina,Q16120935|Q104250895,Q16120935,2,Iris germanica var. florentina,Iris x germanica,variety of plant
12434834-n,European iris having soft lilac-blue flowers,i102237,Dalmatian iris|Iris pallida,Q93431036|Q161347,Q161347,2,Iris pallida,Iris,species of plant
12110363-n,common European twining vine with tuberous roots and cordate leaves and red berries,i100688,black bryony|black bindweed|Tamus communis,Q161378|Q21877561,Q161378,2,Dioscorea communis,Dioscorea,species of plant
12561662-n,scrambling perennial Eurasian wild pea having yellowish flowers and compressed seed pods; cultivated for forage,i102818,common vetchling|meadow pea|yellow vetchling|Lathyrus pratensis,Q158592|Q161639,Q161639,2,Meadow vetchling,Lathyrus,species of plant
12145700-n,weedy annual grass often occurs in grainfields and other cultivated land; seeds sometimes considered poisonous,i100871,darnel|tare|bearded darnel|cheat|Lolium temulentum,Q32856034|Q162088,Q162088,2,Lolium temulentum,Lolium,species of plant
12532600-n,large spiny shrub of eastern Asia having clusters of yellow flowers; often cultivated in shelterbelts and hedges,i102682,Siberian pea tree|Caragana arborescens,Q15502974|Q162124,Q162124,2,Caragana arborescens,Caragana,species of plant
12115929-n,trailing European evergreen with yellow flowers,i100717,yellow pimpernel|Lysimachia nemorum,Q92620183|Q162496,Q162496,2,Lysimachia nemorum,Lysimachia,species of plant
11844041-n,young leaves widely used as leaf vegetables; seeds used as cereal,i99421,love-lies-bleeding|velvet flower|tassel flower|Amaranthus caudatus,Q90405797|Q162791,Q162791,2,Amaranthus caudatus,Amaranthus,species of plant
11892942-n,European cress having stiff erect stems; sometimes placed in genus Turritis,i99647,tower cress|tower mustard|Arabis turrita,Q17235405|Q163451,Q163451,2,Arabis turrita,Arabis,species of plant
11849442-n,European plant naturalized in North America; often collected from the wild as a potherb,i99446,good-king-henry|allgood|fat hen|wild spinach|Chenopodium bonus-henricus,Q163805|Q19849736,Q163805,2,Blitum bonus-henricus,Blitum sect. Blitum,species of plant
12183973-n,"bryony having fleshy roots pale green flowers and very small red berries; found in Europe, North Africa, western Asia",i101065,red bryony|wild hop|Bryonia dioica,Q58611551|Q163815,Q163815,2,Bryonia dioica,Bryonia,species of plant
12699309-n,common elder of central and eastern North America bearing purple-black berries; fruit used in wines and jellies,i103491,American elder|black elderberry|sweet elder|Sambucus canadensis,Q1640817|Q21877280,Q1640817,2,Sambucus nigra subsp. canadensis,Sambucus nigra,subspecies of plant
12622566-n,annual with broadly ovate leaves and slender drooping spikes of crimson flowers; southeastern Asia and Australia; naturalized in North America,i103112,prince's-feather|princess feather|kiss-me-over-the-garden-gate|prince's-plume|Polygonum orientale,Q164344|Q80352483,Q164344,2,Persicaria orientalis,Persicaria,species of plant
12435594-n,a common iris of the eastern United States having blue or blue-violet flowers; root formerly used medicinally,i102242,blue flag|Iris versicolor,Q92937504|Q164844,Q164844,2,Iris versicolor,Iris,species of plant
12661941-n,small hybrid apricot of Asia and Asia Minor having purplish twigs and white flowers following by inferior purple fruit,i103307,purple apricot|black apricot|Prunus dasycarpa,Q15533117|Q16988612,Q16988612,2,Prunus × dasycarpa,Prunus,species of plant
13246515-n,occurs widely in Florida,i106146,florida selaginella|Selaginella eatonii,Q17263537|Q17024548,Q17024548,2,Selaginella eatonii,Selaginella,species of plant
12973229-n,a variety of bristle fern,i104823,hare's-foot bristle fern|Trichomanes boschianum,Q17042905|Q17262693,Q17042905,2,Vandenboschia boschiana,Vandenboschia,species of plant
12955239-n,a Eurasian plant with small white flowers yielding caraway seed,i104729,caraway|Carum carvi,Q17134090|Q26811,Q17134090,2,Apium carvi,Apium,species of plant
13209517-n,a hare's-foot fern of the genus Davallia,i105960,Australian hare's foot|Davallia pyxidata,Q17167445|Q38230025,Q17167445,2,Humata pyxidata,Humata,species of plant
13202709-n,ferns having lanceolate fronds that root at the tip,i105924,walking fern|walking leaf|Asplenium rhizophyllum|Camptosorus rhizophyllus,Q17172165|Q4808143,Q17172165,2,Camptosorus rhizophyllus,Camptosorus,species of plant
13203697-n,a spleenwort of eastern and southern United States,i105930,lobed spleenwort|Asplenium pinnatifidum,Q17181419|Q4808138,Q17181419,2,Chamaefilix pinnatifida,Chamaefilix,species of plant
13211645-n,of Australia and Tasmania; often cultivated; hardy in cool climates,i105970,soft tree fern|Dicksonia antarctica,Q17188267|Q630002,Q17188267,2,Balantium antarcticum,Balantium,species of plant
11892942-n,European cress having stiff erect stems; sometimes placed in genus Turritis,i99647,tower cress|tower mustard|Arabis turrita,Q17235405|Q163451,Q17235405,2,Pseudoturritis turrita,Pseudoturritis,species of plant
12669185-n,small straggling American cherry growing on sandy soil and having minute scarcely edible purplish-black fruit,i103344,sand cherry|Prunus pumila|Prunus pumilla susquehanae|Prunus susquehanae|Prunus cuneata,Q24694478|Q17235424,Q17235424,2,Prunus susquehanae,Prunus,species of plant
11856796-n,viscid branched perennial of the southwestern United States and northern Mexico having tuberous roots and deep red flowers,i99484,scarlet musk flower|Nyctaginia capitata,Q17239383|Q18228263,Q17239383,2,Boerhavia capitata,Boerhavia,species of plant
11883304-n,plant with fleshy roots and erect stems with narrow succulent leaves and one reddish-orange flower in each upper leaf axil; southwestern United States; Indians once cooked the fleshy roots,i99607,flame flower|flame-flower|flameflower|Talinum aurantiacum,Q17244256|Q41778381,Q17244256,2,Phemeranthus aurantiacus,Phemeranthus,species of plant
12968516-n,shrub of eastern North America closely resembling silky cornel,i104797,silky dogwood|Cornus obliqua,Q28808166|Q17244868,Q17244868,2,Cornus obliqua,Cornus,species of plant
13240731-n,of Eurasia and Greenland and North America,i106115,common horsetail|field horsetail|Equisetum arvense,Q17257054|Q107592,Q17257054,2,Allostelites arvensis,Allostelites,species of plant
12973229-n,a variety of bristle fern,i104823,hare's-foot bristle fern|Trichomanes boschianum,Q17042905|Q17262693,Q17262693,2,Trichomanes boschianum,Trichomanes,species of plant
13246515-n,occurs widely in Florida,i106146,florida selaginella|Selaginella eatonii,Q17263537|Q17024548,Q17263537,2,Diplostachyum eatonii,Diplostachyum,species of plant
12500961-n,a tuberous Mexican herb having grasslike leaves and cultivated for its spikes of highly fragrant lily-like waxy white flowers,i102545,tuberose|Polianthes tuberosa,Q64402156|Q17270998,Q17270998,2,Polianthes tuberosa,Polianthes,species of plant
11850141-n,annual European plant with spikes of greenish flowers and leaves that are white and hairy on the underside; common as a weed in North America,i99449,oak-leaved goosefoot|oakleaf goosefoot|Chenopodium glaucum,Q17271799|Q1543836,Q17271799,2,Oxybasis glauca,Oxybasis sect. Glaucae,species of plant
11850721-n,common Eurasian weed; naturalized in United States,i99452,red goosefoot|French spinach|Chenopodium rubrum,Q17271894|Q1477103,Q17271894,2,Oxybasis rubra,Oxybasis sect. Pseudoblitum,species of plant
11850514-n,European annual with coarsely dentate leaves; widespread in United States and southern Canada,i99451,nettle-leaved goosefoot|nettleleaf goosefoot|Chenopodium murale,Q17271937|Q1911022,Q17271937,2,Chenopodiastrum murale,Chenopodiastrum sect. Chenopodiastrum,species of plant
11676574-n,Tasmanian timber tree with yellow aromatic wavy-grained wood used for carving and ship building; sometimes placed in genus Dacrydium,i98620,huon pine|Lagarostrobus franklinii|Dacrydium franklinii,Q137400|Q17363776,Q17363776,2,Dacrydium franklinii,Dacrydium,species of plant
11674889-n,New Zealand silver pine of conical habit with long slender flexuous branches; adapted to cold wet summers and high altitudes,i98612,tarwood|tar-wood|Dacrydium colensoi,Q138261|Q17363786,Q17363786,2,Dacrydium colensoi,Dacrydium,species of plant
11850391-n,herb considered fatal to swine,i99450,sowbane|red goosefoot|Chenopodium hybridum,Q17398481|Q810563,Q17398481,2,Chenopodiastrum hybridum,Chenopodiastrum sect. Grossefoveata,species of plant
12704332-n,Old World annual having fragrant purple to deep crimson flower heads; naturalized in United States,i103516,sweet scabious|pincushion flower|mournful widow|Scabiosa atropurpurea,Q17436334|Q159446,Q17436334,2,Sixalix atropurpurea,Sixalix,species of plant
12693392-n,Chinese deciduous shrub with yellow-throated pinkish flowers and bristly fruit; often cultivated as an ornamental,i103463,beauty bush|Kolkwitzia amabilis,Q17437033|Q1779255,Q17437033,2,Linnaea amabilis,Linnaea,species of plant
11954932-n,tufted perennial wood aster of North America; naturalized in Europe,i99935,large-leaved aster|Aster macrophyllus,Q19848825|Q174445,Q174445,2,Aster macrophyllus,Aster,species of plant
11849674-n,Eurasian aromatic oak-leaved goosefoot with many yellow-green flowers; naturalized North America,i99447,Jerusalem oak|feather geranium|Mexican tea|Chenopodium botrys|Atriplex mexicana,Q1746114|Q21872302,Q1746114,2,Dysphania botrys,Dysphania subsect. Botrys,flowering plant from Mediterranean region
11886938-n,native to South America but naturalized in warm parts of United States; grown for its long-lasting spider-shaped white to pink-purple flowers,i99624,spider flower|spider plant|Cleome hassleriana,Q17467629|Q5131678,Q17467629,2,Tarenaya hassleriana,Tarenaya,species of plant
12726458-n,common trailing perennial milkwort of eastern North America having leaves like wintergreen and usually rosy-purple flowers with winged sepals,i103627,flowering wintergreen|gaywings|bird-on-the-wing|fringed polygala|Polygala paucifolia,Q17468666|Q4296863,Q17468666,2,Polygaloides paucifolia,Polygaloides,species of plant
04395830-n,a large (usually metallic) vessel for holding gases or liquids,i59983,tank|storage tank,Q1756525|Q1047832,Q1756525,2,,,
12396757-n,woody yellow-flowered perennial of southeastern United States,i102056,rush rose|Helianthemum scoparium,Q17570180|Q5704829,Q17570180,2,Crocanthemum scoparium,Crocanthemum,species of plant
12023636-n,widespread European weed with spiny tongue-shaped leaves and yellow flowers; naturalized in United States,i100291,oxtongue|bristly oxtongue|bitterweed|bugloss|Picris echioides,Q1764432|Q21876251,Q1764432,2,Helminthotheca echioides,Helminthotheca,species of plant
12389993-n,stiff shrub having oblong entire leaves and dense cymes of yellow flowers,i102024,shrubby St John's wort|Hypericum prolificum|Hypericum spathulatum,Q15367030|Q17812747,Q17812747,2,Hypericum prolificum,Hypericum,species of plant
02420309-n,wild goat of Iran and adjacent regions,i48333,bezoar goat|pasang|Capra aegagrus,Q20908547|Q178228,Q178228,2,Wild Goat,Capra,species of mammal
13260075-n,twining woody vine of Madagascar having thick dark waxy evergreen leaves and clusters of large fragrant waxy white flowers along the stems; widely cultivated in warm regions,i106214,Madagascar jasmine|waxflower|Stephanotis floribunda,Q10475339|Q1786657,Q1786657,2,Stephanotis floribunda,Stephanotis,species of plant
11682360-n,predominant yew in Europe; extraordinarily long-lived and slow growing; one of the oldest species in the world,i98648,Old World yew|English yew|Taxus baccata,Q92968108|Q179729,Q179729,2,Taxus baccata,Taxus,species of plant
12239806-n,shrub with pungent rigid needle-shaped leaves and white flowers; eastern Australia,i101296,needlebush|needle-bush|needle bush|Hakea lissosperma,Q66116230|Q18079936,Q18079936,2,Hakea lissosperma,Hakea,species of plant
12815127-n,small often mat-forming alpine plant having small starlike white flowers; Europe,i104052,star saxifrage|starry saxifrage|Saxifraga stellaris,Q18121653|Q162521,Q18121653,2,Micranthes stellaris,Micranthes,species of plant
11893127-n,or genus Arabis: erect cress widely distributed throughout Europe,i99648,tower mustard|tower cress|Turritis glabra|Arabis glabra,Q158993|Q18182668,Q18182668,2,Turritis glabra,Turritis,species of plant
12387387-n,low spreading tree of Indonesia yielding an orange to brown gum resin (gamboge) used as a pigment when powdered,i102013,gamboge tree|Garcinia hanburyi|Garcinia cambogia|Garcinia gummi-gutta,Q767747|Q2089493|Q18187249,Q18187249,3,Garcinia gummi-gutta,Garcinia,species of plant
01644032-n,common North American green or brownish frog having white-edged dark oval spots,i43938,leopard frog|spring frog|Rana pipiens|Lithobates pipiens,Q1819586|Q26830590,Q1819586,2,Lithobates pipiens,Lithobates,species of amphibian
11856796-n,viscid branched perennial of the southwestern United States and northern Mexico having tuberous roots and deep red flowers,i99484,scarlet musk flower|Nyctaginia capitata,Q17239383|Q18228263,Q18228263,2,Nyctaginia capitata,Nyctaginia,species of plant
12679607-n,medium-sized European tree resembling the rowan but bearing edible fruit,i103396,service tree|sorb apple|sorb apple tree|Sorbus domestica,Q18593737|Q159558,Q18593737,2,Cormus domestica,Cormus,species of plant
83443092-n,a jackal native to Africa with a black back,,jackal|Canis mesomelas|black-backed jackal,Q125814326|Q188944,Q188944,2,Canis mesomelas,Canis,species of mammal
11955085-n,common perennial of eastern North America having showy purplish flowers; a parent of the Michaelmas daisy,i99936,New England aster|Aster novae-angliae,Q1894641|Q21871639,Q1894641,2,New England aster,Symphyotrichum,Species of plant in the aster family
02434622-n,small deer of Japan with slightly forked antlers,i48418,Japanese deer|sika|Cervus nippon|Cervus sika,Q122701031|Q190516,Q190516,2,sika deer,Cervus,species of deer native to much of East Asia
13035341-n,an agaric with a relatively small pink to red cap and white gills and stalk,i105133,Lepiota rubrotincta,Q19059353|Q59537348,Q19059353,2,Leucoagaricus rubrotinctus,Leucoagaricus,species of fungus
13076552-n,a fungus with a red cap and a red coarsely reticulate stalk,i105329,Frost's bolete|Boletus frostii,Q41712963|Q1933457,Q1933457,2,Boletus frostii,Boletus,species of fungus
01980928-n,small edible crab of Pacific coast of North America,i45744,Dungeness crab|Cancer magister,Q1936093|Q22112422,Q1936093,2,Dungeness crab,Metacarcinus,species of crustacean
11989173-n,North American herb having whorled leaves and terminal clusters of small pinkish or purple flower heads,i100123,Joe-Pye weed|spotted Joe-Pye weed|Eupatorium maculatum,Q1951405|Q38732209,Q1951405,2,Eutrochium maculatum,Eutrochium,species of plant
11955799-n,a common European aster that grows in salt marshes,i99940,sea aster|sea starwort|Aster tripolium,Q26808337|Q19796604,Q19796604,2,Aster tripolium,Aster,species of plant
11820489-n,North American woodland herb similar to and used as substitute for the Chinese ginseng,i99307,American ginseng|sang|Panax quinquefolius,Q19833747|Q2737217,Q19833747,2,Aralia quinquefolia,Aralia,species of plant
12504749-n,yucca of southwestern United States and Mexico with a tall spike of creamy white flowers,i102563,Our Lord's candle|Yucca whipplei,Q19848612|Q290767,Q19848612,2,Hesperoyucca whipplei,Hesperoyucca,species of plant in the family Asparagaceae
11953856-n,rhizomatous perennial wood aster of eastern North America with white flowers,i99929,white wood aster|Aster divaricatus,Q19848818|Q13911606,Q19848818,2,Eurybia divaricata,Eurybia,species of plant
11954932-n,tufted perennial wood aster of North America; naturalized in Europe,i99935,large-leaved aster|Aster macrophyllus,Q19848825|Q174445,Q19848825,2,Eurybia macrophylla,Eurybia,species of flowering plant
11989635-n,North American herb having whorled leaves and terminal clusters of flowers spotted with purple,i100125,Joe-Pye weed|purple boneset|trumpet weed|marsh milkweed|Eupatorium purpureum,Q19848832|Q2716731,Q19848832,2,Eutrochium purpureum,Eutrochium,species of plants
11832175-n,common perennial native to Europe and western Asia having usually pink flowers with ragged petals,i99365,ragged robin|cuckoo flower|Lychnis flos-cuculi|Lychnis floscuculi,Q19849678|Q21038,Q19849678,2,Silene flos-cuculi,Silene,species of plant
11849442-n,European plant naturalized in North America; often collected from the wild as a potherb,i99446,good-king-henry|allgood|fat hen|wild spinach|Chenopodium bonus-henricus,Q163805|Q19849736,Q19849736,2,Chenopodium bonus-henricus,Chenopodium,species of plant
11887175-n,plant of western North America having trifoliate leaves and white or pink spider-shaped flowers; sometimes used as an ornamental,i99625,Rocky Mountain bee plant|stinking clover|Cleome serrulata,Q19849781|Q5131677,Q19849781,2,Peritoma serrulata,Peritoma,species of plant
12238791-n,medium to tall fast-growing tree with orange flowers and feathery bipinnate leaves silky-hairy beneath; eastern Australia,i101291,silky oak|Grevillea robusta,Q65940436|Q1989614,Q1989614,2,Grevillea robusta,Grevillea,species of plant
02579672-n,"fish of western Atlantic and Gulf of Mexico, also known as the coolihoo (Caranx bartholomaei)",i49233,yellow jack|Caranx bartholomaei,Q1995094|Q60594032,Q1995094,2,Yellow jack,Carangoides,species of fish
12746919-n,European willow having greyish leaves and yellow-orange twigs used in basketry,i103718,golden willow|Salix alba vitellina|Salix vitellina,Q20061120|Q21877272|Q5649436,Q20061120,3,Salix alba var. vitellina,Salix alba,variety of plant
12032089-n,stiff much-branched perennial of the Mediterranean region having very white woolly stems and leaves,i100330,dusty miller|Senecio cineraria|Cineraria maritima,Q20061216|Q15591639,Q20061216,2,Senecio bicolor subsp. cineraria,Senecio bicolor,subspecies of plant
13025400-n,a mildly poisonous fungus with a fruiting body shaped like a hollow trumpet,i105082,floccose chanterelle|Cantharellus floccosus,Q2031545|Q59511989,Q2031545,2,Gomphus floccosus,Gomphus,species of fungus
02129117-n,medium-sized wildcat of Central America and South America having a dark-striped coat,i46625,tiger cat|Felis tigrina,Q205948|Q122653137,Q205948,2,oncilla,Leopardus,species of mammal
02086723-n,a member of the genus Canis (probably descended from the common wolf) that has been domesticated by man since prehistoric times; occurs in many breeds,i46360,dog|domestic dog|Canis familiaris,Q26972265|Q20717272|Q144,Q20717272,3,Canis familiaris,Canis,species of mammal
12024283-n,European hawkweed having flower heads with bright orange-red rays; a troublesome weed especially as naturalized in northeastern North America; sometimes placed in genus Hieracium,i100294,orange hawkweed|Pilosella aurantiaca|Hieracium aurantiacum,Q159107|Q20757547,Q20757547,2,Pilosella aurantiaca,Pilosella,species of plant
85147429-n,a jackal native to Southern Africa with a stripe down its side,,jackal|Canis adustus|side-striped jackal,Q125815593|Q208079,Q208079,2,Canis adustus,Canis,species of mammal
02420309-n,wild goat of Iran and adjacent regions,i48333,bezoar goat|pasang|Capra aegagrus,Q20908547|Q178228,Q20908547,2,Capra hircus aegagrus,Capra hircus,name that may not be used
02124460-n,any domesticated member of the genus Felis,i46594,domestic cat|house cat|Felis domesticus|Felis catus,Q57818409|Q20980826,Q20980826,2,Felis catus,cats,species of mammal
11832175-n,common perennial native to Europe and western Asia having usually pink flowers with ragged petals,i99365,ragged robin|cuckoo flower|Lychnis flos-cuculi|Lychnis floscuculi,Q19849678|Q21038,Q21038,2,Lychnis flos-cuculi,Lychnis,species of herbaceous perennial plant
13092131-n,a fungus with a white convex cap and arcuate white gills and a stalk that tapers toward the base,i105407,Hygrophorus borealis,Q21159506|Q59489281,Q21159506,2,Cuphophyllus borealis,Cuphophyllus,species of Agaricomycetes
12356741-n,very large red gum tree,i101861,red gum|marri|Eucalyptus calophylla,Q2998198|Q21266867,Q21266867,2,Eucalyptus calophylla,Eucalyptus,species of plant
12410831-n,common European violet that grows in woods and hedgerows,i102127,hedge violet|wood violet|Viola sylvatica|Viola reichenbachiana,Q594058|Q21301601,Q21301601,2,Viola sylvatica,Viola,species of plant
12585118-n,densely hairy perennial of central North America having edible tuberous roots,i102929,breadroot|Indian breadroot|pomme blanche|pomme de prairie|Psoralea esculenta,Q21314347|Q1283624,Q21314347,2,Pediomelum esculentum,Pediomelum,species of plant
12112934-n,herb with scarlet or white or purple blossoms that close at approach of rainy weather,i100701,scarlet pimpernel|red pimpernel|poor man's weatherglass|Anagallis arvensis,Q21327968|Q160573,Q21327968,2,Lysimachia arvensis,Lysimachia,species of plant
11773824-n,erect to decumbent short-lived perennial having red-purple to pink flowers; the most commonly grown forage clover,i99089,red clover|purple clover|Trifolium pratense,Q21381394|Q156635,Q21381394,2,Trifolium pratense var. sativum,Trifolium pratense,variety of plant
11631053-n,very small tree similar to Rocky mountain pinon but having a single needle per fascicle; similar to Parry's pinyon in range,i98395,California single-leaf pinyon|Pinus californiarum,Q21384176|Q106918872,Q21384176,2,Pinus monophylla californiarum,Pinus monophylla,subspecies of plant
12454744-n,plant having a large slender white bulb and flat overlapping dark green leaves; used in cooking; believed derived from the wild Allium ampeloprasum,i102328,leek|scallion|Allium porrum,Q33681353|Q21870138,Q21870138,2,Allium porrum,Allium,species of plant
11826990-n,perennial succulent herb with small solitary axillary or terminal flowers,i99336,seabeach sandwort|Arenaria peploides,Q157949|Q21870734,Q21870734,2,Arenaria peploides,Arenaria,species of plant
11953726-n,perennial wood aster of eastern North America,i99928,heart-leaved aster|Aster cordifolius,Q4050493|Q21871600,Q21871600,2,Aster cordifolius,Aster,species of plant
11954197-n,common much-branched North American perennial with heathlike foliage and small starry white flowers,i99931,heath aster|Aster ericoides,Q7160573|Q21871614,Q21871614,2,Aster ericoides,Aster,species of plant
11955085-n,common perennial of eastern North America having showy purplish flowers; a parent of the Michaelmas daisy,i99936,New England aster|Aster novae-angliae,Q1894641|Q21871639,Q21871639,2,Aster novae-angliae,Aster,species of plant
11849674-n,Eurasian aromatic oak-leaved goosefoot with many yellow-green flowers; naturalized North America,i99447,Jerusalem oak|feather geranium|Mexican tea|Chenopodium botrys|Atriplex mexicana,Q1746114|Q21872302,Q21872302,2,Chenopodium botrys,Chenopodium,species of plant
12140056-n,a dune grass of the Pacific seacoast used as a sand binder,i100839,sea lyme grass|European dune grass|Elymus arenarius|Leymus arenaria,Q1426766|Q21874166,Q21874166,2,Elymus arenarius,Elymus,species of plant
12140339-n,weedy rye grass having long bristling awns,i100841,medusa's head|Elymus caput-medusae,Q3837887|Q21874168,Q21874168,2,Elymus caput-medusae,Elymus,species of plant
12352735-n,tropical tree of the East Indies cultivated for its edible fruit,i101840,rose apple|rose-apple tree|jambosa|Eugenia jambos|Syzygium jambos,Q31931|Q21874222,Q21874222,2,Eugenia jambos,Eugenia,species of plant
11924946-n,glaucous herb of northeastern United States and Canada having loose racemes of yellow-tipped pink flowers; sometimes placed in genus Fumaria,i99806,Roman wormwood|rock harlequin|Corydalis sempervirens|Fumaria sempervirens,Q15324515|Q21874304|Q1478395,Q21874304,3,Fumaria sempervirens,Fumaria,species of plant
12023636-n,widespread European weed with spiny tongue-shaped leaves and yellow flowers; naturalized in United States,i100291,oxtongue|bristly oxtongue|bitterweed|bugloss|Picris echioides,Q1764432|Q21876251,Q21876251,2,Picris echioides,Picris,species of plant
12581814-n,variety of pea plant native to the Mediterranean region and North Africa and widely grown especially for forage,i102913,field pea|field-pea plant|Austrian winter pea|Pisum sativum arvense|Pisum arvense,Q149758|Q21876275,Q21876275,2,Pisum arvense,Pisum,species of plant
12297145-n,medium to large deciduous tree of the eastern United States; its durable wood is used as timber or split and woven into baskets or chair seats,i101570,basket oak|cow oak|Quercus prinus|Quercus montana,Q1735296|Q21877190,Q21877190,2,Quercus prinus,,species of plant
12826775-n,spiny Eurasian shrub having greenish purple-tinged flowers and ovoid yellow-green or red-purple berries,i104105,gooseberry|gooseberry bush|Ribes uva-crispa|Ribes grossularia,Q41503|Q21877236,Q21877236,2,Ribes grossularia,Ribes,species of plant
12746919-n,European willow having greyish leaves and yellow-orange twigs used in basketry,i103718,golden willow|Salix alba vitellina|Salix vitellina,Q20061120|Q21877272|Q5649436,Q21877272,3,Salix vitellina,Salix,species of plant
12699309-n,common elder of central and eastern North America bearing purple-black berries; fruit used in wines and jellies,i103491,American elder|black elderberry|sweet elder|Sambucus canadensis,Q1640817|Q21877280,Q21877280,2,Sambucus canadensis,Sambucus,species of plant
12110363-n,common European twining vine with tuberous roots and cordate leaves and red berries,i100688,black bryony|black bindweed|Tamus communis,Q161378|Q21877561,Q21877561,2,Tamus communis,Tamus,species of plant
01650281-n,of a great variety of habitats from southern Alaska to Baja California west of the Rockies,i43976,western toad|Bufo boreas,Q2191167|Q109525827,Q2191167,2,western toad,Anaxyrus,species of amphibian
13244741-n,ground pine thickly covered with bristly leaves; widely distributed in barren sandy or peaty moist coastal regions of eastern and southeastern United States,i106137,foxtail grass|Lycopodium alopecuroides,Q15321697|Q21976231,Q21976231,2,Lycopodium alopecuroides,Lycopodium,species of plant
13243883-n,a variety of club moss which occurs throughout northern latitudes in the Northern Hemisphere (Lycopodium alpinum),i106131,alpine clubmoss|Lycopodium alpinum,Q2715589|Q21976234,Q21976234,2,Lycopodium alpinum,Lycopodium,species of plant
13244486-n,"a variety of club moss, with the common names Creeping Jenny or Northern Running-pine (Lycopodium complanatum)",i106135,ground cedar|staghorn moss|Lycopodium complanatum,Q787930|Q21976241,Q21976241,2,Lycopodium complanatum,Lycopodium,species of plant
13243988-n,of northern Europe and America; resembling a miniature fir,i106132,fir clubmoss|mountain clubmoss|little clubmoss|Lycopodium selago,Q1142154|Q21976256,Q21976256,2,Lycopodium selago,Lycopodium,species of plant
12569309-n,European medic naturalized in North America having yellow flowers and sickle-shaped pods,i102854,sickle alfalfa|sickle lucerne|sickle medick|Medicago falcata,Q158531|Q21976301,Q21976301,2,Medicago falcata,Medicago,species of plant
12064510-n,North American orchid having a spike of violet-purple flowers mixed with white; sepals and petals form a hood,i100471,showy orchis|purple orchis|purple-hooded orchis|Orchis spectabilis,Q1596744|Q21977702,Q21977702,2,Orchis spectabilis,Orchis,species of plant
11745949-n,common summer-flowering woodland herb of Labrador to Colorado,i98952,Canada anemone|Anemone canadensis,Q91249630|Q2198861,Q2198861,2,Anemone canadensis,Anemone,species of plant
01947784-n,serious garden pest having a brown shell with paler zigzag markings; nearly cosmopolitan in distribution,i45557,brown snail|Helix aspersa|Cornu aspersum,Q22019793|Q927080,Q22019793,2,Cornu aspersum,Cornu,species of mollusc
13202886-n,small rock-inhabiting fern of northern temperate zone and Hawaii with pinnate fronds,i105925,maidenhair spleenwort|Asplenium trichomanes,Q2205624|Q902211,Q2205624,2,Asplenium trichomanes subsp. pachyrachis,Asplenium trichomanes,subspecies of plant
12009862-n,alpine perennial plant native to Europe having leaves covered with whitish down and small flower heads held in stars of glistening whitish bracts,i100226,edelweiss|Leontopodium alpinum,Q22111554|Q15584175,Q22111554,2,Leontopodium nivale subsp. alpinum,edelweiss,subspecies of edelweiss plant
01980928-n,small edible crab of Pacific coast of North America,i45744,Dungeness crab|Cancer magister,Q1936093|Q22112422,Q22112422,2,Cancer magister,Cancer,species of Malacostraca
11885898-n,shrub of southern Florida to West Indies,i99618,caper tree|Jamaica caper tree|Capparis cynophallophora,Q22114345|Q5036115,Q22114345,2,Quadrella cynophallophora,Quadrella,species of plant
12083282-n,orchid growing along streams or ponds of western North America having leafy stems and 1 greenish-brown and pinkish flower in the axil of each upper leaf,i100559,stream orchid|chatterbox|giant helleborine|Epipactis gigantea,Q93296656|Q2221912,Q2221912,2,giant helleborine,Epipactis,species of plant
01594898-n,chickadee having a dark crown,i43663,black-capped chickadee|blackcap|Parus atricapillus|Poecile atricapillus,Q282687|Q22231582,Q22231582,2,Parus atricapillus,Parus,species of bird
01595181-n,southern United States chickadee similar to the blackcap but smaller,i43665,Carolina chickadee|Parus carolinensis|Poecile carolinensis,Q1079441|Q22232931,Q22232931,2,Parus carolinensis,Parus,species of bird
11980101-n,Mediterranean thistlelike plant widely cultivated for its large edible flower head,i100078,artichoke|globe artichoke|artichoke plant|Cynara scolymus,Q23044189|Q134609,Q23044189,2,Cynara cardunculus subsp. scolymus,Cynara cardunculus,subspecies of plant
12985680-n,fungus causing Dutch elm disease,i104893,Dutch elm fungus|Ceratostomella ulmi,Q2324137|Q59546811,Q2324137,2,Ophiostoma ulmi,Ophiostoma,species of fungus
01653542-n,the most commonly heard frog on the Pacific coast of America,i43993,Pacific tree toad|Hyla regilla,Q2336996|Q41083826,Q2336996,2,Pacific treefrog,Pseudacris,species of amphibian
13022289-n,common edible mushroom found naturally in moist open soil; the cultivated mushroom of commerce,i105066,meadow mushroom|field mushroom|Agaricus campestris,Q108691775|Q234529,Q234529,2,Agaricus campestris,Agaricus,species of fungus
12865947-n,an aromatic fleshy herb of India and Ceylon to South Africa; sometimes placed in genus Plectranthus,i104298,country borage|Coleus aromaticus|Coleus amboinicus|Plectranthus amboinicus,Q2359202|Q39087854,Q2359202,2,Plectranthus amboinicus,Plectranthus,species of plant
12479379-n,southern African herb with white bell-shaped flowers,i102444,summer hyacinth|cape hyacinth|Hyacinthus candicans|Galtonia candicans,Q2366444|Q38492612,Q2366444,2,Ornithogalum candicans,Ornithogalum,species of plant
01946759-n,a large variety of conch,i45551,giant conch|Strombus gigas|Lobatus gigas,Q62603|Q23747451,Q23747451,2,Strombus gigas,Strombus,species of mollusc
06311048-n,a word form that has entered the language through the perpetuation of an error,i69587,ghost word,Q2398560|Q1511109,Q2398560,2,,,
02129439-n,small wildcat of the mountains of Siberia and Tibet and Mongolia,i46627,manul|Pallas's cat|Felis manul|Otocolobus manul,Q166794|Q24006022,Q24006022,2,Felis manul,cats,species of mammal
01649821-n,of high Sierra Nevada meadows and forest borders,i43973,Yosemite toad|Bufo canorus|Anaxyrus canorus,Q302397|Q24248378,Q24248378,2,Bufo canorus,Bufo,species of amphibian
12474941-n,small early blooming tulip,i102422,dwarf tulip|Tulipa armena|Tulipa suaveolens,Q7852084|Q2425417,Q2425417,2,Tulipa suaveolens,Tulipa,species of plant
12677289-n,red raspberry of North America,i103383,American raspberry|Rubus strigosus|Rubus idaeus strigosus,Q24689114|Q210156,Q24689114,2,Rubus idaeus subsp. strigosus,Rubus idaeus,subspecies of plant
12669185-n,small straggling American cherry growing on sandy soil and having minute scarcely edible purplish-black fruit,i103344,sand cherry|Prunus pumila|Prunus pumilla susquehanae|Prunus susquehanae|Prunus cuneata,Q24694478|Q17235424,Q24694478,2,Prunus pumila var. susquehanae,Prunus pumila,variety of plants
12751304-n,willow shrub of dry places in the eastern United States having long narrow leaves canescent beneath,i103741,dwarf grey willow|dwarf gray willow|sage willow|Salix tristis,Q24694533|Q39908047,Q24694533,2,Salix humilis var. tristis,Salix humilis,variety of plants
12259008-n,evergreen shrub of eastern North America having white or creamy bell-shaped flowers and dark green hairy leaves used for tea during American Revolution,i101389,Labrador tea|crystal tea|Ledum groenlandicum,Q247753|Q38907427,Q247753,2,Rhododendron groenlandicum,Rhododendron,species of plant
02352209-n,large stiff-haired rodent of shortgrass prairies of United States,i47907,hispid pocket mouse|Perognathus hispidus|Chaetodipus hispidus,Q167053|Q24808782,Q24808782,2,Perognathus hispidus,Perognathus,species of the genus Perognathus
12434147-n,iris with purple flowers and foul-smelling leaves; southern and western Europe and North Africa,i102233,stinking iris|gladdon|gladdon iris|stinking gladwyn|roast beef plant|Iris foetidissima,Q93186409|Q2484930,Q2484930,2,Iris foetidissima,Iris,species of plant
12358775-n,similar to but smaller than the spotted gum and having lemon-scented leaves,i101874,lemon-scented gum|Eucalyptus citriodora|Eucalyptus maculata citriodora,Q2549523|Q24852935,Q24852935,2,Eucalyptus citriodora,Eucalyptus,species of plant
12358663-n,large gum tree with mottled bark,i101873,spotted gum|Eucalyptus maculata,Q3337015|Q24852937,Q24852937,2,Eucalyptus maculata,Eucalyptus,species of plant
12162967-n,"wheat with hard dark-colored kernels high in gluten and used for bread and pasta; grown especially in southern Russia, North Africa, and northern central North America",i100960,durum|durum wheat|hard wheat|Triticum durum|Triticum turgidum|macaroni wheat,Q24878639|Q618324,Q24878639,2,Triticum turgidum subsp. durum,Triticum turgidum,subspecies of plant
13203360-n,small delicate spleenwort found on a steep slope (as a wall or cliff) of Eurasia and North America,i105928,wall rue|wall rue spleenwort|Asplenium ruta-muraria,Q24955230|Q1125768,Q24955230,2,Trichomanes ruta-muraria,Trichomanes,species of plant
11672827-n,large Australian tree with straight-grained yellow wood that turns brown on exposure,i98601,brown pine|Rockingham podocarp|Podocarpus elatus,Q65943052|Q2504953,Q2504953,2,Podocarpus elatus,Podocarpus sect. Podocarpus,species of plant
12697131-n,a grey deciduous honeysuckle shrub paired white flowers turning yellow; Japan,i103480,Morrow's honeysuckle|Lonicera morrowii,Q25117628|Q2701825,Q25117628,2,Lonicera tatarica var. morrowii,Lonicera tatarica,variety of plants
01582219-n,common black-and-grey Eurasian bird noted for thievery,i43586,jackdaw|daw|Corvus monedula,Q25345384|Q25394,Q25345384,2,Western Jackdaw,jackdaw,species of bird
12002811-n,European hawkweed introduced into northeastern United States; locally troublesome weeds,i100190,king devil|yellow hawkweed|Hieracium praealtum,Q25362844|Q15575765|Q8051739,Q25362844,3,Pilosella piloselloides subsp. praealta,Pilosella piloselloides,subspecies of plant
01582219-n,common black-and-grey Eurasian bird noted for thievery,i43586,jackdaw|daw|Corvus monedula,Q25345384|Q25394,Q25394,2,Eurasian Jackdaw,Corvus,species of bird
13076183-n,a fungus convex cap and a dingy yellow under surface and a dry stalk,i105327,Boletus chrysenteron,Q254161|Q41475394,Q254161,2,Xerocomellus chrysenteron,Xerocomellus,species of fungus
12358775-n,similar to but smaller than the spotted gum and having lemon-scented leaves,i101874,lemon-scented gum|Eucalyptus citriodora|Eucalyptus maculata citriodora,Q2549523|Q24852935,Q2549523,2,Corymbia citriodora,Corymbia,species of plant
01851196-n,small Eurasian teal,i45057,garganey|Anas querquedula|Spatula querquedula,Q28106902|Q25644,Q25644,2,Anas querquedula,Anas,species of bird
01597809-n,of Australia and Polynesia; nests in tree cavities,i43681,tree swallow|tree martin|Hirundo nigricans|Petrochelidon nigricans,Q2668013|Q25651097,Q25651097,2,Tree martin,Hirundo,species of bird
01838728-n,American nocturnal goatsucker with grey-and-white plumage,i44984,whippoorwill|Caprimulgus vociferus,Q1268205|Q25658709,Q25658709,2,Eastern whip-poor-will,Caprimulgus,species of bird
02026839-n,rare plover of upland areas of Eurasia,i46009,dotterel|dotrel|Charadrius morinellus|Eudromias morinellus,Q25677554|Q202504,Q25677554,2,Eudromias morinellus,Eudromias,species of bird
02044834-n,small black-headed European gull,i46116,laughing gull|blackcap|pewit|pewit gull|Larus ridibundus,Q25634|Q25689558,Q25689558,2,Larus ridibundus,Larus,species of bird
01595335-n,widely distributed European titmouse with bright cobalt blue wings and tail and crown of the head,i43666,blue tit|tomtit|Parus caeruleus|Cyanistes caeruleus,Q25404|Q25689712,Q25689712,2,Parus caeruleus,Parus,species of birds
11907006-n,erect European annual often grown as a salad crop to be harvested when young and tender,i99717,rocket|roquette|garden rocket|rocket salad|arugula|Eruca sativa|Eruca vesicaria sativa,Q156884|Q25694275,Q25694275,2,Eruca sativa,Eruca,species of plant
02377103-n,solid-hoofed herbivorous quadruped domesticated since prehistoric times,i48054,horse|Equus caballus,Q26644764|Q10758650,Q26644764,2,Equus ferus caballus,,subspecies of mammal
01649674-n,small green or yellow-green toad with small black bars and stripes,i43972,American green toad|Bufo debilis|Anaxyrus debilis,Q2665299|Q28032129,Q2665299,2,Green toad,Anaxyrus,species of amphibian
11777339-n,Australian tree that yields tanning materials,i99103,black wattle|Acacia auriculiformis,Q43375010|Q2673522,Q2673522,2,Acacia auriculiformis,Acacia,species of plant
11955799-n,a common European aster that grows in salt marshes,i99940,sea aster|sea starwort|Aster tripolium,Q26808337|Q19796604,Q26808337,2,Tripolium pannonicum subsp. tripolium,Tripolium pannonicum,subspecies of plant
01644032-n,common North American green or brownish frog having white-edged dark oval spots,i43938,leopard frog|spring frog|Rana pipiens|Lithobates pipiens,Q1819586|Q26830590,Q26830590,2,Rana pipiens,Rana,species of Amphibia
01734582-n,a whipsnake of scrublands and rocky hillsides,i44416,California whipsnake|striped racer|Masticophis lateralis,Q2135031|Q26849100,Q26849100,2,Masticophis lateralis,Masticophis,species of reptile
02086723-n,a member of the genus Canis (probably descended from the common wolf) that has been domesticated by man since prehistoric times; occurs in many breeds,i46360,dog|domestic dog|Canis familiaris,Q26972265|Q20717272|Q144,Q26972265,3,Canis lupus familiaris,Canis lupus,subspecies of mammal
12697131-n,a grey deciduous honeysuckle shrub paired white flowers turning yellow; Japan,i103480,Morrow's honeysuckle|Lonicera morrowii,Q25117628|Q2701825,Q2701825,2,Lonicera morrowii,Lonicera,species of plant
01534280-n,South American species of scarlet finch with black head and wings and tail,i43296,red siskin|Carduelis cucullata,Q27075875|Q1142542,Q27075875,2,Carduelis cucullata,Spinus,species of bird
13243883-n,a variety of club moss which occurs throughout northern latitudes in the Northern Hemisphere (Lycopodium alpinum),i106131,alpine clubmoss|Lycopodium alpinum,Q2715589|Q21976234,Q2715589,2,Diphasiastrum alpinum,Diphasiastrum,species of plant
11989635-n,North American herb having whorled leaves and terminal clusters of flowers spotted with purple,i100125,Joe-Pye weed|purple boneset|trumpet weed|marsh milkweed|Eupatorium purpureum,Q19848832|Q2716731,Q2716731,2,Eupatorium purpureum,Eupatorium,species of plant
01504742-n,one of the largest skates (to 5 feet); an active skate easy to hook,i43201,barndoor skate|Raja laevis,Q2718062|Q9066054,Q2718062,2,Barndoor skate,Dipturus,species of fish
12114402-n,a small fleshy herb common along North American seashores and in brackish marshes having pink or white flowers,i100709,sea milkwort|sea trifoly|black saltwort|Glaux maritima,Q2720092|Q157851,Q2720092,2,Lysimachia maritima,Lysimachia,species of plant
11820489-n,North American woodland herb similar to and used as substitute for the Chinese ginseng,i99307,American ginseng|sang|Panax quinquefolius,Q19833747|Q2737217,Q2737217,2,American ginseng,Panax,species of plant
02128341-n,long-bodied long-tailed tropical American wildcat,i46620,jaguarundi|jaguarundi cat|jaguarondi|eyra|Felis yagouaroundi,Q27450846|Q27450875|Q182304,Q27450846,3,Herpailurus yagouaroundi,Herpailurus,species of mammal
02128341-n,long-bodied long-tailed tropical American wildcat,i46620,jaguarundi|jaguarundi cat|jaguarondi|eyra|Felis yagouaroundi,Q27450846|Q27450875|Q182304,Q27450875,3,Felis yagouaroundi,cats,species of mammal
13236156-n,large Australasian evergreen fern with an edible rhizome sometimes used as a vegetable by indigenous people,i106092,potato fern|Marattia salicina,Q7257082|Q27828610,Q27828610,2,Marattia salicina,Marattia,species of bracken fern
12973477-n,large fern of New Zealand having kidney-shaped fronds,i104825,kidney fern|Trichomanes reniforme,Q15606693|Q27837164,Q27837164,2,Trichomanes reniforme,Trichomanes,species of Equisetopsida
02396592-n,a tapir found in Malaya and Sumatra,i48193,Malayan tapir|Indian tapir|Tapirus indicus,Q27868283|Q192710,Q27868283,2,Acrocodia indica,Acrocodia,species of Acrocodia
01649674-n,small green or yellow-green toad with small black bars and stripes,i43972,American green toad|Bufo debilis|Anaxyrus debilis,Q2665299|Q28032129,Q28032129,2,Bufo debilis,Bufo,species of Amphibia
01644898-n,a meadow frog of eastern North America,i43943,pickerel frog|Rana palustris|Lithobates palustris,Q28035920|Q469979,Q28035920,2,Lithobates palustris,Lithobates,species of Amphibia
01851617-n,freshwater duck of the Northern Hemisphere having a broad flat bill,i45060,shoveler|shoveller|broadbill|Anas clypeata|Spatula clypeata,Q28106731|Q25940,Q28106731,2,Northern Shoveler,Spatula,species of bird
01851289-n,freshwater duck of Eurasia and northern Africa related to mallards and teals,i45058,widgeon|wigeon|Anas penelope|Mareca penelope,Q28106837|Q26459,Q28106837,2,Eurasian Wigeon,Mareca,species of bird
02047562-n,large brown skua of the northern Atlantic,i46134,great skua|Catharacta skua,Q207760|Q28125238,Q28125238,2,Catharacta skua,Catharacta,species of bird
02120298-n,of southern Africa,i46570,brown hyena|strand wolf|Hyaena brunnea|Parahyaena brunnea,Q28157482|Q210644,Q28157482,2,Brown Hyaena,Parahyaena,species of mammal
11652070-n,rare California cypress taller than but closely related to gowen cypress and sometimes considered the same species,i98496,Santa Cruz cypress|Cupressus abramsiana|Cupressus goveniana abramsiana,Q28192849|Q5194570,Q28192849,2,Cupressus goveniana var. abramsiana,Cupressus goveniana,variety of plant
11971155-n,European herb with bright yellow flowers; a common weed in grain fields,i100032,corn marigold|field marigold|Chrysanthemum segetum,Q28242|Q15627858,Q28242,2,Glebionis segetum,Glebionis,species of plant
11870452-n,a low tuberculate cactus with white feathery spines; northeastern Mexico,i99547,feather ball|Mammillaria plumosa,Q15339901|Q283486,Q283486,2,Mammillaria plumosa,Mammillaria,species of plant
12487523-n,plant of western North America having grasslike leaves and greenish-white flowers,i102484,alkali grass|Zigadenus elegans,Q2853166|Q15221394,Q2853166,2,Anticlea elegans,Anticlea,species of plant
12679364-n,a variety of mountain ash,i103394,American mountain ash|Sorbus americana,Q87645487|Q285587,Q285587,2,Sorbus americana,Sorbus,species of plant
11651610-n,small sometimes shrubby tree native to California; often used as an ornamental; in some classification systems includes the pygmy cypress and the Santa Cruz cypress,i98494,gowen cypress|Cupressus goveniana,Q65944114|Q287544,Q287544,2,Cupressus goveniana,Cupressus,species of plant
12302491-n,small American birch with peeling white bark often worked into e.g. baskets or toy canoes,i101591,American white birch|paper birch|paperbark birch|canoe birch|Betula cordifolia|Betula papyrifera,Q28807132|Q2900277,Q28807132,2,Betula papyrifera var. cordifolia,Betula papyrifera,variety of plant
12968516-n,shrub of eastern North America closely resembling silky cornel,i104797,silky dogwood|Cornus obliqua,Q28808166|Q17244868,Q28808166,2,Cornus amomum subsp. obliqua,Cornus amomum,subspecies of plant
12135900-n,tall grass of New Zealand grown for plumelike flower heads,i100817,plumed tussock|toe toe|toetoe|Cortaderia richardii|Arundo richardii,Q28819289|Q39543786,Q28819289,2,Cortaderia richardii,Cortaderia,species of plant
03314753-n,artifact made by weaving or felting or knitting or crocheting natural or synthetic fibers,i53547,fabric|cloth|material|textile,Q5849500|Q28823,Q28823,2,textile,,various fiber-based materials
12590899-n,handsome roundheaded deciduous tree having compound dark green leaves and profuse panicles of fragrant creamy-white flowers; China and Japan,i102955,Japanese pagoda tree|Chinese scholartree|Chinese scholar tree|Sophora japonica|Sophora sinensis,Q288558|Q10881597,Q288558,2,Styphnolobium japonicum,Styphnolobium,species of plant
12461895-n,a fernlike plant native to South Africa,i102363,asparagus fern|Asparagus setaceous|Asparagus plumosus,Q42561493|Q28934742,Q28934742,2,Asparagus plumosus,,species of plant
12134527-n,erect tussock-forming perennial bur grass used particularly in South Africa and Australia for pasture and forage,i100810,buffel grass|Cenchrus ciliaris|Pennisetum cenchroides,Q28936180|Q2715047,Q28936180,2,Pennisetum ciliare,Pennisetum,species of plant
12302491-n,small American birch with peeling white bark often worked into e.g. baskets or toy canoes,i101591,American white birch|paper birch|paperbark birch|canoe birch|Betula cordifolia|Betula papyrifera,Q28807132|Q2900277,Q2900277,2,Betula cordifolia,Betula,species of plant
12224413-n,American basswood of the Allegheny region,i101255,white basswood|cottonwood|Tilia heterophylla,Q29021531|Q6579882,Q29021531,2,Tilia americana var. heterophylla,,variety of plant
12920731-n,arborescent South American shrub having very large orange-red flowers,i104561,red angel's trumpet|Brugmansia sanguinea|Datura sanguinea,Q2926516|Q39929581,Q2926516,2,Brugmansia sanguinea,Brugmansia,species of plant
12417936-n,source of e.g. bhang and hashish as well as fiber,i102160,Indian hemp|Cannabis indica,Q8262024|Q2936421,Q2936421,2,Cannabis indica,Cannabis,species of plant
12510181-n,thornless tree yielding heavy wood,i102589,brazilian ironwood|Caesalpinia ferrea,Q29549903|Q4116530,Q29549903,2,Libidibia ferrea,Libidibia,species of plant
12482178-n,European scilla with small blue or purple flowers,i102458,spring squill|Scilla verna|sea onion,Q29784102|Q3034404,Q29784102,2,Tractema verna,Tractema,species of plant
01696952-n,a kind of chameleon,i44211,horned chameleon|Chamaeleo oweni,Q3539439|Q29860846,Q29860846,2,Chamaeleo oweni,Chamaeleo,species of reptile
12356741-n,very large red gum tree,i101861,red gum|marri|Eucalyptus calophylla,Q2998198|Q21266867,Q2998198,2,Corymbia calophylla,Corymbia,tree found in Western Australia
01649821-n,of high Sierra Nevada meadows and forest borders,i43973,Yosemite toad|Bufo canorus|Anaxyrus canorus,Q302397|Q24248378,Q302397,2,Yosemite toad,Anaxyrus,species of amphibian
12410449-n,violet of eastern North America having lilac-purple flowers with a long slender spur,i102125,long-spurred violet|Viola rostrata,Q15357379|Q3024420,Q3024420,2,Viola rostrata,Viola,species of plant
12482178-n,European scilla with small blue or purple flowers,i102458,spring squill|Scilla verna|sea onion,Q29784102|Q3034404,Q3034404,2,Scilla verna,Scilla,species of plant
12941281-n,showy poinsettia found from the southern United States to Peru,i104659,Japanese poinsettia|mole plant|paint leaf|Euphorbia heterophylla,Q117845540|Q3060418,Q3060418,2,Euphorbia heterophylla,Euphorbia subsect. Stormieae,species of plant
01645032-n,Mexican frog found within a jump or two of water,i43944,tarahumara frog|Rana tarahumarae|Lithobates tarahumarae,Q4666261|Q3061934,Q3061934,2,Rana tarahumarae,Rana,species of amphibian
01652053-n,this spadefoot toad live in California,i43986,western spadefoot|Scaphiopus hammondii,Q3101052|Q109528215,Q3101052,2,Spea hammondii,Spea,species of amphibian
11847184-n,South American plant having green to purple or red branches with green to purple ornamental foliage and spikes of insignificant woolly flowers with dry membranous bracts,i99436,beefsteak plant|beef plant|Iresine herbstii|Iresine reticulata,Q69537690|Q310558,Q310558,2,Iresine herbstii,Iresine,species of plant
12352735-n,tropical tree of the East Indies cultivated for its edible fruit,i101840,rose apple|rose-apple tree|jambosa|Eugenia jambos|Syzygium jambos,Q31931|Q21874222,Q31931,2,Syzygium jambos,Syzygium,species of tree originating in Southeast Asia
12557758-n,hairy trailing or prostrate western Australian vine with bright scarlet-pink flowers,i102801,scarlet runner|running postman|Kennedia prostrata,Q15553798|Q3195154,Q3195154,2,Kennedia prostrata,Kennedia,species of plant
06771295-n,a partially true statement intended to deceive or mislead,i72008,half-truth,Q3234422|Q2104404,Q3234422,2,,,
01653700-n,a small chiefly ground dweller that stays within easy jumping distance of water; of United States southwest and northern Mexico,i43994,canyon treefrog|Hyla arenicolor|Dryophytes arenicolor,Q32344826|Q2702096,Q32344826,2,Dryophytes arenicolor,Dryophytes,species of Amphibia
12756988-n,woody creeping parasite of western North America having numerous thick powdery leaves and panicles of small dull-white flowers,i103768,bastard toadflax|Comandra pallida,Q32795129|Q32794876,Q32794876,2,Comandra pallida,Comandra,species of plant
12756988-n,woody creeping parasite of western North America having numerous thick powdery leaves and panicles of small dull-white flowers,i103768,bastard toadflax|Comandra pallida,Q32795129|Q32794876,Q32795129,2,Comandra umbellata var. pallida,Comandra umbellata,variety of plant
12880439-n,fragrant California annual herb having lanceolate leaves and clusters of rose-purple flowers,i104373,mustang mint|Monardella lanceolata,Q32852632|Q12842241,Q32852632,2,Monardella breweri subsp. lanceolata,Monardella breweri,subspecies of plant
12139907-n,stout perennial grass of western North America,i100838,giant ryegrass|Elymus condensatus|Leymus condensatus,Q6538092|Q32856001,Q32856001,2,Elymus condensatus,Elymus,species of plant
12145335-n,European perennial grass widely cultivated for pasture and hay and as a lawn grass,i100869,perennial ryegrass|English ryegrass|Lolium perenne,Q32856031|Q161722,Q32856031,2,Festuca perennis,Festuca,species of plant
12145700-n,weedy annual grass often occurs in grainfields and other cultivated land; seeds sometimes considered poisonous,i100871,darnel|tare|bearded darnel|cheat|Lolium temulentum,Q32856034|Q162088,Q32856034,2,Festuca temulenta,Festuca,species of plant
12418889-n,native American plant sometimes confused with the European hop,i102164,American hop|Humulus americanus,Q42688584|Q32856065,Q32856065,2,Humulus americanus,Humulus,species of plant
12863904-n,mint-scented perennial of central and southern Europe,i104289,common calamint|Calamintha sylvatica|Satureja calamintha officinalis,Q92346932|Q32979672,Q32979672,2,Calamintha sylvatica,Calamintha,species of plant
11670881-n,small shrubby celery pine of New Zealand,i98592,Alpine celery pine|Phyllocladus alpinus,Q33125492|Q7188675,Q33125492,2,Phyllocladus trichomanoides var. alpinus,Phyllocladus trichomanoides,variety of plant
13054822-n,a morel with the ridged and pitted fertile portion attached to the stipe for about half its length,i105229,Morchella semilibera|half-free morel|cow's head,Q3324089|Q1795398,Q3324089,2,Mitrophora semilibera,Mitrophora,species of fungus
11762266-n,deciduous aromatic shrub of eastern North America with grey-green wax-coated berries,i99036,bayberry|candleberry|swamp candleberry|waxberry|Myrica pensylvanica,Q3331585|Q12331270,Q3331585,2,northern bayberry,Morella,species of plant
13195252-n,epiphytic fern with large fronds; Taiwan and Philippines,i105886,bear's-paw fern|Aglaomorpha meyeniana,Q42741482|Q3335252,Q3335252,2,Aglaomorpha meyeniana,Aglaomorpha,species of plant
12564144-n,annual native to Korea but widely cultivated for forage and hay in hot dry regions,i102829,Korean lespedeza|Lespedeza stipulacea,Q3336452|Q39151992,Q3336452,2,Kummerowia stipulacea,Kummerowia,species of plant
12358663-n,large gum tree with mottled bark,i101873,spotted gum|Eucalyptus maculata,Q3337015|Q24852937,Q3337015,2,Corymbia maculata,Corymbia,species of plant
11898115-n,widely cultivated plant having a large fleshy edible white or yellow root,i99673,turnip|white turnip|Brassica rapa,Q3337246|Q3384,Q3337246,2,turnip rape,Brassica rapa,subspecies of plant
12898397-n,southwestern United States plant with yellow flowers on stems that twist and twine through other vegetation,i104464,yellow twining snapdragon|Antirrhinum filipes,Q3338172|Q4775223,Q3338172,2,Neogaerrhinum filipes,Neogaerrhinum,species of plant
12454744-n,plant having a large slender white bulb and flat overlapping dark green leaves; used in cooking; believed derived from the wild Allium ampeloprasum,i102328,leek|scallion|Allium porrum,Q33681353|Q21870138,Q33681353,2,Allium ampeloprasum var. porrum,Allium ampeloprasum,variety of plant
12663495-n,dwarf ornamental shrub of western United States having large black to red and yellow sweet edible fruit,i103315,Western sand cherry|Rocky Mountains cherry|Prunus besseyi,Q3408648|Q15624054,Q3408648,2,Prunus pumila var. besseyi,Prunus pumila,variety of plants
11937876-n,flower of southwestern Australia having bright pink daisylike papery flowers; grown for drying,i99851,pink-and-white everlasting|pink paper daisy|Acroclinium roseum,Q3429583|Q96012655,Q3429583,2,Rhodanthe chlorocephala subsp. rosea,Rhodanthe chlorocephala,subspecies of plant
12700193-n,common North American shrub or small tree,i103495,American red elder|red-berried elder|stinking elder|Sambucus pubens,Q3470723|Q12210848,Q3470723,2,Sambucus racemosa subsp. pubens,Sambucus racemosa,subspecies of plant
11631274-n,five-needled pinon of southern California and northern Baja California having (sometimes three-needled or four-needled showing hybridization from Pinus californiarum),i98396,Parry's pinyon|Pinus quadrifolia|Pinus parryana,Q93383212|Q3506492,Q3506492,2,Pinus quadrifolia,Pinus subsect. Gerardianae,species of plant
01696952-n,a kind of chameleon,i44211,horned chameleon|Chamaeleo oweni,Q3539439|Q29860846,Q3539439,2,Trioceros oweni,Trioceros,species of reptile
12973350-n,large stout fern of extreme western Europe,i104824,Killarney fern|Trichomanes speciosum,Q3554491|Q2000383,Q3554491,2,Vandenboschia speciosa,Vandenboschia,species of plant
11964129-n,the common European annual marigold,i99997,common marigold|pot marigold|ruddles|Scotch marigold|Calendula officinalis,Q35587197|Q145930,Q35587197,2,Caltha officinalis,Caltha,species of plant
88957229-n,"an annual herb that grows in open grasslands, roadsides and pathways that originates in the Americas and is used in traditional herbal medicine",,Euphorbia hirta,Q14549482|Q36177,Q36177,2,Euphorbia hirta,Euphorbia subsect. Hypericifoliae,"species of hairy herb grown in open grasslands, roadsides, and pathways"
11803347-n,putrid-smelling aroid of southeastern Asia (especially the Philippines) grown for its edible tuber,i99221,pungapung|telingo potato|elephant yam|Amorphophallus paeonifolius|Amorphophallus campanulatus,Q9248988|Q37247507,Q37247507,2,Amorphophallus campanulatus,Amorphophallus,species of plant
12656985-n,small deciduous Eurasian tree cultivated for its fruit that resemble crab apples,i103284,medlar|medlar tree|Mespilus germanica,Q37995935|Q146186,Q37995935,2,Crataegus germanica,,species of plant
13209517-n,a hare's-foot fern of the genus Davallia,i105960,Australian hare's foot|Davallia pyxidata,Q17167445|Q38230025,Q38230025,2,Davallia pyxidata,Davallia,species of Equisetopsida
13243775-n,"a variety of club moss, also known as shining firmoss (Lycopodium lucidulum)",i106130,shining clubmoss|Lycopodium lucidulum,Q4567960|Q38233964,Q38233964,2,Lycopodium lucidulum,Lycopodium,species of Lycopodiopsida
12140339-n,weedy rye grass having long bristling awns,i100841,medusa's head|Elymus caput-medusae,Q3837887|Q21874168,Q3837887,2,Taeniatherum caput-medusae,Taeniatherum,species of plant
12488097-n,plant of western North America to Mexico; poisonous especially to grazing animals,i102487,grassy death camas|Zigadenus venenosus|Zigadenus venenosus gramineus,Q3849177|Q15547277,Q3849177,2,Toxicoscordion venenosum,Toxicoscordion,species of plant
12479379-n,southern African herb with white bell-shaped flowers,i102444,summer hyacinth|cape hyacinth|Hyacinthus candicans|Galtonia candicans,Q2366444|Q38492612,Q38492612,2,Hyacinthus candicans,hyacinth,species of plant
11826838-n,deep-rooted perennial of southeastern United States,i99335,pine-barren sandwort|longroot|Arenaria caroliniana,Q15571189|Q38617331,Q38617331,2,Arenaria caroliniana,Arenaria,species of plant
12173550-n,widely distributed North American sedge having rigid olive green stems,i101014,hardstem bulrush|hardstemmed bulrush|Scirpus acutus,Q15628951|Q38663645,Q38663645,2,Scirpus acutus,Scirpus,species of plant
11989173-n,North American herb having whorled leaves and terminal clusters of small pinkish or purple flower heads,i100123,Joe-Pye weed|spotted Joe-Pye weed|Eupatorium maculatum,Q1951405|Q38732209,Q38732209,2,Eupatorium maculatum,Eupatorium,species of plant
11998129-n,stout perennial herb of western United States having flower heads with drooping orange-yellow rays; causes spewing sickness in sheep,i100168,orange sneezeweed|owlclaws|Helenium hoopesii,Q5956675|Q38742382,Q38742382,2,Helenium hoopesii,Helenium,species of plant
11953396-n,North American perennial with apparently whorled leaves and showy white purple-tinged flowers,i99926,whorled aster|Aster acuminatus,Q15548303|Q38761572,Q38761572,2,Aster acuminatus,Aster,species of plant
11996783-n,annual of southern United States and Mexico having bristly leaves and pale yellow flowers,i100161,camphor daisy|Haplopappus phyllocephalus,Q15601199|Q38774941,Q38774941,2,Haplopappus phyllocephalus,Haplopappus,species of plant
11955496-n,tufted rigid North American perennial with loose clusters of white flowers,i99938,upland white aster|Aster ptarmicoides,Q15567718|Q38780016,Q38780016,2,Aster ptarmicoides,Aster,species of plant
11954372-n,perennial of western North America having white flowers,i99932,white prairie aster|Aster falcatus,Q13955505|Q38782261,Q38782261,2,Aster falcatus,Aster,species of plant
11955656-n,perennial of southeastern United States having usually blue flowers,i99939,Short's aster|Aster shortii,Q15555506|Q38783181,Q38783181,2,Aster shortii,Aster,species of plant
12264975-n,medium-sized rhododendron of Pacific coast of North America having large rosy brown-spotted flowers,i101417,coast rhododendron|Rhododendron californicum,Q15387197|Q38907276,Q38907276,2,Rhododendron californicum,Rhododendron,species of plant
12259008-n,evergreen shrub of eastern North America having white or creamy bell-shaped flowers and dark green hairy leaves used for tea during American Revolution,i101389,Labrador tea|crystal tea|Ledum groenlandicum,Q247753|Q38907427,Q38907427,2,Ledum groenlandicum,Ledum,species of plant
12277437-n,evergreen with rounded leaves and very fragrant creamy-white flowers; widely distributed in northern parts of Old and New Worlds,i101477,wild lily of the valley|Pyrola rotundifolia,Q38908718|Q692248,Q38908718,2,Pyrola rotundifolia var. incarnata,Pyrola rotundifolia,variety of plant
12948518-n,Chinese tree bearing seeds that yield tung oil,i104695,tung tree|tung|tung-oil tree|Aleurites fordii,Q1422363|Q38926734,Q38926734,2,Aleurites fordii,Aleurites,species of plant
12865947-n,an aromatic fleshy herb of India and Ceylon to South Africa; sometimes placed in genus Plectranthus,i104298,country borage|Coleus aromaticus|Coleus amboinicus|Plectranthus amboinicus,Q2359202|Q39087854,Q39087854,2,Coleus amboinicus,Coleus,species of plant
12601534-n,having deep purple flowers,i103005,Chinese wistaria|Wisteria chinensis,Q15527909|Q39151976,Q39151976,2,Wisteria chinensis,Wisteria,species of plant
12564144-n,annual native to Korea but widely cultivated for forage and hay in hot dry regions,i102829,Korean lespedeza|Lespedeza stipulacea,Q3336452|Q39151992,Q39151992,2,Lespedeza stipulacea,Lespedeza,species of plant
12545138-n,greyish-green shrub of desert regions of southwestern United States and Mexico having sparse foliage and terminal spikes of bluish violet flowers; locally important as source of a light-colored honey of excellent flavor,i102742,smoke tree|Dalea spinosa,Q7256142|Q39169915,Q39169915,2,Dalea spinosa,Dalea,species of plant
12352172-n,Australian tree with sour red fruit,i101837,sour cherry|Eugenia corynantha,Q7663973|Q39286715,Q39286715,2,Eugenia corynantha,Eugenia,species of plant
12087530-n,a long-spurred orchid with base leaves and petals converging under the upper sepal,i100578,Hooker's orchid|Habenaria hookeri,Q15435811|Q39369033,Q39369033,2,Habenaria hookeri,Habenaria,species of plant
12088639-n,orchid of northeastern and alpine eastern North America closely related to the purple fringed orchids but having rosy-purple or violet flowers with denticulate leaf divisions,i100583,purple fringeless orchid|purple fringeless orchis|Habenaria peramoena,Q15436673|Q39369293,Q39369293,2,Habenaria peramoena,Habenaria,species of plant
12129882-n,used by Maoris for thatching,i100782,toetoe|toitoi|Arundo conspicua|Chionochloa conspicua,Q15512764|Q39541903,Q39541903,2,Arundo conspicua,Arundo,species of plant
12135900-n,tall grass of New Zealand grown for plumelike flower heads,i100817,plumed tussock|toe toe|toetoe|Cortaderia richardii|Arundo richardii,Q28819289|Q39543786,Q39543786,2,Arundo richardii,Arundo,species of plant
12126498-n,valuable forage grass of western United States,i100765,western wheatgrass|bluestem wheatgrass|Agropyron smithii,Q15510778|Q39551241,Q39551241,2,Agropyron smithii,Agropyron,species of plant
12153979-n,handsome hardy North American grass with foliage turning pale bronze in autumn,i100914,broom beard grass|prairie grass|wire grass|Andropogon scoparius|Schizachyrium scoparium,Q3013856|Q39582886,Q39582886,2,Andropogon scoparius,Andropogon,species of plant
12831607-n,low mat-forming herb of rocky places in United States,i104126,chickweed phlox|sand phlox|Phlox bifida|Phlox stellaria,Q49459738|Q39594870,Q39594870,2,Phlox stellaria,Phlox,species of plant
12663725-n,Mexican black cherry tree having edible fruit,i103316,capulin|capulin tree|Prunus capuli,Q50913540|Q39779922,Q39779922,2,Prunus capuli,Prunus,species of plant
12751304-n,willow shrub of dry places in the eastern United States having long narrow leaves canescent beneath,i103741,dwarf grey willow|dwarf gray willow|sage willow|Salix tristis,Q24694533|Q39908047,Q39908047,2,Salix tristis,Salix,species of plant
12920731-n,arborescent South American shrub having very large orange-red flowers,i104561,red angel's trumpet|Brugmansia sanguinea|Datura sanguinea,Q2926516|Q39929581,Q39929581,2,Datura sanguinea,Datura,species of plant
13078002-n,a fungus with a velvety stalk and usually a dingy brown cap; injured areas turn blue instantly,i105336,Boletus subvelutipes,Q108416519|Q4035289,Q4035289,2,Boletus subvelutipes,Boletus,species of fungus
11954015-n,stiff perennial of the eastern United States having small linear leaves and numerous tiny white flower heads,i99930,bushy aster|Aster dumosus,Q4050490|Q7061674,Q4050490,2,Symphyotrichum dumosum,Symphyotrichum,Species of flowering plant in family Asteraceae
11953726-n,perennial wood aster of eastern North America,i99928,heart-leaved aster|Aster cordifolius,Q4050493|Q21871600,Q4050493,2,Symphyotrichum cordifolium,Symphyotrichum,Species of flowering plant in family Asteraceae
01653542-n,the most commonly heard frog on the Pacific coast of America,i43993,Pacific tree toad|Hyla regilla,Q2336996|Q41083826,Q41083826,2,Hyla regilla,Hyla,species of amphibian
12510181-n,thornless tree yielding heavy wood,i102589,brazilian ironwood|Caesalpinia ferrea,Q29549903|Q4116530,Q4116530,2,Caesalpinia ferrea,Caesalpinia,species of South-American tree
01830737-n,greyish-blue North American kingfisher with a chestnut band on its chest,i44935,belted kingfisher|Ceryle alcyon,Q736052|Q41214407,Q41214407,2,Ceryle alcyon,Ceryle,species of bird
13076183-n,a fungus convex cap and a dingy yellow under surface and a dry stalk,i105327,Boletus chrysenteron,Q254161|Q41475394,Q41475394,2,Boletus chrysenteron,Boletus,species of fungus
13077559-n,an edible fungus with a broadly convex blackish brown cap and a pore surface that is yellow when young and darkens with age; stalk is thick and enlarges toward the base,i105334,Boletus pulverulentus,Q41596453|Q976933,Q41596453,2,Cyanoboletus pulverulentus,Cyanoboletus,species of fungus
13076709-n,a poisonous fungus with a dingy yellow cap and orange red undersurface and a cylindrical reticulate stalk,i105330,Boletus luridus,Q752494|Q41597775,Q41597775,2,Boletus luridus,Boletus,species of fungus
13076552-n,a fungus with a red cap and a red coarsely reticulate stalk,i105329,Frost's bolete|Boletus frostii,Q41712963|Q1933457,Q41712963,2,Exsudoporus frostii,Exsudoporus,species of fungus
12017629-n,herb of northeastern North America having drooping clusters of yellowish-white flowers; sometimes placed in genus Prenanthes,i100264,white lettuce|cankerweed|Nabalus alba|Prenanthes alba,Q41778118|Q7995681,Q41778118,2,Nabalus albus,Nabalus,species of plant
11883304-n,plant with fleshy roots and erect stems with narrow succulent leaves and one reddish-orange flower in each upper leaf axil; southwestern United States; Indians once cooked the fleshy roots,i99607,flame flower|flame-flower|flameflower|Talinum aurantiacum,Q17244256|Q41778381,Q41778381,2,Talinum aurantiacum,Talinum,species of plant
11863522-n,cactus of the southwestern United States and northern Mexico having edible juicy fruit,i99512,pitahaya cactus|pitahaya|Acanthocereus tetragonus|Acanthocereus pentagonus,Q149401|Q41793314,Q41793314,2,Acanthocereus pentagonus,Acanthocereus,species of plant
12461895-n,a fernlike plant native to South Africa,i102363,asparagus fern|Asparagus setaceous|Asparagus plumosus,Q42561493|Q28934742,Q42561493,2,Protasparagus plumosus,Protasparagus,species of plant
11951257-n,perennial cottony-white herb of southwestern United States,i99918,western mugwort|white sage|cudweed|prairie sage|Artemisia ludoviciana|Artemisia gnaphalodes,Q42681972|Q95983836|Q2716821,Q42681972,3,Artemisia ludoviciana subsp. gnaphalodes,Artemisia ludoviciana,subspecies of plant
12674394-n,European trailing bramble with red berrylike fruits,i103367,stone bramble|Rubus saxatilis,Q42684002|Q158569,Q42684002,2,Cylactis saxatilis,Cylactis,species of plant
12418889-n,native American plant sometimes confused with the European hop,i102164,American hop|Humulus americanus,Q42688584|Q32856065,Q42688584,2,Humulus lupulus subsp. americanus,Humulus lupulus,subspecies of plant
11741112-n,perennial European buttercup with yellow spring flowers widely naturalized especially in eastern North America,i98927,meadow buttercup|tall buttercup|tall crowfoot|tall field buttercup|Ranunculus acris,Q42711363|Q157563,Q42711363,2,Ranunculus acris subsp. pumilus,Ranunculus acris,subspecies of plant
13195252-n,epiphytic fern with large fronds; Taiwan and Philippines,i105886,bear's-paw fern|Aglaomorpha meyeniana,Q42741482|Q3335252,Q42741482,2,Drynaria meyeniana,Drynaria,species of plant
11866382-n,large cactus of east central Mexico having golden to pale yellow flowers and spines,i99526,golden barrel cactus|Echinocactus grusonii,Q42751825|Q131270,Q42751825,2,Kroenleinia grusonii,Kroenleinia,species of plant in the family Cactaceae
12433670-n,low-growing summer-flowering iris of northeastern United States,i102230,dwarf iris|Iris cristata,Q42953917|Q6070337,Q42953917,2,Lophiris cristata,Lophiris,species of plant
12435437-n,low-growing spring-flowering American iris with bright blue-lilac flowers,i102241,dwarf iris|vernal iris|Iris verna,Q42960889|Q15296151,Q42960889,2,Gattenhofia verna,Gattenhofia,species of plant
12942259-n,Mexican shrub often cultivated for its scarlet-bracted flowers,i104664,scarlet plume|Euphorbia fulgens,Q117953175|Q4301001,Q4301001,2,Euphorbia fulgens,Euphorbia sect. Alectoroctonum,species of plant
12009556-n,fall-blooming European herb with a yellow flower; naturalized in the United States,i100224,fall dandelion|arnica bud|Leontodon autumnalis,Q43064408|Q717067,Q43064408,2,Scorzoneroides autumnalis,Scorzoneroides,species of plant
11777339-n,Australian tree that yields tanning materials,i99103,black wattle|Acacia auriculiformis,Q43375010|Q2673522,Q43375010,2,Racosperma auriculiforme,Racosperma,species of plant
11778591-n,tall Australian acacia yielding highly valued black timber,i99109,lightwood|Acacia melanoxylon,Q43375057|Q386585,Q43375057,2,Racosperma melanoxylon,Racosperma,species of plant
13243775-n,"a variety of club moss, also known as shining firmoss (Lycopodium lucidulum)",i106130,shining clubmoss|Lycopodium lucidulum,Q4567960|Q38233964,Q4567960,2,Huperzia lucidula,Huperzia,species of plant
01645032-n,Mexican frog found within a jump or two of water,i43944,tarahumara frog|Rana tarahumarae|Lithobates tarahumarae,Q4666261|Q3061934,Q4666261,2,Lithobates tarahumarae,Lithobates,species of amphibian
01643847-n,wide-ranging light-brown frog of moist North American woodlands especially spruce,i43937,wood-frog|wood frog|Rana sylvatica|Lithobates sylvaticus,Q4666317|Q72725,Q4666317,2,Lithobates sylvaticus,Lithobates,species of amphibian
01644218-n,largest North American frog; highly aquatic with a deep-pitched voice,i43939,bullfrog|Rana catesbeiana|Lithobates catesbeianus,Q4667413|Q159404,Q4667413,2,Lithobates catesbeianus,Lithobates,species of amphibian
01644380-n,similar to bullfrog; found in or near marshes and ponds; of United States and Canada,i43940,green frog|spring frog|Rana clamitans|Lithobates clamitans,Q4667968|Q159363,Q4667968,2,Lithobates clamitans,Lithobates,species of amphibian
11967898-n,annual of southwestern United States cultivated for its purple flower heads and its bracts that resemble small baskets,i100017,basket flower|Centaurea americana,Q468566|Q87598685,Q468566,2,Centaurea americana,Plectocephalus,species of plant
01644898-n,a meadow frog of eastern North America,i43943,pickerel frog|Rana palustris|Lithobates palustris,Q28035920|Q469979,Q469979,2,Rana palustris,Rana,species of amphibian
01595028-n,crested titmouse of eastern and midwestern United States,i43664,tufted titmouse|Parus bicolor|Baeolophus bicolor,Q738534|Q47456549,Q47456549,2,Parus bicolor,Parus,species of bird
12898397-n,southwestern United States plant with yellow flowers on stems that twist and twine through other vegetation,i104464,yellow twining snapdragon|Antirrhinum filipes,Q3338172|Q4775223,Q4775223,2,Antirrhinum filipes,Antirrhinum,species of plant
11822360-n,birthwort of the eastern United States woodlands,i99316,Virginia snakeroot|Virginia serpentaria|Virginia serpentary|Aristolochia serpentaria,Q58380413|Q4791037,Q4791037,2,Aristolochia serpentaria,Aristolochia,species of plant
13203236-n,a spleenwort of eastern North America,i105927,mountain spleenwort|Asplenium montanum,Q55834740|Q4808134,Q4808134,2,Asplenium montanum,Asplenium,species of plant
13203697-n,a spleenwort of eastern and southern United States,i105930,lobed spleenwort|Asplenium pinnatifidum,Q17181419|Q4808138,Q4808138,2,Asplenium pinnatifidum,Asplenium,species of plant
13202709-n,ferns having lanceolate fronds that root at the tip,i105924,walking fern|walking leaf|Asplenium rhizophyllum|Camptosorus rhizophyllus,Q17172165|Q4808143,Q4808143,2,Asplenium rhizophyllum,Asplenium,species of plant
12831607-n,low mat-forming herb of rocky places in United States,i104126,chickweed phlox|sand phlox|Phlox bifida|Phlox stellaria,Q49459738|Q39594870,Q49459738,2,Glade Phlox,Phlox bifida,subspecies of plant
13253261-n,a large fungus with viscid cap that dries and turns brown with age; gills are off-white,i106180,Armillaria zelleri,Q108443971|Q49600720,Q49600720,2,Fetid armillaria,Armillaria,species of fungus
12635386-n,North American waterweed; widely naturalized in Europe,i103178,Canadian pondweed|Elodea canadensis,Q49606627|Q159760,Q49606627,2,Anacharis canadensis,Anacharis,
11813872-n,tropical American aroid having edible tubers that are cooked and eaten like yams or potatoes,i99275,yautia|tannia|spoonflower|malanga|Xanthosoma sagittifolium|Xanthosoma atrovirens,Q279280|Q49629862,Q49629862,2,Xanthosoma atrovirens,Xanthosoma,species of plant
13079723-n,a fungus with a broadly convex brown cap and pores that extend part way down the stalk,i105345,Phylloporus boletinoides,Q108199695|Q49632525,Q49632525,2,Phylloporus boletinoides,Phylloporus,species of fungus
02118293-n,wolflike yellowish-brown wild dog of Australia,i46557,dingo|warrigal|warragal|Canis dingo,Q5032447|Q117011854,Q5032447,2,Canis lupus dingo,Canis lupus,taxonomic rank that includes both the dingo and the New Guinea singing dog as well as some extinct dogs that were once found in coastal Papua New Guinea and the island of Java in the Indonesian Archipelago
11885898-n,shrub of southern Florida to West Indies,i99618,caper tree|Jamaica caper tree|Capparis cynophallophora,Q22114345|Q5036115,Q5036115,2,Capparis cynophallophora,Capparis,species of plant
01649289-n,common brownish-yellow short-legged toad of western Europe; runs rather than hops,i43969,natterjack|Bufo calamita,Q622886|Q50407495,Q50407495,2,Bufo calamita,Bufo,species of amphibian
02445646-n,usually rich dark brown,i48483,American mink|Mustela vison,Q116910164|Q50407587,Q50407587,2,Mustela vison,weasel,species of mammal
02865388-n,armor that protects the wearer's whole body,i50907,body armor|body armour|suit of armor|suit of armour|coat of mail|cataphract,Q485027|Q50414774,Q50414774,2,,,
01851094-n,American teal,i45056,bluewing|blue-winged teal|Anas discors|Spatula discors,Q28106778|Q504148,Q504148,2,Anas discors,Anas,species of duck
11845820-n,garden annual with featherlike spikes of red or yellow flowers,i99429,cockscomb|common cockscomb|Celosia cristata|Celosia argentea cristata,Q5058425|Q1186867,Q5058425,2,Celosia argentea var. cristata,Celosia argentea,variety of plants
12534643-n,shrub of western United States having pink or crimson flowers; often forms thickets,i102691,western redbud|California redbud|Cercis occidentalis,Q15538466|Q5063945,Q5063945,2,Cercis occidentalis,Cercis,species of plant
01733918-n,slender fast-moving Eurasian snake,i44412,horseshoe whipsnake|Coluber hippocrepis,Q540927|Q50824374,Q50824374,2,Coluber hippocrepis,Coluber,species of reptile
12214182-n,graceful deciduous shrub or small tree having attractive foliage and small red berries that turn black at maturity and are used for making wine,i101206,makomako|New Zealand wine berry|wineberry|Aristotelia serrata|Aristotelia racemosa,Q151178|Q50827497,Q50827497,2,Aristotelia racemosa,Aristotelia,species of plant
12968304-n,common North American shrub with reddish purple twigs and white flowers,i104796,red osier|red osier dogwood|red dogwood|American dogwood|redbrush|Cornus stolonifera,Q93392546|Q50831688,Q50831688,2,Cornus stolonifera,Cornus,species of plant
12376912-n,widely cultivated tropical plant of India having yellow flowers and a large aromatic deep yellow rhizome; source of a condiment and a yellow dye,i101965,turmeric|Curcuma longa|Curcuma domestica,Q42562|Q50832769,Q50832769,2,Curcuma domestica,Curcuma,species of plant
12357244-n,small to medium-sized tree of Australia and Tasmania having smooth white to light-grey bark shedding in patches or strips,i101864,snow gum|ghost gum|white ash|Eucalyptus coriacea|Eucalyptus pauciflora,Q2165298|Q50835432,Q50835432,2,Eucalyptus coriacea,Eucalyptus,species of plant
11916988-n,Eurasian mustard cultivated for its pungent seeds; a source of table mustard and mustard oil,i99767,white mustard|Brassica hirta|Sinapis alba,Q146202|Q50838947,Q50838947,2,Brassica hirta,Brassica,species of plant
12668654-n,small shrubby North American wild cherry with small bright red acid fruit,i103341,pin cherry|Prunus pensylvanica,Q50839473|Q2707920,Q50839473,2,Cerasus pensylvanica,Cerasus,species of plant
12144258-n,European annual grass often found as a weed in waste ground especially along roadsides and hedgerows,i100863,barley grass|wall barley|Hordeum murinum,Q50840504|Q161674,Q50840504,2,Critesion murinum,Critesion,species of plant
12688892-n,handsome shrub with showy orange to scarlet or crimson flowers; Florida and West Indies to Mexico and Brazil,i103441,scarlet bush|scarlet hamelia|coloradillo|Hamelia patens|Hamelia erecta,Q4919655|Q50842199,Q50842199,2,Hamelia erecta,Hamelia,species of plant
12870712-n,aromatic Mediterranean shrub widely cultivated for its lilac flowers which are dried and used in sachets,i104322,English lavender|Lavandula angustifolia|Lavandula officinalis,Q42081|Q50844455,Q50844455,2,Lavandula officinalis,Lavandula,species of plant
12724801-n,South American wood sorrel cultivated for its edible tubers,i103618,oca|oka|Oxalis tuberosa|Oxalis crenata,Q1355893|Q50846934,Q50846934,2,Oxalis crenata,Oxalis,species of plant
12365000-n,a coarse biennial of eastern North America with yellow flowers that open in the evening; naturalized in Europe,i101905,common evening primrose|German rampion|Oenothera biennis,Q50849869|Q157353,Q50849869,2,Onagra biennis,Onagra,species of plant
12296994-n,deciduous European oak valued for its tough elastic wood,i101569,durmast|Quercus petraea|Quercus sessiliflora,Q158608|Q50852450,Q50852450,2,Quercus sessiliflora,,species of plant
12266402-n,trailing red-fruited plant,i101424,American cranberry|large cranberry|Vaccinium macrocarpon,Q50852926|Q149397,Q50852926,2,Oxycoccus macrocarpos,Oxycoccus,species of plant
12651402-n,Europe,i103256,wild strawberry|wood strawberry|Fragaria vesca,Q50857565|Q146684,Q50857565,2,Potentilla vesca,,species of plant
11860536-n,California four o'clock with purple-red flowers,i99502,California four o'clock|Mirabilis laevis|Mirabilis californica,Q50859393|Q95945753|Q4295494,Q50859393,3,Oxybaphus californicus,Oxybaphus,species of plant
12853909-n,tropical African plant cultivated as a houseplant for its violet or white or pink flowers,i104241,African violet|Saintpaulia ionantha,Q50870323|Q165406,Q50870323,2,Streptocarpus ionanthus,Streptocarpus,species of plant
12199011-n,erect forest tree of Cuba and Jamaica having variably hairy leaves and orange-yellow or orange-red flowers; yields a moderately dense timber for cabinetwork and gunstocks,i101134,Cuban bast|blue mahoe|mahoe|majagua|mahagua|Hibiscus elatus,Q50875360|Q2716624,Q50875360,2,Talipariti elatum,Talipariti,species of plant
11839105-n,European annual with pale rose-colored flowers; cultivated flower or self-sown grainfield weed; introduced in North America; sometimes classified as a soapwort,i99398,cowherb|cow cockle|Vaccaria hispanica|Vaccaria pyramidata|Saponaria vaccaria,Q94409869|Q50877763,Q50877763,2,Vaccaria pyramidata,Vaccaria,species of plant
12735709-n,small deciduous aromatic shrub (or tree) having spiny branches and yellowish flowers; eastern North America,i103669,toothache tree|sea ash|Zanthoxylum americanum|Zanthoxylum fraxineum,Q3079244|Q50881685,Q50881685,2,Zanthoxylum fraxineum,Zanthoxylum,species of plant
11786037-n,thorny deep-rooted drought-resistant shrub native to southwestern United States and Mexico bearing pods rich in sugar and important as livestock feed; tends to form extensive thickets,i99144,honey mesquite|Western honey mesquite|Prosopis glandulosa,Q50890820|Q3013277,Q50890820,2,Prosopis juliflora var. glandulosa,Prosopis juliflora,variety of plant
11778122-n,evergreen Australasian tree having white or silvery bark and young leaves and yellow flowers,i99107,silver wattle|mimosa|Acacia dealbata,Q50892032|Q757123,Q50892032,2,Acacia decurrens var. dealbata,Acacia decurrens,variety of plant
13230027-n,small tufted fern of northwestern America,i106060,lace fern|Cheilanthes gracillima,Q15610965|Q5089650,Q5089650,2,Cheilanthes gracillima,Cheilanthes,species of plant
11736510-n,blue Egyptian lotus: held sacred by the Egyptians,i98906,blue lotus|Nymphaea caerulea,Q50897106|Q148880,Q50897106,2,Nymphaea nouchali var. caerulea,Nymphaea nouchali,variety of plant
12785267-n,deciduous shrub of California with unpleasantly scented usually trifoliate leaves and edible fruit,i103909,squawbush|squaw-bush|skunkbush|Rhus trilobata,Q50908404|Q7155056,Q50908404,2,Rhus aromatica var. trilobata,Rhus aromatica,variety of plant
12663725-n,Mexican black cherry tree having edible fruit,i103316,capulin|capulin tree|Prunus capuli,Q50913540|Q39779922,Q50913540,2,Prunus serotina subsp. capuli,Prunus serotina,subspecies of plant
11844225-n,tall showy tropical American annual having hairy stems and long spikes of usually red flowers above leaves deeply flushed with purple; seeds often used as cereal,i99422,prince's-feather|gentleman's-cane|prince's-plume|red amaranth|purple amaranth|Amaranthus cruentus|Amaranthus hybridus hypochondriacus|Amaranthus hybridus erythrostachys,Q50914214|Q159191,Q50914214,2,Amaranthus hybridus subsp. cruentus,Amaranthus hybridus,subspecies of plant
11900191-n,Eurasian plant cultivated for its seed and as a forage crop,i99683,rape|colza|Brassica napus,Q50914900|Q177932,Q50914900,2,Brassica campestris subsp. napus,Brassica campestris,subspecies of plant
12918253-n,annual native to South America having underground stolons bearing edible starchy tubers; widely cultivated as a garden vegetable; vines are poisonous,i104549,potato|white potato|white potato vine|Solanum tuberosum,Q50921950|Q10998,Q50921950,2,Solanum tuberosum subsp. chiloense,potato,
11887175-n,plant of western North America having trifoliate leaves and white or pink spider-shaped flowers; sometimes used as an ornamental,i99625,Rocky Mountain bee plant|stinking clover|Cleome serrulata,Q19849781|Q5131677,Q5131677,2,Cleome serrulata,Cleome,species of plant
12647639-n,common shrub or small tree of the eastern United States having few thorns and white flowers in corymbs followed by bright orange-red berries,i103238,scarlet haw|Crataegus biltmoreana,Q92527415|Q5182549,Q5182549,2,Crataegus biltmoreana,,species of plant
12741114-n,a climber having flowers that are the color of canaries,i103694,canarybird flower|canarybird vine|canary creeper|Tropaeolum peregrinum,Q15603773|Q5477895,Q5477895,2,Tropaeolum peregrinum,Tropaeolum,species of plant
11746290-n,European anemone with solitary white flowers common in deciduous woodlands,i98954,wood anemone|Anemone nemorosa,Q55813553|Q161056,Q55813553,2,Anemonoides nemorosa,Anemonoides,species of plant
13203236-n,a spleenwort of eastern North America,i105927,mountain spleenwort|Asplenium montanum,Q55834740|Q4808134,Q55834740,2,Chamaefilix montana,Chamaefilix,species of plant
12397257-n,small heathlike plant covered with white down growing on beaches in northeastern North America,i102059,beach heather|poverty grass|Hudsonia tomentosa,Q55869003|Q3142179,Q55869003,2,Hudsonia ericoides subsp. tomentosa,Hudsonia ericoides,subspecies of plant
12151454-n,"tall North American reed having relative wide leaves and large plumelike panicles; widely distributed in moist areas; used for mats, screens and arrow shafts",i100902,ditch reed|common reed|carrizo|Phragmites communis,Q55934019|Q65945348,Q55934019,2,Phragmites australis subsp. pseudodonax,Phragmites australis,subspecies of plant
12396757-n,woody yellow-flowered perennial of southeastern United States,i102056,rush rose|Helianthemum scoparium,Q17570180|Q5704829,Q5704829,2,Helianthemum scoparium,Helianthemum,species of plant
12392750-n,large evergreen shrub or small tree having white aromatic bark and leathery leaves and small purple to red flowers in terminal cymes,i102038,wild cinnamon|white cinnamon tree|Canella winterana|Canella alba,Q2706419|Q5747460,Q5747460,2,Canella alba,Canella,species of plant
02124460-n,any domesticated member of the genus Felis,i46594,domestic cat|house cat|Felis domesticus|Felis catus,Q57818409|Q20980826,Q57818409,2,Felis silvestris catus,European wildcat,subspecies of mammal
11822360-n,birthwort of the eastern United States woodlands,i99316,Virginia snakeroot|Virginia serpentaria|Virginia serpentary|Aristolochia serpentaria,Q58380413|Q4791037,Q58380413,2,Endodeca serpentaria,Endodeca,
12183973-n,"bryony having fleshy roots pale green flowers and very small red berries; found in Europe, North Africa, western Asia",i101065,red bryony|wild hop|Bryonia dioica,Q58611551|Q163815,Q58611551,2,Bryonia cretica subsp. dioica,Bryonia cretica,subspecies of plant
12810737-n,woody climber of southeastern United States having white flowers in compound terminal clusters,i104035,decumary|Decumaria barbata|Decumaria barbara,Q58763080|Q15337547,Q58763080,2,Hydrangea barbara,Hydrangea,author:(L.) Bernd Schulz|rank:species
11741360-n,plant of ponds and slow streams having submerged and floating leaves and white flowers; Europe and North America,i98928,water crowfoot|water buttercup|Ranunculus aquatilis,Q58814094|Q162818,Q58814094,2,Batrachium aquatile,Batrachium,species of plant
13092131-n,a fungus with a white convex cap and arcuate white gills and a stalk that tapers toward the base,i105407,Hygrophorus borealis,Q21159506|Q59489281,Q59489281,2,Hygrophorus borealis,Hygrophorus,species of fungus
13025400-n,a mildly poisonous fungus with a fruiting body shaped like a hollow trumpet,i105082,floccose chanterelle|Cantharellus floccosus,Q2031545|Q59511989,Q59511989,2,Cantharellus floccosus,Cantharellus,species of fungus
13069692-n,a dingy yellow brown fungus with a rough stalk that superficially resembles a bolete,i105300,Gastroboletus scabrosus,Q10503330|Q59518784,Q59518784,2,Gastroboletus scabrosus,Gastroboletus,species of fungus
13042627-n,an edible white agaric that fruits in dense clusters; the gills are narrow and crowded and the stalk is fleshy and unpolished,i105171,Clitocybe subconnexa,Q10557728|Q59534250,Q59534250,2,Clitocybe subconnexa,Clitocybe,species of fungus
13035341-n,an agaric with a relatively small pink to red cap and white gills and stalk,i105133,Lepiota rubrotincta,Q19059353|Q59537348,Q59537348,2,Lepiota rubrotincta,Lepiota,species of fungus
12985680-n,fungus causing Dutch elm disease,i104893,Dutch elm fungus|Ceratostomella ulmi,Q2324137|Q59546811,Q59546811,2,Ceratostomella ulmi,Ceratostomella,species of fungus
13036269-n,fungus causing pink disease in citrus and coffee and rubber trees etc,i105138,pink disease fungus|Corticium salmonicolor,Q7982506|Q59548727,Q59548727,2,Corticium salmonicolor,Corticium,species of fungus
11998129-n,stout perennial herb of western United States having flower heads with drooping orange-yellow rays; causes spewing sickness in sheep,i100168,orange sneezeweed|owlclaws|Helenium hoopesii,Q5956675|Q38742382,Q5956675,2,Hymenoxys hoopesii,Hymenoxys,species of plant
02579672-n,"fish of western Atlantic and Gulf of Mexico, also known as the coolihoo (Caranx bartholomaei)",i49233,yellow jack|Caranx bartholomaei,Q1995094|Q60594032,Q60594032,2,Caranx bartholomaei,Caranx,species of fish
11644266-n,cedar of Lebanon and northwestern Syria that attains great age and height,i98459,cedar of Lebanon|Cedrus libani,Q93301790|Q61105,Q61105,2,Cedrus libani,Cedrus,species of plant
13024282-n,yellowish edible agaric that usually turns red when touched,i105075,blushing mushroom|blusher|Amanita rubescens,Q108559035|Q623485,Q623485,2,Amanita rubescens,Amanita,species of fungus
01946759-n,a large variety of conch,i45551,giant conch|Strombus gigas|Lobatus gigas,Q62603|Q23747451,Q62603,2,Lobatus gigas,Lobatus,species of mollusc
11735899-n,a water lily having large leaves and showy fragrant flowers that float on the water; of temperate and tropical regions,i98903,water nymph|fragrant water lily|pond lily|Nymphaea odorata,Q87635472|Q635853,Q635853,2,Nymphaea odorata,Nymphaea,aquatic plant belonging to the genus Nymphaea
11849273-n,rank-smelling tropical American pigweed,i99445,American wormseed|Mexican tea|Spanish tea|wormseed|Chenopodium ambrosioides,Q640032|Q15251066,Q640032,2,Dysphania ambrosioides,Dysphania sect. Adenois,species of plant
12657884-n,"low-growing perennial having leaves silvery beneath; northern United States, Europe, Asia",i103288,silverweed|goose-tansy|goose grass|Potentilla anserina,Q64061702|Q157815,Q64061702,2,Argentina anserina,Argentina,species of plant
12500961-n,a tuberous Mexican herb having grasslike leaves and cultivated for its spikes of highly fragrant lily-like waxy white flowers,i102545,tuberose|Polianthes tuberosa,Q64402156|Q17270998,Q64402156,2,Agave tuberosa,Agave,
12139907-n,stout perennial grass of western North America,i100838,giant ryegrass|Elymus condensatus|Leymus condensatus,Q6538092|Q32856001,Q6538092,2,Leymus condensatus,Leymus,species of plant
12876470-n,mint with leaves having perfume like that of the bergamot orange,i104352,bergamot mint|lemon mint|eau de cologne mint|Mentha citrata,Q65556563|Q2607185,Q65556563,2,Mentha aquatica var. citrata,Mentha aquatica,Variety of plant in the family Lamiaceae
11971346-n,shrubby annual of the Mediterranean region with yellowish-white flowers,i100033,crown daisy|Chrysanthemum coronarium,Q6585129|Q15627835,Q6585129,2,Glebionis coronaria,Glebionis,species of the genus Glebionis
12069006-n,orchid with reddish linear leaves and panicle of purple-marked pale-yellow flowers with deep red or purple lip; southwestern Australia,i100495,zebra orchid|Caladenia cairnsiana,Q65932938|Q9673398,Q65932938,2,Calonemorchis cairnsiana,Calonemorchis,
11667145-n,Australian conifer bearing two-inch seeds tasting like roasted chestnuts; among the aborigines the tree is hereditary property protected by law,i98572,bunya bunya|bunya bunya tree|Araucaria bidwillii,Q65934672|Q782275,Q65934672,2,Columbea bidwillii,Columbea,
12549054-n,small South American spiny tree with dark crimson and scarlet flowers solitary or clustered,i102760,ceibo|crybaby tree|cry-baby tree|common coral tree|Erythrina crista-galli,Q65934939|Q162849,Q65934939,2,Corallodendron crista-galli,Corallodendron,species of plant
12549725-n,prickly Australian coral tree having soft spongy wood,i102763,cork tree|Erythrina vespertilio,Q65934946|Q5396436,Q65934946,2,Corallodendron vespertilio,Corallodendron,species of plant
12501963-n,stemless plant having narrow rigid leaves often cultivated as a houseplant,i102550,mother-in-law's tongue|snake plant|Sansevieria trifasciata,Q65936984|Q5859273,Q65936984,2,Dracaena trifasciata,Dracaena,species of plant
12238368-n,tall shrub with cylindrical racemes of red flowers and pinnatifid leaves silky and grey beneath; eastern Australia,i101289,red-flowered silky oak|Grevillea banksii,Q65939934|Q138429,Q65939934,2,Hakea banksii,Hakea,species of plant
12238791-n,medium to tall fast-growing tree with orange flowers and feathery bipinnate leaves silky-hairy beneath; eastern Australia,i101291,silky oak|Grevillea robusta,Q65940436|Q1989614,Q65940436,2,Hakea robusta,Hakea,species of plant
12239007-n,tree yielding hard heavy reddish wood,i101292,beefwood|Grevillea striata,Q65940485|Q954138,Q65940485,2,Hakea striata,Hakea,species of plant
12274352-n,small shrub of southern and western Australia having pinkish to rosy purple tubular flowers,i101462,Port Jackson heath|Epacris purpurascens,Q65942827|Q15376759,Q65942827,2,Lysinema purpurascens,Lysinema,species of plant
11672827-n,large Australian tree with straight-grained yellow wood that turns brown on exposure,i98601,brown pine|Rockingham podocarp|Podocarpus elatus,Q65943052|Q2504953,Q65943052,2,Margbensonia elata,Margbensonia,
11652305-n,Arizona timber tree with bluish silvery foliage,i98497,Arizona cypress|Cupressus arizonica,Q65944113|Q670040,Q65944113,2,Neocupressus arizonica,Neocupressus,
11651610-n,small sometimes shrubby tree native to California; often used as an ornamental; in some classification systems includes the pygmy cypress and the Santa Cruz cypress,i98494,gowen cypress|Cupressus goveniana,Q65944114|Q287544,Q65944114,2,Neocupressus goveniana,Neocupressus,
11652827-n,tall spreading evergreen found in Mexico having drooping branches; believed to have been introduced into Portugal from Goa,i98500,Mexican cypress|cedar of Goa|Portuguese cypress|Cupressus lusitanica,Q65944116|Q1308561,Q65944116,2,Neocupressus lusitanica,Neocupressus,
11652618-n,tall California cypress endemic on Monterey Bay; widely used for ornament as well as reforestation and shelterbelt planting,i98499,Monterey cypress|Cupressus macrocarpa,Q65944117|Q1137183,Q65944117,2,Neocupressus macrocarpa,Neocupressus,
12918101-n,North American nightshade with prickly foliage and racemose yellow flowers,i104548,buffalo bur|Solanum rostratum,Q65944342|Q1788430,Q65944342,2,Nycterium rostratum,Nycterium,species of plant
12151454-n,"tall North American reed having relative wide leaves and large plumelike panicles; widely distributed in moist areas; used for mats, screens and arrow shafts",i100902,ditch reed|common reed|carrizo|Phragmites communis,Q55934019|Q65945348,Q65945348,2,Phragmites communis,Phragmites,
12646431-n,climbing evergreen shrub with white flowers and red berries; often used as ground cover,i103233,Cotoneaster dammeri,Q65946889|Q159655,Q65946889,2,Pyrus dammeri,Pyrus,species of plant
12646584-n,deciduous flat-growing shrub with a fanned herringbone pattern and having reddish flowers and orange-red berries; used as a ground cover,i103234,Cotoneaster horizontalis,Q65946893|Q159650,Q65946893,2,Pyrus horizontalis,Pyrus,species of plant
11915239-n,Eurasian plant widely cultivated for its edible pungent root usually eaten raw,i99758,radish|Raphanus sativus,Q65956553|Q7224565,Q65956553,2,Raphanus raphanistrum subsp. sativus,Raphanus raphanistrum,
12357103-n,medium-sized swamp gum of New South Wales and Victoria,i101863,mountain swamp gum|Eucalyptus camphora,Q66115606|Q12839325,Q66115606,2,Eucalyptus ovata var. camphora,Eucalyptus ovata,
12239806-n,shrub with pungent rigid needle-shaped leaves and white flowers; eastern Australia,i101296,needlebush|needle-bush|needle bush|Hakea lissosperma,Q66116230|Q18079936,Q66116230,2,Hakea tenuifolia var. lissosperma,Hakea tenuifolia,
02321960-n,a sea urchin that can be eaten,i47737,edible sea urchin|Echinus esculentus,Q124657158|Q664443,Q664443,2,Echinus esculentus,Echinus,species of echinoderm
11652305-n,Arizona timber tree with bluish silvery foliage,i98497,Arizona cypress|Cupressus arizonica,Q65944113|Q670040,Q670040,2,Cupressus arizonica,Cupressus,species of plant
12038322-n,western American goldenrod with long narrow clusters of small yellow flowers,i100361,narrow goldenrod|Solidago spathulata,Q67197476|Q15567522,Q67197476,2,Solidago simplex var. spathulata,Solidago simplex,
11778320-n,tropical American thorny shrub or small tree; fragrant yellow flowers used in making perfumery,i99108,huisache|cassie|mimosa bush|sweet wattle|sweet acacia|scented wattle|flame tree|Acacia farnesiana,Q67453964|Q932729,Q67453964,2,Mimosa pedunculata (Willd.) Poir. (1810).,Mimosa,species of plant
13022126-n,coarse edible mushroom with a hollow stem and a broad white cap,i105065,horse mushroom|Agaricus arvensis,Q108691770|Q690801,Q690801,2,Agaricus arvensis,Agaricus,species of fungus
12277437-n,evergreen with rounded leaves and very fragrant creamy-white flowers; widely distributed in northern parts of Old and New Worlds,i101477,wild lily of the valley|Pyrola rotundifolia,Q38908718|Q692248,Q692248,2,Pyrola rotundifolia,Pyrola,species of plant
11847184-n,South American plant having green to purple or red branches with green to purple ornamental foliage and spikes of insignificant woolly flowers with dry membranous bracts,i99436,beefsteak plant|beef plant|Iresine herbstii|Iresine reticulata,Q69537690|Q310558,Q69537690,2,Iresine diffusa f. herbstii,Iresine diffusa,form of plants
11993428-n,weedy perennial of north temperate regions having woolly foliage and dirty white flowers in a leafy spike,i100145,chafeweed|wood cudweed|Gnaphalium sylvaticum,Q7089517|Q1848151,Q7089517,2,Omalotheca sylvatica,Omalotheca,species of plant
12032580-n,American ragwort with yellow flowers,i100332,butterweed|ragwort|Senecio glabellus,Q7122962|Q15598537,Q7122962,2,Packera glabella,Packera,species of plant
12200685-n,shrubby tree widely distributed along tropical shores; yields a light tough wood used for canoe outriggers and a fiber used for cordage and caulk; often cultivated for ornament,i101141,mahoe|majagua|mahagua|balibago|purau|Hibiscus tiliaceus,Q715899|Q15768656,Q715899,2,Talipariti tiliaceum,Talipariti,synonym of Hibiscus tiliaceus
11954197-n,common much-branched North American perennial with heathlike foliage and small starry white flowers,i99931,heath aster|Aster ericoides,Q7160573|Q21871614,Q7160573,2,Symphyotrichum ericoides,Symphyotrichum,Species of flowering plant in family Asteraceae
12009556-n,fall-blooming European herb with a yellow flower; naturalized in the United States,i100224,fall dandelion|arnica bud|Leontodon autumnalis,Q43064408|Q717067,Q717067,2,Leontodon autumnalis,Leontodon,species of plant
11670881-n,small shrubby celery pine of New Zealand,i98592,Alpine celery pine|Phyllocladus alpinus,Q33125492|Q7188675,Q7188675,2,Phyllocladus alpinus,Phyllocladus,species of plant
12545138-n,greyish-green shrub of desert regions of southwestern United States and Mexico having sparse foliage and terminal spikes of bluish violet flowers; locally important as source of a light-colored honey of excellent flavor,i102742,smoke tree|Dalea spinosa,Q7256142|Q39169915,Q7256142,2,Psorothamnus spinosus,Psorothamnus,species of plant
13236156-n,large Australasian evergreen fern with an edible rhizome sometimes used as a vegetable by indigenous people,i106092,potato fern|Marattia salicina,Q7257082|Q27828610,Q7257082,2,Ptisana salicina,Ptisana,species of fern
01643847-n,wide-ranging light-brown frog of moist North American woodlands especially spruce,i43937,wood-frog|wood frog|Rana sylvatica|Lithobates sylvaticus,Q4666317|Q72725,Q72725,2,Rana sylvatica,Rana,species of amphibian
13082231-n,a jelly fungus with a fruiting body 5-15 cm broad and gelatinous in consistency; resembles a bunch of leaf lettuce; mostly water and brownish in color,i105358,Tremella foliacea,Q73413492|Q882168,Q73413492,2,Phaeotremella foliacea,Phaeotremella,species of fungus
02609381-n,a blue and yellow damselfish of Bermuda and Florida and the West Indies,i49408,beaugregory|Pomacentrus leucostictus,Q738910|Q106410671,Q738910,2,Stegastes leucostictus,Stegastes,species of fish
13076709-n,a poisonous fungus with a dingy yellow cap and orange red undersurface and a cylindrical reticulate stalk,i105330,Boletus luridus,Q752494|Q41597775,Q752494,2,Suillellus luridus,Suillellus,species of fungus
01571533-n,yellow-throated American wood warbler,i43519,yellow warbler|golden warbler|yellowbird|Dendroica petechia,Q21962227|Q754042,Q754042,2,Dendroica petechia,Dendroica,species of bird
01458102-n,confined to rivers,i42951,ten-spined stickleback|Gasterosteus pungitius,Q754894|Q109538522,Q754894,2,ninespine stickleback,Pungitius,species of fish
12352172-n,Australian tree with sour red fruit,i101837,sour cherry|Eugenia corynantha,Q7663973|Q39286715,Q7663973,2,Syzygium corynanthum,Syzygium,species of plant
11667145-n,Australian conifer bearing two-inch seeds tasting like roasted chestnuts; among the aborigines the tree is hereditary property protected by law,i98572,bunya bunya|bunya bunya tree|Araucaria bidwillii,Q65934672|Q782275,Q782275,2,Araucaria bidwillii,Araucaria sect. Araucaria,species of conifer
13244486-n,"a variety of club moss, with the common names Creeping Jenny or Northern Running-pine (Lycopodium complanatum)",i106135,ground cedar|staghorn moss|Lycopodium complanatum,Q787930|Q21976241,Q787930,2,Diphasiastrum complanatum,Diphasiastrum,species of plant
12269811-n,small branching blueberry common in marshy areas of the eastern United States having greenish or yellowish unpalatable berries reputedly eaten by deer,i101440,deerberry|squaw huckleberry|Vaccinium stamineum,Q15386677|Q7907970,Q7907970,2,Vaccinium stamineum,Vaccinium,species of plant
11976001-n,annual of Mediterranean to Portugal having hairy stems and minutely spiny-toothed leaves and large heads of yellow flowers,i100058,blessed thistle|sweet sultan|Cnicus benedictus,Q792835|Q15548577,Q792835,2,Centaurea benedicta,Centaurea,species of Asteraceae in the genus Centaurea
12435777-n,similar to blue flag; the eastern United States,i102243,southern blue flag|Iris virginica,Q92937551|Q7934335,Q7934335,2,Virginia Iris,Iris,species of plant
13036269-n,fungus causing pink disease in citrus and coffee and rubber trees etc,i105138,pink disease fungus|Corticium salmonicolor,Q7982506|Q59548727,Q7982506,2,Phanerochaete salmonicolor,Phanerochaete,species of fungus
12017629-n,herb of northeastern North America having drooping clusters of yellowish-white flowers; sometimes placed in genus Prenanthes,i100264,white lettuce|cankerweed|Nabalus alba|Prenanthes alba,Q41778118|Q7995681,Q7995681,2,White rattlesnake root,Prenanthes,species of plant
12622566-n,annual with broadly ovate leaves and slender drooping spikes of crimson flowers; southeastern Asia and Australia; naturalized in North America,i103112,prince's-feather|princess feather|kiss-me-over-the-garden-gate|prince's-plume|Polygonum orientale,Q164344|Q80352483,Q80352483,2,Polygonum orientale,Polygonum,species of plant
11954708-n,early-flowering perennial of southern and southeastern Europe with flower heads resembling those of goldenrod,i99934,goldilocks|goldilocks aster|Aster linosyris|Linosyris vulgaris,Q80691167|Q15630423,Q80691167,2,Galatella linosyris var. armoricana,Galatella linosyris,
13057667-n,a discina with a flat or saucer-shaped fertile body that is brown on the upper surface; has a short stalk; not recommended for eating,i105244,Discina macrospora,Q107718019|Q80914340,Q80914340,2,Discina macrospora,Discina,
13057072-n,a helvella with an irregularly convoluted cap that is dark brown when young and becomes dull grey with age; the lower surface of the cap is smooth and pale grey; the stalk is thick and deeply fluted,i105241,Helvella sulcata,Q108607218|Q80915422,Q80915422,2,Helvella sulcata,Helvella,
11850391-n,herb considered fatal to swine,i99450,sowbane|red goosefoot|Chenopodium hybridum,Q17398481|Q810563,Q810563,2,Chenopodium hybridum,Chenopodium,species of plant
12203132-n,arborescent perennial shrub having palmately lobed furry leaves and showy red-purple flowers; southwestern United States,i101152,tree mallow|velvetleaf|velvet-leaf|Lavatera arborea,Q12210226|Q811549,Q811549,2,Lavatera arborea,Lavatera,species of plant
12417936-n,source of e.g. bhang and hashish as well as fiber,i102160,Indian hemp|Cannabis indica,Q8262024|Q2936421,Q8262024,2,Cannabis sativa subsp. indica,Cannabis sativa,subspecies of plant
12272900-n,plant of southeastern United States having solitary white funnel-shaped flowers flushed with pink and large glossy green leaves that turn bronze-red in fall,i101455,oconee bells|Shortia galacifolia,Q15394339|Q867748,Q867748,2,Shortia galacifolia,Shortia,species of plant
12589542-n,small Dominican tree bearing masses of large crimson flowers before the fine pinnate foliage emerges,i102949,carib wood|Sabinea carinalis,Q15542654|Q87585867,Q87585867,2,Sabinea carinalis,Sabinea,species of plant
11967898-n,annual of southwestern United States cultivated for its purple flower heads and its bracts that resemble small baskets,i100017,basket flower|Centaurea americana,Q468566|Q87598685,Q87598685,2,Centaurea americana,Centaurea,
12182698-n,plant bearing squash having globose to ovoid fruit with variously striped grey and green and white warty rinds,i101059,cushaw|Cucurbita mixta|Cucurbita argyrosperma,Q311251|Q87618253,Q87618253,2,Cucurbita mixta,Cucurbita,species of plant
12764112-n,tree of southeastern Asia to Australia grown primarily for its sweet edible fruit resembling litchi nuts; sometimes placed in genera Euphorbia or Nephelium,i103802,longan|lungen|longanberry|Dimocarpus longan|Euphorbia litchi|Nephelium longana,Q87620602|Q193449,Q87620602,2,Nephelium longan,Nephelium,species of plant
12940964-n,tropical American plant having poisonous milk and showy tapering usually scarlet petallike leaves surrounding small yellow flowers,i104658,poinsettia|Christmas star|Christmas flower|lobster plant|Mexican flameleaf|painted leaf|Euphorbia pulcherrima,Q87624187|Q208253,Q87624187,2,Poinsettia pulcherrima,Poinsettia,species of plant
12143242-n,tall European perennial grass having a velvety stem; naturalized in United States and used for forage,i100857,velvet grass|Yorkshire fog|Holcus lanatus,Q87628221|Q158110,Q87628221,2,Notholcus lanatus,Notholcus,
12564331-n,perennial widely planted as for forage and as hay crop especially on poor land,i102830,sericea lespedeza|Lespedeza sericea|Lespedeza cuneata,Q5364126|Q87631206,Q87631206,2,Lespedeza sericea,Lespedeza,species of plant
12765147-n,Chinese tree cultivated especially in Philippines and India for its edible fruit; sometimes placed in genus Nephelium,i103808,litchi|lichee|litchi tree|Litchi chinensis|Nephelium litchi,Q13182|Q87631717,Q87631717,2,Nephelium litchi,Nephelium,species of plant
11735899-n,a water lily having large leaves and showy fragrant flowers that float on the water; of temperate and tropical regions,i98903,water nymph|fragrant water lily|pond lily|Nymphaea odorata,Q87635472|Q635853,Q87635472,2,Castalia odorata,Castalia,
12679069-n,Eurasian tree with orange-red berrylike fruits,i103392,rowan|rowan tree|European mountain ash|Sorbus aucuparia,Q87645461|Q146198,Q87645461,2,Pyrus aucuparia,Pyrus,species of plant
12679364-n,a variety of mountain ash,i103394,American mountain ash|Sorbus americana,Q87645487|Q285587,Q87645487,2,Pyrus americana,Pyrus,species of plant
12044195-n,common perennial aromatic herb native to Eurasia having buttonlike yellow flower heads and bitter-tasting pinnate leaves sometimes used medicinally,i100391,tansy|golden buttons|scented fern|Tanacetum vulgare,Q87647183|Q27079,Q87647183,2,Chrysanthemum vulgare,Chrysanthemum,species of plant
13082231-n,a jelly fungus with a fruiting body 5-15 cm broad and gelatinous in consistency; resembles a bunch of leaf lettuce; mostly water and brownish in color,i105358,Tremella foliacea,Q73413492|Q882168,Q882168,2,Tremella foliacea,Tremella,species of fungus
12879913-n,annual of southern United States,i104370,plains lemon monarda|Monarda pectinata,Q89028606|Q15343760,Q89028606,2,Monarda citriodora var. pectinata,Monarda citriodora,
13230358-n,lip fern of Texas to Oklahoma and Colorado and Arizona and Mexico having tall erect tufted fronds,i106062,southwestern lip fern|Cheilanthes eatonii,Q89139268|Q15610746,Q89139268,2,Hemionitis eatonii,Hemionitis,species of fern
11927386-n,Chinese perennial having mauve-pink to bright sky blue flowers in drooping cymes,i99819,blue poppy|Meconopsis betonicifolia,Q89185886|Q3083496,Q89185886,2,Papaver betonicifolium,Papaver,species of plant
12747430-n,willow with long drooping branches and slender leaves native to China; widely cultivated as an ornamental,i103721,weeping willow|Babylonian weeping willow|Salix babylonica,Q89245133|Q156307,Q89245133,2,Salix pendulina f. salamonii,Salix × pendulina,
11937165-n,"ubiquitous strong-scented mat-forming Eurasian herb of wasteland, hedgerow or pasture having narrow serrate leaves and small usually white florets; widely naturalized in North America",i99848,yarrow|milfoil|Achillea millefolium,Q90395482|Q25408,Q90395482,2,Achillea ceretanica,Achillea,species of plant
11844041-n,young leaves widely used as leaf vegetables; seeds used as cereal,i99421,love-lies-bleeding|velvet flower|tassel flower|Amaranthus caudatus,Q90405797|Q162791,Q90405797,2,Amaranthus hybridus subsp. caudatus,Amaranthus hybridus,
12007980-n,European annual wild lettuce having prickly stems; a troublesome weed in parts of United States,i100216,prickly lettuce|horse thistle|Lactuca serriola|Lactuca scariola,Q90471886|Q533481,Q90471886,2,Lactuca sativa subsp. serriola,Lactuca sativa,
11745949-n,common summer-flowering woodland herb of Labrador to Colorado,i98952,Canada anemone|Anemone canadensis,Q91249630|Q2198861,Q91249630,2,Anemonastrum canadense,Anemonastrum,species of plant
11854741-n,fleshy maritime plant having fleshy stems with rudimentary scalelike leaves and small spikes of minute flowers; formerly used in making glass,i99474,glasswort|samphire|Salicornia europaea,Q91347795|Q27943,Q91347795,2,Salicornia ×marshallii,Salicornia,species of plant
12436100-n,bulbous iris of western Mediterranean region having usually violet-purple flowers,i102245,Spanish iris|xiphium iris|Iris xiphium,Q91363501|Q1505610,Q91363501,2,Xiphion xiphium,Xiphion,
12812550-n,climbing shrub with adhesive aerial roots having opposite leaves and small white flowers in terminal cymes; Himalayas to Taiwan and Japan,i104043,climbing hydrangea|Schizophragma hydrangeoides,Q92191445|Q11287263,Q92191445,2,Hydrangea hydrangeoides,Hydrangea,species of plant in the genus Hydrangea
12863904-n,mint-scented perennial of central and southern Europe,i104289,common calamint|Calamintha sylvatica|Satureja calamintha officinalis,Q92346932|Q32979672,Q92346932,2,Clinopodium nepeta subsp. sylvaticum,,
11803347-n,putrid-smelling aroid of southeastern Asia (especially the Philippines) grown for its edible tuber,i99221,pungapung|telingo potato|elephant yam|Amorphophallus paeonifolius|Amorphophallus campanulatus,Q9248988|Q37247507,Q9248988,2,Amorphophallus paeoniifolius var. campanulatus,Amorphophallus paeoniifolius,variety of plant
12647639-n,common shrub or small tree of the eastern United States having few thorns and white flowers in corymbs followed by bright orange-red berries,i103238,scarlet haw|Crataegus biltmoreana,Q92527415|Q5182549,Q92527415,2,Crataegus intricata var. biltmoreana,Crataegus intricata,
12456595-n,European leek naturalized in Great Britain; leaves are triangular,i102339,three-cornered leek|triquetrous leek|Allium triquetrum,Q92558489|Q1532690,Q92558489,2,Nectaroscordum triquetrum,Nectaroscordum,
12456154-n,pungent Old World weedy plant,i102336,wild garlic|wood garlic|ramsons|Allium ursinum,Q92558539|Q130882,Q92558539,2,Nectaroscordum ursinum,Nectaroscordum,
12115929-n,trailing European evergreen with yellow flowers,i100717,yellow pimpernel|Lysimachia nemorum,Q92620183|Q162496,Q92620183,2,Anagallis nemorum,Anagallis,species of plant
01947784-n,serious garden pest having a brown shell with paler zigzag markings; nearly cosmopolitan in distribution,i45557,brown snail|Helix aspersa|Cornu aspersum,Q22019793|Q927080,Q927080,2,Helix aspersa,Helix,species of mollusc
11652436-n,relatively low wide-spreading endemic on Guadalupe Island; cultivated for its bluish foliage,i98498,Guadalupe cypress|Cupressus guadalupensis,Q92734748|Q1552597,Q92734748,2,Neocupressus guadalupensis,Neocupressus,
12064142-n,Eurasian orchid with showy pink or purple flowers in a loose spike,i100469,male orchis|early purple orchid|Orchis mascula,Q92740849|Q157435,Q92740849,2,Orchis mascula f. albiflora,Orchis mascula,
12435594-n,a common iris of the eastern United States having blue or blue-violet flowers; root formerly used medicinally,i102242,blue flag|Iris versicolor,Q92937504|Q164844,Q92937504,2,Limniris versicolor,Limniris,
12435777-n,similar to blue flag; the eastern United States,i102243,southern blue flag|Iris virginica,Q92937551|Q7934335,Q92937551,2,Limniris virginica,Limniris,
12932200-n,annual of Mexico and southern United States having edible purplish viscid fruit resembling small tomatoes,i104617,tomatillo|jamberry|Mexican husk tomato|Physalis ixocarpa,Q92954215|Q15532679,Q92954215,2,Physalis philadelphica subsp. ixocarpa,Physalis philadelphica,
11682360-n,predominant yew in Europe; extraordinarily long-lived and slow growing; one of the oldest species in the world,i98648,Old World yew|English yew|Taxus baccata,Q92968108|Q179729,Q92968108,2,Taxus canadensis var. adpressa,Taxus canadensis,
11683036-n,small bushy yew of northern Florida having spreading branches and very narrow leaves,i98651,Florida yew|Taxus floridana,Q92968239|Q1430041,Q92968239,2,Taxus globosa var. floridana,Taxus globosa,
12527496-n,perennial Eurasian herb having heads of red or yellow flowers and common in meadows and pastures; formerly used medicinally for kidney disorders,i102656,kidney vetch|Anthyllis vulneraria,Q92988397|Q126256,Q92988397,2,Anthyllis vulneraria subsp. versicolor,Anthyllis vulneraria,
12153668-n,tough Asiatic grass whose culms are used for ropes and baskets,i100912,munj|munja|Saccharum bengalense|Saccharum munja,Q93077342|Q12845384|Q3630865,Q93077342,3,Tripidium bengalense,Tripidium,species of plant
11746738-n,Eurasian herb with solitary nodding fragrant white flowers,i98957,snowdrop anemone|snowdrop windflower|Anemone sylvestris,Q93124828|Q157358,Q93124828,2,,,
12434147-n,iris with purple flowers and foul-smelling leaves; southern and western Europe and North Africa,i102233,stinking iris|gladdon|gladdon iris|stinking gladwyn|roast beef plant|Iris foetidissima,Q93186409|Q2484930,Q93186409,2,Xyridion foetidissimum,Xyridion,
12498488-n,Mexican plant used especially for making tequila,i102533,Agave tequilana,Q93242898|Q311065,Q93242898,2,Agave angustifolia subsp. tequilana,Agave angustifolia,
11778320-n,tropical American thorny shrub or small tree; fragrant yellow flowers used in making perfumery,i99108,huisache|cassie|mimosa bush|sweet wattle|sweet acacia|scented wattle|flame tree|Acacia farnesiana,Q67453964|Q932729,Q932729,2,Acacia farnesiana,Acacia,species of plant
12083282-n,orchid growing along streams or ponds of western North America having leafy stems and 1 greenish-brown and pinkish flower in the axil of each upper leaf,i100559,stream orchid|chatterbox|giant helleborine|Epipactis gigantea,Q93296656|Q2221912,Q93296656,2,Arthrochilium giganteum,Arthrochilium,
11644266-n,cedar of Lebanon and northwestern Syria that attains great age and height,i98459,cedar of Lebanon|Cedrus libani,Q93301790|Q61105,Q93301790,2,Cedrus libani f. glauca,Cedrus libani,
11872497-n,cactus having yellow flowers and purple fruits,i99558,nopal|Opuntia lindheimeri,Q93313162|Q14955003,Q93313162,2,Opuntia engelmannii subsp. lindheimeri,Opuntia engelmannii,
12084890-n,European orchid having dense spikes of fragrant pink or lilac or red flowers with conspicuous spurs,i100566,fragrant orchid|Gymnadenia conopsea,Q93377046|Q157442,Q93377046,2,Gymnadenia conopsea subsp. serotina,Gymnadenia conopsea,
11631274-n,five-needled pinon of southern California and northern Baja California having (sometimes three-needled or four-needled showing hybridization from Pinus californiarum),i98396,Parry's pinyon|Pinus quadrifolia|Pinus parryana,Q93383212|Q3506492,Q93383212,2,Pinus cembroides var. quadrifolia,Pinus cembroides,
12968304-n,common North American shrub with reddish purple twigs and white flowers,i104796,red osier|red osier dogwood|red dogwood|American dogwood|redbrush|Cornus stolonifera,Q93392546|Q50831688,Q93392546,2,Swida alba subsp. stolonifera,Cornus alba,
12434834-n,European iris having soft lilac-blue flowers,i102237,Dalmatian iris|Iris pallida,Q93431036|Q161347,Q93431036,2,Iris germanica subsp. pallida,Iris x germanica,
12163732-n,hard red wheat grown especially in Russia and Germany; in United States as stock feed,i100964,emmer|starch wheat|two-grain spelt|Triticum dicoccum,Q93448071|Q167339,Q93448071,2,Triticum turgidum subsp. georgicum,Triticum turgidum,
11731296-n,American deciduous magnolia having large leaves and fruit like a small cucumber,i98882,cucumber tree|Magnolia acuminata,Q93448763|Q1249099,Q93448763,2,Yulania acuminata,Yulania,
12365354-n,evening-opening primrose of south central United States,i101907,Missouri primrose|Ozark sundrops|Oenothera macrocarpa,Q15330425|Q9373395,Q9373395,2,Oenothera macrocarpa,Oenothera,species of plant
11838740-n,low-growing north temperate herb having small white star-shaped flowers; named for its alleged ability to ease sharp pains in the side,i99396,stitchwort|greater stitchwort|starwort|Stellaria holostea,Q94303275|Q157452,Q94303275,2,Rabelera holostea,Rabelera,species of plant
11871387-n,small clustering cactus of southwestern United States; a threatened species,i99552,Knowlton's cactus|Pediocactus knowltonii,Q94384402|Q150706,Q94384402,2,Pediocactus simpsonii var. knowltonii,Pediocactus simpsonii,
11839105-n,European annual with pale rose-colored flowers; cultivated flower or self-sown grainfield weed; introduced in North America; sometimes classified as a soapwort,i99398,cowherb|cow cockle|Vaccaria hispanica|Vaccaria pyramidata|Saponaria vaccaria,Q94409869|Q50877763,Q94409869,2,Vaccaria hispanica subsp. pyramidata,Vaccaria hispanica,
12672372-n,Old World tree having sweet gritty-textured juicy fruit; widely cultivated in many varieties,i103361,pear|pear tree|Pyrus communis,Q94442924|Q146281,Q94442924,2,Pyrus ×dasyphylla,Pyrus,species of plant
12239007-n,tree yielding hard heavy reddish wood,i101292,beefwood|Grevillea striata,Q65940485|Q954138,Q954138,2,Grevillea striata,Grevillea,species of plant
11860536-n,California four o'clock with purple-red flowers,i99502,California four o'clock|Mirabilis laevis|Mirabilis californica,Q50859393|Q95945753|Q4295494,Q95945753,3,Mirabilis californica,Mirabilis,species of plant
11951257-n,perennial cottony-white herb of southwestern United States,i99918,western mugwort|white sage|cudweed|prairie sage|Artemisia ludoviciana|Artemisia gnaphalodes,Q42681972|Q95983836|Q2716821,Q95983836,3,Artemisia gnaphalodes,Artemisia,species of plant
11937876-n,flower of southwestern Australia having bright pink daisylike papery flowers; grown for drying,i99851,pink-and-white everlasting|pink paper daisy|Acroclinium roseum,Q3429583|Q96012655,Q96012655,2,Acroclinium roseum,Acroclinium,species of plant
13077367-n,a beautiful but poisonous bolete; has a brown cap with a scarlet pore surface and a thick reticulate stalk,i105333,Boletus pulcherrimus,Q96776498|Q4094251,Q96776498,2,Rubroboletus pulcherrimus,Rubroboletus,Species of mushroom
13077559-n,an edible fungus with a broadly convex blackish brown cap and a pore surface that is yellow when young and darkens with age; stalk is thick and enlarges toward the base,i105334,Boletus pulverulentus,Q41596453|Q976933,Q976933,2,Boletus pulverulentus,Boletus,species of fungus
12651760-n,North American wild strawberry with sweet scarlet fruit; a source of many cultivated strawberries,i103258,Virginia strawberry|scarlet strawberry|Fragaria virginiana,Q15545616|Q978247,Q978247,2,Virginia strawberry,Fragaria,species of plant
11564466-n,a common liverwort,i98262,hepatica|Marchantia polymorpha,Q15348827|Q992846,Q992846,2,Marchantia polymorpha,Marchantia,species of liverwort