wn_synset,wn_definition,wn_ili,wn_members,wn_wd_qid
01344517-n,prokaryotic bacteria and blue-green algae and various primitive pathogens; because of lack of consensus on how to divide the organisms into phyla informal names are used for the major divisions,i42409,Monera|kingdom Monera|Prokayotae|kingdom Prokaryotae,Q97263158
01354094-n,a genus of helical or curved or straight aerobic bacteria with rounded ends and multiple flagella; found in the gastric mucosa of primates (including humans),i42431,Helicobacter|genus Helicobacter,Q134684
01354329-n,the type species of genus Heliobacter; produces urease and is associated with several gastroduodenal diseases (including gastritis and gastric ulcers and duodenal ulcers and other peptic ulcers),i42432,Helicobacter pylori|H. pylori,Q180556
01356573-n,a species of Gram-negative aerobic bacteria that produce gas and acid from sugars and are sometimes involved in the souring of milk,i42439,Aerobacter aerogenes,Q115944464
01356790-n,a small family of rod-shaped bacteria,i42440,Rhizobiaceae|family Rhizobiaceae,Q2462359
01356965-n,the type genus of Rhizobiaceae; usually occur in the root nodules of legumes; can fix atmospheric oxygen,i42441,Rhizobium|genus Rhizobium,Q830142
01358727-n,one of two usually recognized orders of true bacteria; Gram-positive spherical or rod-shaped forms; some are motile; in some classifications considered an order of Schizomycetes,i42446,Eubacteriales|order Eubacteriales,Q116698041
01359100-n,typically rod-shaped usually Gram-positive bacteria that produce endospores,i42447,Bacillaceae|family Bacillaceae,Q149098
01360776-n,a former classification,i42455,Schizomycetes|class Schizomycetes,Q21447348
01360900-n,"photosynthetic bacteria found in fresh and salt water, having chlorophyll a and phycobilins; once thought to be algae: blue-green algae",i42456,class Cyanobacteria|Cyanophyceae|class Cyanophyceae,Q21442543
01361711-n,blue-green algae,i42459,Nostocaceae|family Nostocaceae,Q1771045
01362129-n,blue green algae,i42462,Oscillatoriaceae|family Oscillatoriaceae,Q15489312
01362971-n,one of two usually recognized orders of true bacteria; Gram-negative spiral or spherical or rod-shaped bacteria usually motile by polar flagella; some contain photosynthetic pigments,i42467,Pseudomonadales|order Pseudomonadales,Q133966
01363353-n,rod-shaped Gram-negative bacteria; include important plant and animal pathogens,i42468,Pseudomonodaceae|family Pseudomonodaceae,Q138058
01363578-n,type genus of the family Pseudomonodaceae,i42469,Pseudomonas|genus Pseudomonas,Q131143
01364614-n,usually rod-shaped bacteria that oxidize ammonia or nitrites: nitrobacteria,i42475,Nitrobacteriaceae|family Nitrobacteriaceae,Q7041456
01364837-n,rod-shaped soil bacteria,i42476,Nitrobacter|genus Nitrobacter,Q146274
01365410-n,free-living coccoid to rod-shaped bacteria that derive energy from oxidizing sulfur or sulfur compounds,i42480,Thiobacteriaceae|family Thiobacteriaceae,Q134834
01365640-n,a genus of motile rod-shaped gram-negative bacteria that metabolizes sulphur (Thiobacillus),i42481,genus Thiobacillus,Q2421263
01366064-n,rigid spirally curved elongate bacteria,i42484,Spirillaceae|family Spirillaceae,Q7577827
01367228-n,family of bacteria living usually in the alimentary canal or on mucous surfaces of warm-blooded animals; sometimes associated with acute infective processes,i42492,Bacteroidaceae|family Bacteroidaceae,Q4840030
01367963-n,the species of bacteria that causes granuloma inguinale,i42495,Calymmatobacterium granulomatis,Q62895839
01368325-n,the type species of the genus Francisella and the causal agent of tularemia in humans; can be used as a bioweapon,i42497,Francisella tularensis,Q1003460
01368656-n,a large family of mostly Gram-positive and aerobic and nonmotile rod-shaped bacteria of the order Eubacteriales,i42499,Corynebacteriaceae|family Corynebacteriaceae,Q15932755
01370071-n,a large family of Gram-negative rod-shaped bacteria of the order Eubacteriales,i42506,Enterobacteriaceae|family Enterobacteriaceae,Q380136
01372460-n,the type species of the genus Serratia; a species found in water and soil and milk and foods and insects; can cause infections of the endocardium and blood and wounds and urinary tract and respiratory tract; has been tested as a bioweapon,i42519,Serratia marcescens,Q140004
01373554-n,pleomorphic Gram-negative microorganisms,i42526,Rickettsiales|order Rickettsiales,Q136644
01375013-n,Gram-negative parasites in warm-blooded vertebrates,i42534,Chlamydiaceae|family Chlamydiaceae,Q13474598
01375185-n,type genus of the family Chlamydiaceae: disease-causing parasites,i42535,genus Chlamydia,Q846309
01375913-n,coextensive with the family Mycoplasmataceae,i42539,Mycoplasmatales|order Mycoplasmatales,Q3869074
01376081-n,pleomorphic Gram-negative nonmotile microorganism similar to both viruses and bacteria; parasitic in mammals,i42540,Mycoplasmataceae|family Mycoplasmataceae,Q136808
01379442-n,a family of bacteria containing tuberculosis (Mycobacterium tuberculosis) and the classic Hansen's strain of leprosy (Mycobacterium leprae) (Mycobacteriaceae),i42559,Mycobacteriaceae|family Mycobacteriaceae,Q3331319
01380547-n,an order of higher bacteria,i42568,order Myxobacteria|Myxobacterales|order Myxobacterales|Myxobacteriales|order Myxobacteriales,Q99299816
01380778-n,bacteria living mostly in soils and on dung,i42569,Polyangiaceae|family Polyangiaceae|Myxobacteriaceae|family Myxobacteriaceae,Q21226524
01380987-n,type genus of the family Polyangiaceae: myxobacteria with rounded fruiting bodies enclosed in a membrane,i42570,Polyangium|genus Polyangium,Q26271235
01381441-n,spherical or elliptical usually aerobic eubacteria that produce yellow or orange or red pigment; includes toxin-producing forms as well as harmless commensals and saprophytes,i42572,Micrococcaceae|family Micrococcaceae,Q1365581
01381757-n,type genus of the family Micrococcaceae,i42573,Micrococcus|genus Micrococcus,Q1954952
01382277-n,lactic acid bacteria and important pathogens; bacteria that ferment carbohydrates chiefly into lactic acid,i42576,Lactobacillaceae|family Lactobacillaceae|Lactobacteriaceae|family Lactobacteriaceae,Q578677
01384914-n,small spirochetes some parasitic or pathogenic,i42590,Treponemataceae|family Treponemataceae,Q110107986
01389135-n,"in most modern classifications, replacement for the Protista; includes: Protozoa, Euglenophyta, Chlorophyta, Cryptophyta, Heterokontophyta, Rhodophyta, unicellular protists and their descendant multicellular organisms: regarded as distinct from plants and animals",i42613,Protoctista|kingdom Protoctista,Q2113650
01391633-n,a division of lower plants comprising unicellular and biflagellate algae that form starchy compounds,i42619,Pyrrophyta|phylum Pyrrophyta,Q9358965
01391829-n,"in some classifications considered a superphylum or a subkingdom; comprises flagellates, ciliates, sporozoans, amoebas, foraminifers",i42620,Protozoa|phylum Protozoa,Q6088705
01392516-n,characterized by the formation of pseudopods for locomotion and taking food: Actinopoda; Rhizopoda,i42622,Sarcodina|class Sarcodina,Q21400186
01393268-n,mostly freshwater protozoa,i42626,Heliozoa|order Heliozoa,Q968988
01394574-n,a large family of endoparasitic amebas that invade the digestive tract,i42634,Endamoebidae|family Endamoebidae,Q113942
01396245-n,a family of fossil protoctists,i42644,Nummulitidae|family Nummulitidae,Q175868
01396514-n,testacean rhizopods,i42646,Testacea|order Testacea,Q21447806
01396834-n,soil and freshwater protozoa; cosmopolitan in distribution,i42648,Arcellidae|family Arcellidae,Q2442353
01397542-n,class of protozoa having cilia or hairlike appendages on part or all of the surface during some part of the life cycle,i42653,Ciliata|class Ciliata|Ciliophora|class Ciliophora,Q27212391
01399099-n,trumpet-shaped protozoa with a ciliated spiral feeding funnel,i42661,genus Stentor,Q1202152
01403216-n,all the yellow-green algae having flagella of unequal length,i42684,Chrysophyceae|class Chrysophyceae|Heterokontae|class Heterokontae,Q1763065
01403413-n,yellow-green algae,i42685,Xanthophyceae|class Xanthophyceae,Q745912
01403532-n,marine and freshwater eukaryotic algae: diatoms,i42686,Bacillariophyceae|class Bacillariophyceae|Diatomophyceae|class Diatomophyceae,Q2878349
01403937-n,yellow-green algae with simple or branching filaments; comprising the single family Tribonemaceae,i42688,Heterotrichales|order Heterotrichales,Q11065859
01404158-n,simple filamentous freshwater yellow-green algae,i42689,Tribonemaceae|family Tribonemaceae,Q18674107
01408083-n,brown algae distinguished by compressed or inflated branchlets along the axis,i42712,Ascophyllum|genus Ascophyllum,Q16034614
01408903-n,coextensive with the division Euglenophyta,i42717,Euglenophyceae|class Euglenophyceae,Q2356588
01409067-n,considered green algae,i42718,Euglenaceae|family Euglenaceae,Q2132226
01410106-n,"algae distinguished chiefly by having flagella and a clear green color, their chlorophyll being masked little if at all by other pigments",i42723,Chlorophyceae|class Chlorophyceae,Q132609
01410894-n,an order of protoctist,i42726,Ulvales|order Ulvales,Q1367727
01411188-n,type genus of the family Ulvaceae; green seaweed having a thallus two cells thick: sea lettuce,i42728,Ulva|genus Ulva,Q1109330
01411706-n,unicellular or colonial biflagellate free-swimming flagellates,i42731,Volvocaceae|family Volvocaceae,Q654492
01411885-n,type genus of the Volvocaceae; minute pale green flagellates occurring in tiny spherical colonies; minute flagella rotate the colony about an axis,i42732,Volvox|genus Volvox,Q310495
01412306-n,type genus of the Chlamydomonadaceae; solitary doubly-flagellated plant-like algae common in fresh water and damp soil; multiply freely; often a pest around filtration plants,i42734,Chlamydomonas|genus Chlamydomonas,Q133008
01412581-n,pond scums; desmids,i42735,Zygnematales|order Zygnematales|Zygnemales|order Zygnemales,Q497859
01412971-n,type genus of the family Zygnemataceae,i42737,Zygnema|genus Zygnema,Q150137
01413677-n,type genus of Chlorococcales; unicellular green algae occurring singly or in a layer on soil or damp rock,i42742,Chlorococcum|genus Chlorococcum,Q4271430
01414197-n,simple or branched filamentous freshwater green algae,i42745,Oedogoniales|order oedogoniales,Q1188910
01414368-n,filamentous green algae,i42746,Oedogoniaceae|family Oedogoniaceae,Q15211115
01414726-n,in some classifications: contains only the order Charales,i42748,Charophyceae|class Charophyceae,Q1208690
01414920-n,small order of macroscopic fresh and brackish water algae with a distinct axis: stoneworts,i42749,Charales|order Charales,Q14920463
01415120-n,green algae superficially resembling horsetail ferns: stoneworts,i42750,Characeae|family Characeae,Q1559048
01415566-n,green algae common in freshwater lakes of limestone districts,i42752,Chara|genus Chara,Q860112
01415712-n,fragile branching stoneworts,i42753,Nitella|genus Nitella,Q3011489
01415829-n,unicellular algae,i42754,Desmidiaceae|family Desmidiaceae,Q1307414
01417143-n,"a genus of protoctist, containing red algae (Chondrus)",i42762,Chondrus|genus Chondrus,Q14759694
01417482-n,a family of protoctist,i42764,Rhodymeniaceae|family Rhodymeniaceae,Q18509172
01417627-n,type genus of the family Rhodymeniaceae,i42765,Rhodymenia|genus Rhodymenia,Q7321257
01417897-n,a family of protoctist containing red algae (Bangiaceae),i42767,Bangiaceae|family Bangiaceae,Q2717889
01418034-n,"a genus of protoctist, containing red algal laver (Porphyra)",i42768,Porphyra|genus Porphyra,Q2104475
01419682-n,in some classifications considered a phylum of the kingdom Protista; in others included in the plant phylum Pyrrophyta,i42775,Dinoflagellata|order Dinoflagellata|Cilioflagellata|order Cilioflagellata,Q21447017
01420194-n,"a genus of protoctist, containing Noctiluca scintillans, or sea sparkle, as its only species (Noctiluca)",i42777,genus Noctiluca,Q3342595
01420448-n,marine and freshwater dinoflagellates,i42779,Peridiniidae|family Peridiniidae,Q15241090
01420623-n,type genus of the family Peridiniidae,i42780,Peridinium|genus Peridinium,Q147258
01421435-n,cellulose-producing flagellates,i42785,Hypermastigina|order Hypermastigina,Q21446496
01421723-n,small usually parasitic flagellates,i42787,Polymastigina|order Polymastigina,Q55706286
01422085-n,a genus of flagellate protoctist,i42789,genus Costia,Q87188765
01422641-n,flagellates parasitic in intestines of vertebrates including humans,i42793,Chilomastix|genus Chilomastix,Q2963624
01422805-n,flagellates free-living or parasitic in intestines of birds,i42794,Hexamita|genus Hexamita,Q1759900
01422955-n,flagellates parasitic in alimentary or genitourinary tracts of vertebrates and invertebrates including humans,i42795,genus Trichomonas,Q309497
01423805-n,motile usually brownish-green protozoa-like algae,i42800,Cryptophyceae|class Cryptophyceae,Q488032
01424137-n,strictly parasitic protozoans that are usually immobile; includes plasmodia and coccidia and piroplasms and malaria parasites,i42802,Sporozoa|class Sporozoa,Q3967020
01425476-n,"a subclass of microscopic, spore-forming, single-celled obligate intracellular parasites belonging to the apicomplexan class Conoidasida (Coccidia)",i42808,Coccidia|order Coccidia,Q1147204
01425642-n,a family of protoctist in the order Coccidia,i42809,Eimeriidae|family Eimeriidae,Q795581
01426105-n,an order in the subclass Telosporidia containing the gregarines (Gregarinida),i42812,Gregarinida|order Gregarinida,Q18692916
01426398-n,"a subclass of apicomplexans which can be divided into two orders, Chromatorida and Achromatorida (Haemosporidia)",i42814,Haemosporidia|order Haemosporidia,Q21446124
01427579-n,type genus of the family Haemoproteidae,i42821,Haemoproteus|genus Haemoproteus,Q5638270
01427977-n,piroplasms and cattle pathogens,i42824,Babesiidae|family Babesiidae,Q18618857
01428142-n,type genus of the family Babesiidae,i42825,genus Babesia|genus Piroplasma,Q797656
01428624-n,imperfectly known parasites of the muscles of vertebrates,i42828,Sarcosporidia|order Sarcosporidia,Q3178497
01428801-n,chief genus of the order Sarcosporidia,i42829,Sarcocystis|genus Sarcocystis,Q2658061
01429107-n,an order in the subclass Acnidosporidia,i42831,Haplosporidia|order Haplosporidia,Q137449
01429646-n,"an order of parasites of worms, distinguished by spores with trivalve shells and three polar capsules (Actinomyxidia)",i42834,Actinomyxidia|order Actinomyxidia,Q21445641
01429882-n,an order in the subclass Cnidosporidia,i42836,Mycrosporidia|order Mycrosporidia|Microsporidia|order Microsporidia,Q132652
01430188-n,"an order in the subclass Cnidosporidia, characterized by complex spores having at least one infective amoeboid sporoplasm and one or more polar capsules containing coiled, extrusible filaments (Myxosporidia)",i42838,Myxosporidia|order Myxosporidia,Q3694990
01441361-n,"a family of fish including: carp, tench, roach, rudd, dace",i42851,Cyprinidae|family Cyprinidae,Q35047
01442985-n,European fishes,i42858,Abramis|genus Abramis,Q282584
01443296-n,tench,i42860,Tinca|genus Tinca,Q15963609
01443590-n,"a genus of fish including: dace, chub",i42862,Leuciscus|genus Leuciscus,Q312225
01444266-n,shiners,i42866,Notropis|genus Notropis,Q2521639
01444696-n,golden shiners,i42869,Notemigonus|genus Notemigonus,Q18650996
01445232-n,rudds,i42873,Scardinius|genus Scardinius,Q302677
01445767-n,true gudgeons,i42877,Gobio|genus Gobio,Q310652
01446039-n,goldfish,i42879,Carassius|genus Carassius,Q237800
01446639-n,small family comprising the electric eels,i42883,Electrophoridae|family Electrophoridae,Q16631805
01446805-n,type genus of the family Electrophoridae; electric eels,i42884,Electrophorus|genus Electrophorus,Q18926800
01447814-n,type genus of the family Catostomidae,i42889,Catostomus|genus Catostomus,Q2271225
01448639-n,a genus of fish in the family Catostomidae,i42895,Maxostoma|genus Maxostoma|Moxostoma|genus Moxostoma,Q2707493
01449642-n,"a genus of killifish, also known as topminnows (Fundulus)",i42900,Fundulus|genus Fundulus,Q2359231
01451137-n,guppies,i42909,Lebistes|genus Lebistes,Q310951
01452227-n,platys,i42915,Platypoecilus|genus Platypoecilus,Q107269289
01452498-n,mollies,i42917,Mollienesia|genus Mollienesia,Q11784877
01452722-n,an order of spiny-finned fish in the superorder Acanthopterygii,i42919,Berycomorphi|order Berycomorphi,Q749596
01452922-n,squirrelfishes and soldierfishes,i42920,Holocentridae|family Holocentridae,Q1335080
01454165-n,a family of fish including: flashlight fishes,i42927,Anomalopidae|family Anomalopidae,Q1346261
01454692-n,a genus of fish in the family Anomalopidae,i42930,Krypterophaneron|genus Krypterophaneron,Q2489985
01455137-n,dories,i42933,Zeomorphi|order Zeomorphi,Q768334
01455274-n,a family of fish in the order Zeomorphi,i42934,Zeidae|family Zeidae,Q1476897
01455595-n,type genus of the family Zeidae,i42936,Zeus|genus Zeus,Q1960850
01455971-n,"a genus of fish in the family Caproidae, commonly known as boarfish (Capros)",i42939,Capros|genus Capros,Q5036326
01456232-n,"a genus of fish in the family Caproidae, commonly known as boarfishes (Antigonia)",i42941,Antigonia|genus Antigonia,Q145289
01456493-n,"bellows fishes, shrimpfishes, cornetfishes, pipefishes; small order of chiefly tropical marine fishes of varied and bizarre form all having a small mouth at the end of a drawn-out tubular snout",i42943,Solenichthyes|order Solenichthyes,Q14364531
01456901-n,cornetfishes,i42944,Fistulariidae|family Fistulariidae,Q9260095
01457782-n,type genus of the family Gasterosteidae,i42949,Gasterosteus|genus gasterosteus,Q134491
01458233-n,pipefishes,i42952,Syngnathidae|family Syngnathidae,Q213534
01458627-n,type genus of the family Syngnathidae,i42954,Syngnathus|genus Syngnathus,Q606703
01458937-n,a genus of fish in the family Syngnathidae,i42956,Cosmocampus|genus Cosmocampus,Q1824775
01459580-n,bellows fishes,i42960,Macrorhamphosidae|family Macrorhamphosidae,Q10672751
01460217-n,trumpetfishes,i42964,Aulostomidae|family Aulostomidae,Q610041
01470316-n,type genus of the Amphioxidae,i43019,genus Amphioxus,Q107268725
01471173-n,sometimes classified as an order: sea squirts,i43023,Ascidiaceae|class Ascidiaceae,Q190090
01471863-n,small class of free-swimming tunicates; sometimes classified as an order,i43027,Thaliacea|class Thaliacea,Q610887
01472227-n,type (perhaps sole) genus of the Salpidae,i43029,genus Salpa,Q3470198
01472527-n,oceanic tunicates,i43031,Doliolidae|family Doliolidae,Q4923287
01472928-n,small free-swimming tunicates; sometimes classified as an order,i43034,Larvacea|class Larvacea,Q26206847
01473227-n,a genus of chordates in the class Larvacea,i43036,genus Appendicularia,Q21444273
01478776-n,extinct order of primitive vertebrates; the precise taxonomy is not clear; in some classifications considered a separate phylum,i43059,Conodonta|order Conodonta|Conodontophorida|order Conodontophorida,Q34613085
01479470-n,primitive jawless aquatic vertebrate: lampreys; hagfishes,i43062,Cyclostomata|order Cyclostomata,Q150893
01480386-n,typical lampreys,i43067,Petromyzon|genus Petromyzon,Q3377629
01481457-n,type genus of the Myxinidae (typical hagfishes),i43072,Myxine|genus Myxine,Q740209
01481970-n,fossil hagfishes,i43076,Myxinikela|genus Myxinikela,Q20859372
01482977-n,cartilaginous fishes,i43082,Chondrichthyes|class Chondrichthyes,Q25371
01483844-n,type genus of the Chimaeridae,i43087,genus Chimaera,Q19240
01485528-n,a genus of Hexanchidae,i43094,Hexanchus|genus Hexanchus,Q311682
01486011-n,in some classifications another name for the family Lamnidae,i43097,Isuridae|family Isuridae,Q35077862
01486348-n,a genus of Lamnidae,i43099,Lamna|genus Lamna,Q137078
01486621-n,mako sharks,i43101,Isurus|genus Isurus,Q171298
01487714-n,comprising only the basking sharks; in some classifications considered the type genus of a separate family Cetorhinidae,i43108,Cetorhinus|genus Cetorhinus,Q2947096
01487947-n,in some older classifications considered the family of the basking sharks,i43109,Cetorhinidae|family Cetorhinidae,Q16542604
01488314-n,thresher sharks,i43111,Alopiidae|family Alopiidae,Q17280257
01489347-n,nurse sharks,i43117,Ginglymostoma|genus Ginglymostoma,Q17283693
01490555-n,whale sharks,i43123,Rhincodon|genus Rhincodon,Q17284129
01491180-n,largest family of living sharks; found worldwide especially in tropical waters; dorsal fin lacks spines: requiem sharks including tiger sharks and soupfin sharks,i43127,Carcharhinidae|family Carcharhinidae,Q48191
01491916-n,type genus of the Carcharhinidae,i43129,Carcharhinus|genus Carcharhinus,Q312359
01493526-n,blue sharks,i43137,Prionace|genus Prionace,Q15695051
01493876-n,tiger sharks,i43139,Galeocerdo|genus Galeocerdo,Q2186811
01494161-n,a genus of Carcharhinidae,i43141,Galeorhinus|genus Galeorhinus,Q608028
01494632-n,small sharks with smooth skins and lacking spines on their dorsal fins,i43144,Triakidae|family Triakidae,Q756279
01494853-n,smooth dogfishes,i43145,Mustelus|genus Mustelus,Q2061110
01495653-n,a genus of Triakidae,i43150,Triaenodon|genus Triaenodon,Q2806074
01496007-n,dogfishes having a spine in each dorsal fin,i43152,Squalidae|family Squalidae,Q1245778
01496829-n,hammerhead sharks; bonnethead sharks,i43157,Sphyrnidae|family Sphyrnidae,Q208490
01496980-n,type genus of the Sphyrnidae,i43158,Sphyrna|genus Sphyrna,Q132998
01497833-n,bottom-dwelling ray-like sharks,i43163,Squatinidae|family Squatinidae,Q15207726
01497981-n,type genus of the Squatinidae: angel sharks,i43164,Squatina|genus Squatina,Q756731
01499585-n,large primitive rays with elongated snouts,i43171,Pristidae|family Pristidae,Q190736
01499919-n,type genus of the Pristidae,i43173,Pristis|genus Pristis,Q683945
01501218-n,butterfly rays,i43181,Gymnura|genus Gymnura,Q3122687
01501902-n,"a genus of Myliobatidae, native to the Atlantic, Pacific, and Indian Oceans (Aetobatus)",i43185,Aetobatus|genus Aetobatus,Q2825690
01502236-n,"a genus of Myliobatidae, commonly known as cownose rays (Rhinoptera)",i43187,Rhinoptera|genus Rhinoptera,Q1428166
01502539-n,large rays lacking venomous spines: mantas,i43189,Mobulidae|family Mobulidae,Q16354702
01503001-n,a genus of Mobulidae,i43191,genus Manta,Q1536199
01503636-n,bottom-dwelling tropical rays: skates,i43195,Rajidae|family Rajidae,Q837104
01519128-n,"a genus of enantiornithine birds, now extinct (Sinornis)",i43223,genus Sinornis,Q19776304
01519519-n,a genus of fossil bird of the subclass Archaeornithes,i43225,genus Ibero-mesornis,Q19622300
01520988-n,a ratite bird order: ostriches and related extinct birds; known from the Pleistocene onward,i43232,Struthioniformes|order Struthioniformes,Q840849
01521205-n,tall terrestrial birds: ostriches,i43233,Struthionidae|family Struthionidae,Q1569770
01521687-n,a ratite bird order: cassowaries and emus,i43236,Casuariiformes|order Casuariiformes,Q19173
01521869-n,a family of large ostrich-like birds including cassowaries,i43237,Casuaridae|family Casuaridae,Q756871
01522360-n,a genus of birds in the order Casuariiformes,i43240,Dromaius|genus Dromaius,Q858264
01522699-n,a ratite bird order: flightless ground birds having vestigial wings and long bills and small eyes: kiwis,i43242,Apterygiformes|order Apterygiformes,Q11085824
01522925-n,coextensive with the order Apterygiformes,i43243,Apterygidae|family Apterygidae,Q3621064
01523838-n,type genus of the Rheidae; large tall flightless South American birds similar to but smaller than ostriches,i43248,genus Rhea,Q19171
01524243-n,a genus of birds of the family Rheidae,i43250,Pterocnemia|genus Pterocnemia,Q6090573
01524621-n,huge extinct flightless birds: elephant birds,i43252,Aepyorniformes|order Aepyorniformes,Q3605955
01524788-n,coextensive with the order Aepyorniformes,i43253,Aepyornidae|family Aepyornidae,Q214508
01524946-n,type genus of the Aepyornidae: elephant birds,i43254,genus Aepyornis,Q2638301
01525430-n,moas,i43257,Dinornithidae|family Dinornithidae,Q15865426
01525593-n,type genus of the Dinornithidae: large moas,i43258,Dinornis|genus Dinornis,Q899705
01529696-n,type genus of the Prunellidae,i43273,Prunella|genus Prunella,Q3924795
01530415-n,type genus of the Alaudidae: skylarks,i43278,Alauda|genus Alauda,Q378278
01531677-n,"finches: goldfinches, bullfinches, chaffinches, siskins, canaries, cardinals, grosbeaks, crossbills, linnets, buntings",i43286,Fringillidae|family Fringillidae,Q160835
01534748-n,in some classifications considered a subgenus of Carduelis: siskins and New World goldfinches,i43299,Spinus|genus Spinus,Q5261336
01535305-n,house finches and purple finches,i43302,Carpodacus|genus Carpodacus,Q843168
01536421-n,crossbill,i43309,Loxia|genus Loxia,Q339517
01537646-n,"a genus of Fringillidae, containing the vesper sparrow (Pooecetes)",i43317,Pooecetes|genus Pooecetes,Q10808271
01538483-n,chipping sparrow; field sparrow; tree sparrow,i43322,Spizella|genus Spizella,Q955626
01539115-n,American song sparrow and swamp sparrow,i43326,Melospiza|genus Melospiza,Q1073612
01540001-n,a genus of small North American finches including the New World buntings,i43331,Passerina|genus Passerina,Q609717
01541139-n,snow bunting,i43338,Plectrophenax|genus Plectrophenax,Q1073197
01541416-n,the honeycreepers,i43340,Coerebidae|family Coerebidae|Dacninae|family Dacninae,Q10749446
01543338-n,large finches,i43352,Coccothraustes|genus Coccothraustes,Q868144
01543610-n,"a genus of Fringillidae, containing the pine grosbeak and the crimson-browed finch (Pinicola)",i43354,Pinicola|genus Pinicola,Q310865
01543902-n,cardinals,i43356,Richmondena|genus Richmondena,Q858444
01545700-n,type genus of the Ploceidae,i43367,Ploceus|genus Ploceus,Q1093619
01545913-n,whydahs,i43369,Vidua|genus Vidua,Q3467715
01546149-n,a genus of Ploceidae,i43371,Padda|genus Padda,Q1094968
01546708-n,grassfinches,i43375,Poephila|genus Poephila,Q1079034
01547185-n,Hawaiian honeycreepers,i43378,Drepanididae|family Drepanididae,Q13167346
01547518-n,a genus of Drepanididae,i43380,Drepanis|genus Drepanis,Q909836
01547944-n,lyrebirds,i43383,Menuridae|family Menuridae,Q13170975
01548393-n,scrubbirds,i43386,Atrichornithidae|family Atrichornithidae,Q12809511
01551955-n,pewees,i43403,Contopus|genus Contopus,Q868932
01552674-n,a genus of Tyrannidae including the scarlet flycatcher,i43408,Pyrocephalus|genus Pyrocephalus,Q15881075
01554190-n,type genus of the Pipridae containing the typical manakins,i43417,Pipra|genus Pipra,Q1195360
01554556-n,bellbirds,i43419,Procnias|genus Procnias,Q1079212
01554833-n,a genus of Cotingidae,i43421,Cephalopterus|genus Cephalopterus,Q859561
01555295-n,type genus of the family Furnariidae: ovenbirds,i43424,Furnarius|genus Furnarius,Q429074
01555597-n,antbirds,i43426,Formicariidae|family Formicariidae,Q461021
01556021-n,type genus of the Formicariidae,i43428,Formicarius|genus Formicarius,Q1002963
01556261-n,"a genus of Formicariidae, containing the antshrikes (Thamnophilus)",i43430,Thamnophilus|genus Thamnophilus,Q375593
01556520-n,a genus of Formicariidae,i43432,Hylophylax|genus Hylophylax,Q539321
01556952-n,type genus of the Dendrocolaptidae,i43435,Dendrocolaptes|genus Dendrocolaptes,Q903934
01557466-n,type genus of the Pittidae; a large genus of birds of southern Asia and Australia and adjacent islands,i43438,genus Pitta,Q3389415
01558681-n,type genus of the Muscicapidae,i43444,Muscicapa|genus Muscicapa,Q1088541
01561935-n,American thrush: wood thrush; hermit thrush; veery,i43460,Hylocichla|genus Hylocichla,Q10770214
01563152-n,Old World chats,i43468,Saxicola|genus Saxicola,Q906092
01563700-n,solitaires,i43472,Myadestes|genus Myadestes,Q1088544
01563959-n,"a genus of Old World thrushes, containing some of the redstarts (Phoenicurus)",i43474,Phoenicurus|genus Phoenicurus,Q240088
01564757-n,"a genus of Old World thrushes, containing the robins (Erithacus)",i43480,Erithacus|genus Erithacus,Q855800
01565225-n,in some classifications considered a subfamily (Sylviinae) of the family Muscicapidae: Old World (true) warblers; American kinglets and gnatcatchers,i43483,Sylviidae|family Sylviidae,Q187014
01566220-n,a genus of birds of the family Sylviidae including kinglets,i43488,Regulus|genus Regulus,Q208716
01567271-n,type genus of the Sylviidae: warblers,i43494,Silvia|genus Silvia,Q15931206
01567879-n,warblers,i43498,Phylloscopus|genus Phylloscopus,Q214627
01568121-n,"a genus of Sylviidae, commonly known as marsh warblers and reed warblers (Acrocephalus)",i43500,Acrocephalus|genus Acrocephalus,Q637716
01569150-n,type genus of the Timaliidae,i43507,Timalia|genus Timalia,Q10826912
01569529-n,New World warblers,i43509,Parulidae|family Parulidae,Q739200
01570171-n,type genus of the Parulidae: wood warblers,i43511,Parula|genus Parula,Q980233
01571134-n,a genus of Parulidae,i43517,Dendroica|genus Dendroica,Q13571873
01572354-n,New World chats,i43524,Icteria|genus Icteria,Q10772647
01573610-n,birds of paradise,i43533,Paradisaeidae|family Paradisaeidae,Q179333
01573938-n,a genus of Paradisaeidae,i43535,Ptiloris|genus Ptiloris,Q1080561
01574815-n,type genus of the Icteridae,i43539,Icterus|genus Icterus,Q1424573
01575551-n,a genus of passerine birds including the meadowlarks,i43544,Sturnella|genus Sturnella,Q1431050
01576124-n,a genus of tropical American orioles,i43548,Cacicus|genus Cacicus,Q1821411
01576416-n,bobolinks,i43550,Dolichonyx|genus Dolichonyx,Q10756454
01576911-n,grackles,i43553,Quiscalus|genus Quiscalus,Q612008
01577911-n,red-winged blackbirds,i43560,Agelaius|genus Agelaius,Q2003332
01578853-n,a genus of Old World orioles,i43566,Sphecotheres|genus Sphecotheres,Q2417877
01579147-n,Old World starlings,i43568,Sturnidae|family Sturnidae,Q185237
01580727-n,a genus containing the hill mynas (Gracula),i43577,Gracula|genus Gracula,Q259424
01583285-n,New World jays,i43593,Cyanocitta|genus Cyanocitta,Q826027
01583682-n,Canada jays,i43596,Perisoreus|genus Perisoreus,Q953996
01584248-n,nutcrackers,i43599,Nucifraga|genus Nucifraga,Q1951909
01585266-n,Australian birds formerly included in the family Laniidae,i43607,Cracticidae|family Cracticidae,Q373682
01585684-n,type genus of the Cracticidae: Australian butcherbirds,i43609,Cracticus|genus Cracticus,Q2718273
01586277-n,in some classifications placed in the family Laniidae: Australian piping crows,i43613,Gymnorhina|genus Gymnorhina,Q10763400
01587170-n,type genus of the Troglodytidae,i43617,Troglodytes|genus Troglodytes,Q3888717
01587635-n,marsh wrens,i43620,Cistothorus|genus Cistothorus,Q867629
01588218-n,a genus of Troglodytidae,i43624,Salpinctes|genus Salpinctes,Q10812327
01588531-n,Carolina wrens,i43626,Thryothorus|genus Thryothorus,Q11848605
01589182-n,sometimes considered a subfamily of Troglodytidae: mockingbirds; catbirds; thrashers,i43630,Mimidae|family Mimidae,Q753221
01589432-n,type genus of the family Mimidae: mockingbirds,i43631,Mimus|genus Mimus,Q2498241
01589789-n,a genus of Mimidae,i43633,Melanotis|genus Melanotis,Q2165737
01590047-n,catbirds,i43635,Dumetella|genus Dumetella,Q10757040
01590354-n,thrashers,i43637,Toxostoma|genus Toxostoma,Q430477
01590813-n,alternative names for the family comprising the New Zealand wrens,i43640,Xenicidae|family Xenicidae|Acanthisittidae|family Acanthisittidae,Q537702
01591230-n,type genus for the Xenicidae,i43642,Xenicus|genus Xenicus,Q621253
01591499-n,a genus of Xenicidae,i43644,Acanthisitta|genus Acanthisitta,Q10730467
01591766-n,creepers,i43646,Certhiidae|family Certhiidae,Q205938
01592223-n,type genus of the Certhiidae,i43648,Certhia|genus Certhia,Q1991437
01592683-n,wall creepers; in some classifications placed in family Sittidae,i43651,Tichodroma|genus Tichodroma,Q10826827
01594551-n,type genus of the family Paridae,i43661,Parus|genus Parus,Q719380
01595533-n,"a genus of Paridae, containing the American bushtit (Psaltriparus)",i43667,Psaltriparus|genus Psaltriparus,Q16070731
01595797-n,"a genus of Paridae, containing the wrentit (Chamaea)",i43669,Chamaea|genus Chamaea,Q10745525
01596064-n,"a genus of Paridae, containing the verdin (Auriparus)",i43671,Auriparus|genus Auriparus,Q10736288
01596346-n,"a family of birds of the suborder Oscines, comprising the leafbirds, ioras, and fairy bluebirds (Irenidae)",i43673,Irenidae|family Irenidae,Q180423
01596798-n,swallows and martins,i43676,Hirundinidae|family Hirundinidae,Q39861
01597971-n,a genus of Hirundinidae,i43682,Iridoprocne|genus Iridoprocne,Q261763
01598482-n,"a genus of Hirundinidae, containing three species of house martin (Delichon)",i43685,Delichon|genus Delichon,Q310857
01598783-n,"a genus of Hirundinidae containing six species, the brown-throated martin, the grey-throated martin, the congo martin, the sand martin or bank swallow, the pale martin or pale sand martin, and the banded martin (Riparia)",i43687,Riparia|genus Riparia,Q901041
01599120-n,"a genus of Hirundinidae containing nine American swallows, the purple martin, the Caribbean martin, the Cuban martin, the Sinaloa martin, the grey-breasted martin, the Galapagos martin, the Peruvian martin, the Southern martin, and the brown-chested martin (Progne)",i43689,Progne|genus Progne,Q665719
01599402-n,wood swallows,i43691,Artamidae|family Artamidae,Q842378
01599528-n,type genus of the Artamidae,i43692,Artamus|genus Artamus,Q2483684
01600192-n,a genus of Thraupidae,i43696,Piranga|genus Piranga,Q225353
01601073-n,shrikes,i43701,Laniidae|family Laniidae,Q171052
01602838-n,a genus of Malaconotinae,i43712,Chlorophoneus|genus Chlorophoneus,Q14437812
01603550-n,type genus of the Ptilonorhynchidae,i43716,Ptilonorhynchus|genus Ptilonorhynchus,Q10809555
01603909-n,a genus of Ptilonorhynchidae,i43718,Chlamydera|genus Chlamydera,Q860867
01604191-n,water ouzels,i43720,Cinclidae|family Cinclidae,Q15631675
01604560-n,type genus of the family Cinclidae,i43722,Cinclus|genus Cinclus,Q192575
01605957-n,"a family of birds of the suborder Oscines, it includes waxwings, silky flycatchers, and the gray hypocolius of Southwest Asia (Bombycillidae)",i43731,Bombycillidae|family Bombycillidae,Q11897625
01606119-n,waxwings,i43732,Bombycilla|genus bombycilla,Q208940
01607266-n,"chiefly diurnal carnivorous birds having hooked beaks and long talons with opposable hind toe: falcons, hawks, eagles, ospreys, caracaras, vultures",i43738,Falconiformes|order Falconiformes,Q25370
01610727-n,a common European bird of prey; dull brown with white-streaked underparts,i43755,Pernis|genus Pernis,Q6377551
01611575-n,a genus of kites,i43760,Elanoides|genus Elanoides,Q10758200
01612190-n,a genus of haws comprising the harriers,i43764,Circus|genus Circus,Q207796
01613067-n,harrier eagles,i43769,Circaetus|genus Circaetus,Q867544
01613399-n,a family of birds of the order Falconiformes,i43771,Falconidae|family Falconidae,Q21744
01615444-n,"a genus of Falconidae, commonly known as long-winged hawks or typical caracaras (Polyborus)",i43782,Polyborus|genus Polyborus,Q1238727
01616550-n,a genus of Accipitridae,i43788,Harpia|genus Harpia,Q15138218
01616836-n,"a genus of Accipitridae, containing the true eagles (Aquila)",i43790,Aquila|genus Aquila,Q30085
01617410-n,"a genus of Accipitridae, containing the sea eagles (Haliaeetus)",i43794,Haliaeetus|genus Haliaeetus,Q147403
01618466-n,ospreys,i43800,Pandionidae|family Pandionidae,Q28240
01618590-n,type genus of the Pandionidae,i43801,Pandion|genus Pandion,Q3893145
01619930-n,in some classifications the type genus of the family Aegypiidae,i43808,Gypaetus|genus Gypaetus,Q13649293
01620274-n,"a genus of Accipitridae containing the Egyptian vulture, also known as the white scavenger vulture or pharaoh's chicken (Neophron)",i43810,Neophron|genus Neophron,Q3347141
01620590-n,"a genus of Accipitridae, containing the cinereous vulture, also known as the black vulture, monk vulture, or Eurasian black vulture (Aegypius)",i43812,Aegypius|genus Aegypius,Q13428439
01620861-n,secretary birds,i43814,Sagittariidae|family Sagittariidae,Q2346527
01620997-n,type genus of the Sagittariidae,i43815,Sagittarius|genus Sagittarius,Q15042109
01621312-n,condors; turkey buzzards; king vultures,i43817,Cathartidae|family Cathartidae,Q184858
01622316-n,a bird that is usually restricted to the Andean condor,i43822,Vultur|genus Vultur,Q15042113
01622644-n,containing solely the California condor,i43824,Gymnogyps|genus Gymnogyps,Q10763377
01622923-n,a genus of Cathartidae,i43826,Coragyps|genus Coragyps,Q14786570
01623216-n,usually containing only the king vulture,i43828,Sarcorhamphus|genus Sarcorhamphus,Q15734727
01624355-n,a family of nocturnal birds of the order Strigiformes,i43833,Strigidae|family Strigidae,Q26012
01624635-n,"a genus of Strigidae containing the spotted owlet, little owl, forest owlet, and burrowing owl (Athene)",i43834,Athene|genus Athene,Q663507
01625925-n,a genus of Strigidae containing the Scops owl (Otus),i43843,Otus|genus Otus,Q832329
01627047-n,a genus of hawk-like owls,i43851,Surnia|genus Surnia,Q10822188
01627348-n,a genus of European owls,i43853,Asio|genus Asio,Q648422
01627628-n,"a genus of Strigidae containing the laughing owl, whekau, or white-faced owl (Sceloglaux)",i43855,Sceloglaux|genus Sceloglaux,Q18088155
01627916-n,comprising only the barn owls,i43857,Tytonidae|family Tytonidae,Q27112
01630427-n,earliest fossil amphibian ever found; of the Devonian; found in Pennsylvania,i43864,Hynerpeton|genus Hynerpeton,Q132802
01630789-n,second earliest fossil amphibian ever found; of the Devonian; found in Greenland,i43866,genus Ichthyostega,Q131475
01631526-n,salamanders,i43870,Salamandridae|family Salamandridae,Q319469
01633174-n,chiefly aquatic salamanders,i43877,Triturus|genus Triturus,Q310391
01635688-n,large aquatic salamanders: hellbenders; giant salamanders,i43894,Cryptobranchidae|family Cryptobranchidae,Q754032
01635891-n,type genus of the Cryptobranchidae,i43895,Cryptobranchus|genus Cryptobranchus,Q2120568
01636219-n,giant salamanders; in some classifications included in the genus Cryptobranchus,i43897,Megalobatrachus|genus Megalobatrachus,Q922164
01636590-n,mud puppies,i43899,Proteidae|family Proteidae,Q743692
01636733-n,type genus of the Proteidae,i43900,Proteus|genus Proteus,Q2743186
01637325-n,large and small highly aquatic salamanders,i43904,Dicamptodontidae|family Dicamptodontidae,Q14547873
01638605-n,type genus of the Plethodontidae,i43911,Plethodon|genus Plethodon,Q2256290
01639316-n,an amphibian genus of Plethodontidae,i43915,Desmograthus|genus Desmograthus|Desmognathus|genus Desmognathus,Q2698057
01639625-n,climbing salamanders,i43917,Aneides|genus Aneides,Q2698192
01640119-n,slender salamanders,i43920,Batrachoseps|genus Batrachoseps,Q786876
01641123-n,the family of congo snakes (Amphiumidae),i43926,Amphiumidae|family Amphiumidae,Q11841073
01641593-n,sirens,i43929,Sirenidae|family Sirenidae,Q240755
01642010-n,"frogs, toads, tree toads",i43932,Salientia|order Salientia|Anura|order Anura|Batrachia|order Batrachia,Q53636
01643208-n,type genus of the Ranidae,i43935,Rana|genus Rana,Q72738
01645312-n,New World frogs; in some classifications essentially coextensive with the family Bufonidae,i43946,Leptodactylidae|family Leptodactylidae,Q55475
01646015-n,barking frogs,i43950,Hylactophryne|genus Hylactophryne,Q2101311
01646328-n,type genus of the Leptodactylidae; in some classifications placed in the family Bufonidae,i43952,Leptodactylus|genus Leptodactylus,Q2501775
01646745-n,Old World tree frogs,i43954,Polypedatidae|family Polypedatidae,Q56065
01646886-n,type genus of the Polypedatidae,i43955,Polypedates|genus Polypedates,Q945221
01647340-n,type genus of the Ascaphidae; in some classifications included in the family Leiopelmatidae,i43958,Ascaphus|genus Ascaphus,Q2925426
01647734-n,primitive New Zealand frogs,i43960,Leiopelmatidae|family Leiopelmatidae|Liopelmidae|family Liopelmidae,Q55477
01648275-n,true toads,i43963,Bufonidae|family Bufonidae,Q55372
01648775-n,type genus of the Bufonidae; common toads of New and Old Worlds,i43965,genus Bufo,Q639022
01650642-n,midwife toads,i43978,Alytes|genus Alytes,Q1762264
01651135-n,fire-bellied toads,i43981,Bombina|genus Bombina,Q1515577
01651634-n,New World spadefoot toads,i43984,Scaphiopus|genus Scaphiopus,Q2317066
01652589-n,the amphibian family of tree frogs,i43989,Hylidae|family Hylidae,Q53696
01653150-n,the type genus of the Hylidae; tree toads,i43991,Hyla|genus Hyla,Q826861
01654011-n,cricket frogs,i43996,Acris|genus Acris,Q481983
01654804-n,burrowing tree frogs,i44002,Pternohyla|genus Pternohyla,Q3410266
01655224-n,narrow-mouthed toads and sheep frogs; some burrow and some are arboreal; found worldwide,i44004,Microhylidae|family Microhylidae|Brevicipitidae|family Brevicipitidae,Q56057
01655491-n,primarily tropical narrow-mouthed toads,i44005,Gastrophryne|genus Gastrophryne,Q523202
01656025-n,sheep frogs,i44008,Hypopachus|genus Hypopachus,Q2272745
01656616-n,type genus of the Pipidae,i44012,Pipa|genus Pipa,Q2351631
01656886-n,in some classifications the family of the genus Xenopus which is otherwise included in the family Pipidae,i44014,Xenopodidae|family Xenopodidae,Q33141532
01657070-n,an African clawed frog; in some classifications made the type genus of a separate family Xenopodidae,i44015,Xenopus|genus Xenopus,Q1342298
01657757-n,coextensive with the order Gymnophiona: legless amphibians,i44019,Caeciliidae|family Caeciliidae|Caeciliadae|family Caeciliadae,Q913066
01658719-n,formerly a suborder of Stegocephalia; amphibia having vertebrae whose component elements are fused into a single piece,i44023,Stereospondyli|order Stereospondyli,Q3495411
01658981-n,in former classifications a division of class Amphibia comprising all pre-Jurassic and some later extinct large salamandriform amphibia,i44024,Stegocephalia|order Stegocephalia,Q18595307
01659217-n,formerly a suborder of Stegocephalia; large Carboniferous and Permian amphibians having vertebrae in which some elements remain separate,i44025,Temnospondyli|order Temnospondyli,Q131447
01666300-n,green turtles,i44039,Chelonia|genus Chelonia,Q14566112
01666580-n,loggerhead turtles,i44041,Caretta|genus Caretta,Q2938164
01666885-n,ridleys,i44043,Lepidochelys|genus Lepidochelys,Q810578
01667503-n,hawksbills,i44047,Eretmochelys|genus Eretmochelys,Q14566111
01667879-n,sea turtles,i44049,Dermochelyidae|family Dermochelyidae,Q2738058
01668013-n,type genus of the Dermochelyidae: leatherback turtles,i44050,Dermochelys|genus Dermochelys,Q11693960
01668402-n,"family of turtles containing two genera, Chelydra and Macrochelys (Chelydridae)",i44052,Chelydridae|family Chelydridae,Q650212
01669072-n,includes the alligator snapping turtle,i44056,Macroclemys|genus Macroclemys,Q107273008
01669443-n,mud turtles; musk turtles,i44058,Kinosternidae|family Kinosternidae,Q387150
01670600-n,American terrapins,i44065,Malaclemys|genus Malaclemys,Q14566115
01672168-n,painted turtles,i44074,Chrysemys|genus Chrysemys,Q14566117
01673019-n,type genus of the Testudinidae,i44078,Testudo|genus Testudo,Q662605
01673602-n,gopher tortoises,i44082,Gopherus|genus Gopherus,Q1012045
01674515-n,soft-shelled turtles,i44087,Trionychidae|family Trionychidae,Q374835
01675591-n,tuataras; extinct forms from middle Triassic,i44093,Rhynchocephalia|order Rhynchocephalia,Q15099738
01676144-n,diapsid reptiles: snakes and lizards,i44096,Squamata|order Squamata,Q122422
01677491-n,geckos,i44100,Gekkonidae|family Gekkonidae,Q15872
01677866-n,flying geckos,i44102,Ptychozoon|genus Ptychozoon,Q1394970
01678240-n,banded geckos,i44104,Coleonyx|genus Coleonyx,Q2509308
01678605-n,Australian and Tasmanian lizards,i44106,Pygopodidae|family Pygopodidae,Q849482
01679883-n,type genus of the Iguanidae,i44110,genus Iguana,Q205531
01680254-n,marine iguanas,i44112,Amblyrhynchus|genus Amblyrhynchus,Q14179741
01680554-n,desert iguanas,i44114,Dipsosaurus|genus Dipsosaurus,Q14422490
01681163-n,zebra-tailed lizard,i44118,Callisaurus|genus Callisaurus,Q14422461
01681528-n,fringe-toed lizard,i44120,Uma|genus Uma,Q2427811
01681819-n,earless lizards,i44122,Holbrookia|genus Holbrookia,Q2707849
01682478-n,leopard lizards,i44126,Gambelia|genus Gambelia,Q607912
01682778-n,spiny lizards,i44128,Sceloporus|genus Sceloporus,Q2118277
01683841-n,"a reptile genus of Iguanidae, containing the side-blotched lizards (Uta)",i44134,Uta|genus Uta,Q613830
01684154-n,"a reptile genus of Iguanidae, containing the tree and brush lizards (Urosaurus)",i44136,Urosaurus|genus Urosaurus,Q2535475
01684453-n,horned lizards,i44138,Phrynosoma|genus Phrynosoma,Q288720
01685229-n,New World chameleons,i44143,Anolis|genus Anolis,Q311348
01685677-n,type genus of the Amphisbaenidae,i44146,Amphisbaena|genus Amphisbaena|Amphisbaenia|genus Amphisbaenia,Q26187
01686069-n,night lizards,i44148,Xantusiidae|family Xantusiidae,Q260342
01686653-n,a reptile genus of Scincidae,i44152,Scincella|genus Scincella,Q1073830
01687748-n,type genus of the Cordylidae; spiny lizards somewhat resembling tiny crocodiles,i44158,Cordylus|genus Cordylus,Q536460
01688320-n,whiptails,i44161,Cnemidophorus|genus Cnemidophorus,Q1004429
01690082-n,an Old World reptile family of Sauria,i44171,Agamidae|family Agamidae,Q191102
01690747-n,frilled lizards,i44175,Chlamydosaurus|genus Chlamydosaurus,Q14425550
01691069-n,a reptile genus known as flying dragons or flying lizards,i44177,Draco|genus Draco,Q1142794
01691453-n,genus of Australian desert lizard,i44179,genus Moloch,Q14089811
01692646-n,type genus of the Anguidae: blindworms,i44186,Anguis|genus Anguis,Q2046334
01693344-n,monotypic family of Mexican lizards,i44190,Xenosauridae|family Xenosauridae,Q13416819
01693498-n,type and sole genus of Xenosauridae: slender-bodied Mexican lizards having the upper surface covered with tiny granules and tubercles,i44191,Xenosaurus|genus Xenosaurus,Q855694
01693726-n,legless lizards,i44192,Anniellidae|family Anniellidae,Q2851721
01694025-n,stout-bodied lizards,i44194,Lanthanotidae|family Lanthanotidae,Q13033818
01694166-n,"a genus containing the species Lanthanotus borneensis, or earless monitor lizard (Lanthanotus)",i44195,Lanthanotus|genus Lanthanotus,Q14177398
01694423-n,only known venomous lizards,i44197,Helodermatidae|family Helodermatidae,Q13417716
01694784-n,type genus of the Helodermatidae; American venomous lizards,i44199,Heloderma|genus Heloderma,Q729412
01695661-n,type genus of the Lacertidae,i44204,Lacerta|genus Lacerta,Q312232
01696636-n,type genus of the Chamaeleontidae,i44209,Chamaeleo|genus Chamaeleo|genus Chamaeleon,Q1767161
01698792-n,a genus of proterochampsid archosauromorph (Proterochampsa),i44220,Proterochampsa|genus Proterochampsa,Q1008080
01698923-n,"crocodiles, alligators, caimans, gavials",i44221,Crocodylia|order Crocodylia|Crocodilia|order Crocodilia,Q25363
01699643-n,type genus of the Crocodylidae,i44225,Crocodylus|genus Crocodylus|Crocodilus|genus Crocodilus,Q309495
01700785-n,alligators; caimans,i44232,Alligatoridae|family Alligatoridae,Q6184764
01701577-n,caimans,i44237,genus Caiman,Q11001288
01708358-n,duck-billed dinosaurs; upper Cretaceous,i44274,Hadrosauridae|family Hadrosauridae,Q271841
01708888-n,genus of large duck-billed dinosaurs; late Cretaceous,i44276,genus Anatotitan,Q14510
01710074-n,iguanodons,i44284,Iguanodontidae|family Iguanodontidae,Q2569164
01713170-n,genus of herbivorous dinosaurs flourishing during the Cretaceous in South America,i44300,Titanosaurus|genus Titanosaurus,Q131547
01713938-n,genus of large herbivorous dinosaurs of Cretaceous found in western North America,i44304,Seismosaurus|genus Seismosaurus,Q11084998
01717890-n,megalosaurs,i44325,Megalosauridae|family Megalosauridae,Q131632
01721273-n,authorities disagree over whether to classify the genus as bird or dinosaur,i44345,genus Mononychus|genus Mononykus,Q131421
01722758-n,a reptile genus of Therapsida,i44351,Chronoperates|genus Chronoperates,Q1941356
01724045-n,extinct reptiles of the later Triassic period,i44359,Ictodosauria|order Ictodosauria,Q21646750
01724726-n,a family of reptiles of the order Pelycosauria,i44363,Edaphosauridae|family Edaphosauridae,Q987588
01725900-n,a reptile family in the order Pterosauria,i44370,Pterodactylidae|family Pterodactylidae,Q21446884
01727111-n,later ichthyosaurs of the Jurassic and Cretaceous; widely distributed in both hemispheres,i44377,Ichthyosauridae|family Ichthyosauridae,Q1095663
01731379-n,a genus of reptiles of the family Colubridae including ringneck snakes,i44396,Diadophis|genus Diadophis,Q14427058
01731774-n,a genus of small colubrid snakes containing the North American hognose snakes,i44398,Heterodon|genus Heterodon,Q2698783
01732174-n,leaf-nosed snakes,i44400,Phyllorhynchus|genus Phyllorhynchus,Q511283
01732479-n,North American green snakes,i44402,Opheodrys|genus Opheodrys,Q783773
01733070-n,African green snakes,i44406,Chlorophis|genus Chlorophis,Q2606543
01733320-n,racers,i44408,Coluber|genus Coluber,Q226788
01734059-n,whip snakes,i44413,Masticophis|genus Masticophis,Q2578729
01735086-n,North American rat snakes,i44419,Elaphe|genus Elaphe,Q1924850
01735735-n,Asian rat snakes,i44423,Ptyas|genus Ptyas,Q2326607
01735987-n,glossy snake,i44425,Arizona|genus Arizona,Q14089080
01736275-n,bull snakes,i44427,Pituophis|genus Pituophis,Q1992326
01738897-n,a genus of colubrid snakes commonly referred to as ground snakes (Sonora),i44442,Sonora|genus Sonora,Q3490685
01739210-n,ground snakes,i44444,Virginia|genus Virginia|Potamophis|genus Potamophis,Q290763
01739838-n,water snakes; a cosmopolitan genus,i44448,Natrix|genus Natrix,Q955683
01740816-n,a genus of Colubridae containing three species of brown snake and the redbelly snake (Storeria),i44454,Storeria|genus Storeria,Q310717
01741606-n,black-headed snakes,i44459,Tantilla|genus Tantilla,Q2345428
01742646-n,night snakes,i44466,Hypsiglena|genus Hypsiglena,Q3022965
01742924-n,blind snakes,i44468,Typhlopidae|family Typhlopidae,Q664781
01743034-n,slender blind snakes or thread snakes (Leptotyphlopidae),i44469,Leptotyphlopidae|family Leptotyphlopidae,Q339827
01743757-n,a genus of Colubridae containing the indigo snakes (Drymarchon),i44473,Drymarchon|genus Drymarchon,Q2363493
01744385-n,boas and pythons,i44477,Boidae|family Boidae,Q45556
01744951-n,a genus of boas of western North America containing the rosy boas or rubber boas (Charina),i44480,Charina|genus Charina,Q1023539
01745321-n,boas of western North America,i44482,Lichanura|genus Lichanura,Q14423602
01745608-n,anacondas,i44484,Eunectes|genus Eunectes,Q188622
01746428-n,Old World boas,i44489,genus Python,Q271218
01748704-n,a monotypic genus containing only the western coral snake,i44500,Micruroides|genus Micruroides,Q11779559
01749459-n,African coral snakes,i44505,Aspidelaps|genus Aspidelaps,Q169897
01749785-n,Australian coral snakes,i44507,Rhynchoelaps|genus Rhynchoelaps,Q56171665
01750107-n,a genus of snakes known as De Vis banded snakes or mud adders (Denisonia),i44509,Denisonia|genus Denisonia,Q195268
01750380-n,cobras,i44511,Naja|genus Naja,Q220475
01751201-n,king cobra,i44516,Ophiophagus|genus Ophiophagus,Q14564444
01751782-n,ringhals,i44519,Hemachatus|genus Hemachatus,Q15148378
01752956-n,tiger snakes,i44527,Notechis|genus Notechis,Q169658
01754262-n,sea snakes,i44536,Hydrophidae|family Hydrophidae,Q44512085
01755530-n,a genus of Viperidae,i44543,Bitis|genus Bitis,Q574527
01755995-n,horned vipers,i44546,genus Cerastes|Aspis|genus Aspis,Q73178
01756831-n,"a genus of snakes commonly known as copperheads or moccasins (Ancistrodon, Agkistrodon)",i44550,Agkistrodon|genus Agkistrodon|Ancistrodon|genus Ancistrodon,Q1257508
01757915-n,large rattlesnakes; seldom bite unless startled or pursuing prey,i44555,Crotalus|genus Crotalus,Q463637
01760188-n,pygmy rattlesnakes,i44566,Sistrurus|genus Sistrurus,Q244198
01760660-n,fer-de-lance,i44569,Bothrops|genus Bothrops,Q468875
01772571-n,type genus of the family Phalangiidae,i44589,Phalangium|genus Phalangium,Q747605
01772904-n,true scorpions,i44591,Scorpionida|order Scorpionida,Q6122550
01773608-n,a genus of Chelonethida,i44595,Chelifer|genus Chelifer,Q18511096
01775423-n,spiders that spin orb webs; cosmopolitan in distribution,i44604,Argiopidae|family Argiopidae|orb-weaver,Q33134055
01775626-n,the type genus of Argiopidae; small genus of orb-weaving spiders,i44605,Argiope|genus Argiope,Q862644
01775960-n,a genus of orb-weaving spiders including common garden spiders and barn spiders,i44607,Aranea|genus Aranea|Araneus|genus Araneus,Q1413947
01776893-n,venomous spiders,i44612,Latrodectus|genus Latrodectus,Q385932
01777871-n,type genus of the family Lycosidae,i44618,Lycosa|genus Lycosa,Q13320847
01778233-n,large burrowing spiders,i44620,Ctenizidae|family Ctenizidae,Q8713
01778520-n,mites and ticks,i44622,Acarina|order Acarina,Q3111386
01779187-n,hard ticks,i44625,Ixodidae|family Ixodidae,Q1429304
01779673-n,type genus of the family Ixodidae,i44627,Ixodes|genus Ixodes,Q1951212
01781625-n,vectors of important diseases of man and animals,i44636,Dermacentor|genus Dermacentor,Q2714520
01781981-n,soft ticks,i44638,Argasidae|family Argasidae,Q640684
01782667-n,"mites, including some mole mites (e.g. the grain mite) (Acaridae)",i44642,Acaridae|family Acaridae,Q1931942
01782943-n,"mites, also known as red velvet mites or rain bugs (Trombidiidae)",i44644,Trombidiidae|family Trombidiidae,Q853453
01783560-n,type genus of the family Trombiculidae,i44648,Trombicula|genus Trombicula,Q14830884
01783915-n,small whitish mites,i44650,Sarcoptidae|family Sarcoptidae,Q3950491
01784691-n,plant-feeding mites,i44655,Tetranychidae|family Tetranychidae,Q676204
01785019-n,a genus of Tetranychidae,i44657,Panonychus|genus Panonychus,Q10616065
01785846-n,an obscure class of minute arthropods with branched antennae and 8 to 10 pairs of legs,i44661,Pauropoda|class Pauropoda,Q217512
01786025-n,small class of minute arthropods; unimportant except for the garden centipede,i44662,Symphyla|class Symphyla,Q244147
01788033-n,a family of Chilopoda,i44672,Scutigeridae|family Scutigeridae,Q856136
01788173-n,a genus of Scutigeridae,i44673,Scutigera|genus Scutigera,Q3476556
01788472-n,small elongate centipedes living in soil and under stones and having more than 30 pairs of legs,i44675,Geophilomorpha|order Geophilomorpha,Q2664614
01788689-n,small extremely elongate centipedes that live in earth,i44676,Geophilidae|family Geophilidae,Q4039348
01788860-n,type genus of the Geophilidae: a cosmopolitan genus of centipedes sometimes called earwigs,i44677,Geophilus|genus Geophilus,Q4039347
01789043-n,arthropods having the body composed of numerous double somites each with two pairs of legs: millipedes,i44678,Diplopoda|class Diplopoda|Myriapoda|class Myriapoda,Q167367
01789520-n,sea spiders,i44680,Pycnogonida|order Pycnogonida,Q19106
01790334-n,type genus of the family Limulidae,i44685,Limulus|genus Limulus,Q2104567
01790798-n,a genus of Limulidae,i44687,Tachypleus|genus Tachypleus,Q1929002
01796459-n,turkeys and some extinct forms,i44724,Meleagrididae|family Meleagrididae,Q11777078
01796629-n,type genus of the Meleagrididae: wild and domestic turkeys,i44725,Meleagris|genus Meleagris,Q43794
01797101-n,a genus of birds of the family Meleagrididae including the ocellated turkey,i44728,Agriocharis|genus Agriocharis,Q127565572
01798066-n,black grouse,i44732,Lyrurus|genus Lyrurus,Q728995
01798863-n,ptarmigans,i44738,Lagopus|genus Lagopus,Q162029
01799821-n,spruce grouse,i44745,Canachites|genus Canachites,Q117243536
01800408-n,ruffed grouse,i44749,Bonasa|genus Bonasa,Q10740725
01802181-n,type genus of the Cracidae: curassows,i44760,Crax|genus Crax,Q869569
01802683-n,genus of large crested guans (the piping guans),i44763,Pipile|genus Pipile,Q2415068
01804012-n,mallee fowl,i44771,genus Leipoa,Q4120496
01804394-n,brush turkeys,i44774,Alectura|genus Alectura,Q10731928
01804674-n,maleos,i44776,Macrocephalon|genus Macrocephalon,Q10789354
01806189-n,Congo peafowl,i44783,genus Afropavo,Q10730907
01806405-n,argus pheasants,i44785,Argusianus|genus Argusianus,Q2718257
01807437-n,Old World quail,i44792,Coturnix|genus Coturnix,Q1869243
01808087-n,genus of Central and South American crested partridges resembling quails; sometimes placed in a distinct subfamily or isolated in a distinct family,i44797,Odontophorus|genus Odontophorus,Q1080907
01808333-n,peafowl,i44798,Pavo|genus Pavo,Q3917160
01809381-n,California quail,i44806,Lofortyx|genus Lofortyx,Q857531
01810342-n,a genus of Perdicinae,i44812,Perdix|genus Perdix,Q732487
01810629-n,a genus of Perdicidae,i44814,Alectoris|genus Alectoris,Q526626
01811088-n,mountain quail of western United States,i44817,Oreortyx|genus Oreortyx,Q10803028
01811630-n,guinea fowl,i44820,Numida|genus Numida,Q16724410
01812087-n,comprising the hoatzins,i44823,Opisthocomidae|family Opisthocomidae,Q942816
01812233-n,type genus of the Opisthocomidae: hoatzins,i44824,Opisthocomus|genus Opisthocomus,Q17190683
01812618-n,coextensive with the family Tinamidae,i44826,Tinamiformes|order Tinamiformes,Q12355980
01813107-n,"sand grouse, pigeons, doves, extinct dodos and solitaires",i44829,Columbiformes|order Columbiformes,Q28078
01813587-n,extinct dodos and solitaires,i44831,Raphidae|family Raphidae,Q551092
01813745-n,type genus of the Raphidae: dodos,i44832,Raphus|genus Raphus,Q10811276
01814035-n,constituted by the extinct solitaire,i44834,Pezophaps|genus Pezophaps,Q21446278
01814323-n,doves and pigeons,i44836,Columbidae|family Columbidae,Q10856
01816452-n,"a genus of small, long-tailed doves in the family Columbidae",i44848,Stictopelia|genus Stictopelia,Q905420
01816732-n,mourning doves,i44850,Zenaidura|genus Zenaidura,Q375342
01817776-n,a extinct genus including passenger pigeons,i44858,Ectopistes|genus Ectopistes,Q8424076
01818072-n,sandgrouses,i44860,Pteroclididae|family Pteroclididae,Q179983
01818977-n,a genus of Pteroclididae,i44865,Syrrhaptes|genus Syrrhaptes,Q1874877
01819276-n,an order of birds including parrots and amazons and cockatoos and lorikeets and lories and macaws and parakeets,i44867,Psittaciformes|order Psittaciformes,Q31431
01820413-n,type genus of the Psittacidae: usually restricted to the African grey,i44872,Psittacus|genus Psittacus,Q10809423
01821600-n,"a genus of Psittacidae containing the cockatoos, found from the Philippines and Wallacea east to the Solomon Islands and south to Australia (Kakatoe, Cacatua)",i44880,Kakatoe|genus Kakatoe|Cacatua|genus Cacatua,Q827257
01822241-n,"a genus of Psittacidae containing the cockatiel, quarrion, or weiro (Nymphicus)",i44884,Nymphicus|genus Nymphicus,Q10801919
01823578-n,"a genus of Loriinae, containing the lorikeets (Trichoglossus)",i44893,Trichoglossus|genus Trichoglossus,Q921139
01824059-n,a genus of Psittacidae which contains the Central and South American macaws (Conuropsis),i44896,Conuropsis|genus Conuropsis,Q10749858
01824368-n,"a genus of Psittacidae, containing the budgerigar, common pet parakeet, or shell parakeet (Melopsittacus)",i44898,Melopsittacus|genus Melopsittacus,Q10792667
01825064-n,"cuckoos, touracos, etc.",i44902,Cuculiformes|order Cuculiformes,Q183364
01825920-n,type genus of the Cuculidae,i44906,Cuculus|genus Cuculus,Q746658
01826251-n,a genus of Cuculidae containing cuckoos which live in the Americas (Coccyzus),i44908,Coccyzus|genus Coccyzus,Q592593
01826553-n,roadrunners,i44910,Geococcyx|genus Geococcyx,Q1452250
01826868-n,ani,i44912,Crotophaga|genus Crotophaga,Q548753
01828864-n,rollers,i44924,Coraciidae|family Coraciidae,Q44245
01830299-n,type genus of the Alcedinidae,i44932,Alcedo|genus Alcedo,Q583551
01830589-n,a genus of birds of the family Alcedinidae,i44934,Ceryle|genus Ceryle,Q10745257
01831355-n,bee-eaters,i44939,Meropidae|family Meropidae,Q183147
01831497-n,type genus of the Meropidae,i44940,Merops|genus Merops,Q269203
01831929-n,type genus of the family Bucerotidae,i44943,Buceros|genus Buceros,Q850627
01833719-n,"a family of birds of the order Coraciiformes commonly known as the todies, which includes the kingfishers, bee-eaters, and rollers (Todidae)",i44955,Todidae|family Todidae,Q15727501
01834571-n,swifts; in former classifications included in the order Coraciiformes,i44960,Apodidae|family Apodidae,Q26617
01835325-n,"a genus of Apodidae, containing the chimney swift (Chateura)",i44964,Chateura|genus Chateura,Q135472
01835620-n,"a genus of Apodidae, containing the swiftlets (Collocalia)",i44966,Collocalia|genus Collocalia,Q133554
01835924-n,tree swifts,i44968,Hemiprocnidae|family Hemiprocnidae,Q31836
01836680-n,a genus of Trochilidae,i44972,Archilochus|genus Archilochus,Q776502
01837343-n,"goatsuckers, frogmouths, oilbirds",i44977,Caprimulgiformes|order Caprimulgiformes,Q26125
01838225-n,type genus of the Caprimulgidae,i44981,Caprimulgus|genus Caprimulgus,Q198823
01839168-n,"a genus of Caprimulgidae, containing the common poorwill (Phalaenoptilus)",i44987,Phalaenoptilus|genus Phalaenoptilus,Q10804997
01839594-n,type genus of the Podargidae,i44990,Podargus|genus Podargus,Q569096
01840004-n,type and sole genus of the family Steatornithidae,i44993,Steatornis|genus Steatornis,Q10821410
01840387-n,"woodpeckers, jacamars, puffbirds, barbets, honey guides, toucans",i44995,Piciformes|order Piciformes,Q25934
01841862-n,"a genus of Picidae, containing woodpeckers primarily found in North America (Picoides)",i45001,Picoides|genus Picoides,Q921396
01842919-n,a genus of Picidae containing the ivory-billed woodpeckers or ivorybills (Campephilus),i45008,Campephilus|genus Campephilus,Q132918
01843284-n,"a genus of Picidae, containing woodpeckers found in the New World (Melanerpes)",i45010,Melanerpes|genus Melanerpes,Q131901
01844456-n,a genus of Picidae containing the piculets (Picumnus),i45018,Picumnus|genus Picumnus,Q926314
01844752-n,barbets,i45020,Capitonidae|family Capitonidae,Q809613
01846217-n,a genus of Ramphastidae,i45030,Aulacorhyncus|genus Aulacorhyncus,Q781348
01846446-n,trogons,i45032,Trogoniformes|order Trogoniformes,Q14566629
01846766-n,type genus of the Trogonidae,i45034,genus Trogon,Q945088
01847055-n,a genus of Trogonidae,i45036,Pharomacrus|genus Pharomacrus,Q2725371
01847913-n,"ducks, geese, swans, screamers",i45041,Anseriformes|order Anseriformes,Q21651
01852388-n,ruddy duck,i45065,Oxyura|genus Oxyura,Q844705
01852676-n,buffleheads and goldeneyes,i45067,Bucephala|genus Bucephala,Q310868
01854637-n,wood duck and mandarin duck,i45079,Aix|genus Aix,Q131450
01855185-n,a genus of Anatidae containing two species of duck (Cairina),i45083,Cairina|genus Cairina,Q312236
01856404-n,a genus of ducks,i45091,Clangula|genus Clangula,Q2060384
01857984-n,a genus of Merginae,i45100,Lophodytes|genus Lophodytes,Q13136551
01858866-n,typical geese,i45105,Anser|genus Anser,Q183361
01859812-n,wild geese,i45111,Branta|genus Branta,Q210416
01860803-n,"a genus of Anatidae, containing the Coscoroba swan (Coscoroba)",i45117,genus Coscoroba,Q14786632
01863354-n,type genus of the Anhimidae; horned screamers,i45133,Anhima|genus Anhima,Q10733978
01874885-n,type genus of the family Tachyglossidae,i45149,Tachyglossus|genus Tachyglossus,Q12902259
01875276-n,a genus of Tachyglossidae,i45151,Zaglossus|genus Zaglossus,Q784836
01875785-n,type genus of the family Ornithorhynchidae,i45154,Ornithorhynchus|genus Ornithorhynchus,Q3745848
01878358-n,small marsupials of southern South America,i45166,Caenolestidae|family Caenolestidae,Q21854
01880048-n,type genus of the family Macropodidae: typical kangaroos and wallabies,i45175,Macropus|genus Macropus,Q174322
01880844-n,hare wallabies,i45179,Lagorchestes|genus Lagorchestes,Q218873
01881141-n,a genus of Macropodidae,i45181,Onychogalea|genus Onychogalea,Q429799
01881444-n,rock wallabies,i45183,Petrogale|genus Petrogale,Q269253
01882020-n,tree wallabies,i45187,Dendrolagus|genus Dendrolagus,Q325064
01882342-n,musk kangaroos,i45189,Hypsiprymnodon|genus Hypsiprymnodon,Q10770484
01883578-n,phalangers; koalas,i45198,Phalangeridae|family Phalangeridae,Q23230
01884358-n,a genus of Phalangeridae containing the brushtail possums (Trichosurus),i45202,Trichosurus|genus Trichosurus,Q656173
01885013-n,a genus of Phalangeridae containing the feathertail glider (Acrobates),i45206,Acrobates|genus Acrobates,Q11110566
01885853-n,dasyures; native cats; pouched mice; banded anteaters; Tasmanian devils,i45212,Dasyuridae|family Dasyuridae|family Dasyurinae,Q23133
01886403-n,type genus of the family Dasyuridae: native cats,i45214,Dasyurus|genus Dasyurus,Q379740
01887344-n,Tasmanian devil,i45220,Sarcophilus|genus Sarcophilus,Q937821
01887673-n,pouched mice,i45222,Phascogale|genus Phascogale,Q1754387
01888008-n,banded anteater,i45224,Myrmecobius|genus Myrmecobius,Q10795872
01888365-n,pouched moles,i45226,Notoryctidae|family Notoryctidae,Q13166786
01888497-n,type genus of the family Notoryctidae: comprising solely the marsupial mole,i45227,Notoryctus|genus Notoryctus,Q234792
01891969-n,moles,i45243,Talpidae|family Talpidae,Q104825
01892381-n,star-nosed moles,i45245,Condylura|genus Condylura,Q10749625
01892674-n,brewer's moles,i45247,Parascalops|genus Parascalops,Q19816787
01892915-n,golden moles,i45249,Chrysochloridae|family Chrysochloridae,Q23351
01893052-n,type genus of the Chrysochloridae,i45250,Chrysochloris|genus Chrysochloris,Q599385
01893359-n,"a genus of shrew moles, containing the Anderson's shrew mole, the gracile shrew mole, the inquisitive shrew mole, and the Chinese shrew mole (Uropsilus)",i45252,Uropsilus|genus Uropsilus,Q867212
01894506-n,type genus of the family Soricidae: shrews,i45259,Sorex|genus Sorex,Q5607349
01894912-n,a genus of fairly large shrews with fairly short tails (Blarina),i45262,Blarina|genus Blarina,Q468813
01895517-n,a genus of Soricidae,i45266,Neomys|genus Neomys,Q1352331
01896307-n,type genus of the family Erinaceidae: hedgehogs,i45272,Erinaceus|genus Erinaceus,Q498993
01897022-n,type genus of the family Tenrecidae: tenrecs,i45276,genus Tenrec,Q15402150
01897311-n,otter shrews,i45278,Potamogalidae|family Potamogalidae,Q33135586
01897444-n,type genus of the family Potamogalidae: otter shrews,i45279,genus Potamogale,Q18175529
01910136-n,sponges with siliceous spicules that have six rays; choanocytes are restricted to finger-shaped chambers,i45360,Hyalospongiae|class Hyalospongiae,Q4137253
01910543-n,a genus of Hyalospongiae,i45362,Euplectella|genus Euplectella,Q3060446
01913912-n,a genus of Scyphozoa,i45377,Chrysaora|genus Chrysaora,Q976832
01915676-n,Portuguese man-of-war,i45387,Physalia|genus Physalia,Q2704401
01916174-n,sessile hydroid that forms feathery colonies,i45391,Sertularia|genus Sertularia,Q3958000
01918055-n,sea pens,i45401,Pennatulidae|family Pennatulidae,Q1116222
01919379-n,stony corals,i45410,Madreporaria|order Madreporaria,Q195605
01919808-n,brain corals,i45412,Maeandra|genus Maeandra,Q115770614
01920392-n,a genus comprising the usual mushroom corals,i45416,Fungia|genus Fungia,Q2710067
01921740-n,ctenophores lacking tentacles; comprises one genus: beroe,i45423,Nuda|class Nuda,Q136620
01922145-n,ctenophores have retractile tentacles,i45426,Tentaculata|class Tentaculata,Q131799
01922355-n,ctenophores having two long pinnate tentacles,i45427,Cydippida|order Cydippida|Cydippidea|order Cydippidea|Cydippea|order Cydippea,Q151079
01922819-n,the family of sea gooseberries (Pleurobrachiidae),i45430,Pleurobrachiidae|family Pleurobrachiidae,Q3826253
01922943-n,a genus of sea gooseberries (Pleurobrachia),i45431,Pleurobrachia|genus Pleurobrachia,Q3005619
01923376-n,coextensive with the order Cestida; ctenophores having a greatly flattened and elongated body,i45434,Cestidae|family Cestidae,Q2947068
01923580-n,Venus's girdle,i45435,Cestum|genus Cestum,Q18518956
01923857-n,ctenophore having tentacles only in the immature stage; body compressed vertically having two large oral lobes and four pointed processes,i45437,Lobata|order Lobata,Q149121
01926792-n,chief genus of Chaetognatha including the largest arrowworms,i45449,genus Sagitta,Q4404443
01927057-n,marine worms resembling the sagittas but with a broader body and only one pair of lateral fins,i45451,genus Spadella,Q2330212
01929190-n,a genus of Fasciolidae containing the trematode Fasciolopsis buski (Fasciolopsis),i45463,Fasciolopsis|genus Fasciolopsis,Q19838628
01930306-n,a family of Cestoda,i45470,Taeniidae|family Taeniidae,Q141694
01930714-n,type genus of the family Taeniidae: tapeworms,i45473,genus Taenia,Q310997
01931001-n,proboscis worms,i45475,Nemertea|phylum Nemertea|Nemertina|phylum Nemertina,Q185631
01931378-n,beard worms,i45477,Pogonophora|phylum Pogonophora,Q15229174
01932429-n,one of two subgroups of Nematoda used in some classification systems,i45482,Aphasmidia|class Aphasmidia,Q17156
01932592-n,"one of two subgroups of Nematoda used in some classification systems, comprises worms having typically papillose sensory organs, phasmids, lateral cervical papillae, and simple lateral sensory depressions at the anterior end which resemble pores (Phasmidia)",i45483,Phasmidia|class Phasmidia,Q17157
01933126-n,large roundworms parasitic in intestines of vertebrates,i45485,Ascaridae|family Ascaridae,Q763856
01933313-n,type genus of the family Ascaridae: roundworms with a three-lipped mouth,i45486,Ascaris|genus Ascaris,Q310838
01933636-n,roundworm having a preanal sucker,i45488,Ascaridia|genus Ascaridia,Q4803791
01933918-n,"a family of nematode worms containing eight genera, including the one consisting of pinworms (Oxyuridae)",i45490,Oxyuridae|family Oxyuridae,Q2628603
01934486-n,a family of Nematoda,i45494,Cephalobidae|family Cephalobidae,Q5266809
01934999-n,"a family of Nematoda, containing the subfamilies Atylenchinae, Boleodorinae, Ecphyadophorinae, Tylenchinae, and Tylodorinae (Tylenchidae)",i45497,Tylenchidae|family Tylenchidae,Q3546007
01935136-n,type genus of the family Tylenchidae,i45498,Tylenchus|genus Tylenchus,Q10707022
01935441-n,hookworms,i45500,Ancylostomatidae|family Ancylostomatidae,Q3093248
01935983-n,threadlike roundworms,i45503,Filariidae|family Filariidae,Q1530508
01936327-n,greatly elongated roundworm,i45505,Dracunculidae|family Dracunculidae,Q2367224
01936475-n,type genus of the family Dracunculidae,i45506,Dracunculus|genus Dracunculus,Q2341780
01937346-n,a class of Annelida,i45510,Archiannelida|class Archiannelida,Q1072243
01938384-n,small annelid worms with the posterior end modified into an adhesive sucker; especially formerly regarded as modified leeches,i45515,Branchiobdellidae|family Branchiobdellidae,Q5168736
01938638-n,type genus of the Branchiobdellidae: a small worm that lives on the gills or surface of a crayfish attached by a sucker,i45516,Branchiobdella|genus Branchiobdella,Q5160275
01939875-n,type genus of Terebellidae; tube-forming marine polychete worms with many filamentous tentacles,i45522,Terebella|genus Terebella,Q3901901
01940063-n,genus of soft-bodied polychete marine worms,i45523,Polycirrus|genus Polycirrus,Q3904449
01940796-n,a family of Hirudinea,i45527,Hirudinidae|family Hirudinidae,Q5166500
01940953-n,type genus of the family Hirudinidae,i45528,Hirudo|genus Hirudo,Q15455059
01945242-n,abalones,i45542,Haliotidae|family Haliotidae,Q3126001
01945365-n,type genus of the family Haliotidae,i45543,Haliotis|genus Haliotis,Q190093
01945854-n,the family of conchs,i45546,Strombidae|family Strombidae,Q732932
01946008-n,scorpion shells of shallow tropical waters of the eastern hemisphere,i45547,Lambis|genus Lambis,Q2637458
01946395-n,type genus of the family Strombidae,i45549,Strombus|genus Strombus,Q858772
01946858-n,land snails including the common edible snail and some pests,i45552,Helicidae|family Helicidae,Q1418257
01949128-n,type genus of the Neritidae,i45565,genus Nerita,Q3170508
01949916-n,whelks,i45570,Buccinidae|family Buccinidae,Q24115
01950254-n,tritons,i45572,Cymatiidae|family Cymatiidae,Q35083222
01950515-n,moonshells,i45574,Naticidae|family Naticidae,Q1563463
01951558-n,type genus of the family Patellidae: common European limpets,i45581,Patella|genus Patella,Q4882696
01951836-n,"a family of marine limpets, containing the keyhole limpets and slit limpets (Fissurellidae)",i45583,Fissurellidae|family Fissurellidae,Q1043930
01951971-n,type genus of the family Fissurellidae: keyhole limpets,i45584,Fissurella|genus Fissurella,Q3168678
01952325-n,freshwater gastropod,i45586,Ancylidae|family Ancylidae,Q3076242
01953098-n,comprising numerous marine gastropod mollusks lacking a shell in the adult state and usually having a body like a slug,i45590,Nudibranchia|order Nudibranchia,Q733595
01953593-n,sea hares,i45592,Aplysiidae|family Aplysiidae|Tethyidae|family Tethyidae,Q618732
01953748-n,type genus of the family Aplysiidae,i45593,Aplysia|genus Aplysia|Tethys|genus Tethus,Q136564
01954113-n,genus of marine sea slugs,i45595,Hermissenda|genus Hermissenda,Q25094548
01954486-n,common genus of marine bubble shells of the Pacific coast of North America,i45598,Haminoea|genus Haminoea,Q1033382
01955070-n,freshwater snails,i45601,Physidae|family Physidae,Q881848
01955453-n,large order of gastropods comprising univalve mollusks that have a single gill resembling a comb,i45604,Pectinibranchia|order Pectinibranchia,Q1187122
01957603-n,a genus of Polyplacophora,i45616,genus Chiton,Q2528273
01959565-n,clams,i45625,Myaceae|order Myaceae|Myida|order Myida,Q29876893
01959843-n,type genus of the family Myacidae,i45627,Mya|genus Mya,Q3331302
01960380-n,type genus of the family Veneridae: genus of edible clams with thick oval shells,i45630,Venus|genus Venus,Q1408724
01960564-n,a genus of Veneridae,i45631,Mercenaria|genus Mercenaria,Q1408734
01961431-n,razor clams,i45636,Solenidae|family Solenidae,Q910699
01961555-n,razor clams in the family Pharidae (Ensis),i45637,Ensis|genus Ensis,Q2706031
01961828-n,large marine hard-shell clams,i45639,Tridacnidae|family Tridacnidae,Q2724253
01961974-n,type genus of the family Tridacnidae: giant clams,i45640,Tridacna|genus Tridacna,Q2387255
01962475-n,type genus of the family Cardiidae: cockles,i45643,Cardium|genus Cardium,Q2777123
01964864-n,saddle oysters,i45657,Anomiidae|family Anomiidae,Q540805
01964991-n,type genus of the family Anomiidae: saddle oysters,i45658,Anomia|genus Anomia,Q2852294
01965303-n,windowpane oysters,i45660,Placuna|genus Placuna,Q18590881
01965658-n,ark shells,i45662,Arcidae|family Arcidae,Q632636
01965777-n,type genus of the family Arcidae: ark shells and blood clams,i45663,Arca|genus Arca,Q737991
01966371-n,marine mussels,i45667,Mytilidae|family Mytilidae,Q386633
01966517-n,type genus of the family Mytilidae: smooth-shelled marine mussels,i45668,Mytilus|genus Mytilus,Q21132
01967277-n,freshwater mussels found worldwide,i45672,Unionidae|family Unionidae,Q1434366
01967462-n,type genus of the family Unionidae,i45673,Unio|genus Unio,Q1434357
01967752-n,thin-shelled freshwater mussels,i45675,Anodonta|genus Anodonta,Q1768065
01968045-n,zebra mussels,i45677,Dreissena|genus Dreissena,Q4998707
01969438-n,shipworms,i45684,Teredinidae|family Teredinidae,Q14524890
01970037-n,giant shipworms,i45688,Bankia|genus Bankia,Q2882662
01970453-n,type genus of the family Pholadidae: piddocks,i45691,Pholas|genus Pholas,Q3014615
01972671-n,type genus of the family Octopodidae,i45703,genus Octopus,Q611843
01972983-n,represented solely by the genus Argonauta,i45705,Argonautidae|family Argonautidae,Q2148313
01973143-n,type genus of the family Argonautidae: paper nautilus,i45706,Argonauta|genus Argonauta,Q2050688
01974369-n,a genus of Decapoda,i45713,genus Ommastrephes,Q18519392
01975374-n,coextensive with the genus Spirula; included in the order Belemnoidea in some older classifications,i45720,Spirulidae|family Spirulidae,Q17302119
01975588-n,genus of small cephalopods with many-chambered spiral shells resembling those of the extinct belemnites,i45721,genus Spirula,Q17302116
01976016-n,order of extinct dibranchiate cephalopods related to the surviving spirulas,i45723,Belemnoidea|order Belemnoidea,Q14900832
01976207-n,family of extinct Mesozoic cephalopods,i45724,Belemnitidae|family Belemnitidae,Q21224730
01980007-n,stone crabs,i45738,Menippe|genus Menippe,Q6497159
01980473-n,type genus of the family Cancridae,i45741,Cancer|genus Cancer,Q428243
01981765-n,type genus of the family Portunidae,i45749,Portunus|genus Portunus,Q3399586
01982694-n,fiddler crabs,i45755,Uca|genus Uca,Q1329937
01983112-n,type genus of the family Pinnotheridae: pea crabs,i45758,Pinnotheres|genus Pinnotheres,Q2791630
01983634-n,deep-sea crabs of cold waters,i45761,Lithodidae|family Lithodidae,Q1861297
01983778-n,a genus of Lithodidae,i45762,Paralithodes|genus Paralithodes,Q3363478
01984184-n,spider crabs,i45764,Majidae|family Majidae,Q943664
01984525-n,type genus of the Majidae; nearly cosmopolitan in distribution,i45766,Maja|genus Maja|Maia|genus Maia,Q2224398
01985536-n,large-clawed lobsters,i45772,Homaridae|family Homaridae,Q33150195
01985918-n,type genus of the family Homaridae: common edible lobsters,i45774,Homarus|genus Homarus,Q11827352
01986599-n,in some classifications coextensive with the Homaridae,i45778,Nephropsidae|family Nephropsidae,Q33138226
01986772-n,a genus of Nephropsidae,i45779,Nephrops|genus Nephrops,Q10336345
01987188-n,type genus of the family Palinuridae,i45782,Palinurus|genus Palinurus,Q2736968
01987972-n,type genus of the family Astacidae; Old World crayfish,i45786,Astacus|genus Astacus,Q1942450
01988308-n,a genus of Astacidae,i45788,Cambarus|genus Cambarus,Q309206
01988713-n,type genus of the family Paguridae,i45791,Pagurus|genus Pagurus,Q2480027
01989322-n,type genus of the family Crangonidae,i45795,Crangon|genus Crangon,Q148143
01989869-n,prawns,i45798,Palaemonidae|family Palaemonidae,Q1404181
01989994-n,type genus of the family Palaemonidae; widely distributed genus,i45799,Palaemon|genus Palaemon,Q1269791
01990579-n,tropical prawns,i45802,Peneidae|family Peneidae,Q683918
01990705-n,type genus of the family Peneidae,i45803,Peneus|genus Peneus,Q3011709
01991612-n,opossum shrimp,i45809,Mysidacea|order Mysidacea,Q1208947
01991738-n,small shrimp-like crustaceans,i45810,Mysidae|family Mysidae,Q3859197
01991895-n,type genus of the family Mysidae,i45811,Mysis|genus Mysis,Q601140
01992031-n,a genus of Mysidae,i45812,Praunus|genus Praunus,Q3860707
01992827-n,crustaceans that burrow in mud or under stones in shallow water along the seashore,i45817,Squillidae|family Squillidae,Q665408
01994330-n,a family of Isopoda,i45826,Oniscidae|family Oniscidae,Q3012315
01994636-n,sow bugs,i45828,Porcellionidae|family Porcellionidae,Q3012099
01994767-n,Old World genus of isopod crustaceans,i45829,Porcellio|genus Porcellio,Q660684
01995589-n,beach fleas,i45834,Orchestiidae|family Orchestiidae,Q21589779
01995719-n,type genus of the family Orchestiidae,i45835,Orchestia|genus Orchestia,Q3355241
01996054-n,skeleton shrimp,i45837,Caprella|genus Caprella,Q3932187
01996368-n,whale lice,i45839,Cyamus|genus Cyamus,Q3933445
01997791-n,small aquatic crustaceans lacking a carapace: fairy shrimps; brine shrimps,i45846,Anostraca|order Anostraca,Q853383
01997977-n,fairy shrimp; brine shrimp,i45847,Artemia|genus Artemia|Chirocephalus|genus Chirocephalus,Q1145843
01998457-n,small freshwater crustaceans with a shield-shaped carapace,i45850,Notostraca|order Notostraca,Q3344541
01998629-n,a family of Notostraca,i45851,Triopsidae|family Triopsidae,Q4569752
01998745-n,type genus of the family Triopsidae: small crustaceans with a small third median eye,i45852,Triops|genus Triops,Q114364
02000090-n,copepods with suctorial mouthparts; parasitic on fishes,i45859,Branchiura|order Branchiura,Q841641
02001121-n,stalkless barnacles,i45865,Balanidae|family Balanidae,Q266221
02001253-n,type genus of the family Balanidae,i45866,Balanus|genus Balanus,Q2336729
02001574-n,goose barnacles,i45868,Lepadidae|family Lepadidae,Q1812499
02002028-n,enigmatic small elongated wormlike terrestrial invertebrates of damp dark habitats in warm regions; distinct from the phylum Annelida; resemble slugs with legs and are sometimes described as the missing link between arthropods and annelids,i45871,Onychophora|class Onychophora,Q18596606
02003008-n,a genus of Peripatidae,i45875,Plicatoperipatus|genus Plicatoperipatus,Q15149876
02003272-n,a family of southern velvet worms,i45877,Peripatopsidae|family Peripatopsidae,Q140169
02003418-n,type genus of Peripatopsidae; onychophorans of chiefly Asiatic and African tropical regions,i45878,Peripatopsis|genus Peripatopsis,Q2352640
02004082-n,"order of chiefly tropical marsh-dwelling fish-eating wading birds with long legs and bills and (except for flamingos) unwebbed feet: herons, storks, spoonbills, flamingos, ibises",i45880,Ciconiiformes|order Ciconiiformes,Q21716
02005038-n,type genus of the Ciconiidae: European storks,i45883,Ciconia|genus Ciconia,Q6471715
02006389-n,jabirus,i45891,genus Jabiru,Q3157022
02006648-n,saddlebills,i45893,Ephippiorhynchus|genus Ephippiorhynchus,Q990042
02006997-n,East Indian and Australian storks,i45895,Xenorhyncus|genus Xenorhyncus,Q18520791
02007892-n,type genus of the Balaenicipitidae: shoebills,i45900,Balaeniceps|genus Balaeniceps,Q18000303
02008616-n,ibises,i45904,genus Ibis,Q18515513
02008865-n,type genus of the Threskiornithidae,i45906,Threskiornis|genus Threskiornis,Q917005
02009164-n,spoonbills,i45908,Plataleidae|family Plataleidae,Q127162954
02009481-n,type genus of the Plataleidae,i45910,Platalea|genus Platalea,Q208488
02009815-n,a genus of Platalea,i45912,Ajaia|genus Ajaia,Q107272848
02012274-n,a white egrets,i45926,Casmerodius|genus Casmerodius,Q21446665
02012798-n,small white egrets,i45929,Bubulcus|genus Bubulcus,Q947895
02013246-n,Old World night herons,i45932,Nycticorax|genus Nycticorax,Q133003
02013810-n,boatbills,i45936,Cochlearius|genus Cochlearius,Q10749386
02014322-n,a genus of large bitterns (Botaurus),i45939,Botaurus|genus Botaurus,Q739050
02014717-n,a genus of small bitterns (Ixobrychus),i45942,Ixobrychus|genus Ixobrychus,Q244078
02014960-n,"inland marsh-dwelling birds with long legs and necks and bills that wade in water in search of food: cranes, rails, bustards",i45944,Gruiformes|order Gruiformes,Q25557
02015369-n,cranes,i45945,Gruidae|family Gruidae,Q25365
02015688-n,type genus of the Gruidae: typical cranes,i45947,Grus|genus Grus,Q47549
02016016-n,genus of large brown long-billed wading birds found in warm swampy regions of the western hemisphere: courlan; limpkin,i45949,Aramus|genus Aramus,Q12785142
02016715-n,the type genus of the Cariamidae comprising only the crested cariama,i45953,Cariama|genus Cariama,Q2261506
02017060-n,a genus of Cariamidae,i45955,genus Chunga,Q10748080
02018339-n,corncrakes,i45962,Crex|genus Crex,Q289873
02018598-n,spotted crakes,i45964,Porzana|genus Porzana,Q835525
02019747-n,Old World purple gallinules,i45971,Porphyrio|genus Porphyrio,Q1137291
02019989-n,American purple gallinules,i45973,Porphyrula|genus Porphyrula,Q21446588
02020261-n,a genus of Rallidae,i45975,genus Notornis,Q21445741
02021698-n,type genus of the Otididae: European bustard,i45984,Otis|genus Otis,Q4288490
02021962-n,Australian bustard,i45986,Choriotis|genus Choriotis,Q2194882
02022220-n,small Old World birds resembling but not related to true quail,i45988,Turnicidae|family Turnicidae,Q205320
02022416-n,type genus of the Turnicidae: button quail,i45989,Turnix|genus Turnix,Q1608770
02023104-n,plain wanderer,i45993,Pedionomus|genus Pedionomus,Q10804436
02023556-n,type genus of the Psophiidae: trumpeters,i45996,Psophia|genus Psophia,Q10809431
02027007-n,golden plovers,i46010,Pluvialis|genus Pluvialis,Q2359014
02027290-n,Eurasian lapwings,i46012,Vanellus|genus Vanellus,Q13426919
02029152-n,a genus of Scolopacidae,i46020,Aphriza|genus Aphriza,Q10734553
02029452-n,"a genus of Scolopacidae, comprising the common sandpiper and the spotted sandpiper (Actitis)",i46022,Actitis|genus Actitis,Q310859
02029863-n,"a genus of Scolopacidae, containing some stints and sandpipers (Erolia)",i46025,Erolia|genus Erolia,Q41153518
02031897-n,"a genus of Scolopacidae, containing the sanderling (Crocethia)",i46038,Crocethia|genus Crocethia,Q107272785
02032225-n,"a genus of Scolopacidae, includes the upland sandpiper (Bartramia)",i46040,Bartramia|genus Bartramia,Q2789944
02032568-n,ruffs,i46042,Philomachus|genus Philomachus,Q15101016
02033096-n,tattlers,i46046,Heteroscelus|genus Heteroscelus,Q2312123
02033363-n,willet,i46048,Catoptrophorus|genus Catoptrophorus,Q25958002
02033797-n,type of the Scolopacidae: Old World woodcocks,i46051,Scolopax|genus Scolopax,Q642855
02034406-n,snipes,i46055,Gallinago|genus Gallinago|Capella|genus Capella,Q786045
02035300-n,snipe,i46060,Limnocryptes|genus Limnocryptes,Q10787358
02036098-n,curlews,i46066,Numenius|genus Numenius,Q215166
02036670-n,godwits,i46070,Limosa|genus Limosa,Q585636
02038499-n,one of two genera of stilts; similar to avocets but with straight bills,i46079,Cladorhyncus|genus Cladorhyncus,Q10748948
02039053-n,long-legged shorebirds,i46082,Recurvirostridae|family Recurvirostridae,Q27042
02039202-n,type genus of the Recurvirostridae: avocets,i46083,Recurvirostra|genus Recurvirostra,Q286072
02039518-n,the family of oystercatchers (Haematopodidae),i46085,Haematopodidae|family Haematopodidae,Q12845592
02039636-n,the genus of oystercatchers (Haematopus),i46086,Haematopus|genus Haematopus,Q27515
02040367-n,type genus of the Phalaropidae: phalaropes,i46090,Phalaropus|genus Phalaropus|Lobipes|genus Lobipes|Steganopus|genus Steganopus,Q253776
02042314-n,"a genus of coursers, containing the Egyptian plover (Pluvianus)",i46102,Pluvianus|genus Pluvianus,Q10807623
02042596-n,large wading birds resembling the plovers: stone curlews,i46104,Burhinidae|family Burhinidae,Q145854
02042767-n,type genus of the Burhinidae: stone curlews,i46105,Burhinus|genus Burhinus,Q220598
02044996-n,"a genus of Laridae, containing the ivory gull (Pagophila)",i46117,Pagophila|genus Pagophila,Q10803699
02045291-n,"a genus of Laridae, containing the kittiwakes (Rissa)",i46119,Rissa|genus Rissa,Q310848
02046151-n,coextensive with the genus Rynchops: skimmers,i46125,Rynchopidae|family Rynchopidae,Q17190971
02046313-n,type genus of the Rynchopidae: skimmers,i46126,Rynchops|genus Rynchops,Q212941
02047012-n,type genus of the Stercorariidae: jaegers,i46130,Stercorarius|genus Stercorarius,Q1053111
02047313-n,skuas,i46132,Catharacta|genus Catharacta,Q28125230
02048359-n,type genus of the Alcidae comprising solely the razorbill,i46138,Alca|genus Alca,Q3608921
02048699-n,a genus of Alcidae,i46140,Plautus|genus Plautus,Q61883572
02049267-n,a genus of birds including: guillemots,i46144,Cepphus|genus Cepphus,Q132913
02050896-n,a proposed monotypic genus for tufted puffins,i46156,Lunda|genus Lunda,Q50698074
02051168-n,large aquatic birds: loons and some extinct forms,i46158,Gaviiformes|order Gaviiformes,Q2814783
02051486-n,loon family,i46160,Gavidae|family Gavidae,Q21666
02051953-n,grebes,i46163,Podicipitiformes|order Podicipitiformes|Podicipediformes|order Podicipediformes|Colymbiformes|order Colymbiformes,Q20604429
02052509-n,type genus of the Podicipedidae: grebes,i46166,Podiceps|genus Podiceps,Q1237815
02054355-n,pelicans,i46176,Pelecanidae|family Pelecanidae,Q11846678
02055165-n,frigate birds,i46181,Fregatidae|family Fregatidae,Q15631713
02055293-n,type genus of the Fregatidae,i46182,Fregata|genus Fregata,Q203472
02055590-n,gannets and boobies,i46184,Sulidae|family Sulidae,Q208492
02056374-n,cormorants,i46189,Phalacrocoracidae|family Phalacrocoracidae,Q3901247
02057030-n,type genus of the Anhingidae,i46193,genus Anhinga,Q13168473
02057488-n,tropicbirds,i46196,Phaethontidae|family Phaethontidae,Q17189371
02057620-n,type genus of the Phaethontidae,i46197,Phaethon|genus Phaethon,Q19264
02057934-n,penguins,i46199,Sphenisciformes|order Sphenisciformes,Q12198609
02058745-n,a genus of Spheniscidae,i46203,Pygoscelis|genus Pygoscelis,Q609432
02059075-n,large penguins,i46205,Aptenodytes|genus Aptenodytes,Q652976
02059527-n,type genus of the Spheniscidae: jackass penguins,i46208,Spheniscus|genus Spheniscus,Q902912
02059862-n,rock hoppers,i46210,Eudyptes|genus Eudyptes,Q591480
02061107-n,type of the Diomedeidae,i46217,genus Diomedea,Q905872
02062376-n,giant petrels,i46224,Macronectes|genus Macronectes,Q598979
02062669-n,fulmars,i46226,Fulmarus|genus Fulmarus,Q311224
02062943-n,shearwaters,i46228,Puffinus|genus Puffinus,Q858279
02063372-n,storm petrels,i46231,Hydrobatidae|family Hydrobatidae,Q193404
02063726-n,type genus of the Hydrobatidae,i46233,Hydrobates|genus Hydrobates,Q10770062
02064078-n,a genus of Hydrobatidae,i46235,Oceanites|genus Oceanites,Q2347332
02064369-n,diving petrels,i46237,Pelecanoididae|family Pelecanoididae,Q18325201
02066169-n,right whales,i46245,Balaenidae|family Balaenidae,Q782603
02066499-n,type genus of the Balaenidae: Greenland whales,i46247,Balaena|genus Balaena,Q4820658
02067261-n,type genus of the Balaenopteridae,i46251,Balaenoptera|genus Balaenoptera,Q133320
02068252-n,humpback whales,i46256,Megaptera|genus Megaptera,Q12771348
02068739-n,type and sole genus of the Eschrichtiidae,i46259,Eschrichtius|genus Eschrichtius,Q12778450
02069753-n,type genus of the Physeteridae,i46264,Physeter|genus Physeter,Q3382003
02070115-n,pygmy sperm whales,i46266,Kogia|genus Kogia,Q244293
02070594-n,beaked whales; in some especially former classifications included in the family Physeteridae,i46269,Ziphiidae|family Ziphiidae|Hyperodontidae|family Hyperodontidae,Q193106
02071061-n,bottle-nosed whales,i46271,Hyperoodon|genus Hyperoodon,Q949450
02072221-n,a genus of Delphinidae,i46277,Tursiops|genus Tursiops,Q149069
02073575-n,grampus,i46285,genus Grampus,Q15631679
02074158-n,pilot whales,i46289,Globicephala|genus Globicephala,Q459616
02075007-n,type genus of the Monodontidae,i46294,Monodon|genus Monodon,Q18510798
02075317-n,white whale,i46296,Delphinapterus|genus Delphinapterus,Q16628343
02076184-n,comprising only the manatees,i46301,Trichechidae|family Trichechidae,Q10827895
02076331-n,type and sole genus of the Trichechidae,i46302,Trichechus|genus Trichecus,Q42797
02076866-n,type genus of the Dugongidae comprising only the dugongs,i46305,genus Dugong,Q10978076
02080811-n,type genus of the Otariidae,i46325,Otaria|genus Otaria,Q19817140
02081088-n,a genus of sea lions and fur seals (Zalophus),i46327,Zalophus|genus Zalophus,Q135911
02081534-n,a genus of sea lions containing the steller sea lion (Eumetopias),i46330,Eumetopias|genus Eumetopias,Q18520866
02082358-n,type genus of the Phocidae: earless seals,i46334,Phoca|genus Phoca,Q878742
02082674-n,harp seals,i46336,Pagophilus|genus Pagophilus,Q19817285
02083238-n,bearded seals,i46340,Erignathus|genus Erignathus,Q19817175
02083586-n,hooded seals,i46342,Cystophora|genus Cystophora,Q19817156
02084075-n,type genus of the Odobenidae: walruses,i46345,Odobenus|genus Odobenus,Q5361186
02085010-n,an order of Eutheria containing the aardvark as the only living species (Tubulidentata),i46351,Tubulidentata|order Tubulidentata,Q1082523
02085284-n,coextensive with the family Orycteropodidae,i46353,Orycteropus|genus Orycteropus,Q1975774
02085690-n,"dogs, wolves, jackals, foxes",i46355,Canidae|family Canidae,Q25324
02086515-n,"type genus of the Canidae: domestic and wild dogs, wolves, jackals",i46359,Canis|genus Canis,Q149892
02118427-n,Asiatic wild dog,i46558,Cuon|Cyon|genus Cuon|genus Cyon,Q19817116
02119282-n,African hunting dog,i46564,Lycaeon|genus Lycaeon,Q12061410
02120021-n,type genus of the Hyaenidae,i46568,genus Hyaena,Q1417638
02120424-n,a genus of Hyaenidae,i46571,Crocuta|genus Crocuta,Q10750855
02120710-n,aardwolf,i46573,Proteles|genus Proteles,Q18510844
02121506-n,foxes,i46578,Vulpes|genus Vulpes,Q185194
02122613-n,arctic foxes,i46585,Alopex|genus Alopex,Q223410
02123344-n,"cats, wildcats, lions, leopards, cheetahs, saber-toothed tigers",i46590,Felidae|family Felidae,Q25265
02129603-n,lynxes,i46628,genus Lynx,Q677014
02130772-n,"lions, leopards, snow leopards, jaguars, tigers, cheetahs, saber-toothed tigers",i46636,Panthera|genus Panthera,Q127960
02133447-n,saber-toothed tigers,i46653,Smilodon|genus Smilodon,Q188717
02133728-n,false sabertoothed tigers,i46655,Nimravus|genus Nimravus,Q134562
02134070-n,bears and extinct related forms,i46657,Ursidae|family Ursidae,Q11788
02134594-n,type genus of Ursidae: brown bears; in some classifications genus Ursus includes all bears,i46659,Ursus|genus Ursus,Q243359
02136892-n,sloth bears; in some classifications not a separate genus from Ursus,i46672,Melursus|genus Melursus,Q17484766
02138378-n,a genus of Viverridae,i46679,Viverricula|genus Viverricula,Q19817086
02138633-n,binturongs,i46681,Arctictis|genus Arctictis,Q19817059
02139275-n,monotypic genus of Madagascar civets closely related to palm civets,i46685,Fossa|genus Fossa,Q19817088
02139553-n,genets,i46687,Genetta|genus Genetta,Q43221
02139824-n,banded palm civets,i46689,Hemigalus|genus Hemigalus,Q19817081
02140080-n,mongooses,i46691,Herpestes|genus Herpestes,Q312207
02140975-n,meerkats,i46697,Suricata|genus Suricata,Q19817113
02142566-n,"a genus of Megachiroptera, comprising some of the flying foxes (Pteropus)",i46705,Pteropus|genus Pteropus,Q1241332
02143009-n,East Indian fruit bats,i46709,Nyctimene|genus Nyctimene,Q1754955
02143371-n,a genus of Megachiroptera containing 7 species of fruit bat or megabat (Cynopterus),i46711,Cynopterus|genus Cynopterus,Q311701
02145227-n,type genus of the family Phyllostomatidae,i46720,Phyllostomus|genus Phyllostomus,Q1303312
02145645-n,a genus of Phyllostomatidae,i46723,Choeronycteris|genus Choeronycteris,Q10747561
02146246-n,Old World leafnose bats,i46727,Hipposideridae|family Hipposideridae,Q604995
02146762-n,orange horseshoe bats,i46730,Rhinonicteris|genus Rhinonicteris,Q10811563
02147094-n,Old World false vampire bats,i46732,Megadermatidae|family Megadermatidae,Q841327
02147444-n,type genus of the Megadermatidae,i46734,Megaderma|genus Megaderma,Q221073
02148419-n,"a genus of Vespertilionidae, containing the parti-coloured bat and Asian parti-coloured bat (Vespertilio)",i46738,Vespertilio|genus Vespertilio,Q1762568
02148716-n,"a genus of Vespertilionidae, containing the hairy-tailed bats (Lasiurus)",i46740,Lasiurus|genus Lasiurus,Q116317
02149178-n,largest and most widely distributed genus of bats,i46743,Myotis|genus Myotis,Q223384
02149686-n,"a genus of Vespertilionidae, commonly called house bats (Eptesicus)",i46746,Eptesicus|genus Eptesicus,Q736473
02150104-n,"a genus of Vespertilionidae, containing the pallid bat (Antrozous)",i46749,Antrozous|genus Antrozous,Q10734383
02151029-n,"a genus of Vespertilionidae, containing the spotted bats (Euderma)",i46755,Euderma|genus Euderma,Q10759438
02151949-n,freetail bats,i46761,Tadarida|genus Tadarida,Q607105
02152668-n,mastiff bats,i46765,Eumops|genus Eumops,Q371577
02152958-n,true vampire bats,i46767,Desmodontidae|family Desmodontidae,Q190691
02153760-n,vampire bats,i46771,Diphylla|genus Diphylla,Q10755826
02164389-n,an order of insect identified in 2002 in a 45 million year old piece of amber from the Baltic region,i46830,Mantophasmatodea|order mantophasmatodea,Q754029
02164596-n,an order of carnivorous insects usually having long membranous wings and long beaklike heads with chewing mouths at the tip,i46831,Mecoptera|order Mecoptera,Q205301
02165056-n,a family of insects of the order Mecoptera,i46833,Panorpidae|family Panorpidae,Q931119
02165483-n,a family of predacious tropical insects of the order Mecoptera,i46835,Bittacidae|family Bittacidae,Q1953041
02166634-n,beetles,i46841,Coleoptera|order Coleoptera,Q22671
02167625-n,tiger beetles,i46843,Cicindelidae|family Cicindelidae,Q16718297
02168406-n,"genus of ladybugs, containing A. bipunctata and A. decempunctata (Adalia)",i46847,Adalia|genus Adalia,Q2665200
02169088-n,"genus of ladybugs, including H. convergens (Hippodamia)",i46851,Hippodamia|genus Hippodamia,Q1952379
02169326-n,genus of Australian ladybugs,i46853,Rodolia|genus Rodolia|genus Vedalia,Q21445747
02169638-n,ground beetles,i46855,Carabidae|family Carabidae,Q27046
02170027-n,bombardier beetles,i46857,Brachinus|genus Brachinus,Q137381
02170773-n,fireflies,i46862,Lampyridae|family Lampyridae,Q25420
02171997-n,leaf beetles,i46870,Chrysomelidae|family Chrysomelidae,Q193407
02172485-n,Colorado potato beetles,i46873,Leptinotarsa|genus Leptinotarsa,Q602990
02172921-n,carpet beetles,i46875,Dermestidae|family Dermestidae,Q220932
02173500-n,beetles that prey on other insects,i46879,Cleridae|family Cleridae,Q377988
02174285-n,scarab or dung beetles,i46884,Scarabaeidae|family Scarabaeidae,Q186946
02175039-n,type genus of the Scarabaeidae,i46887,genus Scarabaeus,Q771526
02176223-n,genus of beetles whose grubs feed mainly on roots of plants; includes several pests of cultivated grasses,i46895,Anomala|genus Anomala,Q2235787
02177173-n,a genus of Melolonthidae containing the European cockchafers (Melolontha),i46900,Melolontha|genus Melolontha,Q1780303
02177522-n,a genus of Melolonthidae,i46902,Macrodactylus|genus Macrodactylus,Q14863800
02178092-n,a genus of Cetoniidae,i46905,Cetonia|genus Cetonia,Q608094
02178443-n,stag beetles,i46907,Lucanidae|family Lucanidae,Q208786
02179720-n,water beetles,i46915,Dytiscidae|family Dytiscidae,Q327149
02180296-n,deathwatch beetles,i46919,Anobiidae|family Anobiidae,Q574725
02181215-n,weevils destructive of cultivated plants,i46924,Anthonomus|genus Anthonomus,Q1382301
02182081-n,large family of bark-boring or wood-boring short-beaked beetles; very destructive to forest and fruit trees,i46930,Scolytidae|family Scolytidae|Ipidae|family Ipidae,Q12379653
02182366-n,type genus of the Scolytidae comprising numerous small bark beetles,i46931,Scolytus|genus Scolytus,Q310770
02182698-n,genus of small bark beetles destructive especially to mature conifers,i46933,Dendroctonus|genus Dendroctonus,Q3013151
02183394-n,rove beetles,i46936,Staphylinidae|family Staphylinidae,Q467400
02183665-n,a family of arthropods including darkling beetles and mealworms,i46938,Tenebrionidae|family Tenebrionidae,Q615799
02184251-n,flour beetles,i46941,Tribolium|genus Tribolium,Q4273216
02184515-n,seed beetles,i46943,Bruchidae|family Bruchidae,Q13167641
02184872-n,type genus of the Bruchidae,i46945,Bruchus|genus Bruchus,Q2926499
02185150-n,a genus of Bruchidae containing the bean weevils (Acanthoscelides),i46947,Acanthoscelides|genus Acanthoscelides,Q1645100
02185448-n,a genus of Bruchidae,i46949,Sitophylus|genus Sitophylus,Q1431435
02186005-n,web spinners,i46952,Embioptera|order Embioptera|Embiodea|order Embiodea,Q467392
02186349-n,sucking lice,i46954,Anoplura|order Anoplura,Q26870
02186766-n,true lice: human lice and related forms,i46956,Pediculidae|family Pediculidae,Q4116982
02186922-n,type genus of Pediculidae: true lice infecting humans,i46957,Pediculus|genus Pediculus,Q13655191
02187533-n,crab lice,i46961,Phthiriidae|family Phthiriidae,Q21224264
02187659-n,true lice: crab lice,i46962,Phthirius|genus Phthirius|Phthirus|genus Phthirus,Q7257036
02187989-n,biting lice,i46964,Mallophaga|order Mallophaga,Q919938
02188346-n,chicken lice,i46966,Menopon|genus Menopon,Q18095959
02189051-n,many common fleas attacking humans and domestic animals,i46970,Pulicidae|family Pulicidae,Q1946989
02189238-n,type genus of the Pulicidae,i46971,Pulex|genus Pulex,Q2120770
02190079-n,a genus of Siphonaptera,i46977,Tunga|genus Tunga,Q15631005
02190411-n,"a genus of Siphonaptera containing some 21 species occurring in the Palaearctic, Afrotropic and Australasian regions (Echidnophaga)",i46979,Echidnophaga|genus Echidnophaga,Q10479055
02192187-n,a genus of Cecidomyidae,i46985,Mayetiola|genus Mayetiola,Q6797107
02192667-n,two-winged flies especially the housefly,i46988,Muscidae|family Muscidae,Q527224
02193300-n,type genus of the Muscidae: houseflies,i46991,Musca|genus Musca,Q145574
02193615-n,flies closely related to the Muscidae: tsetse flies,i46993,Glossinidae|family Glossinidae,Q5336147
02194269-n,type genus of the Calliphoridae: blowflies,i46997,Calliphora|genus Calliphora,Q2213438
02194779-n,greenbottle flies,i47000,Lucilia|genus Lucilia,Q4121093
02195040-n,flesh flies,i47002,Sarcophaga|genus Sarcophaga,Q1616496
02195325-n,parasites on other insects,i47004,Tachinidae|family Tachinidae,Q235715
02196009-n,horse botflies,i47008,Gasterophilidae|family Gasterophilidae,Q17415640
02196148-n,type genus of the Gasterophilidae: horse botflies,i47009,Gasterophilus|genus Gasterophilus,Q13553844
02196451-n,New World botflies,i47011,Cuterebridae|family Cuterebridae,Q5196747
02196607-n,type genus of the Cuterebridae,i47012,Cuterebra|genus Cuterebra,Q14698598
02196730-n,larvae live under the skin of domestic mammals and humans,i47013,Dermatobia|genus Dermatobia,Q18108621
02197066-n,warble flies,i47015,Oestridae|family Oestridae|Hypodermatidae|family Hypodermatidae,Q15629945
02197251-n,type genus of the Oestridae: sheep botflies,i47016,Oestrus|genus Oestrus,Q7078713
02197539-n,in some classifications considered the type genus of the family Hypodermatidae: warble flies,i47018,Hypoderma|genus Hypoderma,Q9295520
02198345-n,bee flies,i47023,Bombyliidae|family Bombyliidae,Q676390
02198648-n,robber flies,i47025,Asilidae|family Asilidae,Q837089
02199194-n,fruit flies; some leaf miners,i47028,Trypetidae|family Trypetidae|Trephritidae|family Trephritidae|Tephritidae,Q3541211
02199700-n,Mediterranean fruit flies,i47031,Ceratitis|genus Ceratitis,Q2946369
02200673-n,a genus of tephritid or fruit flies (Philophylla),i47037,Philophylla|genus Philophylla,Q7186141
02200984-n,winged or wingless dipterans: louse flies,i47039,Hippoboscidae|family Hippoboscidae,Q256346
02201648-n,an arthropod genus of wingless flies including the sheep ked,i47043,Melophagus|genus Melophagus,Q3007506
02202004-n,European genus of bloodsucking flies,i47045,Haematobia|genus Haematobia,Q5638206
02203357-n,yellow-fever mosquitos,i47052,Aedes|genus Aedes,Q310911
02205530-n,type genus of the Ceratopogonidae,i47064,Ceratopogon|genus Ceratopogon,Q14551414
02205660-n,midges,i47065,Chironomidae|family Chironomidae,Q228145
02205984-n,type genus of the Chironomidae,i47067,Chironomus|genus Chironomus,Q2704714
02206109-n,"a family of small flies, forming the bulk of those species known as fungus gnats (Mycetophylidae)",i47068,Mycetophilidae|family Mycetophylidae,Q1697984
02206391-n,very small two-winged flies with hairy wings that develop in moss and damp vegetable matter: sand flies,i47070,Psychodidae|family Psychodidae,Q753860
02206736-n,small bloodsucking sand flies that resemble moths,i47072,Phlebotomus|genus Phlebotomus,Q1709478
02207112-n,"a family of flies, commonly known as dark-winged fungus gnats (Sciaridae)",i47074,Sciaridae|family Sciaridae,Q582991
02207237-n,type genus of the Sciaridae: fungus gnat,i47075,genus Sciara,Q7433428
02208175-n,type genus of the Simuliidae: blackflies,i47081,Simulium|genus Simulium,Q3280744
02208548-n,"an order of insects including: bees, wasps, ants, ichneumons, sawflies, gall wasps, etc.",i47083,Hymenoptera|order Hymenoptera,Q22651
02211882-n,carpenter bees,i47099,Xylocopa|genus Xylocopa,Q1165550
02212160-n,bumblebees,i47101,Bombus|genus Bombus,Q25407
02212407-n,a large bee that resembles the bumblebee but lacks pollen-collecting apparatus and a worker caste,i47103,Psithyrus|genus Psithyrus,Q42274677
02212748-n,a large family of solitary short-tongued bees most of which burrow in the ground,i47105,Andrenidae|family Andrenidae,Q853287
02213219-n,a genus of bee; some are important pollinators of legumes,i47108,nomia|genus Nomia,Q4045452
02213751-n,leaf-cutting and mason bees,i47111,Megachilidae|family Megachilidae,Q530200
02213935-n,type genus of the Megachilidae: leaf-cutting bees,i47112,Megachile|genus Megachile,Q261844
02214425-n,potter bees,i47115,Anthidium|genus Anthidium,Q1460174
02216619-n,a genus of Vespidae,i47128,Polistes|genus Polistes,Q1955518
02216855-n,mason wasps,i47130,Eumenes|genus Eumenes,Q1524207
02217986-n,mud daubers; some digger wasps,i47137,Sphecidae|family Sphecidae,Q132833
02218148-n,mud daubers,i47138,Sceliphron|genus Sceliphron,Q139681
02218593-n,cicada killers,i47141,Stizidae|family Stizidae,Q1836615
02218718-n,large solitary wasps: cicada killer,i47142,Sphecius|genus Sphecius,Q2710050
02219702-n,"cynipid gall wasps, especially causing oak-apple galls",i47148,Amphibolips|genus Amphibolips,Q18100234
02219853-n,"cynipid gall wasps, chiefly affecting oaks",i47149,Andricus|genus Andricus,Q2846870
02220649-n,type genus of the Chalcididae,i47153,Chalcis|genus Chalcis,Q13635343
02223328-n,carpenter ants,i47168,Camponotus|genus Camponotus,Q157875
02223612-n,fire ants,i47170,Solenopsis|genus Solenopsis,Q1075697
02224851-n,bulldog ants,i47178,Myrmecia|genus Myrmecia,Q117160
02225803-n,type genus of the Termitidae,i47184,Termes|genus Termes,Q13582623
02226346-n,includes species highly destructive to structures and living trees,i47187,Reticulitermes|genus Reticulitermes,Q1074282
02226793-n,large widely distributed family of termites of temperate to tropical regions,i47190,Rhinotermitidae|family Rhinotermitidae,Q1953004
02226975-n,primitive termites,i47191,Mastotermitidae|family Mastotermitidae,Q11988630
02227118-n,primitive genus of termites; mostly extinct; sometimes considered the most primitive Isoptera,i47192,Mastotermes|genus Mastotermes,Q6785606
02228229-n,genus of dry wood termites; cosmopolitan in distribution; sometimes considered a subgenus of Kalotermes,i47198,Cryptotermes|genus Cryptotermes,Q4036734
02229250-n,short-horned grasshoppers; true locusts,i47203,Acrididae|family Acrididae|Locustidae|family Locustidae,Q7618284
02229771-n,a genus of Acrididae,i47206,Locusta|genus Locusta,Q15122569
02230082-n,New World migratory locusts and common American grasshoppers,i47208,Melanoplus|genus Melanoplus,Q6811522
02230425-n,long-horned grasshoppers; katydids,i47210,Tettigoniidae|family Tettigoniidae,Q727919
02231217-n,a genus of Tettigoniidae,i47214,Anabrus|genus Anabrus,Q10409546
02231526-n,long-horned grasshoppers,i47216,Stenopelmatidae|family Stenopelmatidae,Q1956922
02231675-n,sand crickets,i47217,Stenopelmatus|genus Stenopelmatus,Q13409318
02232519-n,common house and field crickets,i47222,Acheta|genus Acheta,Q4033254
02233007-n,tree crickets,i47225,Oecanthus|genus Oecanthus,Q150934
02233959-n,stick insects,i47230,Phasmidae|family Phasmidae|Phasmatidae|family Phasmatidae,Q577953
02234582-n,leaf insects,i47234,Phyllidae|family Phyllidae|Phillidae|family Phillidae,Q282198
02234738-n,type genus of the Phyllidae,i47235,Phyllium|genus Phyllium,Q2625244
02236419-n,type genus of the Blattidae: cockroaches infesting buildings worldwide,i47243,Blatta|genus Blatta,Q3079510
02236833-n,cosmopolitan genus of large cockroaches,i47245,Periplaneta|genus Periplaneta,Q264976
02237371-n,small cockroaches,i47248,Blattella|genus Blattella,Q10431102
02237730-n,giant cockroaches,i47250,Blaberus|genus Blaberus,Q2593227
02237973-n,a family of Blattodea,i47252,Cryptocercidae|family Cryptocercidae,Q21069200
02238563-n,type genus of the Mantidae: mantises,i47256,genus Mantis,Q507307
02240382-n,a genus of Miridae,i47265,Poecilocapsus|genus Poecilocapsus,Q7207293
02240765-n,plant-sucking bugs,i47267,Lygus|genus Lygus,Q3024203
02241126-n,lace bugs,i47270,Tingidae|family Tingidae,Q1472961
02241725-n,chinch bugs,i47274,Blissus|genus Blissus,Q10431364
02243029-n,type genus of the Cimicidae: bedbugs,i47283,Cimex|genus Cimex,Q10452938
02243504-n,type genus of the Notonectidae: backswimmers,i47286,Notonecta|genus Notonecta,Q3767510
02245321-n,type genus of the Nepidae: typical elongate-oval water scorpions,i47296,Nepa|genus Nepa,Q6994314
02245468-n,elongate very slender water scorpions,i47297,Ranatra|genus Ranatra,Q1154489
02245717-n,type genus of the Corixidae: boat bugs,i47299,Corixa|genus Corixa,Q5170727
02246003-n,an arthropod family that includes water striders,i47301,Gerrididae|family Gerrididae|Gerridae|family Gerridae,Q3761252
02246396-n,type genus of the Gerrididae,i47303,Gerris|genus Gerris,Q10504469
02246659-n,assassin bugs,i47305,Reduviidae|family Reduviidae,Q768510
02247048-n,conenoses,i47307,Triatoma|genus Triatoma,Q1889325
02247322-n,a genus of Reduviidae,i47309,Arilus|genus Arilus,Q15707964
02247891-n,a genus of slender long-legged bugs that feed on the developing seeds of cotton and stain it,i47313,Dysdercus|genus Dysdercus,Q10478309
02249139-n,type genus of the Aleyrodidae,i47318,Aleyrodes|genus Aleyrodes,Q2150614
02250015-n,sweet-potato whitefly,i47324,Bemisia|genus Bemisia,Q2767258
02251396-n,scale insects,i47332,Coccidae|family Coccidae,Q1632202
02251663-n,type genus of the Coccidae,i47334,genus Coccus,Q775953
02252017-n,armored scales,i47337,Diaspididae|family Diaspididae,Q373290
02252325-n,a genus of Diaspididae,i47339,Aspidiotus|genus Aspidiotus,Q1458247
02252647-n,cochineal insects,i47341,Dactylopiidae|family Dactylopiidae,Q18549936
02252785-n,type genus of the Dactylopiidae,i47342,Dactylopius|genus Dactylopius,Q677616
02254104-n,a genus of Pseudococcidae,i47349,Planococcus|genus Planococcus,Q10632934
02256244-n,woolly aphids,i47362,Eriosoma|genus Eriosoma,Q10488197
02256762-n,a genus of Aphididae,i47365,Prociphilus|genus Prociphilus,Q7247417
02257796-n,a genus of Adelgidae,i47372,Pineus|genus Pineus,Q10631863
02258219-n,a small family of plant-parasitic hemipterans closely related to aphids (Phylloxeridae),i47375,Phylloxeridae|family Phylloxeridae,Q2671139
02258350-n,type genus of the Phylloxeridae: plant lice,i47376,Phylloxera|genus Phylloxera,Q18104594
02259194-n,type genus of the Cicadidae: cicadas,i47381,genus Cicada,Q18347690
02259534-n,harvest flies,i47383,Tibicen|genus Tibicen,Q7800449
02259801-n,seventeen-year locust,i47385,Magicicada|genus Magicicada,Q49664
02260717-n,a genus of spittlebugs including the meadow spittlebug,i47390,Philaenus|genus Philaenus,Q1949240
02261562-n,family of small leafhoppers coextensive with the Cicadellidae and not distinguished from it in some classifications,i47396,Jassidae|family Jassidae,Q33134010
02263275-n,a family of small soft-bodied insects that feed on decaying vegetation; related to booklice,i47406,Psocidae|family Psocidae,Q3430220
02263938-n,a genus of booklice,i47410,Liposcelis|genus Liposcelis,Q10563111
02264282-n,a genus of booklice including the common booklouse,i47412,Trogium|genus Trogium,Q17560372
02264976-n,the family of mayflies (Ephemeridae),i47417,Ephemeridae|family Ephemeridae,Q1194030
02266500-n,type genus of the Myrmeleontidae: antlions,i47424,Myrmeleon|genus Myrmeleon,Q11787636
02267829-n,brown lacewings,i47432,Hemerobiidae|family Hemerobiidae,Q790667
02268369-n,dobsons,i47435,Corydalidae|family Corydalidae,Q1936061
02269671-n,"a family of arthropods of the suborder Megaloptera, including snakeflies",i47443,Raphidiidae|family Raphidiidae,Q929599
02272481-n,"firebrats, silverfish, machilids",i47460,Thysanura|order Thysanura,Q226951
02272978-n,firebrats,i47463,Lepismatidae|family Lepismatidae,Q1066550
02273462-n,a genus of Lepismatidae,i47466,Thermobia|genus Thermobia,Q7783129
02273739-n,jumping bristletails,i47468,Machilidae|family Machilidae,Q134098
02274804-n,tobacco thrips,i47474,Frankliniella|genus Frankliniella,Q3752044
02275080-n,type genus of the Thripidae,i47476,genus Thrips,Q7798266
02275772-n,typical earwigs,i47480,Forficulidae|family Forficulidae,Q1931619
02275906-n,type genus of Forficulidae,i47481,Forficula|genus Forficula,Q3024850
02276197-n,moths and butterflies,i47483,Lepidoptera|order Lepidoptera,Q28319
02278024-n,type genus of the Nymphalidae: mourning cloak butterflies,i47488,Nymphalis|genus Nymphalis,Q32440
02278573-n,painted beauty and red admiral,i47491,Vanessa|genus Vanessa,Q311218
02279179-n,mainly dark northern butterflies with white wing bars,i47495,Limenitis|genus Limenitis,Q1064168
02280208-n,a widely distributed family of butterflies common near the edges of woods,i47501,Satyridae|family Satyridae,Q612468
02280995-n,a genus of greater fritillaries (Spyeria),i47506,Spyeria|genus Spyeria,Q2716199
02281253-n,a genus of fritillaries (Argynnis),i47508,Argynnis|genus Argynnis,Q286622
02281356-n,large Old World butterflies,i47509,Apatura|genus Apatura,Q1083863
02281779-n,a genus of Nymphalidae,i47512,Inachis|genus Inachis,Q13135251
02282094-n,small family of usually tropical butterflies: monarch butterflies,i47514,Danaidae|family Danaidae,Q3013286
02282471-n,type genus of the Danaidae: monarch butterflies,i47516,Danaus|genus Danaus,Q662991
02283497-n,type genus of the Pieridae,i47521,Pieris|genus Pieris,Q997547
02284639-n,type genus of the Lycaenidae; small slender butterflies with upper surface of wings usually metallic blue or green or copper,i47528,Lycaena|genus Lycaena,Q258719
02285368-n,large and widely distributed genus of hairstreak butterflies,i47532,Strymon|genus Strymon,Q1354777
02287019-n,type genus of the Tortricidae,i47540,genus Tortrix,Q1311036
02287165-n,tea tortrix,i47541,Homona|genus Homona,Q10768136
02287704-n,codling moths,i47545,Carpocapsa|genus Carpocapsa,Q23072903
02288011-n,tussock moths,i47547,Lymantriidae|family Lymantriidae,Q162734
02288561-n,type genus of the Lymantriidae; a pest (Lymantria means ‘destroyer’),i47550,Lymantria|genus Lymantria,Q1315974
02288923-n,a genus of Lymantriidae,i47552,Euproctis|genus Euproctis,Q5410920
02290128-n,"geometrid moths, known for distinct sexual dimorphism leading to strongly reduced wings in females (Alsophila)",i47559,Alsophila|genus Alsophila,Q140563
02291829-n,"a genus of Pyralidae, containing the greater wax moth or honeycomb moth (Galleria)",i47568,Galleria|genus Galleria,Q14867415
02292118-n,moths whose larvae are corn borers,i47570,Pyrausta|genus Pyrausta,Q149486
02292497-n,moth whose larvae are flour moths,i47572,Anagasta|genus Anagasta,Q14846366
02294043-n,clothes moths,i47581,Tineidae|family Tineidae,Q2473551
02295502-n,leaf miners,i47590,Gracilariidae|Gracillariidae|family Gracilariidae,Q721100
02295787-n,important economic pests,i47592,Gelechiidae|family Gelechiidae,Q778491
02296212-n,type genus of the Gelechiidae: pink bollworms,i47594,Gelechia|genus Gelechia,Q5121983
02298222-n,type genus of the Noctuidae: moths whose larvae are cutworms,i47605,Noctua|genus Noctua,Q1062824
02298369-n,moths whose larvae are cutworms: underwings,i47606,Catacala|genus Catacala,Q2450100
02299132-n,a genus of Noctuidae,i47611,Heliothis|genus Heliothis,Q587379
02299408-n,moths whose larvae are army cutworms,i47613,Chorizagrotis|genus Chorizagrotis,Q5105108
02299779-n,moths whose larvae are armyworms,i47615,Pseudaletia|genus Pseudaletia,Q15647093
02300287-n,"a genus of moths whose larvae are armyworms, containing about 30 species (Spodoptera)",i47618,Spodoptera|genus Spodoptera,Q2492887
02301031-n,hawkmoths,i47623,Sphingidae|family Sphingidae,Q157683
02301485-n,moths whose larvae are tobacco hornworms or tomato hornworms,i47625,Manduca|genus Manduca,Q134774
02302367-n,death's-head moth,i47630,Acherontia|genus Acherontia,Q312009
02304434-n,type genus of the Saturniidae: emperor moth,i47639,Saturnia|genus Saturnia,Q1325847
02304776-n,imperial moths,i47641,Eacles|genus Eacles,Q27868
02305505-n,luna moths,i47645,Actias|genus Actias,Q134540
02305819-n,American silkworm moth,i47647,Hyalophora|genus Hyalophora,Q310032
02306100-n,silkworm moths,i47649,Samia|genus Samia,Q1759132
02306569-n,io moth,i47652,Automeris|genus Automeris,Q44776
02306881-n,large moths whose larvae produce silk of high quality,i47654,Antheraea|genus Antheraea,Q135431
02307619-n,atlas moth,i47658,Atticus|genus Atticus,Q26260766
02307897-n,tiger moths,i47660,Arctiidae|family Arctiidae,Q15043775
02308451-n,cinnabar moths,i47663,Callimorpha|genus Callimorpha,Q2934200
02309324-n,type genus of the Lasiocampidae: eggars,i47667,Lasiocampa|genus Lasiocampa,Q3218309
02309659-n,tent caterpillars,i47669,Malacosoma|genus Malacosoma,Q10790185
02318348-n,peanut worms,i47717,Sipuncula|phylum Sipuncula,Q205712
02320140-n,brittle stars and basket stars,i47726,Ophiuroidea|class Ophiuroidea,Q59256
02321089-n,basket stars,i47731,Euryale|genus Euryale,Q21444553
02321190-n,includes many of the basket stars,i47732,Astrophyton|genus Astrophyton,Q2868606
02322075-n,flat sea urchins,i47738,Exocycloida|order Exocycloida,Q1071960
02322341-n,heart-shaped sea urchins,i47740,Spatangoida|order Spatangoida,Q631141
02322991-n,the genus of sea lilies (Ptilocrinus),i47744,Ptilocrinus|genus Ptilocrinus,Q18606085
02323273-n,feather stars,i47746,Antedonidae|family Antedonidae,Q2852646
02323421-n,former usage synonymous with Antedonidae,i47747,Comatulidae|family Comatulidae,Q19819363
02323540-n,a genus of echinoderms of the family Antedonidae,i47748,Antedon|genus Antedon,Q2852647
02323714-n,former usage synonymous with Antedon,i47749,Comatula|genus Comatula,Q18602072
02324411-n,a family of Holothuroidea,i47753,Holothuridae|family Holothuridae,Q2490529
02324555-n,type genus of the Holothuridae,i47754,Holothuria|genus Holothuria,Q1408044
02327369-n,Old World rabbits,i47770,Oryctolagus|genus Oryctolagus,Q10803279
02327863-n,North American rabbits,i47772,Sylvilagus|genus Sylvilagus,Q748448
02330922-n,pikas and extinct forms,i47788,Ochotonidae|family Ochotonidae,Q4364126
02334131-n,originally Old World rats now distributed worldwide; distinguished from the Cricetidae by typically lacking cheek pouches,i47800,Muridae|family Muridae,Q25916
02334612-n,type genus of the Muridae: common house mice; the tips of the upper incisors have a square notch,i47802,Mus|genus Mus,Q39275
02334967-n,Old World harvest mice,i47804,Micromys|genus Micromys,Q2895175
02335258-n,Old World field mice,i47806,Apodemus|genus Apodemus,Q739059
02336020-n,common house rats; upper incisors have a beveled edge,i47810,Rattus|genus Rattus,Q36396
02336731-n,bandicoot rats,i47815,Nesokia|genus Nesokia,Q930095
02336989-n,a genus of jerboa rats or rabbit rats (Conilurus),i47817,Conilurus|genus Conilurus,Q738245
02337261-n,a genus of hopping mice (Notomys),i47819,Notomys|genus Notomys,Q782974
02338001-n,mostly small New World rodents including New World mice and lemmings and voles and hamsters,i47825,Cricetidae|family Cricetidae,Q193061
02340132-n,pygmy mice,i47835,Baiomys|genus Baiomys,Q469583
02340681-n,muskrats,i47839,Ondatra|genus Ondatra,Q12829163
02340971-n,round-tailed muskrat,i47841,Neofiber|genus Neofiber,Q10797614
02341244-n,American cotton rats,i47843,Sigmodon|genus Sigmodon,Q609460
02343465-n,pine mice,i47854,Pitymys|genus Pitymys,Q50577682
02344457-n,in some classifications considered synonymous with Microtus,i47860,Arvicola|genus Arvicola,Q539670
02344761-n,a genus of Cricetidae containing the red-backed voles (Clethrionomys),i47862,Clethrionomys|genus Clethrionomys,Q11842375
02345065-n,North American voles,i47864,genus Phenacomys,Q847196
02345379-n,type genus of the Cricetidae: Old World hamsters,i47866,Cricetus|genus Cricetus,Q10750831
02345839-n,golden hamsters,i47869,Mesocricetus|genus Mesocricetus,Q389919
02346285-n,type genus of the Gerbillinae: typical gerbils,i47872,Gerbillus|genus Gerbillus,Q517079
02346658-n,a genus of Cricetidae containing most animals referred to as jirds (Meriones),i47874,Meriones|genus Meriones,Q941160
02347865-n,a genus of Cricetidae,i47882,Myopus|genus Myopus,Q12263990
02348123-n,pied lemmings,i47884,Dicrostonyx|genus Dicrostonyx,Q370070
02348542-n,bog lemmings,i47887,Synaptomys|genus Synaptomys,Q339937
02349475-n,Old World porcupines,i47892,Hystricidae|family Hystricidae,Q302006
02349792-n,a genus of Hystricidae containing the brush-tailed porcupines (Atherurus),i47894,Atherurus|genus Atherurus,Q780143
02350095-n,a genus of Hystricidae containing the long tailed porcupine (Trichys),i47896,Trichys|genus Trichys,Q10827991
02350688-n,a genus of Erethizontidae,i47900,Erethizon|genus Erethizon,Q732499
02351057-n,small New World burrowing mouselike rodents with fur-lined cheek pouches and hind limbs and tail adapted to leaping; adapted to desert conditions: pocket mice; kangaroo mice; kangaroo rats,i47902,Heteromyidae|family Heteromyidae,Q607610
02352382-n,"pocket mice, containing the Panamanian spiny pocket mouse, Mexican spiny pocket mouse, painted spiny pocket mouse, Salvin's spiny pocket mouse, and Jaliscan spiny pocket mouse (Liomys)",i47908,Liomys|genus Liomys,Q912104
02353189-n,kangaroo mice,i47913,Microdipodops|genus Microdipodops,Q922132
02353497-n,jumping mice,i47915,Zapodidae|family Zapodidae,Q13174621
02353864-n,type genus of the Zapodidae,i47917,Zapus|genus Zapus,Q524430
02354338-n,type genus of the Dipodidae; typical jerboas having three toes on each hind foot,i47920,Dipus|genus Dipus,Q12256276
02354827-n,jerboas,i47923,Jaculus|genus Jaculus,Q1072121
02355689-n,a genus of Gliridae,i47929,Muscardinus|genus Muscardinus,Q12263932
02357122-n,western pocket gophers,i47938,Thomomys|genus Thomomys,Q1094704
02359932-n,American red squirrels,i47951,Tamiasciurus|genus Tamiasciurus,Q935907
02360393-n,typical ground squirrels,i47954,Citellus|genus Citellus|Spermophilus|genus Spermophilus,Q199251
02361856-n,prairie dogs,i47962,Cynomys|genus Cynomys,Q30359
02362427-n,chipmunks of eastern North America,i47966,Tamias|genus Tamias,Q22364
02362787-n,chipmunks of western America and Asia,i47968,Eutamias|genus Eutamias,Q5414381
02363295-n,a genus of New World flying squirrels containing the northern and southern flying squirrels (Glaucomys),i47971,Glaucomys|genus Glaucomys,Q1010970
02365072-n,very large Asiatic flying squirrels,i47982,Petaurista|genus Petaurista,Q1080535
02366333-n,mountain beavers,i47990,Aplodontiidae|family Aplodontiidae,Q1887673
02366470-n,type genus of the Aplodontiidae: comprising the mountain beavers,i47991,Aplodontia|genus Aplodontia,Q10734562
02366873-n,a family of Hystricomorpha,i47993,Caviidae|family Caviidae,Q685772
02367896-n,capybara,i48000,Hydrochoeridae|family Hydrochoeridae,Q24188433
02368008-n,a genus of Hydrochoeridae,i48001,Hydrochoerus|genus Hydrochoerus,Q902454
02369354-n,coypus,i48010,Capromyidae|family Capromyidae,Q651787
02369477-n,a genus of Capromyidae,i48011,Myocastor|genus Myocastor,Q10795801
02369783-n,small bushy-tailed South American burrowing rodents,i48013,Chinchillidae|family Chinchillidae,Q650915
02370330-n,a genus of Chinchillidae,i48016,Lagidium|genus Lagidium,Q1195501
02370932-n,abrocomes,i48020,Abrocoma|genus Abrocoma,Q480789
02371339-n,type genus of the Spalacidae,i48023,Spalax|genus Spalax,Q951670
02371664-n,mole rats; sand rats,i48025,Bathyergidae|family Bathyergidae,Q750383
02371822-n,"the genus of dune mole-rats, containing the Namaqua dune mole-rat and the Cape dune mole-rat (Bathyergus)",i48026,Bathyergus|genus Bathyergus,Q791322
02372076-n,sand rats,i48028,Heterocephalus|genus Heterocephalus,Q12259103
02374123-n,small order of primitive ungulates of the Paleocene and Eocene,i48039,Dinocerata|order Dinocerata,Q132815
02374299-n,an extinct family of Dinocerata,i48040,Uintatheriidae|family Uintatheriidae,Q2663297
02375745-n,"nonruminant ungulates: horses, tapirs, rhinoceros, extinct forms",i48049,Perissodactyla|order Perissodactyla,Q25374
02376495-n,type genus of the Equidae: only surviving genus of the family Equidae,i48052,Equus|genus Equus,Q27022
02395362-n,African genus,i48185,Ceratotherium|genus Ceratotherium,Q5762446
02395676-n,most common species in Africa,i48187,Diceros|genus Diceros,Q18511101
02396097-n,type genus of the Tapiridae,i48190,Tapirus|genus Tapirus,Q128001
02397896-n,type genus of the Suidae,i48198,Sus|genus Sus,Q10798
02399622-n,warthogs,i48209,Phacochoerus|genus Phacochoerus,Q3645260
02400029-n,type genus of the Tayassuidae,i48212,Tayassu|genus Tayassu|genus Pecari,Q10824139
02400904-n,hippopotami,i48217,Hippopotamidae|family Hippopotamidae,Q213336
02401038-n,type genus of the Hippopotamidae,i48218,genus Hippopotamus,Q629680
02404313-n,wild and domestic cattle; in some classifications placed in the subfamily Bovinae or tribe Bovini,i48230,Bos|genus Bos,Q237993
02410863-n,in some classification systems included in genus Bos; water buffaloes,i48271,Bubalus|genus Bubalus|tribe Bubalus,Q83521
02411549-n,a genus of mammals of the family Bovidae,i48275,genus Anoa,Q122848966
02412015-n,Cape buffalo,i48278,Synercus|genus Synercus|tribe synercus|Syncerus|genus Syncerus,Q10822466
02412348-n,wild ox,i48280,Bibos|genus Bibos,Q21441827
02413721-n,consisting of the musk-ox,i48288,Ovibos|genus Ovibos,Q19817365
02418617-n,genus of wild sheep,i48321,Ammotragus|genus Ammotragus,Q10732899
02419056-n,goats,i48324,Capra|genus Capra,Q172923
02421294-n,gorals,i48339,Naemorhedus|genus Naemorhedus,Q1370188
02421863-n,chamois,i48343,Rupicapra|genus Rupicapra,Q912026
02422161-n,gnu goats,i48345,Budorcas|genus Budorcas,Q10741556
02423035-n,blackbucks,i48348,Antilope|genus Antilope,Q1416078
02423321-n,antelopes of eastern Africa: gerenuks,i48350,Litocranius|genus Litocranius,Q19817358
02423640-n,genus of antelopes of northern African deserts,i48352,genus Addax,Q10730701
02424895-n,sassabies (Damaliscus),i48360,Damaliscus|genus Damaliscus,Q2086371
02425207-n,impalas (Aepyceros),i48362,Aepyceros|genus Aepyceros,Q10730799
02426111-n,springboks,i48368,Antidorcas|genus Antidorcas,Q10734306
02426433-n,"African antelopes: kudus, bongos, nyalas, bushbucks",i48370,Tragelaphus|genus Tragelaphus|Strepsiceros|genus Strepsiceros,Q311375
02428039-n,nilgais (Boselaphus),i48379,Boselaphus|genus Boselaphus,Q10740872
02428402-n,sable antelopes,i48381,Hippotragus|genus Hippotragus,Q516624
02428700-n,saigas (Saiga),i48383,genus Saiga,Q3016753
02428985-n,steenboks (Raphicerus),i48385,Raphicerus|genus Raphicerus,Q2345033
02429983-n,waterbucks (Kobus),i48391,Kobus|genus Kobus,Q550036
02431299-n,species of large cow-like mammals of Vietnam discovered by scientists in 1992,i48400,Pseudoryx|genus Pseudoryx,Q11830630
02431769-n,comprising only the pronghorns,i48402,Antilocapridae|family Antilocapridae,Q3581369
02431922-n,type and sole genus of the Antilocapridae comprising one species,i48403,Antilocapra|genus Antilocapra,Q19817351
02435513-n,elk or moose,i48423,Alces|genus Alces,Q10731891
02435836-n,fallow deer,i48425,Dama|genus Dama,Q912336
02436057-n,roe deer,i48427,Capreolus|genus Capreolus,Q1043583
02436427-n,reindeer or caribou,i48430,Rangifer|genus Rangifer,Q15303567
02437229-n,brockets,i48434,Mazama|genus Mazama,Q911770
02437730-n,musk deer,i48438,Moschus|genus Moschus,Q3866060
02438017-n,a genus of Cervidae,i48440,Elaphurus|genus Elaphurus,Q10758204
02438698-n,type genus of the Tragulidae,i48444,Tragulus|genus Tragulus,Q1987747
02439145-n,water chevrotains,i48447,Hyemoschus|genus Hyemoschus,Q19817324
02439444-n,camels and llamas and vicunas,i48449,Camelidae|family Camelidae,Q135022
02440456-n,llamas,i48455,Lama|genus Lama,Q753853
02441083-n,a genus of Camelidae,i48459,Vicugna|genus Vicugna,Q2703941
02441405-n,giraffes,i48461,Giraffidae|family Giraffidae,Q186154
02441917-n,okapis,i48464,Okapia|genus Okapia,Q1872039
02446314-n,muishonds,i48487,Poecilogale|genus Poecilogale,Q10808040
02447278-n,in some classifications considered a genus of the subfamily Lutrinae,i48494,Lutra|genus Lutra,Q446882
02447907-n,sea otters,i48498,Enhydra|genus Enhydra,Q5832825
02450222-n,in some classifications considered a genus of subfamily Melinae,i48511,Taxidea|genus Taxidea,Q11950979
02450527-n,in some classifications: type genus of the subfamily Melinae,i48513,Meles|genus Meles,Q1345042
02450831-n,ratels,i48515,Mellivora|genus Mellivora,Q13564654
02451133-n,a genus of Mustelidae containing the ferret-badgers or fadgers (Melogale),i48517,Melogale|genus Melogale,Q1366503
02451385-n,a genus of Mustelidae including the hog badger,i48519,Arctonyx|genus Arctonyx,Q11906411
02451691-n,a genus of Mustelidae including the wolverine,i48521,Gulo|genus Gulo,Q16894566
02452095-n,"a genus of Mustelidae, containing the grisons (Grison)",i48524,genus Grison,Q25606482
02452213-n,alternative name for the genus Grison,i48525,genus Galictis,Q756008
02453923-n,a genus of Mustelidae including the tayra,i48536,Eira|genus Eira,Q15631638
02456750-n,armadillos,i48553,Dasypodidae|family Dasypodidae,Q47867
02457288-n,type genus of the Dasypodidae,i48555,Dasypus|genus Dasypus,Q902499
02457630-n,"a genus of Dasypodidae, containing the two species of three-banded armadilloes (Tolypeutes)",i48557,Tolypeutes|genus Tolypeutes,Q1080942
02458215-n,"a genus of Dasypodidae, containing Euphractus sexcinctus, commonly known as the six-banded armadillo or the yellow armadillo (Euphractus)",i48561,Euphractus|genus Euphractus,Q10759617
02458518-n,solely the giant armadillo,i48563,Priodontes|genus Priodontes,Q10808428
02458778-n,pichiciago,i48565,Chlamyphorus|genus Chlamyphorus,Q19816366
02459136-n,a genus of Dasypodidae,i48567,Burmeisteria|genus Burmeisteria,Q4999415
02459407-n,a family of edentates comprising the true sloths,i48569,Bradypodidae|family Bradypodidae,Q15407789
02460217-n,mammal family consisting of the two-toed sloths,i48573,Megalonychidae|family Megalonychidae,Q3259942
02460387-n,a genus of Megalonychidae consisting of the two-toed sloth,i48574,Choloepus|genus Choloepus,Q511079
02460987-n,extinct ground sloths,i48577,Megatheriidae|family Megatheriidae,Q784732
02461306-n,type genus of the Megatheriidae,i48579,Megatherium|genus Megatherium,Q310387
02461632-n,extinct South American edentates,i48581,Mylodontidae|family Mylodontidae,Q1749282
02462439-n,New World anteaters,i48586,Myrmecophagidae|family Myrmecophagidae,Q206538
02462906-n,type genus of the Myrmecophagidae; South American ant bear,i48588,Myrmecophaga|genus Myrmecophaga,Q10795875
02463315-n,only the silky anteater,i48590,Cyclopes|genus Cyclopes,Q19816375
02464187-n,coextensive with the order Pholidota,i48595,Manidae|family Manidae,Q9027425
02464332-n,type genus of the Manidae,i48596,Manis|genus Manis,Q25397
02472219-n,an animal order including lemurs and tarsiers and monkeys and apes and human beings,i48645,Primates|order Primates,Q7380
02478705-n,former name for the genus Australopithecus,i48674,Plesianthropus|genus Plesianthropus,Q56425569
02480521-n,genus of Old World hominoids; Miocene and Pliocene,i48685,Dryopithecus|genus Dryopithecus,Q131637
02481047-n,"a genus of Hominidae consisting of two species, Ouranopithecus macedoniensis and Ouranopithecus turkae (Ouranopithecus)",i48688,Ouranopithecus|genus Ouranopithecus,Q14516253
02481170-n,"a genus of Hominidae containing three species, L. lufengensis, L. hudienensis and L. keiyuanensis (Lufengpithecus)",i48689,Lufengpithecus|genus Lufengpithecus,Q138078
02481836-n,a genus of Hominoidea,i48693,genus Aegyptopithecus,Q18604603
02482527-n,"usually considered as comprising orangutans, gorillas, chimpanzees, and sometimes gibbons",i48697,Pongidae|family Pongidae,Q3396223
02483304-n,gorillas,i48701,genus Gorilla,Q36611
02484260-n,chimpanzees; more closely related to Australopithecus than to other pongids,i48707,Pan|genus Pan,Q80174
02485451-n,used in some classifications for the lesser apes (gibbons and siamangs); sometimes considered a subfamily of Pongidae,i48713,Hylobatidae|family Hylobatidae,Q185939
02486195-n,used in some classifications for the siamangs,i48717,Symphalangus|genus Symphalangus,Q1962797
02486546-n,"Old World monkeys: guenon, baboon, colobus monkey, langur, macaque, mandrill, mangabey, patas, proboscis monkey",i48719,Cercopithecidae|family Cercopithecidae,Q182968
02488496-n,mangabeys,i48728,Cercocebus|genus Cercocebus,Q1070855
02488769-n,patas,i48730,Erythrocebus|genus Erythrocebus,Q10758998
02489418-n,a genus containing the mandrill and drill (Mandrillus),i48735,Mandrillus|genus Mandrillus,Q798426
02490780-n,langurs,i48744,Presbytes|genus Presbytes|mammal Semnopithecus,Q857471
02491691-n,proboscis monkeys,i48750,Nasalis|genus Nasalis,Q3336165
02492661-n,marmosets,i48754,Callithricidae|family Callithricidae,Q574338
02493317-n,pygmy marmosets,i48758,Cebuella|genus Cebuella,Q19826010
02493595-n,tamarins,i48760,Leontocebus|genus Leontocebus|genus Leontideus,Q25384537
02494221-n,all the New World monkeys except marmosets and tamarins,i48764,Cebidae|family Cebidae,Q425707
02494537-n,type genus of the Cebidae,i48765,Cebus|genus Cebus,Q8447051
02494871-n,douroucoulis,i48767,Aotus|genus Aotus,Q469636
02495464-n,sakis,i48771,Pithecia|genus Pithecia,Q841159
02495740-n,uakaris,i48773,Cacajao|genus Cacajao,Q1048171
02496021-n,titis,i48775,Callicebus|genus Callicebus,Q203649
02496304-n,spider monkeys,i48777,Ateles|genus Ateles,Q258244
02496605-n,squirrel monkeys,i48779,Saimiri|genus Saimiri,Q309200
02496888-n,woolly monkeys,i48781,Lagothrix|genus Lagothrix,Q1061113
02497169-n,a small order comprising only the tree shrews: in some classifications tree shrews are considered either primates (and included in the suborder Prosimii) or true insectivores (and included in the order Insectivora),i48783,Scandentia|order Scandentia,Q231550
02498077-n,pentails,i48787,Ptilocercus|genus Ptilocercus,Q10809520
02500181-n,type genus of the Lemuridae,i48796,genus Lemur,Q2340126
02500463-n,comprising solely the aye-aye,i48798,Daubentoniidae|family Daubentoniidae,Q12358399
02500986-n,slow-moving omnivorous nocturnal primates of tropical Asia; usually tailless,i48801,Lorisidae|family Lorisidae,Q368623
02501251-n,type genus of the Lorisidae,i48802,genus Loris,Q3259581
02501519-n,"a genus of Lorisidae, containing the slow lorises (Nycticebus)",i48804,Nycticebus|genus Nycticebus,Q74941
02502065-n,"a genus of Lorisidae, containing the Calabar and golden angwantibos (Arctocebus)",i48808,Arctocebus|genus Arctocebus,Q1019157
02502331-n,bush babies,i48810,genus Galago,Q285214
02502621-n,a family of Lemuroidea,i48812,Indriidae|family Indriidae,Q175626
02502775-n,type genus of the Indriidae,i48813,genus Indri,Q19816385
02503103-n,a genus of Indriidae,i48815,Avahi|genus Avahi,Q1064408
02504063-n,type and sole genus of the family Tarsiidae,i48820,Tarsius|genus Tarsius,Q60205
02504716-n,flying lemurs,i48824,Dermoptera|order Dermoptera,Q183383
02504843-n,a family of Dermoptera,i48825,Cynocephalidae|family Cynocephalidae,Q11762767
02504988-n,type genus of the family Cynocephalidae,i48826,Cynocephalus|genus Cynocephalus,Q10751360
02505944-n,elephants,i48831,Elephantidae|family Elephantidae,Q2372824
02506499-n,type genus of the family Elephantidae,i48834,Elephas|genus Elephas,Q310746
02506954-n,a genus of Elephantidae containing the African elephants (Loxodonta),i48837,Loxodonta|genus Loxodonta,Q185038
02507973-n,a genus of Elephantidae,i48843,Archidiskidon|genus Archidiskidon,Q2701841
02508440-n,extinct type genus of the Mammutidae: mastodons,i48846,Mammut|genus Mammut|genus Mastodon,Q192272
02509261-n,type genus of the Gomphotheriidae,i48850,Gomphotherium|genus Gomphotherium,Q132604
02511702-n,a genus of Procyonidae,i48863,Potos|genus Potos,Q10808340
02512036-n,coatis,i48865,Nasua|genus Nasua,Q148628
02512325-n,lesser pandas,i48867,Ailurus|genus Ailurus,Q19817309
02512696-n,in some classifications considered the family comprising the giant pandas,i48869,Ailuropodidae|family Ailuropodidae,Q104468335
02512871-n,only the giant panda: in some classifications considered a genus of the separate family Ailuropodidae,i48870,Ailuropoda|genus Ailuropoda,Q535979
02516829-n,snakeheads,i48891,Channidae|class Channidae,Q503788
02518041-n,extinct except for the coelacanth,i48897,Latimeridae|family Latimeridae,Q3218487
02518191-n,type genus of the Latimeridae: coelacanth,i48898,Latimeria|genus Latimeria,Q133019
02519058-n,lungfishes having hornlike ridges on the teeth,i48902,Ceratodontidae|family Ceratodontidae,Q3544436
02519625-n,an endangered species of lungfish found in rivers in Queensland,i48906,Australian lungfish|Queensland lungfish|Neoceratodus forsteri,Q782345
02520809-n,type genus of the Siluridae: catfishes,i48911,Silurus|genus Silurus,Q150645
02521119-n,electric catfish,i48913,Malopterurus|genus Malopterurus,Q1883238
02521444-n,North American catfishes,i48915,Ameiuridae|family Ameiuridae,Q578666
02521621-n,type genus of the Ameiuridae: bullhead catfishes,i48916,Ameiurus|genus Ameiurus,Q601085
02522646-n,flathead catfishes,i48923,Pylodictus|genus Pylodictus,Q18677545
02523022-n,armored catfish,i48925,Laricariidae|family Laricariidae,Q663380
02523616-n,type genus of the Ariidae: sea catfishes,i48929,Arius|genus Arius,Q2141569
02524547-n,large family of important mostly marine food fishes,i48934,Gadidae|family Gadidae,Q208028
02524878-n,type genus of the Gadidae: the typical codfishes,i48935,Gadus|genus Gadus,Q248924
02525621-n,whitings,i48940,Merlangus|genus Merlangus,Q11777489
02525969-n,burbot,i48942,Lota|genus Lota,Q15278263
02526381-n,haddock,i48945,Melanogrammus|genus Melanogrammus,Q17379593
02527055-n,a genus of merluccid hakes containing 16 currently recognized species (Merluccius),i48949,Merluccius|genus Merluccius,Q733110
02527442-n,"a genus of phycid hakes, containing 8 currently recognized species (Urophycis)",i48952,Urophycis|genus Urophycis,Q2067751
02527643-n,ling,i48954,Molva|genus Molva,Q1042112
02527918-n,cusk,i48956,Brosmius|genus Browmius,Q13171457
02528174-n,grenadiers,i48958,Macrouridae|family Macrouridae|Macruridae|family Macruridae,Q766678
02529117-n,eels that live in fresh water as adults but return to the sea to spawn,i48963,Anguillidae|family Anguillidae,Q212239
02529304-n,type genus of the Anguillidae: eels,i48964,Anguilla|genus Anguilla,Q9154612
02531165-n,"most primitive teleost fishes, all are soft-finned: salmon, trout, herring, shad, sardines, anchovies, whitefish, smelts, tarpon",i48973,Isospondyli|order Isospondyli,Q126476679
02531580-n,coextensive with the genus Gonorhynchus,i48974,Gonorhynchidae|family Gonorhynchidae,Q14266423
02531742-n,slender cylindrical marine fishes lacking air bladders and teeth,i48975,Gonorhynchus|genus Gonorhynchus,Q22106396
02532146-n,"herrings, shad, sardines, etc.",i48977,Clupeidae|family Clupeidae,Q27141
02532925-n,shad,i48981,Alosa|genus Alosa,Q344999
02533993-n,genus to which the alewife is sometimes assigned,i48987,Pomolobus|genus Pomolobus,Q107268960
02534134-n,menhaden,i48988,Brevoortia|genus Brevoortia,Q4844347
02534451-n,type genus of the Clupeidae: typical herrings,i48990,Clupea|genus Clupea,Q209907
02535706-n,pilchards,i48997,Sardina|genus Sardina|genus Sardinia,Q15694866
02536055-n,"a genus of pilchards, containing the South American pilchard (Sardinops)",i48999,Sardinops|genus Sardinops,Q13403032
02536339-n,anchovies,i49001,Engraulidae|family Engraulidae,Q192662
02536667-n,type genus of the family Engraulidae,i49003,Engraulis|genus Engraulis,Q281043
02537980-n,type genus of the Salmonidae: salmon and trout,i49011,Salmo|genus Salmo,Q310436
02541361-n,soft-finned fishes comprising the freshwater whitefishes; formerly included in the family Salmonidae,i49028,Coregonidae|family Coregonidae,Q782971
02541882-n,type genus of the Coregonidae: whitefishes,i49030,Coregonus|genus Coregonus,Q311392
02543268-n,type genus of the Osmeridae,i49038,Osmerus|genus Osmerus,Q2701013
02543770-n,capelins,i49041,Mallotus|genus Mallotus,Q18748434
02544062-n,tarpons and ladyfishes,i49043,Elopidae|family Elopidae,Q15220778
02544214-n,tarpons,i49044,genus Tarpon,Q1759766
02544793-n,bonefish,i49048,Albulidae|family Albulidae,Q3279738
02544914-n,type and sole genus of the family Albulidae,i49049,Albula|genus Albula,Q2669163
02545435-n,type genus of the Argentinidae: argentines,i49052,Argentina|genus Argentina,Q2183754
02546717-n,slender scaleless predaceous tropical deep-sea fishes,i49060,Alepisaurus|genus Alepisaurus,Q12782074
02547385-n,a family of large fishes that live in freshwater; includes bandfish and bonytongues,i49064,Osteoglossidae|family Osteoglossidae,Q546243
02547591-n,a genus of large freshwater fishes of Australia and Borneo,i49065,Scleropages|genus Scleropages,Q1766674
02548018-n,"a species of large fish found in Australian rivers, it has several reddish spots in a crescent shape on each scale (Scleropages jardinii)",i49067,Australian bonytongue|northern barramundi|Scleropages jardinii,Q135567
02548200-n,opahs,i49068,Lampridae|family Lampridae,Q16607623
02549504-n,type genus of the Regalecidae,i49077,genus Regalecus|Regalecus,Q2697754
02550759-n,type genus of family Lophiidae,i49083,Lophius|genus Lophius,Q643135
02551153-n,toadfishes; related to anglers and batfishes,i49085,Batrachoididae|family Batrachoididae,Q867549
02552164-n,"order of fishes having spineless fins, needlefishes, sauries, flying fishes, halfbeaks",i49091,Synentognathi|order Synentognathi,Q329667
02553947-n,"a biological classification family of fish, in which sauries belong (Scombresocidae, Scomberesocidae)",i49101,Scomberesocidae|family Scomberesocidae|Scombresocidae|family Scombresocidae,Q1342872
02554125-n,a genus of Scomberesocidae,i49102,Scomberesox|genus Scomberesox|Scombresox|genus Scombresox,Q3475985
02555368-n,fishes closely related to greenlings,i49106,Ophiodontidae|family Ophiodontidae,Q61882741
02555525-n,a genus of Ophiodontidae,i49107,Ophiodon|genus Ophiodon,Q19917281
02558645-n,small freshwater spiny-finned fishes of Africa and southern Asia,i49113,Anabantidae|family Anabantidae,Q797543
02558826-n,the type genus of the family Anabantidae; small fish that resemble perch,i49114,Anabas|genus Anabas,Q2372331
02559254-n,active freshwater fishes; true perches and pike perches,i49116,Percidae|family Percidae,Q746136
02559664-n,type genus of the Percidae,i49118,Perca|genus Perca,Q600262
02560092-n,pike-perches,i49121,Stizostedion|genus Stizostedion,Q107270743
02560710-n,a genus of Percidae,i49125,Percina|genus Percina,Q2195856
02560981-n,two species of elongate compressed scaleless large-eyed fishes that live in sand or mud,i49127,Trichodontidae|family Trichodontidae,Q134421
02561611-n,chiefly deep-sea fishes related to the Ophidiidae,i49131,Brotulidae|family Brotulidae,Q35079527
02562237-n,a family of fish or the order Perciformes including robalos,i49135,Centropomidae|family Centropomidae,Q3332482
02562605-n,type genus of the Centropomidae: snooks,i49137,Centropomus|genus Centropomus,Q2140510
02563014-n,a genus of large percoid fishes of fresh and brackish water,i49140,Lates|genus Lates,Q787185
02563454-n,pikes; pickerels; muskellunges,i49142,Esocidae|family Esocidae,Q1987393
02566128-n,bream,i49157,Lepomis|genus Lepomis,Q251730
02568956-n,carnivorous fresh and salt water fishes,i49172,Morone|genus Morone,Q605688
02570115-n,sea basses,i49178,Centropristis|genus Centropristis,Q2494913
02570957-n,wreckfish,i49183,Polyprion|genus Polyprion,Q281106
02571267-n,type genus of the Serranidae: mostly small Pacific sea basses,i49185,Serranus|genus Serranus,Q1071020
02571782-n,genus of groupers or sea bass,i49188,Epinephelus|genus Epinephelus,Q284420
02572669-n,groupers,i49194,Mycteroperca|genus Mycteroperca,Q2286852
02572943-n,"a genus of fish of the family Serranidae, including soapfishes",i49196,Rypticus|genus Rypticus,Q1970835
02573665-n,a genus of Embiotocidae,i49200,Hipsurus|genus Hipsurus,Q2479995
02574117-n,type genus of the Priacanthidae,i49203,Priacanthus|genus Priacanthus,Q2964100
02574614-n,bright-colored marine fishes that incubate eggs in the mouth,i49206,Apogonidae|family Apogonidae,Q728422
02575000-n,type genus of the Apogonidae,i49208,Apogon|genus Apogon,Q773694
02575259-n,a genus of fish of the family Apogonidae,i49210,Astropogon|genus Astropogon,Q779231
02575706-n,large brightly colored food fish of deep Atlantic waters,i49213,Lopholatilus|genus Lopholatilus,Q2534510
02576037-n,food and game fishes related to pompanos,i49215,Pomatomidae|family Pomatomidae,Q12809595
02576194-n,type genus of the Pomatomidae,i49216,Pomatomus|genus Pomatomus,Q10351126
02576549-n,family of pelagic fishes containing solely the cobia,i49218,Rachycentridae|family Rachycentridae,Q13035888
02576724-n,genus and family are coextensive and comprise only the cobia,i49219,Rachycentron|genus Rachycentron,Q14250612
02577282-n,fishes having a sucking disk on the head for clinging to other fishes and to ships,i49222,Echeneididae|family Echeneididae|family Echeneidae,Q239771
02577799-n,type genus of the Echeneididae: typical remoras,i49224,Echeneis|genus Echeneis,Q2709145
02578086-n,a genus of Echeneididae,i49226,Remilegia|genus Remilegia,Q107270439
02579091-n,type genus of the Carangidae,i49230,Caranx|genus Caranx,Q139783
02579922-n,"a genus of Carangidae, containing the rainbow runner (Elagatis)",i49235,Elagatis|genus Elagatis,Q15240873
02580454-n,"a genus of Carangidae, containing the threadfish or diamond trevallies (Alectis)",i49239,Alectis|genus Alectis,Q2963482
02580756-n,"a genus of Carangidae, containing the lookdowns and moonfishes (Selene)",i49241,Selene|genus Selene,Q671979
02581235-n,"a genus of Carangidae, containing the amberjacks (Seriola)",i49244,Seriola|genus Seriola,Q1093514
02582686-n,a genus of Carangidae,i49253,Naucrates|genus Naucrates,Q17141301
02583622-n,big-eyed scad,i49259,Selar|genus Selar,Q745504
02583920-n,scads especially mackerel scad; cosmopolitan in distribution,i49261,Decapterus|genus Decapterus,Q903235
02584434-n,large active pelagic percoid fish,i49264,Coryphaenidae|family Coryphaenidae,Q13170001
02585222-n,type genus of the Bramidae,i49269,Brama|genus Brama,Q1053062
02585550-n,small family of marine fishes having covered gills,i49271,Branchiostegidae|family Branchiostegidae,Q33135518
02586399-n,tetras,i49276,Hemigrammus|genus Hemigrammus,Q134548
02586635-n,a genus of Characidae,i49278,Paracheirodon|genus Paracheirodon,Q132910
02586956-n,piranhas,i49280,Serrasalmus|genus Serrasalmus,Q972721
02588760-n,a genus of Cichlidae,i49289,Tilapia|genus Tilapia,Q1770703
02589013-n,the family of snappers (Lutjanidae),i49291,Lutjanidae|family Lutjanidae,Q849160
02589496-n,type genus of the Lutjanidae: snappers,i49293,Lutjanus|genus Lutjanus,Q139141
02590391-n,a genus of snappers (Ocyurus),i49298,Ocyurus|genus Ocyurus,Q2212925
02591210-n,type genus of the Haemulidae,i49302,Haemulon|genus Haemulon,Q772044
02593835-n,"a genus of Sparidae, containing the southern common seabream, the silver seabream, the redbanded seabream, the bluespotted seabream, the red seabream, and the common seabream (Pagrus)",i49317,Pagrus|genus Pagrus,Q432412
02594123-n,sea breams,i49319,Pagellus|genus Pagellus,Q1654733
02594387-n,a genus of Sparidae,i49321,Archosargus|genus Archosargus,Q2623566
02594874-n,"a genus of Sparidae, containing the pinfish (Lagodon)",i49324,Lagodon|genus Lagodon,Q13217680
02595237-n,"a genus of Sparidae, containing porgies (Calamus)",i49326,Calamus|genus Calamus,Q2729463
02595496-n,Australian snapper,i49328,Chrysophrys|genus Chrysophrys,Q19851071
02595983-n,scups,i49331,Stenotomus|genus Stenotomus,Q1980894
02596493-n,warm-water marine fishes including the drums and grunts and croakers and sea trout,i49334,Sciaenidae|family Sciaenidae,Q216634
02597847-n,"a genus of fish in the family Sciaenidae, comprising the armed croaker, the silver perch, the swordspine croaker, the ronco croaker, the ground croaker, and bairdiella sanctaeluciae (Bairdiella)",i49340,Bairdiella|genus Bairdiella,Q145353
02598199-n,"a genus of Sciaenidae, containing the fish known as the red drum, the channel bass, the redfish, the spottail bass, or the reds (Sciaenops)",i49342,Sciaenops|genus Sciaenops,Q14718316
02598532-n,type genus of the Sciaenidae: croakers,i49344,Sciaena|genus Sciaena,Q2260146
02599222-n,a genus containing the finebarbel croakers (Micropogonias),i49348,Micropogonias|genus Micropogonias,Q2705026
02599518-n,a genus containing 16 species of drums (Umbrina),i49350,Umbrina|genus Umbrina,Q2478227
02599803-n,kingfishes; whiting,i49352,Menticirrhus|genus Menticirrhus,Q135256
02601068-n,"a genus of Sciaenidae, containing the fish known as the white croaker, the Pasadena trout, the tommy croaker, and the little bass (Genyonemus)",i49359,Genyonemus|genus Genyonemus,Q17152657
02601377-n,"a genus of Sciaenidae, containing the queenfish (Seriphus)",i49361,Seriphus|genus Seriphus,Q14721204
02602765-n,type genus of the Mullidae: goatfishes,i49369,Mullus|genus Mullus,Q1289177
02603287-n,a genus of Mullidae,i49372,Mulloidichthys|genus Mulloidichthys,Q2265003
02605250-n,a genus of Atherinidae,i49383,Atherinopsis|genus Atherinopsis,Q2636021
02605600-n,monotypic family of large active fishes of tropical and subtropical waters: barracuda,i49385,Sphyraenidae|family Sphyraenidae,Q13166704
02605804-n,type and sole genus of the Sphyraenidae: barracuda,i49386,Sphyraena|genus Sphyraena,Q193921
02606644-n,sea chubs,i49391,Kyphosidae|family Kyphosidae,Q1130631
02607287-n,small family comprising the spadefishes,i49395,Ephippidae|family Ephippidae,Q637670
02607441-n,a genus of Ephippidae,i49396,Chaetodipterus|genus Chaetodipterus,Q596898
02608439-n,angelfishes,i49402,Pomacanthus|genus Pomacanthus,Q762409
02608824-n,damselfishes,i49405,Pomacentridae|family Pomacentridae,Q501720
02609220-n,type genus of the Pomacentridae: damselfishes,i49407,Pomacentrus|genus Pomacentrus,Q934789
02609556-n,a genus of clownfishes or anemone fishes (Amphiprion),i49409,Amphiprion|genus Amphiprion,Q6193348
02609975-n,a genus of sergeant-majors (Abudefduf),i49412,Abudefduf|genus Abudefduf,Q132841
02610781-n,a genus of Labridae commonly known as blue gropers (Achoerodus),i49416,Achoerodus|genus Achoerodus,Q370454
02611338-n,a genus of Labridae containing 81 species of wrasses (Halicoeres),i49420,Halicoeres|genus Halicoeres,Q134935
02611799-n,a genus of Labridae containing 28 species of wrasse (Thalassoma),i49423,Thalassoma|genus Thalassoma,Q137133
02612096-n,razor fish,i49425,Hemipteronatus|genus Hemipteronatus,Q50376969
02616064-n,type genus of the Blenniidae,i49448,Blennius|genus Blennius,Q1928709
02616317-n,a genus of Blenniidae,i49450,Scartella|genus Scartella,Q3951720
02616918-n,a genus of fish of the family Clinidae including pikeblennies,i49454,Chaenopsis|genus Chaenopsis,Q2371271
02617787-n,type genus of the Pholidae: gunnels,i49459,Pholis|genus Pholis,Q2704983
02619659-n,eelpouts,i49471,Zoarcidae|family Zoarcidae,Q300929
02620319-n,a genus of eelpouts including the fish doctor,i49475,Gymnelus|genus Gymnelus,Q620717
02620586-n,a genus of eelpouts including the ocean pout,i49477,Macrozoarces|genus Macrozoarces,Q107271202
02620874-n,sand lances,i49479,Ammodytidae|family Ammodytidae,Q695712
02621002-n,type genus of the Ammodytidae,i49480,Ammodytes|genus Ammodytes,Q2624613
02622039-n,a genus of Gobiidae,i49486,Periophthalmus|genus Periophthalmus,Q662601
02622663-n,percoid flatheads,i49490,Percophidae|family Percophidae,Q1651138
02622948-n,archerfishes,i49492,Toxotidae|family Toxotidae,Q15207743
02623073-n,type genus of the Toxotidae,i49493,Toxotes|genus Toxotes,Q732534
02623456-n,worm fish,i49495,Microdesmidae|family Microdesmidae,Q1093168
02624049-n,type genus of the Acanthuridae: doctorfishes,i49499,Acanthurus|genus Acanthurus,Q648200
02624760-n,type genus of the Gempylidae,i49503,Gempylus|genus Gempylus,Q14265654
02625038-n,a genus of Gempylidae,i49505,Lepidocybium|genus Lepidocybium,Q12816990
02627007-n,type genus of the Scombridae,i49514,Scomber|genus Scomber,Q3593412
02627762-n,wahoos,i49518,Acanthocybium|genus Acanthocybium,Q17152321
02629220-n,tunas: warm-blooded fishes,i49526,Thunnus|genus Thunnus,Q2346039
02631097-n,a genus of Scombridae,i49535,Euthynnus|genus Euthynnus,Q250377
02631486-n,oceanic bonitos; in some classifications placed in its own family Katsuwonidae,i49537,Katsuwonus|genus Katsuwonus,Q17152354
02632065-n,comprising the common swordfishes,i49540,Xiphiidae|family Xiphiidae,Q567749
02632211-n,type genus of the Xiphiidae,i49541,Xiphias|genus Xiphias,Q14182864
02632682-n,"sailfishes, spearfishes, marlins",i49543,Istiophoridae|family Istiophoridae,Q30961
02634529-n,a genus of Istiophoridae,i49554,Tetrapturus|genus Tetrapturus,Q517091
02634869-n,louvars,i49556,Luvaridae|family Luvaridae,Q1817202
02634989-n,type genus of the Luvaridae,i49557,Luvarus|genus Luvarus,Q16573319
02636474-n,a genus of Stromateidae,i49565,Peprilus|genus Peprilus,Q2714710
02636786-n,"a genus of Stromateidae, containing driftfishes (Psenes)",i49567,Psenes|genus Psenes,Q1887029
02637347-n,a genus of squaretails,i49571,Tetragonurus|genus Tetragonurus,Q2116400
02637940-n,clingfishes,i49575,Gobiesocidae|family Gobiesocidae,Q559345
02638089-n,type genus of the Gobiesocidae,i49576,Gobiesox|genus Gobiesox,Q1989044
02639296-n,mojarras,i49584,Gerreidae|family Gerreidae|Gerridae|family Gerridae,Q270322
02639967-n,a genus of Gerreidae,i49588,Eucinostomus|genus Eucinostomus,Q2029813
02641465-n,only the bowfins,i49596,Amiidae|family Amiidae,Q141948
02641590-n,type genus of the Amiidae,i49597,Amia|genus Amia,Q4064288
02641942-n,paddlefishes,i49599,Polyodontidae|family Polyodontidae,Q858011
02642416-n,a genus of Polyodontidae,i49602,Psephurus|genus Psephurus,Q18521053
02642723-n,sturgeons,i49604,Acipenseridae|family Acipenseridae,Q181871
02643083-n,type genus of the Acipenseridae: sturgeons,i49606,Acipenser|genus Acipenser,Q174020
02643693-n,comprises the genus Lepisosteus,i49609,Lepisosteidae|family Lepisosteidae,Q506144
02644238-n,"scorpionfishes, sculpins, gurnards, greenlings, flying gurnards",i49612,Scleroparei|order Scleroparei,Q208777
02646343-n,stonefishes,i49622,Synanceja|genus Synanceja,Q13396094
02646619-n,rockfishes,i49624,Sebastes|genus Sebastes,Q149077
02647597-n,sculpins,i49630,Cottidae|family Cottidae,Q513998
02647773-n,type genus of the Cottidae: sculpins,i49631,Cottus|genus Cottus,Q134913
02648747-n,grubby,i49637,Myxocephalus|genus Myxocephalus,Q107269468
02649007-n,lumpfishes,i49639,Cyclopteridae|family Cyclopteridae,Q4057200
02649138-n,type genus of the Cyclopteridae: lumpfishes,i49640,Cyclopterus|genus Cyclopterus,Q18001776
02650133-n,poachers,i49646,Agonidae|family Agonidae,Q1030003
02650804-n,alligatorfishes,i49650,Aspidophoroides|genus Aspidophoroides,Q1449104
02651712-n,a genus of Hexagrammidae,i49656,Oxylebius|genus Oxylebius,Q2183433
02652030-n,scorpaenoid flatheads,i49658,Platycephalidae|family Platycephalidae,Q1072599
02652912-n,type genus of the Triglidae,i49662,Triga|genus Triga,Q14506504
02654042-n,in some classifications the type genus of the subfamily Peristediinae: armored sea robins,i49669,Peristedion|genus Peristedion,Q1951787
02654635-n,a genus of Dactylopteridae,i49672,Dactylopterus|genus Dactylopterus,Q16538599
02654965-n,"boxfishes, filefishes, globefishes, ocean sunfishes, triggerfishes, puffers",i49674,Plectognathi|order Plectognathi|order Tetraodontiformes,Q211837
02655989-n,type genus of the Balistidae,i49678,Balistes|genus Balistes,Q35016
02656285-n,filefishes,i49680,Monocanthidae|family Monocanthidae,Q948098
02656595-n,type genus of the Monocanthidae,i49682,Monocanthus|genus Monocanthus,Q56847
02657239-n,a genus of Ostraciidae,i49686,Lactophrys|genus Lactophrys,Q82855
02658324-n,type genus of the Diodontidae,i49692,Diodon|genus Diodon,Q1809104
02658801-n,burrfishes,i49695,Chilomycterus|genus Chilomycterus,Q2690499
02659180-n,type genus of the Molidae,i49698,genus Mola,Q1178471
02661011-n,type genus of the Pleuronectidae,i49706,Pleuronectes|genus Pleuronectes,Q572495
02661300-n,a genus of Pleuronectidae containing the starry flounders (Platichthys),i49708,Platichthys|genus Platichthys,Q849396
02662297-n,a genus of Pleuronectidae containing the righteye flounders native to the North Pacific and Northeast Atlantic Oceans (Microstomus),i49714,Microstomus|genus Microstomus,Q549006
02663042-n,halibuts,i49719,Hippoglossus|genus Hippoglossus,Q2697230
02663399-n,a family of fish of the order Heterosomata,i49722,Bothidae|family Bothidae,Q838524
02664395-n,"a genus of Bothidae, containing the large-tooth flounders native to the coastal waters of the Americas (Etropus)",i49727,Etropus|genus Etropus,Q5404893
02664711-n,"a genus of Bothidae, containing some of the large-tooth flounders, sanddabs, whiffs, and flounders (Citharichthys)",i49729,Citharichthys|genus Citharichthys,Q2491501
02665318-n,"a genus of Bothidae, containing some of the turbots (Scophthalmus)",i49733,Scophthalmus|genus Scophthalmus,Q2705790
02665716-n,a genus of Bothidae,i49736,Psetta|genus Psetta,Q2499212
02666766-n,type genus of the Soleidae,i49742,Solea|genus Solea,Q531725
02667141-n,"a genus of Soleidae, containing the English sole (Parophrys)",i49745,Parophrys|genus Parophrys,Q3014512
02667453-n,"a genus of Soleidae, containing the Pacific sand sole (Psettichthys)",i49747,Psettichthys|genus Psettichthys,Q14672291
02667749-n,"a genus of Soleidae, containing the hogchoker (Trinectes)",i49749,Trinectes|genus Trinectes,Q224890
08808051-n,the fields in Thessaly where in 197 BC the Romans defeated the Macedonians,i83060,Cynoscephalae,n.a
09009061-n,a peninsula extending northward from the Arabian mainland into the Persian Gulf,i83914,Qatar|Qatar Peninsula|Katar|Katar Peninsula,Q65159628
10826216-n,the Zoroastrian god of time,i94235,Zurvan,Q1423009
11351058-n,United States surrealist painter (born in France) (1900-1955),i97099,Tanguy|Yves Tanguy,Q164720
11558792-n,hornworts; liverworts having a thalloid gametophyte; in some classification systems included in the class Hepaticopsida,i98233,Anthocerotales|order Anthocerotales,Q5696912
11559033-n,the family of hornworts (Anthocerotaceae),i98234,Anthocerotaceae|family Anthocerotaceae,Q1050205
11559386-n,"true mosses: bryophytes having leafy rather than thalloid gametophytes: comprises orders Andreaeales, Bryales, Dicranales, Eubryales, Sphagnales",i98237,Bryopsida|class Bryopsida|Musci|class Musci,Q831482
11560126-n,comprises a single genus: Andreaea,i98240,Andreaeales|order Andreaeales,Q2846441
11560451-n,category used in some classification systems for mosses having the spore case separated from the capsule wall by a hollow intercellular space,i98242,Bryales|order Bryales,Q140344
11560681-n,widely distributed order of mosses with erect gametophores and sporophytes at the tips of stems,i98243,Dicranales|order Dicranales,Q141514
11561198-n,mosses with perennial erect gametophores and stems with rows of leaves and drooping capsules,i98246,Eubryales|order Eubryales,Q17277039
11561421-n,a family of acrocarpous mosses,i98247,Bryaceae|family Bryaceae,Q140324
11561562-n,type genus of the Bryaceae: mosses distinguished by mostly erect and tufted gametophytes and symmetrical short-necked capsules,i98248,Bryum|genus Bryum,Q146228
11562164-n,coextensive with the genus Sphagnum; in some classifications isolated in a separate subclass,i98251,Sphagnales|order Sphagnales,Q1138673
11562792-n,"liverworts: comprises orders Anthocerotales, Jungermanniales, Marchantiales, Sphaerocarpales",i98254,Hepaticopsida|class Hepaticopsida|Hepaticae|class Hepaticae,Q16111747
11563880-n,liverworts with gametophyte differentiated internally,i98259,Marchantiales|order Marchantiales,Q139099
11564053-n,liverworts with prostrate and usually dichotomously branched thalli,i98260,Marchantiaceae|family Marchantiaceae,Q138798
11564582-n,small order sometimes included in the order Jungermanniales,i98263,Sphaerocarpales|order Sphaerocarpales,Q147918
11615763-n,plants having naked seeds not enclosed in an ovary; in some systems considered a class (Gymnospermae) and in others a division (Gymnospermophyta); comprises three subdivisions (or classes): Cycadophytina (class Cycadopsida) and Gnetophytina (class Gnetopsida) and Coniferophytina (class Coniferopsida); in some classifications the Coniferophytina are divided into three groups: Pinophytina (class Pinopsida) and Ginkgophytina (class Ginkgopsida) and Taxophytina (class Taxopsida),i98330,Gymnospermae|class Gymnospermae|Gymnospermophyta|division Gymnospermophyta,Q5625083
11616937-n,gymnospermous flowering plants; supposed link between conifers and angiosperms; in some systems classified as a class (Gnetopsida) and in others as a subdivision (Gnetophytina or Gnetophyta),i98333,Gnetopsida|class Gnetopsida|Gnetophytina|subdivision Gnetophytina|Gnetophyta,Q1011212
11617296-n,chiefly tropical or xerophytic woody plants; practically unknown as fossils but considered close to the ancestral line of angiosperms,i98334,Gnetales|order Gnetales,Q2705562
11617577-n,plants having small unisexual flowers and fleshy or winged fruit: in some classifications includes the genera Ephedra and Welwitschia as well as genus Gnetum,i98335,Gnetaceae|family Gnetaceae,Q2056554
11618375-n,ephedras: in some classifications included in the Gnetaceae,i98338,Ephedraceae|family Ephedraceae,Q10376735
11618551-n,a genus of African evergreen shrubs characterized by thick leaves and white flowers,i98339,Catha|genus Catha,Q8342894
11619442-n,in some classifications included in the Gnetaceae,i98344,Welwitschiaceae|family Welwitschiaceae,Q10780833
11619616-n,type and sole genus of Welwitschiaceae,i98345,genus Welwitschia|genus Welwitchia,Q15044266
11620145-n,palmlike gymnosperms: includes the surviving order Cycadales and several extinct orders; possibly not a natural group; in some systems considered a class (Cycadopsida) and in others a subdivision (Cycadophytina or Cycadophyta),i98347,Cycadopsida|class Cycadopsida|Cycadophytina|subdivision Cycadophytina|Cycadophyta|subdivision Cycadophyta,Q5605610
11621122-n,ancient palmlike plants closely related to ferns in that fertilization is by means of spermatozoids,i98350,Cycadaceae|family Cycadaceae|cycad family,Q11773804
11621938-n,a family of cycads often included in the family Cycadaceae: zamias,i98354,Zamiaceae|family Zamiaceae|zamia family,Q133329
11624676-n,fossil gymnospermous plants of the Carboniferous,i98368,Bennettitales|order Bennettitales,Q132823
11624844-n,a family of fossil gymnospermous plants of the Carboniferous,i98369,Bennettitaceae|family Bennettitaceae,Q15050378
11625149-n,extinct gymnosperms most of Carboniferous to Jurassic: seed ferns and allies,i98371,Pteridospermopsida|class Pteridospermopsida,Q15617175
11625355-n,fossil gymnospermous trees or climbing plants from the Devonian: seed ferns,i98372,Cycadofilicales|order Cycadofilicales|Lyginopteridales|order Lyginopteridales,Q573940
11625847-n,genus of fossil seed ferns of the Carboniferous,i98374,Lyginopteris|genus Lyginopteris,Q3840994
11626159-n,cone-bearing gymnosperms dating from the Carboniferous period; most are substantial trees; includes the classes Pinopsida (subdivision Pinophytina) and Ginkgopsida (subdivision Ginkgophytina) and Taxopsida (subdivision Taxophytina) which in turn include the surviving orders Coniferales and Taxales (yews) and sometimes Ginkgoales as well as extinct orders such as Cordaitales (of the Carboniferous and Permian),i98376,Coniferopsida|class Coniferopsida|Coniferophytina|subdivision Coniferophytina|Coniferophyta,Q16050271
11627522-n,most conifers: in some systems classified as a class (Pinopsida) and in others as a subdivision (Pinophytina); used in some classifications for one of five subdivisions of Gymnospermophyta,i98380,Pinopsida|class Pinopsida|Pinophytina|subdivision Pinophytina,Q1329304
11627843-n,profusely branching and chiefly evergreen trees and some shrubs having narrow or needlelike leaves,i98381,Coniferales|order Coniferales,Q14107023
11628190-n,a family of Pinaceae,i98382,Pinaceae|family Pinaceae|pine family,Q101680
11628506-n,type genus of the Pinaceae: large genus of true pines,i98383,Pinus|genus Pinus,Q12024
11639201-n,larches,i98432,Larix|genus Larix,Q25618
11643439-n,true cedars,i98454,Cedrus|genus Cedrus,Q128550
11648735-n,douglas fir; closely related to genera Larix and Cathaya,i98482,Pseudotsuga|genus Pseudotsuga,Q158771
11649662-n,one species; related to Pseudotsuga and Larix,i98487,genus Cathaya,Q1543178
11649952-n,cypresses and junipers and many cedars,i98489,Cupressaceae|family Cupressaceae|cypress family,Q146037
11653245-n,a genus of gymnosperm,i98502,Athrotaxis|genus Athrotaxis,Q1368777
11653567-n,one species; formerly included in genus Libocedrus,i98504,Austrocedrus|genus Austrocedrus,Q1072934
11654977-n,tall evergreens of western North America and eastern Asia; formerly included in genus Libocedrus,i98512,Calocedrus|genus Calocedrus,Q765246
11656519-n,Japanese cedar; sugi,i98519,Cryptomeria|genus Cryptomeria,Q12323064
11659353-n,cypresses that resemble cedars,i98534,Libocedrus|genus Libocedrus,Q2340419
11660314-n,genus of deciduous conifers comprising both living and fossil forms; 1 extant species: dawn redwood of China; variously classified as member of Pinaceae or Taxodiaceae,i98539,genus Metasequoia,Q1825748
11661726-n,giant sequoias; sometimes included in the genus Sequoia; until recently placed in the Taxodiaceae,i98545,Sequoiadendron|genus Sequoiadendron,Q14707792
11662239-n,bald cypress; swamp cypress,i98547,Taxodium|genus Taxodium,Q147392
11663363-n,sandarac tree,i98552,Tetraclinis|genus Tetraclinis,Q13091238
11665163-n,one species; has close similarity to genus Thuja,i98561,Thujopsis|genus Thujopsis,Q12317810
11665722-n,tall evergreen cone-bearing trees of South America and Australia with broad leathery leaves; in some classifications included in the Pinaceae,i98565,Araucariaceae|family Araucariaceae|araucaria family,Q217697
11669068-n,the genus of Cephalotaxus (see plum-yews),i98582,Cephalotaxus|genus Cephalotaxus,Q933520
11669463-n,nutmeg-yews,i98584,Torreya|genus Torreya,Q429944
11670048-n,a family of Phyllocladaceae,i98587,Phyllocladaceae|family Phyllocladaceae,Q33138051
11670200-n,celery pine,i98588,Phyllocladus|genus Phyllocladus,Q134249
11674575-n,Australasian evergreen trees or shrubs,i98610,Dacrydium|genus Dacrydium,Q1482244
11675118-n,sickle pines: dioecious evergreen tropical trees and shrubs having sickle-shaped leaves; similar to Dacrycarpus in habit; Malaysia and Philippines to New Guinea and New Caledonia,i98613,Falcatifolium|genus Falcatifolium,Q133717
11676215-n,genus of dioecious evergreen trees of New Zealand and Tasmania; similar to genus Dacrydium,i98618,Lagarostrobus|genus Lagarostrobus,Q3216153
11677425-n,2 species of small evergreen shrubs of Australia and Tasmania,i98624,Microstrobos|genus Microstrobos,Q135762
11678214-n,one species: parasite yew,i98628,Parasitaxus|genus Parasitaxus,Q13077228
11679323-n,small genus of tropical evergreen dioecious shrubs or trees of Oceania and tropical South America,i98634,Retrophyllum|genus Retrophyllum,Q138257
11679519-n,one species: Prince Albert's yew,i98635,Saxe-gothea|Saxegothea|genus Saxe-gothea|genus Saxegothea,Q13080853
11679951-n,a genus of conifers containing Sundacarpus amarus (Sundacarpus),i98637,Sundacarpus|genus Sundacarpus,Q13080891
11680360-n,family comprising a single genus that until recently was considered part of Taxodiaceae,i98639,Sciadopityaceae|family Sciadopityaceae,Q520165
11680572-n,type and sole genus of Sciadopityaceae; Japanese umbrella pines,i98640,Sciadopitys|genus Sciadopitys,Q3065538
11680988-n,yews: in some systems classified as a class (Taxopsida) and in others as a subdivision (Taxophytina) used in some classifications for one of five subdivisions of Gymnospermophyta,i98642,Taxopsida|class Taxopsida|Taxophytina|subdivision Taxophytina,Q99048207
11681299-n,coextensive with the family Taxaceae: yews,i98643,Taxales|order Taxales,Q2697797
11681658-n,yews,i98645,Taxus|genus Taxus,Q27355
11683215-n,a gymnosperm genus having one species: New Caledonian yew,i98652,Austrotaxus|genus Austrotaxus,Q13052844
11683587-n,"a genus containing Pseudotaxus chienii, or the white-berry yew (Pseudotaxus)",i98654,Pseudotaxus|genus Pseudotaxus,Q13080832
11683900-n,ginkgos: in some systems classified as a class and in others as a subdivision; used in some classifications for one of five subdivisions of Gymnospermophyta,i98656,Ginkgopsida|class Ginkgopsida|Ginkgophytina|class Ginkgophytina|subdivision Ginkgophytina|subdivision Ginkgophyta,Q10788836
11684264-n,coextensive with the family Ginkgoaceae: plants that first appeared in the Permian and now represented by a single surviving species; often included in Coniferales,i98657,Ginkgoales|order Ginkgoales,Q835097
11684752-n,sole surviving genus of the Ginkgoaceae,i98659,genus Ginkgo,Q149461
11714035-n,chiefly tropical trees or shrubs,i98797,Annonaceae|family Annonaceae|custard-apple family,Q220025
11716282-n,a genus of Malayan tree,i98808,Cananga|genus Cananga|Canangium|genus Canangium,Q3264724
11716807-n,genus of tropical trees,i98811,Oxandra|genus Oxandra,Q1331220
11717245-n,tropical evergreen trees or shrubs; chiefly African,i98814,Xylopia|genus Xylopia,Q2234889
11717627-n,shrubs or herbs,i98816,Berberidaceae|family Berberidaceae|barberry family,Q155949
11718902-n,blue cohosh,i98822,Caulophyllum|genus Caulophyllum,Q2671028
11719752-n,evergreen shrubs and small trees of North and Central America and Asia,i98826,Mahonia|genus Mahonia,Q157379
11720384-n,perennial rhizomatous herbs,i98829,Podophyllum|genus Podophyllum,Q732308
11720870-n,shrubs or small trees having aromatic bark; the eastern United States and eastern Asia,i98832,Calycanthaceae|family Calycanthaceae|calycanthus family|strawberry-shrub family,Q867622
11722372-n,coextensive with the genus Ceratophyllum: hornworts,i98839,Ceratophyllaceae|family Ceratophyllaceae,Q12012524
11723035-n,one species: katsura tree,i98843,Cercidiphyllum|genus Cercidiphyllum,Q858028
11723468-n,thick-stemmed lianas and some shrubs; some have edible fruit,i98845,Lardizabalaceae|family Lardizabalaceae|lardizabala family,Q840758
11723674-n,evergreen monoecious climbers of South America having dark mauve-blue edible berries,i98846,Lardizabala|genus Lardizabala,Q2603764
11724404-n,small evergreen trees or shrubs with aromatic leaves,i98849,Laurus|genus Laurus,Q21188
11724870-n,Asiatic and Australian aromatic trees and shrubs,i98851,Cinnamomum|genus Cinnamomum,Q27282
11726390-n,aromatic evergreen or deciduous dioecious shrubs or trees of eastern Asia and North America,i98859,Lindera|genus Lindera,Q311790
11726589-n,used in some classifications for the American spicebush and certain other plants often included in the genus Lindera,i98860,Benzoin|genus Benzoin,Q18337957
11727098-n,avocado,i98862,Persea|genus Persea,Q132039
11728137-n,aromatic evergreen trees of Pacific coast,i98868,Umbellularia|genus Umbellularia,Q15933047
11728650-n,"subclass Magnoliidae: genera Liriodendron, Magnolia, and Manglietia",i98870,Magnoliaceae|family Magnoliaceae|magnolia family,Q120228
11728911-n,anise trees: evergreen trees with aromatic leaves,i98871,Illicium|genus Illicium,Q5492045
11729919-n,shrubs or trees of North America or Asia having entire evergreen or deciduous leaves; among most ancient of angiosperm genera,i98876,genus Magnolia,Q157017
11732622-n,tulip trees,i98888,Liriodendron|genus Liriodendron,Q157236
11733296-n,herbaceous or woody climbers,i98891,Menispermaceae|family Menispermaceae|moonseed family,Q855116
11734097-n,climbing plants or shrubs,i98895,Cocculus|genus Cocculus,Q1152946
11734429-n,family of aromatic tropical trees with arillate seeds,i98897,Myristicaceae|family Myristicaceae|nutmeg family,Q161214
11735087-n,dicot aquatic plants,i98900,Nymphaeaceae|family Nymphaeaceae|water-lily family,Q148650
11735676-n,the type genus of the family Nymphaeaceae; any of a variety of water lilies,i98902,Nymphaea|genus Nymphaea,Q146628
11738990-n,"alternatively, a member of the family Nymphaeaceae",i98919,Brasenia|genus Brasenia,Q4095708
11739380-n,perennial rhizomatous herbs and shrubs; of temperate Europe and North America,i98921,Paeoniaceae|family Paeoniaceae|peony family,Q3360397
11739937-n,a family of Ranunculaceae,i98924,Ranunculaceae|family Ranunculaceae|buttercup family|crowfoot family,Q145869
11747038-n,one species: rue anemone,i98959,Anemonella|genus Anemonella,Q15976207
11748445-n,a genus of Caltha,i98966,Caltha|genus Caltha,Q148547
11752330-n,small genus of low perennial herbs having yellow rhizomes and white or yellow flowers,i98986,Coptis|genus Coptis,Q135562
11752778-n,plants having flowers resembling the larkspur's but differing from larkspur's in the arrangement of petals; sometimes included in genus Delphinium,i98988,Consolida|genus Consolida,Q157591
11753326-n,large genus of chiefly perennial erect branching herbs of north temperate regions some poisonous,i98990,genus Delphinium,Q160107
11753893-n,winter aconite,i98993,Eranthis|genus Eranthis,Q157775
11755341-n,small genus of perennial herbs of north temperate regions; allied to genus Anemone,i99001,genus Hepatica,Q157505
11755794-n,small genus of perennial herbs having rhizomes and palmate leaves and small solitary flowers; of northeastern United States and Japan,i99003,Hydrastis|genus Hydrastis,Q9005595
11756291-n,tufted perennial herbs of Northern Hemisphere,i99005,Isopyrum|genus Isopyrum,Q1007528
11756685-n,one species: giant buttercup,i99007,Laccopetalum|genus Laccopetalum,Q5968671
11759301-n,small genus of perennial herbs: false bugbane,i99021,Trautvetteria|genus Trautvetteria,Q7835851
11759668-n,perennial herbs of north temperate regions: globeflowers,i99023,Trollius|genus Trollius,Q161588
11760278-n,shrubs and trees of Southern Hemisphere having aromatic foliage,i99026,Drimys|genus Drimys,Q749412
11761124-n,coextensive with the family Myricaceae,i99030,Myricales|order Myricales,Q2106238
11761293-n,constituting the order Myricales,i99031,Myricaceae|family Myricaceae|wax-myrtle family,Q843892
11762644-n,one species: sweet fern,i99038,Comptonia|genus Comptonia,Q16879998
11763000-n,coextensive with the genus Leitneria; commonly isolated in a distinct order,i99040,Leitneriaceae|family Leitneriaceae|corkwood family,Q13107376
11763214-n,one species: corkwood,i99041,Leitneria|genus Leitneria,Q13070310
11763578-n,tufted herbs resembling grasses: rushes,i99043,Juncaceae|family Juncaceae|rush family,Q156169
11766693-n,mostly tropical climbing shrubs or small trees; closely related to Leguminosae,i99056,Connaraceae|family Connaraceae|zebrawood family,Q131661
11767245-n,"a large family of trees, shrubs, vines, and herbs bearing bean pods; divided for convenience into the subfamilies Caesalpiniaceae, Mimosaceae, Papilionaceae",i99059,Leguminosae|family Leguminosae|Fabaceae|family Fabaceae|legume family|pea family,Q44448
11769405-n,genus of prickly shrubs and small trees of the Caribbean region; source of a durable hardwood,i99065,Brya|genus Brya,Q4979921
11769931-n,a genus of Centrolobium,i99068,Centrolobium|genus Centrolobium,Q5062982
11774405-n,family of spiny woody plants (usually shrubs or small trees) whose leaves mimic animals in sensitivity to touch; commonly included in the family Leguminosae,i99092,Mimosaceae|family Mimosaceae,Q3061312
11782706-n,small genus of tropical evergreen trees or shrubs having pods like those of the acacia,i99129,Leucaena|genus Leucaena,Q311423
11783175-n,small genus of tropical American trees and shrubs with pinnate leaves and flat straight pods,i99131,Lysiloma|genus Lysiloma,Q6710182
11783942-n,genus of tropical Old World trees: nitta trees,i99135,Parkia|genus Parkia,Q135404
11784700-n,thorny shrubs and trees of tropical and subtropical America and Asia,i99139,Pithecellobium|genus Pithecellobium|Pithecolobium|genus Pithecolobium,Q2717810
11785568-n,genus of tropical or subtropical branching shrubs or trees: mesquite,i99142,Prosopis|genus Prosopis,Q133422
11787665-n,perennial herbs with small pink or white flowers,i99150,Apocynum|genus Apocynum,Q133242
11788711-n,small genus of trees and shrubs containing strongly toxic cardiac glycosides; Arabia to Africa,i99155,Acocanthera|genus Acocanthera|Acokanthera|genus Acokanthera,Q1822458
11789471-n,one species: succulent shrub or tree of tropical Africa and Arabia,i99158,Adenium|genus Adenium,Q913594
11790482-n,genus of evergreen trees or shrubs with white funnel-shaped flowers and milky sap; tropical Africa to southeastern Asia and Polynesia,i99163,Alstonia|genus Alstonia,Q2475725
11790995-n,genus of herbs and subshrubs with milky juice and showy bluish flowers; Europe to Asia Minor to Japan and North America,i99165,Amsonia|genus Amsonia,Q478077
11791438-n,small genus of evergreen woody vines in the East Indies and Asia,i99167,Beaumontia|genus Beaumontia,Q3311674
11792623-n,small genus of erect annual or perennial herbs native to Madagascar; widely naturalized in the tropics; formerly included in genus Vinca,i99173,Catharanthus|genus Catharanthus,Q1050790
11793171-n,genus of deciduous trees and shrubs of tropical Africa and Asia,i99175,Holarrhena|genus Holarrhena,Q15972122
11794748-n,deciduous shrubs and trees of tropical America having branches like candelabra and fragrant white or pink flowers,i99182,Plumeria|genus Plumeria|Plumiera,Q218123
11796806-n,evergreen tropical trees and shrubs with milky sap,i99192,Tabernaemontana|genus Tabernaemontana,Q310915
11797834-n,genus of Asiatic woody vines with milky sap in leaves and stems,i99196,Trachelospermum|genus Trachelospermum,Q1549062
11800270-n,type genus of the Araceae: tuberous perennial herbs of Europe and Asia with usually heart-shaped leaves,i99205,genus Arum,Q161121
11804792-n,tuberous or rhizomatous herbaceous perennials,i99227,Arisaema|genus Arisaema,Q133284
11805569-n,tuberous or rhizomatous perennial herbs; mainly Mediterranean area,i99230,Arisarum|genus Arisarum,Q2447519
11805944-n,small genus of tropical South American tuberous perennials with large variously colored leaves,i99232,genus Caladium,Q1521382
11806486-n,water arum,i99235,Calla|genus Calla,Q1945962
11806834-n,small genus of perennial tuberous herbs of tropical Asia: taro,i99237,Colocasia|genus Colocasia,Q310882
11807860-n,evergreen perennial herbs of tropical America with lush foliage and poisonous sap; often cultivated as houseplants,i99242,Dieffenbachia|genus Dieffenbachia,Q738915
11809005-n,small genus of evergreen lianas of southeastern Asia to western Pacific areas,i99248,Epipremnum|genus Epipremnum,Q1295844
11809395-n,skunk cabbage,i99250,Lysichiton|genus Lysichiton|Lysichitum|genus Lysichitum,Q1784347
11810708-n,one species of aquatic plant: golden club,i99258,Orontium|genus Orontium,Q11799321
11811093-n,small genus of North American marsh or aquatic herbs,i99260,Peltandra|genus Peltandra,Q578875
11811915-n,one species: water lettuce,i99265,genus Pistia,Q13077266
11812288-n,evergreen climbers with adhesive adventitious roots; southeastern Asia and Brazil,i99267,Scindapsus|genus Scindapsus|genus Pothos,Q2624761
11813067-n,one species: skunk cabbage,i99271,Symplocarpus|genus Symplocarpus,Q7233044
11813501-n,epiphytic or terrestrial climbing shrubs of Central and South America; used as ornamental houseplants for their velvety foliage,i99273,Syngonium|genus Syngonium,Q2448411
11814736-n,family of small free-floating thalloid plants,i99280,Lemnaceae|family Lemnaceae|duckweed family,Q14293890
11815835-n,minute aquatic herbs floating on the water surface consisting of a shiny leaflike frond and 2-21 roots,i99285,Spirodela|genus Spirodela,Q161458
11816243-n,minute rootless aquatic herbs having globular fronds floating on or near the water surface and bearing one flower per frond,i99287,Wolffia|genus Wolffia,Q163015
11816787-n,minute rootless aquatic herbs having flat fronds floating on or below the water surface and bearing 1-2 flowers per frond; America and Africa,i99290,Wolffiella|genus Wolffiella,Q9377653
11817213-n,mostly tropical trees and shrubs and lianas: genera Panax and Hedera,i99292,Araliaceae|family Araliaceae|ivy family,Q193335
11819989-n,perennial herbs of eastern North America and Asia having aromatic tuberous roots: ginseng,i99305,Panax|genus Panax,Q7213683
11821268-n,order of plants distinguished by tubular petaloid perianth and inferior ovary,i99311,Aristolochiales|order Aristolochiales,Q1973300
11821507-n,family of birthworts (including wild ginger),i99312,Aristolochiaceae|family Aristolochiaceae|birthwort family,Q156446
11821716-n,birthworts; Dutchman's-pipe,i99313,Aristolochia|genus Aristolochia,Q156212
11823587-n,a family of parasitic plants of the order Aristolochiales,i99323,Rafflesiaceae|family Rafflesiaceae,Q157019
11823746-n,a family of flowering plants in Africa and Argentina that are parasitic on the roots of other plants,i99324,Hydnoraceae|family Hydnoraceae,Q132628
11824551-n,corresponds approximately to the older group Centrospermae,i99326,Caryophyllales|order Caryophyllales|Chenopodiales|order-Chenopodiales,Q21808
11825073-n,large family of herbs or subshrubs (usually with stems swollen at the nodes),i99328,Caryophyllaceae|family Caryophyllaceae|carnation family|pink family,Q25995
11825849-n,a caryophylloid dicot genus including corn cockles,i99330,Agrostemma|genus Agrostemma,Q148897
11830659-n,Mediterranean herbs having small white or pink flowers,i99357,Gypsophila|genus Gypsophila,Q161948
11831028-n,low-growing Old World herbs with minute bright green leaves,i99359,Hernaria|genus Hernaria|Herniaria,Q164172
11831777-n,genus of plants strongly resembling those of genus Silene: catchfly,i99363,genus Lychnis,Q158863
11832827-n,mostly perennial herbs of Northern Hemisphere often with mat-forming habit; most often placed in genus Arenaria: sandworts,i99368,Minuartia|genus Minuartia,Q163073
11834299-n,perennial tussock-forming rock plants; of Pyrenees and mountains of northern Spain; similar to and sometimes placed in genus Lychnis,i99374,Petrocoptis|genus Petrocoptis,Q10348998
11834909-n,mostly perennial Old World herbs,i99377,Saponaria|genus Saponaria,Q157500
11835293-n,small genus of Old World weedy prostrate annuals: knawel,i99379,Scleranthus|genus Scleranthus,Q158561
11837798-n,chiefly maritime Eurasian herbs: sand spurry; sea spurry,i99391,Spergularia|genus Spergularia,Q163048
11838984-n,cow-cockles,i99397,Vaccaria|genus Vaccaria,Q161470
11839414-n,succulent herbs or small shrubs mostly of South Africa but also New Zealand and North America: carpetweeds; fig marigolds,i99399,Aizoaceae|family Aizoaceae|Tetragoniaceae|family Tetragoniaceae|carpetweed family,Q156219
11840220-n,a caryophyllaceous genus of Dorotheanthus,i99402,Dorotheanthus|genus Dorotheanthus,Q143939
11841884-n,carpetweeds,i99410,Molluga|genus Molluga,Q2639601
11842636-n,New Zealand spinach,i99414,Tetragonia|genus Tetragonia,Q133932
11843026-n,cosmopolitan family of herbs and shrubs,i99416,Amaranthaceae|family Amaranthaceae|amaranth family,Q155931
11846457-n,genus of tropical herbs or subshrubs having flowers in close heads; tropical America and Australia,i99432,Gomphrena|genus Gomphrena,Q1446121
11846885-n,genus of tropical American herbs or subshrubs,i99434,Iresine|genus Iresine,Q1672624
11847468-n,used in former classifications systems; now included in genus Alternanthera,i99437,Telanthera|genus Telanthera,Q17377912
11847638-n,family coextensive with genus Batis: saltworts,i99438,Batidaceae|family Batidaceae|saltwort family,Q2094045
11848244-n,includes spinach and beets,i99441,Chenopodiaceae|family Chenopodiaceae|goosefoot family,Q157881
11852199-n,summer cypress,i99460,Bassia|genus Bassia|Kochia|genus Kochia,Q158343
11854617-n,glassworts,i99473,Salicornia|genus Salicornia,Q159525
11856275-n,a family of flowering plants of the order Caryophyllales,i99482,Nyctaginaceae|family Nyctaginaceae|Allioniaceae|family Allioniaceae|four-o'clock family,Q156227
11856606-n,a caryophyllaceous genus of the family Nyctaginaceae having only one species,i99483,Nyctaginia|genus Nyctaginia,Q10338319
11857025-n,genus of western North American herbs having showy flowers,i99485,Abronia|genus Abronia,Q312349
11858735-n,small genus of chiefly American herbs,i99493,Allionia|genus Allionia,Q950253
11859766-n,four o'clocks,i99498,Mirabilis|genus Mirabilis,Q158323
11861530-n,genus of often thorny tropical trees and shrubs and some vines; mainly America,i99506,Pisonia|genus Pisonia,Q135334
11861837-n,coextensive with the family Cactaceae: cactuses,i99508,Opuntiales|order Opuntiales,Q14915568
11864178-n,slow-growing geophytic cacti; northern and eastern Mexico; southern Texas,i99515,Ariocarpus|genus Ariocarpus,Q131642
11864672-n,caryophylloid dicot genus with only one species: saguaro,i99517,Carnegiea|genus Carnegiea,Q8175886
11865120-n,genus of much-branched treelike or shrubby cacti with pronounced ribs and rounded needlelike spines and nocturnal flowers usually white,i99519,Cereus|genus Cereus,Q5317148
11867883-n,large genus of low-growing globular South American cacti with spiny ribs covered with many tubercles,i99534,Gymnocalycium|genus Gymnocalycium,Q131641
11868084-n,genus of slender often treelike spiny cacti with solitary showy nocturnal white or pink flowers; Florida and Caribbean to South America,i99535,Harrisia|genus Harrisia,Q133985
11868310-n,small genus of South American epiphytic or lithophytic cacti,i99536,Hatiora|genus Hatiora,Q133297
11868722-n,genus of climbing or epiphytic tropical American cacti with angular stems and mostly white very fragrant flowers,i99538,Hylocereus|genus Hylocereus,Q133960
11869079-n,tropical American cacti usually tall and branching with stout spines and funnel-shaped flowers and globular or ovoid often edible fruit,i99540,Lemaireocereus|genus Lemaireocereus,Q14931532
11869486-n,two species of small cacti of northeastern Mexico and southwestern United States having rounded stems covered with jointed tubercles: mescal,i99542,Lophophora|genus Lophophora,Q132102
11871217-n,low-growing cacti of the Great Plains of North America,i99551,Pediocactus|genus Pediocactus,Q133563
11871570-n,a genus of the cactus family with scarlet flowers,i99553,Nopalea|genus Nopalea,Q10859058
11872724-n,genus of tropical American shrubby trees and woody climbers having slender branches with broad flat leaves and large panicles of flowers,i99560,Pereskia|genus Pereskia|Peireskia|genus Peireskia,Q131724
11874113-n,mostly epiphytic climbing cacti that bloom at night,i99566,Selenicereus|genus Selenicereus,Q132870
11874701-n,small genus of Brazilian cacti having flat fleshy usually branched joints and showy red or pink flowers followed by red fleshy fruits,i99569,Zygocactus|genus Zygocactus,Q15710811
11876524-n,a genus with one species that is a rapidly growing climbing vine with tuberous roots; grown in hot climates,i99577,Agdestis|genus Agdestis,Q5390212
11876740-n,a genus of evergreen climbers,i99578,Ercilla|genus Ercilla,Q1348619
11877284-n,a genus of erect or climbing shrubs found in tropical South America,i99581,Trichostigma|genus Trichostigma,Q3004024
11881270-n,small genus of densely tufted annual herbs; north temperate regions and South America and tropical Africa and Asia,i99598,Montia|genus Montia,Q160046
11882558-n,small genus of usually perennial herbs having deep woody taproots and flower heads of umbels or cymes,i99604,Spraguea|genus Spraguea,Q10373941
11883067-n,genus of mainly American more-or-less succulent herbs,i99606,Talinum|genus Talinum,Q138395
11884833-n,"an order of dicotyledonous plants, containing the families Capparidaceae, Cruciferae, Moringaceae, Papaveraceae, Resedaceae, and Tovariaceae (Rhoeadales, Papaverales)",i99613,Rhoeadales|order Rhoeadales|Papaverales|order Papaverales,Q2206636
11885071-n,"a dilleniid dicot family of the order Rhoeadales that includes: genera Capparis, Cleome, Crateva, and Polanisia",i99614,Capparidaceae|family Capparidaceae|caper family,Q35146354
11887539-n,widely distributed herbs having palmate leaves and creamy white to or pink to magenta flowers with many stamens of unequal length,i99627,Polanisia|genus Polanisia,Q2277970
11891385-n,one species: rose of Jericho; resurrection plant,i99639,Anastatica|genus Anastatica,Q14559266
11891763-n,a genus of the mustard family having white or yellow or purplish flowers; closely related to genus Arabis,i99641,Arabidopsis|genus Arabidopsis,Q157892
11892385-n,"annual to perennial woody herbs of temperate North America, Europe and Asia: rockcress",i99644,Arabis|genus Arabis,Q157396
11893865-n,biennial or perennial herbs of north temperate regions: winter cress,i99652,Barbarea|genus Barbarea,Q157614
11895176-n,genus of Eurasian herbs and small shrubs: buckler mustard,i99658,Biscutella|genus Biscutella,Q599498
11900687-n,small genus of succulent annual herbs found on sandy shores of North America and Europe,i99686,Cakile|genus Cakile,Q158349
11901079-n,annual and biennial herbs of Mediterranean to central Asia,i99688,Camelina|genus Camelina|false flax,Q163520
11901532-n,shepherd's purse,i99690,Capsella|genus Capsella,Q157786
11902032-n,usually included in genus Cardamine; in some classifications considered a separate genus,i99693,Dentaria|genus Dentaria,Q9397832
11903606-n,Old World perennial plants grown for their showy flowers,i99701,Cheiranthus|genus Cheiranthus,Q11913648
11904667-n,annual or perennial herbs with large leaves that resemble the leaves of cabbages,i99706,Crambe|genus Crambe,Q162902
11905136-n,includes annual or biennial herbs of America and Europe very similar to and often included among those of genera Sisymbrium or Hugueninia; not recognized in some classification systems,i99708,Descurainia|genus Descurainia,Q162770
11905617-n,wall rocket,i99710,Diplotaxis|genus Diplotaxis,Q158032
11906849-n,annual to perennial herbs of the Mediterranean region,i99716,Eruca|genus Eruca,Q162865
11907257-n,large genus of annual or perennial herbs some grown for their flowers and some for their attractive evergreen leaves; Old World and North America,i99718,Erysimum|genus Erysimum,Q165206
11909090-n,biennial or perennial erect herbs having nocturnally fragrant flowers,i99726,Hesperis|genus Hesperis,Q3303714
11909547-n,one species: tansy-leaved rocket,i99728,Hugueninia|genus Hugueninia,Q3767758
11910316-n,Old World genus of annual to perennial herbs: woad,i99732,Isatis|genus Isatis,Q157382
11910798-n,cosmopolitan genus of annual and biennial and perennial herbs: cress,i99735,Lepidium|genus Lepidium,Q146217
11911192-n,genus of low-growing hairy herbs: bladderpods,i99737,Lesquerella|genus Lesquerella,Q2713145
11911519-n,sweet alyssum,i99739,Lobularia|genus Lobularia,Q2593152
11912307-n,genus of plants usually found in coastal habitats; Mediterranean to Afghanistan,i99743,Malcolmia|genus Malcolmia,Q2914608
11913920-n,small genus of western North American herbs similar to Lesquerella: bladderpods,i99751,Physaria|genus Physaria,Q945619
11916449-n,small genus of South American herbs grown for its flowers,i99764,genus Schizopetalon,Q7431603
11916834-n,small genus of Old World herbs usually included in genus Brassica,i99766,Sinapis|genus Sinapis,Q150072
11917373-n,genus of Old World annual or biennial or perennial herbs with racemose flowers; many are considered to be weeds,i99769,genus Sisymbrium,Q158183
11917811-n,prince's plume,i99771,Stanleya|genus Stanleya,Q2708462
11918229-n,malheur wire lettuce,i99773,Stephanomeria|genus Stephanomeria,Q5392954
11919901-n,closely related to and often included in genus Arabis,i99782,Turritis|genus Turritis,Q5734076
11920064-n,small genus of chiefly Mediterranean herbs: bladderpods,i99783,Vesicaria|genus Vesicaria,Q15985041
11923994-n,one species: greater celandine,i99801,Chelidonium|genus Chelidonium,Q12723971
11925705-n,showy herbs of western North America,i99810,Eschscholtzia|genus Eschscholtzia,Q18603090
11926053-n,herbs of Europe and North Africa and Asia: horned poppy,i99812,Glaucium|genus Glaucium,Q158826
11926458-n,one species: golden cup,i99814,Hunnemannia|genus Hunnemania,Q16325285
11927736-n,one species: creamcups,i99821,Platystemon|genus Platystemon,Q1029455
11928900-n,one species: wind poppy,i99827,Stylomecon|genus Stylomecon,Q18335946
11929517-n,"erect or climbing herbs of the Northern Hemisphere and southern Africa: bleeding heart, Dutchman's breeches, fumitory, squirrel corn",i99831,Fumariaceae|family Fumariaceae|fumitory family,Q156610
11932060-n,"plants with heads composed of many florets: aster, daisy, dandelion, goldenrod, marigold, lettuces, ragweed, sunflower, thistle, zinnia",i99842,Compositae|family Compositae|Asteraceae|family Asteraceae|aster family,Q25400
11937655-n,genus of herbs and shrubs of Australia and South Africa: everlasting flower; most species usually placed in genus Helipterum,i99850,Acroclinium|genus Acroclinium,Q87140572
11939701-n,in some classifications considered a separate family comprising a subgroup of the Compositae including the ragweeds,i99860,Ambrosiaceae|family Ambrosiaceae,Q65707888
11941336-n,a Spanish pellitory,i99868,Anacyclus|genus Anacyclus,Q828427
11942418-n,small woolly perennial herbs having small whitish discoid flowers surrounded by a ring of club-shaped bristles,i99874,Antennaria|genus Antennaria,Q602788
11943485-n,dog fennel,i99881,Anthemis|genus Anthemis,Q847930
11944296-n,small genus of North American herbs often included in genus Eriophyllum,i99885,Antheropeas|genus Antheropeas,Q2714312
11945609-n,herbs and subshrubs: African daisy,i99891,Arctotis|genus Arctotis,Q2290011
11946189-n,"comprises plants often included in the genus Chrysanthemum, endemic to Macaronesia (Argyranthemum)",i99894,Argyranthemum|genus Argyranthemum,Q133909
11948085-n,lamb succory,i99903,Arnoseris|genus Arnoseris,Q15985096
11948370-n,"usually aromatic shrubs or herbs of north temperate regions and South Africa and western South America: wormwood, sagebrush, mugwort, tarragon",i99905,genus Artemisia,Q156421
11952225-n,large genus of herbs widely cultivated for their daisylike flowers,i99923,genus Aster,Q517130
11958434-n,shrubs of western hemisphere often having honey-scented flowers followed by silky thistlelike heads of tiny fruits; often used for erosion control,i99967,Baccharis|genus Baccharis,Q133834
11961730-n,genus of tall leafy perennial herbs of eastern America and eastern Asia having flowers that resemble asters,i99985,Boltonia|genus Boltonia,Q4940265
11962188-n,mostly Australian herbs having basal or alternate leaves and loosely corymbose flower heads,i99987,Brachycome|genus Brachycome,Q87176002
11962613-n,genus of herbs of southwestern America having usually creamy florets followed by one-seeded fruits in a prominent bristly sheath,i99989,Brickellia|genus Brickelia,Q4965994
11963344-n,genus of tall smooth herbs of forested mountains of Europe and Asia minor; in some classifications includes many plants usually placed in genus Emilia,i99993,Cacalia|genus Cacalia,Q1445138
11964293-n,one species: erect Asiatic herb with large flowers,i99998,Callistephus|genus Callistephus,Q12358274
11969686-n,small genus of plants sometimes included in genus Anthemis: chamomile,i100026,Chamaemelum|genus Chamaemelum,Q1427205
11971854-n,golden aster,i100036,Chrysopsis|genus Chrysopsis,Q5580003
11976239-n,mistflower,i100059,Conoclinium|genus Conoclinium,Q5162107
11976677-n,common American weed or wildflower,i100061,Conyza|genus Conyza,Q828737
11978381-n,genus of tropical American plants cultivated for their colorful flowers,i100069,genus Cosmos,Q476937
11978785-n,cosmopolitan herbs especially Southern Hemisphere; many used as ground covers,i100071,Cotula|genus Cotula,Q1807600
11979211-n,herbs of Australia and New Zealand,i100073,Craspedia|genus Craspedia,Q5182455
11979573-n,hawk's-beard; cosmopolitan in Northern Hemisphere,i100075,Crepis|genus Crepis,Q727610
11979958-n,artichoke; cardoon,i100077,Cynara|genus Cynara,Q19070
11981009-n,one species: German ivy,i100082,Delairea|genus Delairea,Q16029211
11981412-n,"comprises plants often included in the genus Chrysanthemum, including the economically important florist's chrysanthemums (Dendranthema)",i100084,Dendranthema|genus Dendranthema,Q4157859
11981735-n,South African herbs or subshrubs with usually yellow flowers,i100086,Dimorphotheca|genus Dimorphotheca,Q2698290
11982577-n,small genus of North American coarse perennial herbs,i100090,Echinacea|genus Echinacea,Q1642983
11982969-n,genus of Mediterranean and Eurasian herbs: globe thistles,i100092,Echinops|genus Echinops,Q650106
11983322-n,perennial American herb,i100094,Elephantopus|genus Elephantopus,Q5359423
11983627-n,tropical African herbs,i100096,Emilia|genus Emilia,Q5371629
11985523-n,coarse herbs with whitish discoid flower heads and silky pappus,i100105,genus Erechtites,Q3232518
11985847-n,cosmopolitan genus of usually perennial herbs with flowers that resemble asters; leaves occasionally (especially formerly) used medicinally,i100107,Erigeron|genus Erigeron,Q745253
11988573-n,large genus of chiefly tropical herbs having heads of white or purplish flowers,i100120,Eupatorium|genus Eupatorium,Q1123970
11989879-n,genus of tropical African herbs or subshrubs with usually blue flowers,i100126,Felicia|genus Felicia,Q338143
11990446-n,genus of small woolly herbs,i100129,genus Filago,Q1415764
11992610-n,small genus of hairy herbs with yellow flowers,i100141,Gerea|genus Gerea,Q2711348
11993628-n,large genus of coarse gummy herbs of western North and Central America,i100146,Grindelia|genus Grindelia,Q2702875
11996322-n,genus of North and South American perennial herbs or shrubs with yellow flowers; in some classifications include species placed in other genera especially Hazardia,i100159,Haplopappus|genus Haplopappus,Q2392615
11997184-n,small genus of shrubs and subshrubs of western United States having flowers that change color as they mature,i100163,Hazardia|genus Hazardia,Q5687694
12000557-n,large genus of mostly African and Australian herbs and shrubs: everlasting flowers; in some classifications includes genus Ozothamnus,i100180,Helichrysum|genus Helichrysum,Q28195
12001336-n,genus of South African and Australian herbs or shrubs grown as everlastings; the various Helipterum species are currently in process of being assigned to other genera especially genera Pteropogon and Hyalosperma,i100184,Helipterum|genus Helipterum,Q5221176
12001783-n,genus of yellow-flowered North American herbs,i100186,Heterotheca|genus Heterotheca,Q970748
12003193-n,small genus of low perennial herbs of montane Europe; in some classifications included in genus Tussilago,i100192,Homogyne|genus Homogyne,Q2605211
12003629-n,small genus of erect balsam-scented herbs; Pacific coast of the northwestern United States,i100194,Hulsea|genus Hulsea,Q2464876
12004208-n,genus of herbs of temperate Australia including some from genus Helipterum,i100197,Hyalosperma|genus Hyalosperma,Q9005567
12008191-n,small genus of herbs of Australia and South America having small solitary white or purple flowers similar to true daisies of genus Bellis,i100217,Lagenophera|genus Lagenophera,Q5220402
12008425-n,small genus of herbs of Pacific coast of North and South America,i100218,Lasthenia|genus Lasthenia,Q614059
12009243-n,hawkbit,i100222,Leontodon|genus Leontodon,Q27909
12011273-n,New Zealand edelweiss,i100232,Leucogenes|genus Leucogenes,Q10317683
12011549-n,genus of perennial North American herbs with aromatic usually cormous roots,i100234,Liatris|genus Liatris,Q1580155
12012462-n,genus of Old World herbs resembling groundsel: leopard plants,i100238,Ligularia|genus Ligularia,Q1156814
12012809-n,one species: Texas star,i100240,Lindheimera|genus Lindheimera,Q3132945
12013143-n,one species: yellow ageratum,i100242,Lonas|genus Lonas,Q254419
12013476-n,wildflowers of western North America,i100244,Machaeranthera|genus Machaeranthera,Q547333
12015296-n,"chiefly Old World strong-smelling weedy herbs; comprises plants sometimes included in other genera: e.g. Tanacetum, Tripleurospermum",i100253,Matricaria|genus Matricaria,Q27618
12017261-n,genus of North American and east Asian perennial herbs; sometimes included in genus Prenanthes,i100262,Nabalus|genus Nabalus,Q5487724
12019117-n,a genus of Eurasian herbs of the family Compositae with prickly foliage and large purplish flowers,i100270,Onopordum|genus Onopordum|Onopordon|genus Onopordon,Q28104
12019924-n,genus of Australian shrubs and perennial herbs; sometimes included in genus Helichrysum,i100274,Ozothamnus|genus Ozothamnus,Q2713153
12020427-n,genus of American of east Asian perennial herbs with yellow to orange or red flower rays; sometimes included in genus Senecio,i100276,Packera|genus Packera,Q3004070
12021078-n,small genus of North American herbs and shrubs with terminal panicles of small ray flowers,i100279,Parthenium|genus Parthenium,Q3236767
12022034-n,cineraria,i100283,Pericallis|genus Pericallis,Q2709984
12024779-n,small genus of tropical American perennial herbs or subshrubs with white to pale yellow flowers; often included in genus Stevia,i100296,Piqueria|genus Piqueria,Q5230471
12025617-n,genus of Australian and South African herbs including some from genus Helipterum,i100300,genus Pteropogon,Q87178995
12025969-n,genus of temperate Old World herbs: fleabane,i100302,Pulicaria|genus Pulicaria,Q671075
12026338-n,used in former classifications for plants later placed in genus Chrysanthemum and now often included in genus Tanacetum,i100304,Pyrethrum|genus Pyrethrum,Q16269373
12026550-n,genus of low-growing mat-forming New Zealand plants; in some classifications includes species placed in genus Haastia,i100305,Raoulia|genus Raoulia,Q310366
12030085-n,small genus of tropical American annual herbs: creeping zinnia,i100321,Sanvitalia|genus Sanvitalia,Q1638845
12030927-n,small genus of thistlelike herbs of the Mediterranean region,i100325,Scolymus|genus Scolymus,Q2530127
12031536-n,enormous and diverse cosmopolitan genus of trees and shrubs and vines and herbs including many weeds,i100328,Senecio|genus Senecio,Q209596
12034280-n,woody plants grown chiefly for their silver or grey and often aromatic foliage; formerly included in the genus Artemisia,i100341,Seriphidium|genus Seriphidium,Q7454921
12035545-n,tall North American perennial herbs,i100347,Silphium|genus Silphium,Q729352
12035853-n,small genus of east African herbs,i100349,Silybum|genus Silybum,Q1521997
12039659-n,genus of western North American low evergreen shrubs growing in dense tufts,i100372,Stenotus|genus Stenotus,Q2711319
12040517-n,one species: stokes' aster,i100376,Stokesia|genus Stokesia,Q16269591
12040857-n,marigolds,i100378,genus Tagetes|Tagetes,Q147552
12045488-n,genus of hairy yellow-flowered plants of the western United States,i100397,Tetraneuris|genus Tetraneuris,Q5234663
12046318-n,genus of robust herbs of Mexico and Central America: Mexican sunflower,i100400,genus Tithonia,Q136941
12046775-n,genus of western American low tufted herbs: Easter daisy,i100402,Townsendia|genus Townsendia,Q2708411
12048333-n,genus of herbs of southern United States,i100409,Trilisa|genus Trilisa,Q7842001
12049795-n,genus of low creeping yellow-flowered perennial herbs of north temperate regions: coltsfoots; in some classifications includes species often placed in other genera especially Homogyne and Petasites,i100415,Tussilago|genus Tussilago,Q2297615
12050948-n,used in some classification systems for plants now included in genus Verbesina,i100420,Actinomeris|genus Actinomeris,Q87140608
12052684-n,coarse leafy perennial plants resembling sunflowers found especially in the western United States,i100428,genus Wyethia,Q5221410
12055297-n,family of bristly hairy sometimes climbing plants; America and Africa and southern Arabia,i100440,Loasaceae|family Loasaceae|loasa family,Q599518
12057002-n,family of plants of the order Campanulales; in some classifications includes Lobeliaceae,i100449,Campanulaceae|family Campanulaceae|bellflower family,Q155802
12059993-n,order of plants with irregular flowers having minute seeds: Orchidaceae; Burmanniaceae,i100464,Orchidales|order Orchidales,Q1771937
12065040-n,genus of tropical Old World epiphytic orchids with showy flowers sometimes grotesque,i100474,genus Angrecum|Angraecum|genus Angraecum,Q21139
12065473-n,genus of delicate Asiatic orchids,i100476,Anoectochilus|genus Anoectochilus,Q20846
12065821-n,"a monocotyledonous genus of the family Orchidaceae, containing the single species Aplectrum hyemale (Aplectrum)",i100478,Aplectrum|genus Aplectrum,Q20815
12066164-n,genus of bog orchids of North America and Japan,i100480,genus Arethusa,Q133789
12067089-n,small genus of chiefly east Asiatic hardy terrestrial orchids similar to genus Bletia,i100485,Bletilla|genus Bletilla,Q133743
12069881-n,one species found throughout much of northern North America and Eurasia,i100500,genus Calypso,Q13398625
12070265-n,genus of tropical American orchids having showy male and female flowers usually on separate inflorescences,i100502,Catasetum|genus Catasetum,Q133751
12071754-n,terrestrial orchids of North and South America having slender fibrous roots; allied to genus Pogonia,i100509,Cleistes|genus Cleistes,Q134020
12072522-n,terrestrial orchids of cooler parts of North America and Europe: satyr orchid,i100512,Coeloglossum|genus Coeloglossum,Q161295
12073607-n,genus of leafless root-parasitic orchids having small purplish or yellowish racemose flowers with lobed lips; widely distributed in temperate regions,i100517,Corallorhiza|genus Corallorhiza,Q163537
12079980-n,genus of showy tropical African terrestrial orchids,i100544,genus Disa,Q599025
12080352-n,comprises tropical American species usually placed in genus Masdevallia: diminutive plants having bizarre and often sinister-looking flowers with pendulous scapes and motile lips,i100546,Dracula|genus Dracula,Q133719
12080881-n,a monocotyledonous genus of the family Orchidaceae,i100548,Eburophyton|genus Eburophyton,Q87201444
12081317-n,large genus of epiphytic and lithophytic orchids of tropical and subtropical Americas and West Indies; formerly included in genus Epidendrum,i100550,Encyclia|genus Encyclia,Q133786
12082350-n,large and variable genus of terrestrial or epiphytic or lithophytic orchids of tropical and subtropical Americas; some native to United States,i100554,Epidendrum|genus Epidendrum,Q133728
12083567-n,"small genus of Australian orchids, mostly purple (Glossodia)",i100560,Glossodia|genus Glossodia,Q2670108
12084388-n,small genus of large epiphytic or terrestrial orchids of southeastern Asia to Polynesia; the giants of the Orchidaceae having long narrow leaves and drooping flower clusters often 6 feet long,i100564,Grammatophyllum|genus Grammatophyllum,Q2372901
12084684-n,small genus of terrestrial orchids of North America and temperate Eurasia,i100565,Gymnadenia|genus Gymnadenia,Q162057
12085315-n,genus of North American terrestrial orchids usually included in genus Habenaria,i100568,Gymnadeniopsis|genus Gymnadeniopsis,Q3906361
12089325-n,"a monocotyledonous genus of the family Orchidaceae, comprising ten known species of fully myco-heterotrophic orchids (Hexalectris)",i100586,Hexalectris|genus Hexalectris,Q3291967
12095179-n,a hardy genus of terrestrial orchids of Europe and northern Africa and western Asia,i100613,Ophrys|genus Ophrys,Q157544
12096882-n,genus of ornamental epiphytic orchids of Asia and Australia,i100622,Phalaenopsis|genus Phalaenopsis,Q133897
12097563-n,genus of mostly epiphytic orchids of Indonesia and the western Pacific,i100625,Pholidota|genus Pholidota,Q1300407
12098006-n,genus of tropical American orchid species often included in genus Cypripedium or Paphiopedilum and Selenipedium: lady slippers,i100627,Phragmipedium|genus Phragmipedium,Q132709
12098233-n,herbaceous terrestrial orchids of temperate northern and Southern Hemispheres,i100628,Platanthera|genus Platanthera,Q161849
12099455-n,small genus of dwarf orchids; India to Thailand and Taiwan,i100634,Pleione|genus Pleione,Q1989603
12100700-n,epiphytic orchids of Central and South America formerly included in genus Oncidium,i100640,Psychopsis|genus Psychopsis,Q2673653
12101523-n,genus of terrestrial orchids of Australia and New Zealand and western Pacific,i100644,Pterostylis|genus Pterostylis,Q134246
12101989-n,genus of epiphytic orchids of tropical Asia,i100646,Rhyncostylis|genus Rhyncostylis,Q1300371
12102858-n,comprises some tropical American species usually placed in genus Masdevallia: diminutive plants with small flowers carried on one scape,i100650,Scaphosepalum|genus Scaphosepalum,Q3308291
12103265-n,genus of tall reedlike tropical American orchids; includes species with pods used locally as a substitute for vanilla,i100652,Selenipedium|genus Selenipedium,Q138016
12103840-n,large cosmopolitan genus of white-flowered terrestrial orchids,i100655,Spiranthes|genus Spiranthes,Q163541
12105986-n,small genus of small epiphytic or terrestrial orchids of tropical South America,i100665,Trichoceros|genus Trichoceros,Q7840728
12107925-n,type genus of the Burmanniaceae; slender herbs of warm regions with leaves resembling scales and flowers with a three-angled or three-winged perianth,i100675,Burmannia|genus Burmannia,Q141307
12108167-n,the family of yams (Dioscoreaceae),i100676,Dioscoreaceae|family Dioscoreaceae|yam family,Q161220
12110835-n,a dicotyledonous family of the order Primulales with a regular flower; widely distributed in the Northern Hemisphere,i100690,Primulaceae|family Primulaceae|primrose family,Q157115
12114286-n,sea milkwort,i100708,Glaux|genus Glaux,Q14565146
12117315-n,family of Old World tropical trees and shrubs; some in Florida,i100727,Myrsinaceae|family Myrsinaceae|myrsine family,Q161260
12117530-n,evergreen trees and shrubs having aromatic foliage; native to Africa; Asia (New Zealand),i100728,Myrsine|genus Myrsine,Q159796
12118263-n,coextensive with the family Plumbaginaceae; usually included in order Primulales,i100732,Plumbaginales|order Plumbaginales,Q2059792
12118444-n,perennial herbs and shrubs and lianas; cosmopolitan especially in saltwater areas,i100733,Plumbaginaceae|family Plumbaginaceae|leadwort family|sea-lavender family,Q156141
12119182-n,shrubby or herbaceous low-growing evergreen perennials,i100737,Armeria|genus Armeria,Q158399
12119737-n,sea lavender,i100740,Limonium|genus Limonium,Q157375
12120073-n,family of mainly tropical American trees and shrubs similar to those of the Myrsinaceae; often included in the Myrsinaceae,i100742,Theophrastaceae|family Theophrastaceae,Q132048
12120320-n,sometimes placed in family Myrsinaceae,i100743,Jacquinia|genus Jacquinia,Q309936
12120899-n,"grasses, sedges, rushes",i100746,Graminales|order Graminales,Q28502
12121055-n,"the grasses: chiefly herbaceous but some woody plants including cereals, bamboo, reeds, sugar cane",i100747,Gramineae|family Gramineae|Graminaceae|family Graminaceae|Poaceae|family Poaceae|grass family,Q43238
12125131-n,goat grass,i100758,Aegilops|genus Aegilops,Q1764888
12125460-n,perennial grasses of temperate and cool regions: wheatgrass; dog grass,i100760,Agropyron|genus Agropyron,Q162731
12127057-n,annual or perennial grasses cosmopolitan in Northern Hemisphere: bent grass (so named from ‘bent’ meaning an area of unfenced grassland),i100768,Agrostis|genus Agrostis,Q161137
12129706-n,any of several coarse tall perennial grasses of most warm areas: reeds,i100781,Arundo|genus Arundo,Q165263
12130236-n,oats,i100784,Avena|genus Avena,Q146760
12133005-n,buffalo grass,i100801,Buchloe|genus Buchloe,Q15102508
12133988-n,a genus of grasses of the family Gramineae that have burs,i100807,Cenchrus|genus Cenchrus,Q430325
12134743-n,tufted or perennial or annual grasses having runners: finger grass; windmill grass,i100811,Chloris|genus Chloris,Q2147082
12135498-n,tall ornamental grasses of South America and New Zealand and New Guinea: pampas grass,i100815,Cortaderia|genus Cortaderia,Q941632
12136080-n,creeping perennial grasses of tropical and southern Africa,i100818,Cynodon|genus Cynodon,Q959222
12136784-n,a monocotyledonous grass of the family Gramineae (has only one species),i100821,Dactylis|genus Dactylis,Q1047931
12137398-n,crab grass; finger grass,i100825,Digitaria|genus Digitaria,Q163915
12138024-n,annual or perennial succulent grasses of warm regions,i100829,Echinochloa|genus Echinochloa,Q163965
12139429-n,tall tufted perennial grasses (such as lyme grass or wild rye),i100835,Elymus|genus Elymus,Q1072892
12140464-n,annual or perennial grasses of tropics and subtropics,i100842,Eragrostis|genus Eragrostis,Q161088
12141329-n,genus of reedlike grasses having spikes crowded in a panicle covered with long silky hairs,i100846,Erianthus|genus Erianthus,Q2731014
12142641-n,manna grass,i100853,Glyceria|genus Glyceria,Q157515
12144875-n,genus that in some classifications overlaps the genus Elymus,i100866,Leymus|genus Leymus,Q1542804
12146299-n,rice,i100874,Oryza|genus Oryza,Q690633
12147428-n,panic grass,i100881,Panicum|genus Panicum,Q934037
12150042-n,a genus of grasses with broad leaves and a dense spike of flowers,i100895,Phalaris|genus Phalaris,Q157573
12153849-n,overlaps the genus Andropogon,i100913,Schizachyrium|genus Schizachyrium,Q2708217
12157461-n,annual or perennial tropical and subtropical cereal grasses: sorghum,i100931,genus Sorghum|Sorghum,Q12111
12159884-n,"grass of freshwater swamps and salt marshes of Europe, Africa, America, and South Atlantic islands",i100944,Spartina|genus Spartina,Q159038
12160654-n,cosmopolitan annual and perennial grasses (as dropseed or rush grass),i100948,Sporobolus|genus Sporobolus,Q2603825
12162407-n,annual cereal grasses from Mediterranean area; widely cultivated in temperate regions,i100957,Triticum|genus Triticum,Q12106
12164089-n,corn,i100966,Zea|genus Zea,Q542456
12166319-n,wild rice,i100978,Zizania|genus Zizania,Q831681
12168596-n,North American bamboo,i100990,Arundinaria|genus Arundinaria,Q2700649
12169127-n,giant clump-forming bamboos,i100993,Dendrocalamus|genus Dendrocalamus,Q2718894
12170964-n,type genus of Cyperaceae; grasslike rhizomatous herbs; cosmopolitan except very cold regions,i101001,Cyperus|genus Cyperus,Q161224
12172331-n,large genus of plants found in damp woodlands and bogs and ditches or at water margins: sedges,i101007,Carex|genus Carex,Q158501
12173386-n,rhizomatous perennial grasslike herbs,i101013,Scirpus|genus Scirpus,Q159220
12173910-n,sedges having dense spikes of flowers and leaves reduced to basal sheaths,i101016,Eleocharis|genus Eleocharis,Q161871
12176825-n,coextensive with the genus Sparganium,i101032,Sparganiaceae|family Sparganiaceae|bur-reed family,Q157075
12177001-n,type and sole genus of Sparganiaceae; marsh or aquatic herbs of temperate regions,i101033,Sparganium|genus Sparganium,Q1196275
12177793-n,a family of herbaceous vines (such as cucumber or melon or squash or pumpkin),i101038,Cucurbitaceae|family Cucurbitaceae|gourd family,Q8314
12178665-n,type genus of the Cucurbitaceae,i101042,Cucurbita|genus Cucurbita,Q5339301
12184166-n,a dicot genus of the family Cucurbitaceae including watermelons,i101066,Citrullus|genus Citrullus,Q132239
12184732-n,cucumbers; muskmelons,i101069,Cucumis|genus Cucumis,Q148758
12188266-n,a family of sappy plants that grow in Australasia and southeast China,i101087,Goodeniaceae|family Goodeniaceae|Goodenia family,Q547938
12188643-n,not recognized in all classification systems; in some classifications lobeliaceous plants are included in family Campanulaceae,i101089,Lobeliaceae|family Lobeliaceae|lobelia family,Q10726796
12190293-n,"herbs and shrubs and some trees: mallows, cotton, okra",i101097,Malvaceae|family Malvaceae|mallow family,Q156551
12193232-n,herbs or shrubs or small trees: flowering maple; Indian mallow,i101107,Abutilon|genus Abutilon,Q132638
12193924-n,genus of erect herbs of the Middle East having showy flowers: hollyhocks; in some classification systems synonymous with genus Althaea,i101110,Alcea|genus Alcea,Q1148371
12195259-n,small genus of North American herbs having usually red or purple flowers,i101116,Callirhoe|genus Callirhoe,Q3626558
12196314-n,herbs and shrubs and small trees: cotton,i101121,Gossypium|genus Gossypium,Q719312
12198109-n,large genus of tropical and subtropical herbs and shrubs and trees often grown as ornamentals for their profusion of large flowers in a variety of colors,i101130,genus Hibiscus,Q157124
12201664-n,small genus of perennial herbs or subshrubs; some often placed in other genera,i101145,Iliamna|genus Iliamna,Q956342
12202368-n,small genus of herbs of southeastern United States and tropical America and Africa,i101148,Kosteletzya|genus Kosteletzya,Q3773987
12202931-n,widespread genus of herbs or softwood arborescent shrubs cultivated for their showy flowers,i101151,Lavatera|genus Lavatera,Q1415570
12204854-n,one species: glade mallow,i101161,Napaea|genus Napaea,Q3335868
12205595-n,small genus of shrubs and trees of Australia and New Zealand,i101165,Plagianthus|genus Plagianthus,Q9060360
12206633-n,large genus of tropical subshrubs or herbs some of which yield fibers of mucilaginous substances,i101170,Sida|genus Sida,Q311463
12207547-n,genus of showy plants of western North America having palmate leaves and variously colored racemose flowers,i101174,Sidalcea|genus Sidalcea,Q5219981
12208637-n,a small genus of tropical trees including the portia tree,i101179,Thespesia|genus Thespesia,Q1149349
12209502-n,tropical trees with large dry or fleshy fruit containing usually woolly seeds,i101183,Bombacaceae|family Bombacaceae,Q2006755
12209810-n,trees of chiefly South America,i101184,Bombax|genus Bombax,Q719028
12210137-n,baobab; cream-of-tartar tree,i101186,Adansonia|genus Adansonia,Q157991
12210758-n,tropical American trees with palmately compound leaves and showy bell-shaped flowers,i101189,Ceiba|genus Ceiba,Q284019
12211229-n,a genus of tall Asian trees of the family Bombacaceae,i101191,Durio|genus Durio,Q2309085
12211592-n,one species: medium-sized evergreen tree of Puerto Rico or Mexico,i101193,genus Montezuma,Q6022764
12212482-n,tropical American deciduous shrubs or small trees,i101198,Pseudobombax|genus Pseudobombax,Q5221618
12212890-n,genus of trees and shrubs widely distributed in warm regions some yielding useful timber; in some classifications included in the family Santalaceae,i101200,Elaeocarpaceae|family Elaeocarpaceae|elaeocarpus family,Q131280
12213239-n,type genus of the family Elaeocarpaceae,i101201,Elaeocarpus|genus Elaeocarpus,Q29128
12213975-n,small genus of shrubs or small trees of Australia and New Zealand and western South America,i101205,Aristotelia|genus Aristotelia,Q2372406
12214481-n,one species: Jamaican cherry; sometimes placed in family Flacourtiaceae,i101207,Muntingia|genus Muntingia,Q10333250
12215293-n,a large family of plants of order Malvales,i101211,Sterculiaceae|family Sterculiaceae|sterculia family,Q1071125
12218657-n,small genus of Asian trees or shrubs,i101227,Firmiana|genus Firmiana,Q427914
12219547-n,genus of shrubs and small trees of tropical America and Asia having cylindrical fruits spirally twisted around one another,i101231,Helicteres|genus Helicteres,Q3312735
12220081-n,"small genus of timber trees of eastern Asia, Australasia and tropical Africa that form large buttresses",i101234,Heritiera|genus Heritiera|Terrietia|genus Terrietia,Q148716
12220832-n,genus of African herbs and subshrubs having honey-scented bell-shaped flowers,i101238,Hermannia|genus Hermannia,Q368955
12221264-n,genus of tropical Asian trees and shrubs,i101240,Pterospermum|genus Pterospermum,Q2702537
12221683-n,small genus of east Asian and Australian timber trees,i101242,Tarrietia|genus Tarrietia,Q15814211
12221973-n,cacao plants,i101244,Theobroma|genus Theobroma,Q162078
12223229-n,"deciduous trees with smooth usually silver-grey bark of North America and Europe and Asia: lime trees, lindens, basswood",i101250,Tilia|genus Tilia,Q127849
12224922-n,a genus of evergreen shrub that grows in New Zealand,i101258,Entelea|genus Entelea,Q15813022
12225442-n,a genus of tropical and subtropical Old World climbers or shrubs or trees,i101261,Grewia|genus Grewia,Q80212
12225825-n,small genus of tropical African shrubs,i101263,Sparmannia|genus Sparmannia,Q87302332
12233714-n,plants having umbels or corymbs of uniovulate flowers; includes the Umbelliferae (chiefly herbs) and Cornaceae (chiefly trees or shrubs),i101269,Umbellales|order Umbellales,Q14856870
12234152-n,large family of Australian and South African shrubs and trees with leathery leaves and clustered mostly tetramerous flowers; constitutes the order Proteales,i101271,Proteaceae|family Proteaceae|protea family,Q157228
12234762-n,a living fossil or so-called ‘green dinosaur’; genus or subfamily of primitive nut-bearing trees thought to have died out 50 million years ago; a single specimen found in 1994 on Mount Bartle Frere in eastern Australia; not yet officially named,i101272,Bartle Frere|genus Bartle-Frere|green dinosaur,Q2711732
12236545-n,Australian shrubs (some trees) with flowers in dense spikes: smoke bush,i101280,Conospermum|genus Conospermum,Q2705208
12236899-n,small genus of South American evergreen shrubs or small trees with long willowy branches and flowers in flamboyant terminal clusters,i101282,Embothrium|genus Embothrium,Q3355974
12237353-n,one species: Chilean nut,i101284,Guevina|genus Guevina,Q3104697
12237728-n,large genus of Australian shrubs and trees having usually showy orange or red flowers,i101286,genus Grevillea,Q1545761
12239138-n,Australian shrubs and small trees with evergreen usually spiny leaves and dense clusters of showy flowers,i101293,Hakea|genus Hakea,Q141826
12240012-n,small genus of trees or shrubs of New Zealand and New Caledonia,i101297,Knightia|genus Knightia,Q9017763
12240392-n,small genus of Australian shrubs,i101299,Lambertia|genus Lambertia,Q2712665
12240764-n,large genus of evergreen trees and shrubs having silvery white leaves and solitary terminal flowers with conspicuous silvery bracts,i101301,Leucadendron|genus Leucadendron,Q159466
12242851-n,geebungs (Persoonia),i101312,Persoonia|genus Persoonia,Q138331
12244826-n,order of chiefly Australian trees and shrubs comprising the casuarinas; 1 family: Casuarinaceae,i101322,Casuarinales|order Casuarinales,Q2261590
12245039-n,one genus: genus Casuarina,i101323,Casuarinaceae|family Casuarinaceae,Q474620
12246526-n,"Ericaceae, Clethraceae, Diapensiaceae, Epacridaceae, Lennoaceae, Pyrolaceae, Monotropaceae",i101330,Ericales|order Ericales,Q21737
12246839-n,heathers,i101331,Ericaceae|family Ericaceae|heath family,Q975872
12247737-n,large genus of low much-branched woody evergreens ranging from prostrate subshrubs to trees: true heaths,i101333,genus Erica,Q206998
12249799-n,low-growing shrubs of northern regions of Northern Hemisphere,i101344,genus Andromeda,Q2846938
12253200-n,a genus containing only one species: spike heath,i101360,Bruckenthalia|genus Bruckenthalia,Q19888183
12253927-n,a genus containing the species Calluna vulgaris (Calluna),i101364,Calluna|genus Calluna,Q6983007
12254276-n,low tufted evergreen shrubs of colder parts of north temperate regions having moss-like foliage and nodding white or pink flowers,i101366,Cassiope|genus Cassiope,Q574564
12254693-n,one species: leatherleaf,i101368,Chamaedaphne|genus Chamaedaphne,Q3502448
12255030-n,a dicotyledonous genus of the family Ericaceae,i101370,Daboecia|genus Daboecia,Q24156
12255780-n,widely distributed genus of creeping or upright evergreen shrubs,i101374,Gaultheria|genus Gaultheria,Q1626776
12258823-n,evergreen shrubs of north temperate regions,i101388,Ledum|genus Ledum,Q2001352
12259617-n,one species: sand myrtle,i101392,Leiophyllum|genus Leiophyllum,Q3502252
12260852-n,one species: alpine azalea,i101398,Loiseleuria|genus Loiseleuria,Q6980968
12261232-n,evergreen or deciduous shrubs or small trees of United States to Antilles and eastern Asia to the Himalaya,i101400,Lyonia|genus Lyonia,Q2664959
12262216-n,deciduous shrubs of North America and eastern Asia,i101404,Menziesia|genus Menziesia,Q32269
12262804-n,sourwood,i101407,Oxydendrum|genus Oxydendrum,Q15940594
12263185-n,small genus of evergreen Arctic and alpine shrubs,i101409,Phyllodoce|genus Phyllodoce,Q2417381
12263809-n,decorative evergreen shrubs of woody vines,i101412,Pieris|genus Pieris,Q132967
12270338-n,coextensive with the genus Clethra,i101442,Clethraceae|family Clethraceae|white-alder family,Q157454
12271391-n,type genus of Diapensiaceae,i101447,genus Diapensia,Q7179462
12271654-n,evergreen herbs of southeastern United States,i101449,genus Galax,Q14565066
12272094-n,one species: pyxie; the eastern United States,i101451,Pyxidanthera|genus Pyxidanthera,Q9064979
12273137-n,Australasian shrubs or small trees,i101456,Epacridaceae|family Epacridaceae|epacris family,Q2333338
12274531-n,evergreen shrubs of Australia and Tasmania,i101463,Astroloma|genus Astroloma,Q218908
12274995-n,evergreen trees or shrubs of mountains of Australia and Tasmania,i101465,Richea|genus Richea,Q2593020
12275603-n,Australian heathlike shrubs,i101468,Styphelia|genus Styphelia,Q73917
12275969-n,family of fleshy parasitic herbs lacking green foliage and having heads of small flowers; California and Mexico,i101470,Lennoaceae|family Lennoaceae,Q14302093
12276176-n,"evergreen herbs of temperate regions: genera Pyrola, Chimaphila, Moneses, Orthilia",i101471,Pyrolaceae|family Pyrolaceae|wintergreen family,Q49733
12276451-n,short-stemmed perennial herbs of cool or temperate regions: wintergreen; shinleaf,i101472,genus Pyrola,Q157528
12277657-n,a shrubby perennial rhizomatous evergreen herb; grows in damp coniferous woodlands in northern temperate regions,i101478,Orthilia|genus Orthilia,Q1552593
12278437-n,one species: one-flowered wintergreen; sometimes included in genus Pyrola,i101482,Moneses|genus Moneses,Q159496
12278897-n,used in some classification for saprophytic herbs sometimes included in the family Pyrolaceae: genera Monotropa and Sarcodes,i101484,Monotropaceae|family Monotropaceae,Q1411022
12279639-n,"term used in some classifications for the pinesaps, which are usually included in the genus Monotropa",i101487,Hypopitys|genus Hypopitys,Q15940528
12280132-n,snow plant; in some classifications placed in family Pyrolaceae,i101489,Sarcodes|genus Sarcodes,Q15940650
12280538-n,an order of dicotyledonous trees of the subclass Hamamelidae,i101491,Fagales|order Fagales,Q21881
12280725-n,"chiefly monoecious trees and shrubs: beeches, chestnuts, oaks; genera Castanea, Castanopsis, Chrysolepis, Fagus, Lithocarpus, Nothofagus, Quercus",i101492,Fagaceae|family Fagaceae|beech family,Q145977
12281110-n,beeches,i101493,Fagus|genus Fagus,Q25403
12285138-n,two species: golden chinkapins,i101512,Chrysolepis|genus Chrysolepis,Q137054
12286417-n,beeches of temperate Southern Hemisphere except Africa: southern beech,i101519,Nothofagus|genus Nothofagus,Q218274
12288613-n,oaks,i101532,Quercus|genus Quercus,Q12004
12301403-n,a genus of trees of the family Betulaceae (such as birches),i101587,Betula|genus Betula,Q25243
12304498-n,alders,i101600,Alnus|genus Alnus,Q25239
12306889-n,"used in some classification systems for the genera Carpinus, Ostryopsis, and Ostryopsis",i101612,Carpinaceae|subfamily Carpinaceae|family Carpinaceae,Q85332884
12307098-n,mostly deciduous monoecious trees or shrubs: hornbeams; sometimes placed in subfamily Carpinaceae,i101613,Carpinus|genus Carpinus,Q158513
12308705-n,deciduous monoecious shrubs of China and Mongolia resembling trees of the genus Ostrya; sometimes placed in subfamily or family Carpinaceae,i101621,Ostryopsis|genus Ostryopsis,Q311254
12308939-n,used in some classification systems for the genus Corylus,i101622,Corylaceae|subfamily Corylaceae|family Corylaceae,Q2008610
12310261-n,"an order of dicotyledonous plants having gamopetalous flowers, Gentianaceae, Apocynaceae, Asclepiadaceae, Loganiaceae, Oleaceae,  Salvadoraceae",i101629,Gentianales|order Gentianales,Q21754
12310633-n,chiefly herbaceous plants with showy flowers; some are cultivated as ornamentals,i101630,Gentianaceae|family Gentianaceae|gentian family,Q157216
12312802-n,genus of tropical Asiatic and African plants: especially Persian violets,i101641,Exacum|genus Exacum,Q3314768
12313172-n,genus of North American herbs: columbo; includes some species sometimes placed in genus Swertia,i101643,Frasera|genus Frasera,Q8962722
12318195-n,genus of herbs of Eurasia and the Americas: spurred gentians,i101666,Halenia|genus Halenia,Q2984595
12318520-n,genus of smooth slender North American herbs with showy flowers,i101668,genus Sabbatia|genus Sabatia,Q6801770
12319300-n,genus of herbs of mountains of North America and Eurasia and Africa,i101672,Swertia|genus Swertia,Q163970
12319682-n,a family of Old World shrubs and trees of order Gentianales; related to Oleaceae but having four stamens and four petals,i101674,Salvadoraceae|family Salvadoraceae|Salvadora family,Q1068569
12319942-n,genus of evergreen trees or shrubs; fruit is a drupe; grows in Africa through Arabia to India and China,i101675,Salvadora|genus Salvadora,Q2616418
12320505-n,"trees and shrubs having berries or drupes or capsules as fruits; sometimes placed in the order Oleales: olive, ash, jasmine, privet, lilac",i101677,Oleaceae|family Oleaceae|olive family,Q155966
12320958-n,coextensive with the family Oleaceae; in some classifications included in the order Gentianales,i101678,Oleales|order Oleales,Q11798074
12321142-n,evergreen trees and shrubs having oily one-seeded fruits,i101679,Olea|genus Olea,Q296910
12322434-n,deciduous trees or shrubs: fringe tree,i101686,Chionanthus|genus Chionanthus,Q615000
12323866-n,ash,i101694,Fraxinus|genus Fraxinus,Q128887
12329920-n,widely distributed genus of evergreen shrubs or trees of southern United States and Middle East and China and Japan,i101727,Osmanthus|genus Osmanthus,Q618810
12330367-n,small genus of evergreen shrubs of the Mediterranean region,i101729,Phillyrea|genus Phillyrea,Q1512683
12332793-n,type genus of family Haemodoraceae,i101742,Haemodorum|genus Haemodorum,Q9001832
12332922-n,genus of monocotyledonous plants with curious woolly flowers on sturdy stems above a fan of sword-shaped leaves; includes kangaroo's paw and Australian sword lily; sometimes placed in family Amaryllidaceae,i101743,Anigozanthus|genus Anigozanthus,Q1795386
12334663-n,genus of fossil plants having leaves similar to those of the witch hazel,i101749,Hamamelites|genus Hamamelites,Q2696900
12334832-n,"comprises genera Hamamelis, Corylopsis, Fothergilla, Liquidambar, Parrotia, and other small genera",i101750,Hamamelidaceae|family Hamamelidaceae|witch-hazel family,Q148479
12335169-n,deciduous shrubs or small trees: witch hazel,i101751,Hamamelis|genus Hamamelis,Q148463
12336817-n,sweet gum,i101759,genus Liquidambar|Liquidambar,Q183543
12338128-n,one species: deciduous tree of the Himalaya Mountains,i101767,Parrotiopsis|genus Parrotiopsis,Q7139851
12338280-n,coextensive with the family Juglandaceae,i101768,Juglandales|order Juglandales,Q2697385
12338681-n,type genus of the Juglandaceae,i101770,Juglans|genus Juglans,Q2453469
12342876-n,wing nuts (Pterocarya),i101789,Pterocarya|genus Pterocarya,Q1420126
12343404-n,"Myrtaceae, Combretaceae, Elaeagnaceae, Haloragidaceae, Melastomaceae, Lecythidaceae, Lythraceae, Rhizophoraceae, Onagraceae, Lecythidaceae, Punicaceae",i101792,Myrtales|order Myrtales|Thymelaeales|order Thymelaeales,Q9371647
12343928-n,a family of tropical trees and shrubs of the order Myrtales,i101793,Combretaceae|family Combretaceae|combretum family,Q44002
12345273-n,monotypic genus of tropical American trees: button tree,i101800,Conocarpus|genus Conocarpus,Q260261
12345610-n,a genus of Laguncularia,i101802,Laguncularia|genus Laguncularia,Q2705317
12346014-n,shrubs or small trees often armed,i101804,Elaeagnaceae|family Elaeagnaceae|oleaster family,Q156326
12347726-n,large tropical trees bearing large fruits with woody skins,i101813,Lecythidaceae|family Lecythidaceae,Q161929
12347924-n,anchovy pear tree,i101814,Grias|genus Grias,Q5608540
12348235-n,brazil nut,i101816,Bertholletia|genus Bertholletia,Q2899339
12348543-n,herbs and shrubs and small trees with pink or purple flowers,i101818,Lythraceae|family Lythraceae|loosestrife family,Q156022
12349537-n,"shrubs or small trees of tropical Asia and Africa usually with showy white, pink, or purplish flowers",i101823,Lagerstroemia|genus Lagerstroemia,Q775229
12350853-n,type genus of the Myrtaceae,i101829,Myrtus|genus Myrtus,Q165152
12351932-n,tropical trees and shrubs with aromatic leaves and often valuable hard wood,i101836,Eugenia|genus Eugenia,Q975998
12352939-n,small South American shrubs or trees,i101841,genus Feijoa,Q83638494
12353235-n,used in some classifications for rose apples (Eugenia jambos),i101843,Jambos|genus Jambos,Q87289773
12360489-n,a family of dicotyledonous trees of order Myrtales that includes the sour gum trees,i101883,Nyssaceae|family Nyssaceae|sour-gum family|tupelo family,Q204564
12361929-n,enchanter's nightshade,i101890,Circaea|genus Circaea,Q158100
12366012-n,trees and shrubs that usually form dense jungles along tropical seacoasts,i101911,Rhizophoraceae|family Rhizophoraceae|mangrove family,Q740873
12366226-n,type genus of the Rhizophoraceae; a small genus of tropical trees and shrubs,i101912,Rhizophora|genus Rhizophora,Q131521
12366696-n,family of trees and shrubs and herbs having tough bark that are found especially in Australia and tropical Africa,i101914,Thymelaeaceae|family Thymelaeaceae|daphne family,Q156109
12368007-n,deciduous shrub of North America: leatherwood,i101921,Dirca|genus Dirca,Q3487223
12369291-n,a family of trees and bushes and herbs of order Myrtales; many are cultivated as ornamentals,i101928,Melastomataceae|family Melastomataceae|Melastomaceae|family Melastomaceae|meadow-beauty family,Q648380
12369608-n,type genus of Melastomataceae; Asiatic shrubs with leathery leaves and large purple flowers followed by edible fleshy black berries,i101929,Melastoma|genus Melastoma,Q2464325
12370008-n,tropical Old World ornamental evergreen shrubs having fleshy leaves and large panicles of white pink flowers,i101931,Medinilla|genus Medinilla,Q1100242
12370433-n,deer grass,i101933,Rhexia|genus Rhexia,Q7320496
12370751-n,tropical plants,i101935,Musales|order Musales,Q99438741
12370950-n,coextensive with the genus Canna,i101936,Cannaceae|family Cannaceae,Q160012
12372492-n,treelike tropical Asian herbs,i101945,Musaceae|family Musaceae|banana family,Q156525
12372667-n,type genus of the Musaceae: bananas,i101946,Musa|genus Musa,Q8666090
12374585-n,woody plants with erect stems of tropical South America and South Africa and Madagascar; in some classifications included in the family Musaceae,i101955,Strelitziaceae|family Strelitziaceae|strelitzia family,Q147867
12375366-n,woody tropical plants with tall trunks; sometimes placed in family Musaceae,i101958,genus Ravenala,Q932196
12376111-n,tropical Asiatic and Polynesian perennial plants: ginger,i101961,Zingiber|genus Zingiber,Q163563
12376772-n,tropical Asiatic perennial herbs,i101964,Curcuma|genus Curcuma,Q33551
12377185-n,perennial rhizomatous herbs of Asia and Australia and Polynesia having ginger-scented rhizomes,i101966,Alpinia|genus Alpinia|genus Zerumbet|genus Languas,Q150572
12378319-n,an African genus of plants of the family Zingiberaceae,i101971,Aframomum|genus Aframomum,Q2607361
12378690-n,cardamom,i101973,Elettaria|genus Elettaria,Q312218
12379543-n,a large order of dicotyledonous plants of subclass Dilleniidae,i101976,Parietales|order Parietales|Hypericales|order Hypericales,Q99394804
12380095-n,used in some classifications; coextensive with Parietales,i101977,Guttiferales|order Guttiferales,Q2279424
12380251-n,monoecious succulent herbs or shrubs of tropical and warm regions especially America,i101978,Begoniaceae|family Begoniaceae|begonia family,Q161189
12383361-n,chiefly tropical shrubs and trees and climbers having leathery leaves or flattened leaflike stems: genera Dillenia and Hibbertia,i101993,Dilleniaceae|family Dilleniaceae,Q756019
12384097-n,"evergreen heathlike or scandent shrubs of Madagascar, Australasia, Polynesia",i101996,Hibbertia|genus Hibbertia,Q2709465
12387639-n,used in some classification systems for plants usually included among the Guttiferae,i102014,Hypericaceae|family Hypericaceae,Q158185
12387823-n,large almost cosmopolitan genus of evergreen or deciduous shrubs and herbs with often showy yellow flowers; cosmopolitan except tropical lowlands and Arctic or high altitudes and desert regions,i102015,Hypericum|genus Hypericum,Q156935
12390901-n,genus of tropical Asiatic trees having large solitary flowers,i102029,Mesua|genus Mesua,Q3237856
12392428-n,one genus: aromatic tropical trees of eastern Africa and Florida to West Indies,i102036,Canellaceae|family Canellaceae|canella family,Q131304
12393878-n,small genus of tropical South American trees,i102043,Caryocaraceae|family Caryocaraceae,Q131345
12396899-n,small evergreen subshrubs of North America,i102057,Hudsonia|genus Hudsonia,Q3137293
12397467-n,chiefly tropical Asian trees with two-winged fruits; yield valuable woods and aromatic oils and resins,i102060,Dipterocarpaceae|family Dipterocarpaceae,Q580593
12397845-n,genus of Indonesian and Malaysian timber trees rich in resin,i102062,Shorea|genus Shorea,Q132419
12398326-n,chiefly tropical trees and shrubs,i102065,Flacourtiaceae|family Flacourtiaceae|flacourtia family,Q778168
12398597-n,often spiny trees or shrubs of tropical Asia and Africa,i102066,Flacourtia|genus Flacourtia,Q610295
12399063-n,"small genus of sometimes spiny shrubs or small trees; Africa, India, Sri Lanka",i102068,Dovyalis|genus Dovyalis,Q611140
12399795-n,medium to large Indonesian and Malaysian trees,i102071,Hydnocarpus|genus Hydnocarpus|Taraktagenos|genus Taraktagenos|Taraktogenos|genus Taraktogenos,Q2234756
12400714-n,a genus containing the species Idesia polycarpa (Idesia),i102075,genus Idesia,Q1284309
12401114-n,small genus of South African shrubs or small trees,i102077,Kiggelaria|genus Kiggelaria,Q9017548
12401838-n,small family of spiny shrubs or trees of southwestern United States,i102081,Fouquieriaceae|family Fouquieriaceae,Q1209796
12403001-n,family of tropical evergreen trees and shrubs with thick shining parallel-veined leaves,i102086,Ochnaceae|family Ochnaceae|ochna family,Q133319
12403216-n,type genus of Ochnaceae; evergreen trees and shrubs of Old World tropics,i102087,Ochna|genus Ochna,Q573859
12403590-n,tropical woody tendril-climbing vines,i102089,Passifloraceae|family Passifloraceae|passionflower family,Q157164
12406556-n,family of desert shrubs and trees (mostly halophytes and xerophytes),i102105,Tamaricaceae|family Tamaricaceae|tamarisk family,Q161244
12407718-n,"a family of order Parietales including the genera Viola, Hybanthus, Hymenanthera, Melicytus",i102111,Violaceae|family Violaceae|violet family,Q156060
12411431-n,a genus of herbs and small shrubs with white or purple flowers; grows in tropical or subtropical regions,i102130,Hybanthus|genus Hybanthus,Q3309645
12411628-n,a genus of slender evergreen shrubs; grow in Australia and New Zealand,i102131,Hymenanthera|genus Hymenanthera,Q3015095
12412262-n,a family of plants of order Urticales including many nettles with stinging hairs,i102134,Urticaceae|family Urticaceae|nettle family,Q156332
12413460-n,false nettle,i102139,Boehmeria|genus Boehmeria,Q2130176
12414044-n,one species; a dwarf creeping mat-forming evergreen herb,i102142,Helxine|genus Helxine|Soleirolia|genus Soleirolia,Q2706200
12414459-n,mostly tropical stinging herbs or trees: nettle,i102144,Laportea|genus Laportea,Q139118
12415378-n,low-growing tropical perennials grown for their stingless foliage,i102149,Pilea|genus Pilea,Q7222652
12416234-n,an Australian genus of woody plants of the family Urticaceae,i102153,Pipturus|genus Pipturus,Q374148
12416772-n,"two genera of erect or twining herbs that are pollinated by the wind, including the genera Cannabis and Humulus; term not used in all classifications; in some the genus Cannabis is placed in the family Moraceae and the genus Humulus in the family Urticaceae",i102156,Cannabidaceae|family Cannabidaceae|hemp family,Q156338
12419495-n,type genus of the Moraceae: mulberries,i102167,Morus|genus Morus,Q44789
12424367-n,paper mulberry,i102189,Broussonetia|genus Broussonetia,Q600114
12424819-n,in some classifications included in family Moraceae,i102191,Cecropiaceae|family Cecropiaceae,Q2801817
12425448-n,"a dicot family of the order Urticales including: genera Ulmus, Celtis, Planera, Trema",i102194,Ulmaceae|family Ulmaceae|elm family,Q156311
12425714-n,type genus of family Ulmaceae; deciduous trees having simple serrate leaves; widely distributed in temperate regions,i102195,Ulmus|genus Ulmus,Q131113
12430710-n,an evergreen tree of the family Ulmaceae that grows in tropical America and Africa and Asia,i102219,Trema|genus Trema,Q945999
12431220-n,an order of monocotyledonous plants including Amaryllidaceae and Liliaceae and Iridaceae,i102221,Liliales|order Liliales,Q53478
12431589-n,large family of usually perennial geophytic herbs with rhizomes or corms or bulbs,i102222,Iridaceae|family Iridaceae|iris family,Q155941
12436416-n,"a monocotyledonous genus of the family Iridaceae, commonly known as the blackberry lily, the leopard flower or the leopard lily (Belamcanda)",i102247,Belamcanda|genus Belamcanda,Q19286980
12438191-n,"a monocotyledonous genus of the family Iridaceae, comprising a number of cormous plants native to South Africa (Ixia)",i102256,Ixia|genus Ixia,Q134748
12438570-n,chiefly North American grasslike herbs,i102258,Sisyrinchium|genus Sisyrinchium,Q2357709
12438861-n,deciduous perennial herbs of South Africa,i102260,Sparaxis|genus Sparaxis,Q124864
12439185-n,"snowdrop, narcissus, daffodil; in some classification systems considered a subfamily of the Liliaceae",i102262,Amaryllidaceae|family Amaryllidaceae|amaryllis family,Q155848
12439722-n,type genus of the Amaryllidaceae; bulbous flowering plants of southern Africa,i102264,genus Amaryllis,Q161577
12440097-n,large genus of tropical American vines having showy often spotted umbellate flowers; sometimes placed in family Liliaceae especially subfamily Alstroemeriaceae,i102266,Bomarea|genus Bomarea,Q891753
12442904-n,a monocotyledonous genus of the amaryllis family,i102280,Strekelia|genus Strekelia,Q159042
12443256-n,in some classification systems included in the Amaryllidaceae,i102282,Hypoxidaceae|family Hypoxidaceae,Q131282
12443436-n,small plants that resemble amaryllis and that grow from a corm and bear flowers on a leafless stalk; sometimes classified as member of the family Amaryllidaceae: star grass,i102283,Hypoxis|genus Hypoxis,Q4308690
12444070-n,"includes species sometimes divided among the following families: Alliaceae, Aloeaceae, Alstroemeriaceae, Aphyllanthaceae, Asparagaceae, Asphodelaceae, Colchicaceae, Convallariaceae, Hemerocallidaceae, Hostaceae, Hyacinthaceae, Melanthiaceae, Ruscaceae, Smilacaceae, Tecophilaeacea, Xanthorrhoeaceae",i102286,Liliaceae|family Liliaceae|lily family,Q53480
12446605-n,type genus of Liliaceae,i102288,Lilium|genus Lilium,Q5194627
12451383-n,one of many families or subfamilies into which some classification systems subdivide the Liliaceae but not widely accepted; includes especially genus Allium,i102312,Alliaceae|family Alliaceae,Q14554991
12456765-n,one of many families or subfamilies into which some classification systems subdivide the Liliaceae but not widely accepted,i102340,Aloeaceae|family Aloeaceae|aloe family,Q1806950
12458551-n,one of many families or subfamilies into which some classification systems subdivide the Liliaceae but not widely accepted; sometimes included in subfamily Amaryllidaceae,i102349,Alstroemeriaceae|family Alstroemeriaceae,Q660752
12459482-n,one species: fly poison; sometimes placed in family Melanthiaceae,i102353,Amianthum|genus Amianthum,Q16868575
12459905-n,genus of Old World (mainly African) perennial herbs; sometimes placed in family Asphodelaceae,i102355,Anthericum|genus Anthericum,Q158937
12460633-n,one of many families or subfamilies into which some classification systems subdivide the Liliaceae but not widely accepted; includes genus Aphyllanthes,i102358,Aphyllanthaceae|family Aphyllanthaceae,Q13835212
12460890-n,one species; small fibrous-rooted perennial with rushlike foliage and deep blue flowers; sometimes placed in its own family Aphyllanthaceae,i102359,Aphyllanthes|genus Aphyllanthes,Q2858279
12461128-n,one of many families or subfamilies into which some classification systems subdivide the Liliaceae: includes genera Asparagus and sometimes Ruscus,i102360,Asparagaceae|family Asparagaceae,Q157167
12461374-n,large genus of Old World perennial herbs with erect or spreading or climbing stems and small scalelike leaves and inconspicuous flowers; sometimes placed in family Asparagaceae,i102361,genus Asparagus,Q2853420
12462275-n,"one of many subfamilies into which some classification systems subdivide the Liliaceae, it is a subfamily of the monocot family Xanthorrhoeaceae in the order Asparagales (Asphodelaceae)",i102365,Asphodelaceae|family Asphodelaceae,Q14554941
12463370-n,small genus of tall striking annuals or perennials with grasslike foliage and flowers in dense racemes or panicles; Mediterranean to Himalayas; sometimes placed in family Asphodelaceae,i102370,Asphodelus|genus Asphodelus,Q382873
12463649-n,genus of eastern Asiatic herbs; sometimes placed in the family Convallariaceae,i102371,genus Aspidistra,Q1429377
12464052-n,small genus of cormous perennials of Mexico; sometimes placed in family Alliaceae,i102373,Bessera|genus Bessera,Q2710558
12464434-n,small genus of tuberous Australian perennial herbs,i102375,Blandfordia|genus Blandfordia,Q137543
12464766-n,small genus of bulbous perennial herbs of southwestern United States and Mexico; sometimes placed in family Alliaceae,i102377,Bloomeria|genus Bloomeria,Q2711355
12465171-n,small genus of tropical African perennial bulbous herbs with deciduous twining stems; sometimes placed in family Hyacinthaceae,i102379,Bowiea|genus Bowiea,Q4951022
12474526-n,Eurasian perennial bulbous herbs,i102420,Tulipa|genus Tulipa,Q93201
12475606-n,one of many subfamilies into which some classification systems subdivide the Liliaceae but not widely accepted: genera Colchicum and Gloriosa,i102427,Colchicaceae|family Colchicaceae,Q186181
12476292-n,sometimes placed in family Colchicaceae; one species: glory lily,i102430,genus Gloriosa,Q1454851
12476783-n,one of many subfamilies into which some classification systems subdivide the Liliaceae but not widely accepted; includes genus Hemerocallis,i102432,Hemerocallidaceae|family Hemerocallidaceae,Q10375920
12477755-n,one of many families or subfamilies into which some classification systems subdivide the Liliaceae but not widely accepted; includes genus Hosta,i102436,Hostaceae|family Hostaceae|Funkaceae|family Funkaceae,Q2668294
12478024-n,robust east Asian clump-forming perennial herbs having racemose flowers: plantain lilies; sometimes placed in family Hostaceae,i102437,Hosta|genus Hosta|Funka|genus Funka,Q623347
12478507-n,one of many families or subfamilies in which some classification systems subdivide the Liliaceae but not widely accepted,i102439,Hyacinthaceae|family Hyacinthaceae,Q13833438
12479553-n,small genus of perennial bulbs of western Europe and North Africa; sometimes placed in family Hyacinthaceae,i102445,Hyacinthoides|genus Hyacinthoides,Q159311
12481054-n,"sometimes placed in family Hyacinthaceae, common name grape hyacinth (Muscari)",i102452,Muscari|genus Muscari,Q161151
12482906-n,Mediterranean liliaceous plants; sometimes placed in family Hyacinthaceae,i102462,Urginea|genus Urginea,Q10388250
12483827-n,"one of many subfamilies into which some classification systems subdivide the Liliaceae but not widely accepted: includes Aletris, Narthecium, Veratrum",i102467,Melanthiaceae|family Melanthiaceae,Q157234
12485408-n,"a monocot subfamily of the family Asparagaceae, including beargrasses",i102475,Ruscaceae|family Ruscaceae,Q2721029
12485612-n,"a family of flowering plants, placed in the order Asparagales of the monocots, including the Chilean blue crocus",i102476,Tecophilaeacea|family Tecophilaeacea,Q331169
12485826-n,small genus of North American herbs having grasslike basal leaves: squaw grass; sometimes placed in family Melanthiaceae,i102477,Xerophyllum|genus Xerophyllum,Q136216
12486539-n,grass trees; sometimes placed in family Xanthorrhoeaceae,i102480,Xanthorroea|genus Xanthorroea,Q767448
12486955-n,genus of mostly North American poisonous plants; sometimes placed in family Melanthiaceae,i102482,Zigadenus|genus Zigadenus,Q2707469
12490441-n,sometimes placed in Smilacaceae,i102498,Smilax|genus Smilax,Q165315
12491655-n,one of many subfamilies into which some classification systems subdivide the Liliaceae but not widely accepted,i102503,Convallariaceae|family Convallariaceae,Q1023651
12493516-n,sometimes placed in family Convallariaceae: lilyturf,i102511,Liriope|genus Liriope,Q1065926
12494511-n,sometimes placed in subfamily Convallariaceae,i102516,Polygonatum|genus Polygonatum,Q161152
12495333-n,genus of perennial rhizomatous herb of southern and southeastern United States,i102520,Uvularia|genus Uvularia,Q2623950
12495955-n,small family of tropical herbs,i102523,Taccaceae|family Taccaceae,Q2630221
12496098-n,genus of tropical plants with creeping rootstocks and small umbellate flowers,i102524,Tacca|genus Tacca,Q311670
12496541-n,chiefly tropical and xerophytic plants: includes Dracenaceae (Dracaenaceae); comprises plants that in some classifications are divided between the Amaryllidaceae and the Liliaceae,i102526,Agavaceae|family Agavaceae|agave family|sisal family,Q218221
12498788-n,Asiatic and Pacific trees or shrubs; fragments of the trunk will regrow to form whole plants,i102535,Cordyline|genus Cordyline,Q1543189
12499808-n,Old World tropical plants with branches ending in tufts of sword-shaped leaves; in some classifications considered a genus of Liliaceae,i102539,genus Dracaena,Q158009
12500326-n,perennial plants resembling yucca; found in southern United States and Mexico,i102542,Nolina|genus Nolina,Q139062
12500738-n,genus of perennial tuberous herbs having lily-like flowers; Mexico; sometimes placed in family Amaryllidaceae,i102544,Polianthes|genus Polianthes,Q2346876
12504918-n,a dicotyledonous family of marsh plants of order Gentianales,i102564,Menyanthaceae|family Menyanthaceae|buckbean family,Q161177
12505117-n,the type genus of the Menyanthaceae; one species: bogbeans,i102565,Menyanthes|genus Menyanthes,Q12179906
12505627-n,a dicotyledonous family of plants of order Gentianales,i102567,Loganiaceae|family Loganiaceae,Q500842
12505836-n,type genus of the Loganiaceae; Australian and New Zealand shrubs sometimes cultivated for their flowers,i102568,Logania|genus Logania,Q1757681
12506028-n,shrubs or trees of warm regions,i102569,genus Buddleia,Q87179161
12506316-n,evergreen twining shrubs of Americas and southeastern Asia,i102571,Gelsemium|genus Gelsemium,Q134232
12506759-n,a widely distributed family of plants,i102573,Linaceae|family Linaceae|flax family,Q155951
12506902-n,a herbaceous plant genus of the family Linaceae with small sessile leaves,i102574,Linum|genus Linum,Q161100
12507237-n,calabar beans (Physostigma),i102576,Physostigma|genus Physostigma,Q4348640
12507899-n,"spiny trees, shrubs, or perennial herbs, including the genera Caesalpinia, Cassia, Ceratonia, Bauhinia; commonly included in the family Leguminosae",i102580,Caesalpiniaceae|family Caesalpiniaceae,Q2677138
12508626-n,small spiny tropical trees or shrubs; includes the small genus or subgenus Poinciana,i102582,Caesalpinia|genus Caesalpinia,Q608215
12510835-n,small genus of trees of Indonesia and Malaysia,i102592,Acrocarpus|genus Acrocarpus,Q3279279
12511176-n,"mountain ebony, orchid tree",i102594,Bauhinia|genus Bauhinia,Q287313
12511705-n,small genus of tropical African timber trees having pale golden heartwood uniformly striped with dark brown or black:,i102597,Brachystegia|genus Brachystegia,Q135604
12514204-n,spiny shrubs or small trees sometimes placed in genus Parkinsonia: paloverde,i102608,Cercidium|genus Cercidium,Q16326803
12514620-n,genus of tropical herbs or subshrubs having sensitive leaves and suddenly dehiscing pods; some species placed in genus Cassia,i102610,Chamaecrista|genus Chamaecrista,Q2948035
12516014-n,deciduous trees: honey locusts,i102616,Gleditsia|genus Gleditsia,Q161250
12516712-n,small genus of deciduous trees of China and United States having paniculate flowers and thick pulpy pods,i102619,Gymnocladus|genus Gymnocladus,Q429179
12517997-n,small genus of spiny shrubs or small trees,i102624,Parkinsonia|genus Parkinsonia,Q1826576
12521540-n,widely cultivated tropical trees originally of Africa,i102638,Tamarindus|genus Tamarindus,Q14566708
12522042-n,leguminous plants whose flowers have butterfly-shaped corollas; commonly included in the family Leguminosae,i102640,Papilionaceae|family Papilionacea,Q2615411
12525537-n,very small genus of twining vines of North America and Asia: hog peanut,i102647,Amphicarpaea|genus Amphicarpaea|Amphicarpa|genus Amphicarpa,Q3310152
12526492-n,small genus of evergreen trees of tropical America and western Africa,i102651,Andira|genus Andira,Q2576870
12527119-n,genus of Mediterranean herbs and shrubs,i102654,Anthyllis|genus Anthyllis,Q751134
12527741-n,twining perennial North American plants,i102657,Apios|genus Apios,Q2537603
12530702-n,genus of East Indian trees or shrubs: dhak,i102673,Butea|genus Butea,Q3322044
12531074-n,erect densely branched shrubby perennials of Old World tropics; naturalized in other warm regions,i102675,Cajanus|genus Cajanus,Q3239959
12532208-n,large genus of Asiatic deciduous shrubs or small trees,i102680,genus Caragana,Q849443
12532965-n,a rosid dicot genus of the subfamily Papilionoideae having one species: Moreton Bay chestnut,i102684,Castanospermum|genus Castanospermum,Q10438724
12534829-n,small late-flowering trees or subshrubs having yellow to red flowers and leathery or woody pods; often especially formerly included in genus Cytisus,i102692,Chamaecytisus|genus Chamaecytisus,Q964986
12535307-n,2 species of small New Zealand trees: weeping tree broom; endangered,i102694,Chordospartium|genus Chordospartium,Q5104990
12535724-n,genus of Australian twining vines and small shrubs: flame peas,i102696,Chorizema|genus Chorizema,Q1306236
12537758-n,genus of tropical shrubs or vines having pinnate leaves and large axillary flowers,i102707,Clitoria|genus Clitoria,Q2472930
12538810-n,small genus of Eurasian shrubs with yellow flowers and bladdery pods,i102712,Colutea|genus Colutea,Q157674
12545023-n,indigo bush,i102741,Dalea|genus Dalea,Q2716243
12546480-n,genus of American herbs or shrubs with sensitive pinnate leaves and small whitish flowers,i102748,Desmanthus|genus Desmanthus,Q3466310
12547451-n,one species: Australian pea,i102753,Dipogon|genus Dipogon,Q5280036
12547896-n,genus of chiefly tropical vines often placed in genera Dipogon or Lablab or Macrotyloma,i102755,Dolichos|genus Dolichos,Q526727
12548074-n,genus of attractive tropical shrubs or trees with usually red flowers,i102756,genus Erythrina,Q1340386
12552513-n,genus of Asiatic erect or sprawling herbs: soya bean,i102776,Glycine|genus Glycine,Q311395
12553225-n,sticky perennial Eurasian herbs,i102779,Glycyrrhiza|genus Glycyrrhiza,Q157830
12554093-n,one species: salt tree,i102783,Halimodendron|genus Halimodendron,Q861520
12554958-n,genus of herbs of north temperate regions,i102787,Hedysarum|genus Hedysarum,Q148973
12555606-n,species of Old World herbs or subshrubs: horseshoe vetch,i102790,Hippocrepis|genus Hippocrepis,Q133632
12556325-n,genus of tropical herbs and shrubs having odd-pinnate leaves and spurred flowers in long racemes or spikes,i102794,Indigofera|genus Indigofera,Q310648
12556960-n,genus of yellow-flowered Australian unarmed or spiny shrubs without true leaves but having leaflike stems or branches,i102797,Jacksonia|genus Jacksonia,Q1308636
12557942-n,one species: hyacinth bean,i102802,Lablab|genus Lablab,Q16625423
12563154-n,genus of shrubs or herbs of tropical Asia and Australia and the eastern United States,i102825,genus Lespedeza,Q1017395
12565151-n,genus of chiefly tropical American shrubs and trees having pinnate leaves and red or white flowers,i102834,Lonchocarpus|genus Lonchocarpus,Q1756340
12565595-n,annual or perennial herbs or subshrubs,i102836,Lotus|genus Lotus,Q3645698
12571473-n,a genus of tropical American trees having pinnate leaves and white flowers,i102864,Myroxylon|genus Myroxylon,Q589643
12573819-n,genus of tropical shrubs and trees having usually odd-pinnate leaves with large leaflets and pink to reddish wood,i102874,Ormosia|genus Ormosia,Q2872596
12574747-n,large widely-distributed genus of evergreen shrubs or subshrubs having odd-pinnate leaves and racemose or spicate flowers each having a pea-like corolla with a clawed petal,i102878,Oxytropis|genus Oxytropis,Q1424322
12575574-n,small genus of tropical vines having tuberous roots,i102882,Pachyrhizus|genus Pachyrhizus,Q1361402
12579407-n,one species: chaparral pea,i102901,Pickeringia|genus Pickeringia,Q9059394
12579807-n,genus of shrubs or small trees having indehiscent pods with black seeds; roots and bark yield fish poisons,i102903,Piscidia|genus Piscidia,Q2037012
12582201-n,small genus of Australian evergreen leguminous shrubs or subshrubs,i102915,Platylobium|genus Platylobium,Q388267
12582925-n,genus of tropical American trees: quira,i102918,Platymiscium|genus Platymiscium,Q5222889
12584072-n,one species: Indian beech,i102924,Pongamia|genus Pongamia,Q2717831
12584418-n,species of tropical Asian and African climbing herbs,i102926,Psophocarpus|genus Psophocarpus,Q3310331
12587821-n,small genus of Mediterranean shrubs; often included in genus Genista,i102941,Retama|genus Retama,Q2699268
12590631-n,cosmopolitan genus of trees and shrubs having odd-pinnate leaves and showy flowers; some species placed in genus Podalyria,i102954,Sophora|genus Sophora,Q309213
12591699-n,one species: Spanish broom,i102958,Spartium|genus Spartium,Q14566707
12592526-n,genus of Australian shrubs or subshrubs: coral bush,i102962,Templetonia|genus Templetonia,Q1610712
12593583-n,genus of American and Asiatic showy rhizomatous herbs: bush peas,i102968,Thermopsis|genus Thermopsis,Q2465131
12594265-n,one species: South American tree: tipu tree,i102972,Tipuana|genus Tipuana,Q732394
12595594-n,widely distributed genus of annual or perennial and often climbing herbs,i102979,Vicia|genus Vicia,Q147337
12597505-n,genus of vines or erect herbs having trifoliate leaves and yellowish or purplish flowers; of warm or tropical regions; most species often placed in genus Phaseolus,i102989,Vigna|genus Vigna,Q132634
12599990-n,one species: Australian leafless shrubs: swamp oak,i102997,Viminaria|genus Viminaria,Q2083913
12600341-n,genus of South African trees having pinnate leaves and rose-purple flowers followed by leathery pods,i102999,Virgilia|genus Virgilia,Q7933846
12600952-n,Asiatic deciduous woody vine having large drooping racemes of white or bluish or purple or pinkish flowers and velvety pods; widely grown as an ornamental,i103002,genus Wisteria,Q261903
12601978-n,coextensive with the family Palmae: palms,i103008,Palmales|order Palmales,Q1096533
12604277-n,Central and South American feather palms,i103015,Acrocomia|genus Acrocomia,Q3642755
12604805-n,a monocotyledonous genus of palm trees,i103018,genus Areca,Q157289
12605320-n,a genus of tropical Asian and Malaysian palm trees,i103021,Arenga|genus Arenga,Q142023
12605731-n,unarmed feather palms of central and northern South America,i103023,Attalea|genus Attalea,Q141226
12608127-n,wax palms,i103036,Ceroxylon|genus Ceroxylon,Q137815
12608447-n,coconut palms,i103038,Cocos|genus Cocos,Q13099531
12608917-n,slow-growing tropical fan palms,i103041,Copernicia|genus Copernicia,Q135429
12609750-n,a monocotyledonous genus of tropical American palm trees,i103045,genus Corozo,Q87148432
12610878-n,oil palms,i103051,Elaeis|genus Elaeis,Q7609983
12611603-n,a monocotyledonous genus of graceful palm trees in tropical America,i103056,Euterpe|genus Euterpe,Q132712
12612284-n,a genus of Malayan pinnate-leaved palm trees that flower and fruit once and then die,i103060,Metroxylon|genus Metroxylon,Q312187
12612658-n,monotypic genus of palms of Australasia,i103062,Nipa|genus Nipa|Nypa|genus Nypa,Q16060743
12613112-n,palms of southern Mexico to northern South America: babassu palm,i103064,Orbignya|genus Orbignya,Q10341267
12617767-n,American dwarf fan palms,i103089,Sabal|genus Sabal,Q132826
12618094-n,one species: saw palmetto,i103091,Serenoa|genus Serenoa,Q16060807
12618401-n,small to medium-sized fan palms,i103093,Thrinax|genus Thrinax,Q142326
12619170-n,cosmopolitan family of small herbs and a few shrubs; most are troublesome weeds,i103097,Plantaginaceae|family Plantaginaceae|plantain family,Q1748235
12621178-n,coextensive with the family Polygonaceae,i103106,Polygonales|order Polygonales,Q923240
12621335-n,a family of plants of order Polygonales chiefly of the north temperate zone; includes the buckwheats,i103107,Polygonaceae|family Polygonaceae|buckwheat family,Q156117
12621649-n,diverse genus of herbs or woody subshrubs of north temperate regions,i103108,Polygonum|genus Polygonum,Q271400
12623611-n,rhubarb,i103117,Rheum|genus Rheum,Q7217716
12624545-n,docks: coarse herbs and shrubs mainly native to north temperate regions,i103122,Rumex|genus Rumex,Q157264
12626076-n,plants of tropical to temperate regions; usually in wet places,i103129,Xyridaceae|family Xyridaceae|yellow-eyed grass family,Q131613
12627558-n,spiderworts,i103138,Tradescantia|genus Tradescantia,Q157498
12627668-n,a family of tropical American plants of order Xyridales including several (as the pineapple) of economic importance,i103139,Bromeliaceae|family Bromeliaceae|pineapple family,Q156529
12627959-n,a genus of tropical American plants have sword-shaped leaves and a fleshy compound fruits composed of the fruits of several flowers (such as pineapples),i103140,Ananas|genus Ananas,Q147316
12629208-n,a monocotyledonous family of bog plants of order Xyridales,i103145,Mayacaceae|family Mayacaceae,Q13701399
12629381-n,small genus of delicate mossy bog plants having white or violet flowers,i103146,Mayaca|genus Mayaca,Q131609
12629539-n,South American herbs somewhat resembling members of the Juncaceae,i103147,Rapateaceae|family Rapateaceae,Q131516
12629702-n,chiefly tropical aquatic or bog herbs: pipeworts,i103148,Eriocaulaceae|family Eriocaulaceae|pipewort family,Q131321
12630399-n,aquatic or bog plants,i103151,Pontederiaceae|family Pontederiaceae|pickerelweed family,Q725748
12631694-n,an order of aquatic monocotyledonous herbaceous plants,i103158,Naiadales|order Naiadales|Alismales|order Alismales,Q1112837
12632004-n,monotypic family of aquatic plants having narrow leaves and small flowers,i103159,Naiadaceae|family Naiadaceae|Najadaceae|family Najadaceae|naiad family,Q2720121
12632576-n,perennial or annual aquatic or marsh plants,i103162,Alismataceae|family Alismataceae|water-plantain family,Q156025
12632781-n,small genus of aquatic or semiaquatic plants,i103163,Alisma|genus Alisma,Q157350
12633674-n,simple nearly stemless freshwater aquatic plants; widely distributed,i103169,Hydrocharitaceae|family Hydrocharitaceae|Hydrocharidaceae|family Hydrocharidaceae|frogbit family|frog's-bit family,Q156029
12634729-n,American frogbit,i103174,Limnobium|genus Limnobium,Q643368
12635723-n,small genus of dioecious tropical aquatic plants,i103180,Egeria|genus Egeria,Q164297
12636188-n,plants that grow in ponds and slow streams; sometimes includes family Zosteraceae,i103183,Potamogetonaceae|family Potamogetonaceae|pondweed family,Q156233
12637586-n,a monocotyledonous genus of the family Potamogetonaceae,i103189,Groenlandia|genus Groenlandia,Q163477
12637901-n,a family of monocotyledonous bog herbs of order Naiadales,i103191,Scheuchzeriaceae|family Scheuchzeriaceae|Juncaginaceae|family Juncaginaceae|arrow-grass family,Q862544
12638500-n,alternative classification for some genera included in Potamogetonaceae; one species,i103194,Zannichelliaceae|family Zannichelliaceae,Q2494235
12639097-n,used in some classifications: essentially equivalent to Potamogetonaceae,i103197,Zosteraceae|family Zosteraceae|eelgrass family,Q21037
12639703-n,in some classifications this category does not include Leguminosae,i103200,Rosales|order Rosales,Q21895
12640067-n,a large family of dicotyledonous plants of order Rosales; have alternate leaves and five-petaled flowers with numerous stamens,i103201,Rosaceae|family Rosaceae|rose family,Q46299
12643414-n,genus of herbs found chiefly in north temperate regions having pinnate leaves and yellow flowers followed by bristly fruit,i103217,genus Agrimonia,Q264427
12645010-n,flowering quince,i103225,Chaenomeles|genus Chaenomeles,Q157616
12645634-n,coco plums,i103229,Chrysobalanus|genus Chrysobalanus,Q2719919
12649633-n,quince,i103247,Cydonia|genus Cydonia,Q13418162
12649948-n,mountain avens,i103249,Dryas|genus Dryas,Q123279
12653636-n,one species: toyon; in some classifications included in genus Photinia,i103268,Heteromeles|genus Heteromeles,Q2655434
12656868-n,medlars,i103283,Mespilus|genus Mespilus,Q148723
12657191-n,genus of deciduous and evergreen east Asian trees and shrubs widely cultivated as ornamentals for their white flowers and red fruits; in some classifications includes genus Heteromeles,i103285,Photinia|genus Photinia,Q1070845
12658080-n,a genus of thorny herbs or shrubs of the family Rosaceae,i103289,Poterium|genus Poterium,Q7234870
12665225-n,used in former classifications for plum and peach and almond trees which are now usually classified as members of the genus Prunus,i103324,Amygdalaceae|family Amygdalaceae,Q2505501
12665474-n,used in former classifications for peach and almond trees which are now included in genus Prunus,i103325,Amygdalus|genus Amygdalus,Q14566635
12680491-n,an order of dicotyledonous plants of the subclass Asteridae; have opposite leaves and an inferior compound ovary,i103401,Rubiales|order Rubiales,Q2102991
12680770-n,widely distributed family of mostly tropical trees and shrubs and herbs; includes coffee and chinchona and gardenia and madder and bedstraws and partridgeberry,i103402,Rubiaceae|family Rubiaceae|madder family,Q156569
12682634-n,medium to large tropical American trees having shiny reddish-brown shredding bark,i103410,Calycophyllum|genus Calycophyllum,Q5024620
12682984-n,shrubs of tropical and subtropical New World,i103412,Chiococca|genus Chiococca,Q2963804
12689125-n,creeping evergreen herbs of North America,i103442,Mitchella|genus Mitchella,Q3236710
12689493-n,small genus of evergreen tropical shrubs or trees with smooth leathery leaves,i103444,Nauclea|genus Nauclea,Q2719941
12689918-n,small genus of shrubs or small trees of southeastern United States and northern South America,i103446,Pinckneya|genus Pinckneya,Q9059889
12690402-n,tropical chiefly South American shrubs and trees,i103448,Psychotria|genus Psychotria,Q904250
12691319-n,tropical African and Asiatic trees and shrubs having one-seeded fruit,i103453,Vangueria|genus Vangueria,Q2473658
12691918-n,shrubs and small trees and woody vines,i103456,Caprifoliaceae|family Caprifoliaceae|honeysuckle family,Q156301
12692290-n,chiefly east Asian shrubs,i103457,genus Abelia,Q158261
12692659-n,small genus of low deciduous shrubs: bush honeysuckles,i103459,Diervilla|genus Diervilla,Q2697991
12693604-n,small species of shrubs of western Himalayas to China,i103464,Leycesteria|genus Leycesteria,Q139038
12693939-n,one species: twinflower,i103466,Linnaea|genus Linnaea,Q5114721
12700473-n,genus of Asiatic and North American herbs: feverroot,i103497,Triostium|genus Triostium|Triosteum,Q3312339
12702815-n,chiefly southern European herbs with flowers usually in dense cymose heads,i103508,Dipsacaceae|family Dipsacaceae,Q156665
12705401-n,"an order of plants of subclass Rosidae including geraniums and many other plants; see Euphorbiaceae, Geraniaceae, Rutaceae, Malpighiaceae, Simaroubaceae, Meliaceae, Zygophyllaceae, Tropaeolaceae",i103521,Geraniales|order Geraniales,Q14272
12705975-n,chiefly herbaceous plants,i103522,Geraniaceae|family Geraniaceae|geranium family,Q155945
12709287-n,geraniums of Europe and South America and Australia especially mountainous regions,i103538,Erodium|genus Erodium,Q162920
12710402-n,a family of plants of order Geraniales; have drupaceous fruit,i103543,Erythroxylaceae|family Erythroxylaceae,Q157231
12710569-n,a large genus of South American shrubs and small trees of the family Erythroxylaceae,i103544,Erythroxylon|genus Erythroxylon|Erythroxylum|genus Erythroxylum,Q158138
12711149-n,resinous or aromatic chiefly tropical shrubs or trees,i103547,Burseraceae|family Burseraceae|torchwood family,Q161237
12713084-n,genus of East Indian and African trees yielding balsamic products,i103556,Commiphora|genus Commiphora,Q1648255
12713794-n,genus of chiefly tropical American trees having fragrant wood and yielding gum elemi,i103560,Protium|genus Protium,Q2261600
12714351-n,dicot aquatic herbs,i103564,Callitrichaceae|family Callitrichaceae,Q2703020
12714495-n,water starworts,i103565,Callitriche|genus Callitriche,Q156846
12714954-n,type genus of the Malpighiaceae,i103568,Malpighia|genus Malpighia,Q768283
12715468-n,tropical trees and shrubs including many important timber and ornamental trees,i103571,Meliaceae|family Meliaceae|mahogany family,Q158979
12716521-n,type genus of the Meliaceae: East Indian and Australian deciduous trees with leaves resembling those of the ash,i103574,Melia|genus Melia,Q2703639
12717782-n,tropical American trees,i103579,Cedrela|genus Cedrela,Q162792
12718121-n,deciduous trees of India and Sri Lanka,i103581,Chloroxylon|genus Chloroxylon,Q13055458
12718643-n,cedar mahogany trees,i103584,Entandrophragma|genus Entandrophragma,Q133937
12719665-n,African mahogany trees,i103590,Khaya|genus Khaya,Q134051
12719917-n,a dicotyledonous genus of the family Meliaceae,i103592,genus Lansium,Q11983219
12720538-n,tropical American mahogany trees,i103596,Swietinia|genus Swietinia,Q133418
12720979-n,formerly included in genus Cedrela,i103599,Toona|genus Toona,Q2697430
12721591-n,genus of trees and shrubs of tropical Africa and Asia and Australia,i103603,genus Turraea,Q2235097
12721938-n,family created in 1950 solely for the classification of a distinctive African tree repeatedly classified in other families; trees long believed to exist only in Africa,i103605,Lepidobotryaceae|family Lepidobotryaceae,Q132073
12722661-n,new (1993) genus of trees of Central America now recognized as similar to those of genus Lepidobotrys,i103608,Ruptiliocarpon|genus Ruptiliocarpon,Q9284783
12725396-n,"trees, shrubs, and herbs widely distributed throughout both hemispheres",i103622,Polygalaceae|family Polygalaceae|milkwort family,Q156360
12727404-n,a family of dicotyledonous plants of order Geraniales; have flowers that are divide into four or five parts and usually have a strong scent,i103631,Rutaceae|family Rutaceae|rue family,Q146030
12727800-n,type genus of the Rutaceae; strong-scented Eurasian herbs,i103632,Ruta|genus Ruta,Q165250
12732909-n,a cross between Citrus sinensis and Poncirus trifoliata,i103655,Citroncirus|genus Citroncirus,Q21396652
12733248-n,a dicotyledonous genus of the family Rutaceae,i103657,Dictamnus|genus Dictamnus,Q2643074
12733580-n,small genus of shrubs native to south China producing small ovoid fruits resembling oranges: includes kumquats,i103659,Fortunella|genus Fortunella,Q106090
12735310-n,deciduous or evergreen trees or shrubs: prickly ash,i103667,Zanthoxylum|genus Zanthoxylum,Q147050
12736329-n,chiefly tropical trees and shrubs with bitter bark having dry usually one-seeded winged fruit,i103672,Simaroubaceae|family Simaroubaceae|quassia family,Q156679
12736926-n,type genus of Simaroubaceae; tropical American trees and shrubs having a pale soft wood and bitter bark,i103674,Simarouba|genus Simarouba,Q3308399
12738674-n,small genus of tropical South African trees and shrubs,i103682,Kirkia|genus Kirkia,Q2293602
12740037-n,coextensive with the genus Tropaeolum,i103689,Tropaeolaceae|family Tropaeolaceae|nasturtium family,Q163937
12740215-n,a tropical American genus of dicotyledonous climbing or diffuse pungent herbs constituting the family Tropaeolaceae,i103690,Tropaeolum|genus Tropaeolum,Q158271
12741292-n,"small trees, shrubs, and herbs of warm arid and saline regions; often resinous; some poisonous: genera Zygophyllum, Tribulus, Guaiacum, Larrea",i103695,Zygophyllaceae|family Zygophyllaceae|bean-caper family,Q155982
12741653-n,usually tropical herbs or shrubs having ill-smelling foliage and flower buds that are used as capers: bean capers,i103696,Zygophyllum|genus Zygophyllum,Q245426
12742117-n,palo santo,i103698,Bulnesia|genus Bulnesia,Q1949708
12743644-n,xerophytic evergreen shrubs; South America to southwestern United States,i103706,Larrea|genus Larrea,Q2521134
12744206-n,annual or perennial herbs or subshrubs of warm regions,i103709,Tribulus|genus Tribulus,Q1017217
12744745-n,two genera of trees or shrubs having hairy catkins: Salix; Populus,i103712,Salicaceae|family Salicaceae|willow family,Q158487
12744961-n,a large and widespread genus varying in size from small shrubs to large trees: willows,i103713,Salix|genus Salix,Q36050
12751962-n,a genus of trees of the family Salicaceae that is found in the Northern Hemisphere; poplars,i103744,Populus|genus Populus,Q25356
12755206-n,order of plants distinguished by having a one-celled inferior ovary; many are parasitic or partly parasitic usually on roots,i103760,Santalales|order Santalales,Q21851
12755482-n,chiefly tropical herbs or shrubs or trees bearing nuts or one-seeded fruit,i103761,Santalaceae|family Santalaceae|sandalwood family,Q327639
12756824-n,small genus of chiefly North American parasitic plants,i103767,Comandra|genus Comandra,Q5150546
12757215-n,quandong trees,i103769,Eucarya|genus Eucarya|Fusanus|genus Fusanus,Q87151592
12758143-n,in some classification includes Viscaceae: parasitic or hemiparasitic shrublets or shrubs or small trees of tropical and temperate regions; attach to hosts by haustoria,i103774,Loranthaceae|family Loranthaceae|mistletoe family,Q156691
12758505-n,type genus of the Loranthaceae: 1 species,i103775,Loranthus|genus Loranthus,Q163517
12759240-n,"a genus containing the species Nuytsia floribunda, also known as the Western Australian Christmas tree (Nuytsia)",i103779,Nuytsia|genus Nuytsia,Q15102057
12759619-n,in some classifications considered a subfamily of Loranthaceae,i103781,Viscaceae|family Viscaceae|mistletoe family,Q145544
12760355-n,any of various American parasitic plants similar to Old World mistletoe: false mistletoe,i103784,Phoradendron|genus Phoradendron,Q144322
12760956-n,"an order of dicotyledonous plants, containing the families Anacardiaceae, Biebersteiniaceae, Burseraceae, Kirkiaceae, Meliaceae, Nitrariaceae, Rutaceae, Sapindaceae, and Simaroubaceae (Sapindales)",i103787,Sapindales|order Sapindales,Q26316
12761274-n,chiefly tropical New and Old World deciduous and evergreen trees and shrubs bearing leathery drupes with yellow translucent flesh; most plants produce toxic saponins,i103788,Sapindaceae|family Sapindaceae|soapberry family,Q27147
12762801-n,small genus of western African evergreen trees and shrubs bearing fleshy capsular three-seeded fruits edible when neither unripe nor overripe,i103795,Blighia|genus Blighia,Q1021709
12763306-n,tendril-climbing herbs or shrubs whose seeds have a white heart-shaped spot,i103797,Cardiospermum|genus Cardiospermum,Q2702934
12765037-n,Chinese trees,i103807,genus Litchi,Q655597
12765920-n,a genus of dicotyledonous trees of the family Sapindaceae that are native to Asia and Australia,i103811,Nephelium|genus Nephelium,Q2697447
12766548-n,widely distributed evergreen shrubs and trees,i103814,Buxaceae|family Buxaceae|box family,Q156680
12768323-n,trees and shrubs and woody vines usually having bright-colored fruits,i103823,Celastraceae|family Celastraceae|spindle-tree family|staff-tree family,Q135336
12768721-n,genus of woody vines and erect shrubs (type genus of the Celastraceae) that is native chiefly to Asia and Australia: includes bittersweet,i103825,Celastrus|genus Celastrus,Q811662
12776819-n,small genus of large deciduous shrubs having large clusters of winged seeds that turn red as they mature; central and southern China,i103864,Dipteronia|genus Dipteronia,Q1227342
12779399-n,the cashew family; trees and shrubs and vines having resinous (sometimes poisonous) juice; includes cashew and mango and pistachio and poison ivy and sumac,i103882,Anacardiaceae|family Anacardiaceae|sumac family,Q156589
12781482-n,one species; often included in the genus Rhus,i103891,Malosma|genus Malosma,Q11690375
12782231-n,a dicotyledonous genus of trees of the family Anacardiaceae having drupaceous fruit,i103895,Pistacia|genus Pistacia,Q35987
12783005-n,one species; an Australian evergreen sumac,i103899,Rhodosphaera|genus Rhodosphaera,Q10360410
12785463-n,genus of evergreen shrubs and trees of tropical and subtropical regions of South and Central America and Canary Islands and China,i103910,Schinus|genus Schinus,Q786249
12786439-n,tropical trees having one-seeded fruit,i103914,Spondias|genus Spondias,Q311460
12787001-n,in some classifications: comprising those members of the genus Rhus having foliage that is poisonous to the touch; of North America and northern South America,i103917,Toxicodendron|genus Toxicodendron,Q1777115
12788711-n,trees having showy flowers and inedible nutlike seeds in a leathery capsule,i103923,Hippocastanaceae|family Hippocastanaceae|horse-chestnut family,Q635009
12788937-n,deciduous trees or some shrubs of North America; southeastern Europe; eastern Asia,i103924,Aesculus|genus Aesculus,Q158752
12790190-n,a family of dicotyledonous plants of order Sapindales found mostly in the north temperate zone,i103932,Staphylaceae|family Staphylaceae|bladdernut family,Q157386
12791037-n,a genus of trees or shrubs that have beautiful and valuable wood,i103936,Diospyros|genus Diospyros,Q165258
12792841-n,tropical trees or shrubs with milky juice and often edible fleshy fruit,i103945,Sapotaceae|family Sapotaceae|sapodilla family,Q158981
12793179-n,tropical trees having papery leaves and large fruit,i103946,Achras|genus Achras,Q14566630
12793317-n,deciduous or evergreen American shrubs small trees having very hard wood and milky latex,i103947,Bumelia|genus Bumelia,Q59922303
12794094-n,a genus of tropical American trees of the family Sapotaceae,i103951,Calocarpum|genus Calocarpum,Q87145833
12794248-n,tropical American evergreen trees or shrubs,i103952,Chrysophyllum|genus Chrysophyllum,Q2105812
12794887-n,genus of large evergreen trees with milky latex; pantropical,i103955,Manilkara|genus Manilkara,Q309947
12795651-n,large genus of Malaysian trees with milky juice and leathery leaves,i103959,Palaquium|genus Palaquium,Q160364
12795985-n,genus of medium to large Malaysian trees yielding gutta-percha,i103961,Payena|genus Payena,Q598477
12796972-n,a dicotyledonous family of order Ebenales,i103966,Symplocaceae|family Symplocaceae|sweetleaf family,Q588797
12797151-n,type and sole genus of Symplocaceae including sweetleaf,i103967,Symplocus|genus Symplocus,Q133714
12799686-n,"plants that are variously modified to serve as insect traps: families Sarraceniaceae, Nepenthaceae, Droseraceae",i103981,Sarraceniales|order Sarraceniales,Q14914658
12801612-n,one species: California pitcher plant,i103989,Darlingtonia|genus Darlingtonia,Q15582088
12802001-n,genus of pitcher plants of the Guiana Highlands in South America,i103991,Heliamphora|genus Heliamphora,Q1758059
12802574-n,a genus of pitcher plants commonly known as tropical pitcher plants or monkey cups (Nepenthes),i103994,Nepenthes|genus Nepenthes,Q217530
12802868-n,a family of carnivorous herbs and shrubs,i103996,Droseraceae|family Droseraceae|sundew family,Q156185
12803534-n,a genus of the family Droseraceae,i103999,Dionaea|genus Dionaea,Q12311673
12804361-n,"a genus of carnivorous plants containing Drosophyllum lusitanicum, also known as Portuguese sundew or dewy pine (Drosophyllum)",i104003,Drosophyllum|genus Drosophyllum,Q13107254
12805303-n,a family of plants of order Rosales; coextensive with the genus Cephalotus,i104008,Cephalotaceae|family Cephalotaceae,Q2946333
12805498-n,one species: Australian pitcher plant,i104009,Cephalotus|genus Cephalotus,Q2181577
12805870-n,succulent shrubs and herbs,i104011,Crassulaceae|family Crassulaceae|stonecrop family,Q155938
12806072-n,type genus of Crassulaceae; herbs and small shrubs having woody stems and succulent aerial parts,i104012,Crassula|genus Crassula,Q158253
12808325-n,sometimes included in the family Saxifragaceae,i104024,Hydrangeaceae|family Hydrangeaceae|hydrangea family,Q156609
12810159-n,one species; sometimes placed in family Saxifragaceae,i104032,genus Carpenteria,Q5045752
12810527-n,small genus of woody climbers with adhesive aerial roots; sometimes placed in family Saxifragaceae,i104034,Decumaria|genus Decumaria,Q3932024
12812299-n,small genus of deciduous climbing and creeping shrubs with white flowers in flat clusters; sometimes placed in family Saxifragaceae,i104042,Schizophragma|genus Schizophragma,Q3310749
12812801-n,a large and diverse family of evergreen or deciduous herbs; widely distributed in northern temperate and cold regions; sometimes includes genera of the family Hydrangeaceae,i104044,Saxifragaceae|family Saxifragaceae|saxifrage family,Q2543932
12816952-n,genus of perennial rhizomatous herbs with flowers in panicles; North America; Japan,i104061,Boykinia|genus Boykinia,Q143754
12817377-n,genus of widely distributed semiaquatic herbs with minute greenish-yellow apetalous flowers,i104063,Chrysosplenium|genus Chrysosplenium,Q157593
12817973-n,"a genus containing Darmera peltata, or Indian rhubarb (Darmera, Peltiphyllum)",i104066,Darmera|genus Darmera|Peltiphyllum|genus Peltiphyllum,Q13099524
12818453-n,perennial evergreen herbs with white or pink flowers; Chile,i104068,Francoa|genus Francoa,Q17442513
12819879-n,one species: leatherleaf saxifrage,i104075,Leptarrhena|genus Leptarrhena,Q13390024
12823747-n,genus of hardy perennials with palmately lobed leaves and long racemes of small nodding five-petaled flowers; western North America,i104091,Tellima|genus Tellima,Q13390019
12824976-n,one species: pickaback plant,i104096,Tolmiea|genus Tolmiea,Q15704941
12825381-n,in some classifications considered a part of the family Saxifragaceae: plants whose fruit is a berry,i104098,Grossulariaceae|family Grossulariaceae|gooseberry family,Q41387
12827030-n,coextensive with the genus Platanus: plane trees,i104106,Platanaceae|family Platanaceae|plane-tree family,Q171425
12829693-n,a widely distributed family of chiefly herbaceous plants of the order Polemoniales; often have showy flowers,i104117,Polemoniaceae|family Polemoniaceae|phlox family,Q157168
12832054-n,a genus of herbs of the family Polemoniaceae; found in western United States,i104128,Linanthus|genus Linanthus,Q2713077
12832616-n,widely distributed herbs and shrubs and trees; sometimes placed in the order Scrophulariales,i104131,Acanthaceae|family Acanthaceae|acanthus family,Q53475
12833425-n,caricature plant,i104135,Graptophyllum|genus Graptophyllum,Q1936027
12833784-n,a genus of herbs or vines of the family Acanthaceae,i104137,Thunbergia|genus Thunbergia,Q162036
12834153-n,trees or shrubs or woody vines or herbs having fruit resembling gourds or capsules; sometimes placed in the order Scrophulariales,i104139,Bignoniaceae|family Bignoniaceae,Q213453
12835177-n,a dicotyledonous genus of plants belonging to the family Bignoniaceae; has large flowers (white or mottled) and long terete pods,i104144,genus Catalpa,Q158072
12835820-n,one species: desert willow,i104148,Chilopsis|genus Chilopsis,Q16744460
12836194-n,a genus of tropical American trees of the family Bignoniaceae; has a short trunk and crooked limbs and drooping branches,i104150,Crescentia|genus Crescentia,Q1321860
12836685-n,a widely distributed family of plants distinguished by circinate flowers and nutlike fruit,i104153,Boraginaceae|family Boraginaceae|borage family,Q26568
12837119-n,perennial herbs of the Mediterranean region,i104154,Borago|genus Borago,Q149122
12837513-n,rough annual herbs of Europe and the Americas: fiddlenecks,i104156,Amsinckia|genus Amsinckia,Q2354690
12838907-n,tropical deciduous or evergreen trees or shrubs of the family Boraginaceae,i104164,Cordia|genus Cordia,Q716132
12840320-n,a genus of bristly herbs and shrubs of the family Boraginaceae,i104171,Echium|genus Echium,Q157711
12840713-n,stickweed; beggar's lice,i104173,Hackelia|genus Hackelia|Lappula|genus Lappula,Q5222530
12842017-n,a genus of herbs belonging to the family Boraginaceae that grow in temperate regions and have blue or purple flowers shaped like funnels,i104180,Mertensia|genus Mertensia,Q765547
12843044-n,a genus of North American perennial herbs of the family Boraginaceae,i104185,Onosmodium|genus Onosmodium,Q9052508
12843924-n,"plants having trumpet-shaped flowers and a climbing or twining habit: morning glory, bindweed, sweet potato",i104190,Convolvulaceae|family Convolvulaceae|morning-glory family,Q145777
12847155-n,morning glory,i104206,Ipomoea|genus Ipomoea,Q161173
12849859-n,large family of tropical herbs or shrubs or lianas; in some classification systems placed in the order Scrophulariales,i104220,Gesneriaceae|family Gesneriaceae|gesneria family,Q156686
12851734-n,tropical American herbs sometimes included in genus Episcia,i104229,Alsobia|genus Alsobia,Q590832
12854101-n,genus of perennial tuberous herbs and shrubs of Central and South America,i104242,Sinningia|genus Sinningia,Q159407
12855956-n,one species: yellow bells,i104251,Emmanthe|genus Emmanthe,Q3053009
12856338-n,small genus of evergreen shrubs of southwestern United States and Mexico,i104253,Eriodictyon|genus Eriodictyon,Q147134
12858403-n,straggling herbs of southwestern United States,i104264,Pholistoma|genus Pholistoma,Q7187096
12858787-n,"a large family of aromatic herbs and shrubs having flowers resembling the lips of a mouth and four-lobed ovaries yielding four one-seeded nutlets and including mint, thyme, sage, rosemary",i104266,Labiatae|family Labiatae|Lamiaceae|family Lamiaceae|mint family,Q53476
12862446-n,perennial herbs or subshrubs of especially Mediterranean area: black horehound,i104281,Ballota|genus Ballota,Q158853
12864604-n,wild basil,i104292,Clinopodium|genus Clinopodium,Q164026
12865457-n,genus of Old World tropical plants cultivated for their variegated leaves; various plants sometimes placed in genera Plectranthus or Solenostemon,i104296,genus Coleus,Q17114803
12867629-n,erect annual European herbs,i104306,Galeopsis|genus Galeopsis,Q161675
12868014-n,ground ivy,i104308,Glechoma|genus Glechoma,Q604345
12868509-n,small genus of American herbs (American pennyroyal),i104310,Hedeoma|genus Hedeoma,Q3776462
12869630-n,genus of Old World herbs: dead nettles; henbits,i104316,Lamium|genus Lamium,Q146675
12871478-n,small genus of tropical herbs and subshrubs of South Africa,i104326,Leonotis|genus Leonotis,Q952840
12872433-n,a dicotyledonous genus of the family Labiatae,i104331,Lepechinia|genus Lepechinia|Sphacele|genus Sphacele,Q2836393
12873690-n,small genus of herbs usually included in the genus Origanum,i104338,Majorana|genus Majorana,Q10323229
12875203-n,a genus of Old World mints of the family Labiatae,i104346,Melissa|genus Melissa,Q920402
12878354-n,small genus of aromatic herbs of Mediterranean regions; widely cultivated,i104362,Molucella|genus Molucella,Q2916241
12880248-n,a genus of fragrant herbs of the family Labiatae in the western United States,i104372,Monardella|genus Monardella,Q5223309
12880633-n,catmint,i104374,Nepeta|genus Nepeta,Q303820
12881602-n,small genus of Asiatic herbs,i104379,Perilla|genus Perilla,Q7168518
12882511-n,genus of North American perennial herbs,i104384,genus Physostegia,Q2702592
12883408-n,genus of Asiatic shrubs or trees whose leaves yield a fragrant oil,i104389,Pogostemon|genus Pogostemon,Q855490
12883786-n,small genus of perennial mostly Eurasian having terminal spikes of small purplish or white flowers,i104391,Prunella|genus Prunella,Q148652
12885123-n,large genus of shrubs and subshrubs of the mint family varying greatly in habit: sage,i104398,genus Salvia,Q157151
12889008-n,genus of woolly aromatic herbs or subshrubs or shrubs of Mediterranean region,i104419,Sideritis|genus Sideritis,Q431310
12889394-n,large genus of usually woolly or hairy herbs or subshrubs or shrubs; temperate eastern hemisphere; tropical Australasia,i104421,Stachys|genus Stachys,Q156294
12891152-n,large genus of Old World mints: thyme,i104430,Thymus|genus Thymus,Q131224
12892752-n,"carnivorous aquatic or bog plants: genera Utricularia, Pinguicula, and Genlisea",i104439,Lentibulariaceae|family Lentibulariaceae|bladderwort family,Q161952
12894406-n,in most classifications not considered a separate family but included in the Pedaliaceae,i104446,Martyniaceae|family Martyniaceae,Q53477
12894991-n,brown or yellow leafless herbs; sometimes placed in the order Scrophulariales,i104449,Orobanchaceae|family Orobanchaceae|broomrape family,Q156192
12895189-n,the family of plants of order Polemoniales,i104450,Pedaliaceae|family Pedaliaceae|sesame family,Q161187
12895402-n,tropical African and Indian herbs,i104451,Sesamum|genus Sesamum,Q47334
12895756-n,in some classifications included in the genus Martynia and hence the two taxonomic names for some of the unicorn plants,i104453,Proboscidea|genus Proboscidea,Q137309
12896792-n,a family of dicotyledonous plants of the order Polemoniales; includes figwort and snapdragon and foxglove and toadflax and speedwell and mullein; in some classifications placed in the order Scrophulariales,i104458,Scrophulariaceae|family Scrophulariaceae|figwort family|foxglove family,Q53473
12898779-n,genus of North American spring wildflowers,i104466,Besseya|genus Besseya,Q7217568
12900479-n,genus of western North and South American perennials often partially parasitic on roots of grasses,i104474,Castilleja|genus Castilleja|Castilleia|genus Castilleia,Q311122
12902189-n,genus of hardy annual herbs of western United States,i104482,Collinsia|genus Collinsia,Q1828247
12903081-n,a tall perennial herb having spikes of small white or purple flowers; common in eastern North America,i104486,Culver's root|Culvers root|Culver's physic|Culvers physic|whorlywort|Veronicastrum virginicum,Q4108065
12904493-n,semiparasitic herb with purple or white or pink flowers; grows in the United States and West Indies,i104493,Agalinis|genus Agalinis,Q4691145
12905283-n,large genus of subshrubs or herbs having showy blue or purple or red or yellow or white flowers; mostly western North America,i104497,Penstemon|genus Penstemon,Q809265
12913854-n,"type genus of the Solanaceae: nightshade, potato, eggplant, bittersweet",i104532,Solanum|genus Solanum,Q146555
12923057-n,genus of fragrant tropical American shrubs,i104570,Cestrum|genus Cestrum,Q1364444
12923647-n,tree tomato,i104573,Cyphomandra|genus Cyphomandra,Q14944340
12924554-n,genus of South and Central American heathlike evergreen shrubs,i104578,Fabiana|genus Fabiana,Q286158
12924908-n,genus of poisonous herbs: henbane,i104580,Hyoscyamus|genus Hyoscyamus,Q158510
12925480-n,deciduous and evergreen shrubs often spiny; cosmopolitan in temperate and subtropical regions,i104583,Lycium|genus Lycium,Q3268411
12926415-n,tomatoes,i104587,Lycopersicon|genus Lycopersicon|Lycopersicum|genus Lycopersicum,Q12339542
12927686-n,sturdy annual of Peru,i104594,Nicandra|genus Nicandra,Q3339559
12930901-n,ground cherries,i104611,Physalis|genus Physalis,Q158663
12934112-n,genus of European perennial herbs yielding medicinal alkaloids,i104627,Scopolia|genus Scopolia,Q1431469
12934405-n,shrubby climbers of tropical America,i104629,Solandra|genus Solandra,Q136929
12934808-n,one species: marmalade bush,i104631,Streptosolen|genus Streptosolen,Q3500355
12935193-n,family of New World tropical and subtropical herbs and shrubs and trees,i104633,Verbenaceae|family Verbenaceae|verbena family|vervain family,Q156960
12935990-n,small genus of tropical shrubs or trees,i104637,Avicennia|genus Avicennia,Q132645
12936160-n,used in some classifications: coextensive with the genus Avicennia,i104638,Avicenniaceae|family Avicenniaceae,Q664810
12936785-n,a genus of herbs of the family Verbenaceae,i104641,Aegiceras|genus Aegiceras,Q4687573
12937695-n,a family of plants of order Geraniales,i104646,Euphorbiaceae|family Euphorbiaceae|spurge family,Q156584
12944599-n,a genus of slender herbs belonging to the family Euphorbiaceae,i104677,Mercurialis|genus Mercurialis,Q157606
12945212-n,a genus of herb having only one known species: castor-oil plant,i104680,Ricinus|genus Ricinus,Q9069137
12945744-n,a genus of perennial plant with bristles; belonging to the family Euphorbiaceae,i104682,Cnidoscolus|genus Cnidoscolus,Q2711979
12946154-n,a mainly tropical genus of American plant belonging to the family Euphorbiaceae,i104684,Jatropha|genus Jatropha,Q152986
12948681-n,tropical American succulent shrubs,i104696,Pedilanthus|genus Pedilanthus,Q10347160
12949450-n,Mexican spurges,i104700,Sebastiana|genus Sebastiana,Q5220377
12949821-n,a family of trees and shrubs of the order Parietales,i104702,Theaceae|family Theaceae|tea family,Q156574
12951869-n,fool's parsley,i104710,Aethusa|genus Aethusa,Q2274537
12952209-n,dill,i104712,Anethum|genus Anethum,Q2542121
12953292-n,"chervil: of Europe, North Africa and Asia",i104718,Anthriscus|genus Anthriscus,Q745445
12953924-n,celery,i104721,Apium|genus Apium,Q2284228
12955128-n,caraway,i104728,Carum|genus Carum,Q149079
12956217-n,small genus of highly toxic biennials: hemlock,i104734,Conium|genus Conium,Q6491516
12957473-n,cumin,i104740,Cuminum|genus Cuminum,Q2511981
12959657-n,very small genus of aromatic European herbs with pinnately compound leaves and yellow flowers,i104751,Foeniculum|genus Foeniculum,Q27030
12960424-n,widely distributed genus of plants with usually thick rootstocks and large umbels of white flowers,i104755,Heracleum|genus Heracleum,Q327106
12960820-n,genus of aromatic European herbs with yellow flowers,i104757,Levisticum|genus Levisticum,Q2701345
12961538-n,poisonous herbs: water dropworts,i104761,Oenanthe|genus Oenanthe,Q2737226
12963030-n,parsley,i104769,Petroselinum|genus Petroselinum,Q310933
12963690-n,anise,i104773,Pimpinella|genus Pimpinella,Q588740
12964998-n,a rosid dicot genus that includes moon carrots,i104780,Seseli|genus Seseli,Q592341
12965350-n,genus including stone parsley,i104782,Sison|genus Sison,Q4361719
12965720-n,perennial of wet and marshy places in the Northern Hemisphere: water parsnips,i104784,Sium|genus Sium,Q943721
12966848-n,"a rosid dicot family of the order Umbellales including: genera Aucuba, Cornus, Corokia, Curtisia, Griselinia, Helwingia",i104790,Cornaceae|family Cornaceae|dogwood family,Q161403
12967192-n,hardy evergreen dioecious shrubs and small trees from Japan,i104791,Aucuba|genus Aucuba,Q162931
12969609-n,a large evergreen tree of South Africa,i104803,Curtisia|genus Curtisia,Q284644
12969738-n,evergreen shrubs of New Zealand and South America,i104804,Griselinia|genus Griselinia,Q135212
12970482-n,genus of mostly herbs having a characteristic fetid odor,i104808,Valerianaceae|family Valerianaceae|valerian family,Q156682
12970715-n,genus of widely distributed perennial herbs and some shrubs,i104809,Valeriana|genus Valeriana,Q159559
12971261-n,genus of Old World annual herbs widely naturalized,i104812,Valerianella|genus Valerianella,Q161504
12971744-n,genus of southern European herbs and subshrubs,i104815,Centranthus|genus Centranthus,Q543142
12972225-n,terrestrial (hygrophytic) or epiphytic ferns: filmy ferns,i104818,Hymenophyllaceae|family Hymenophyllaceae,Q1066700
12972782-n,bristle ferns; kidney ferns,i104821,Trichomanes|genus Trichomanes,Q2704784
12973612-n,large family of ferns widely distributed in temperate and tropical areas,i104826,Osmundaceae|family Osmundaceae,Q843318
12973839-n,type genus of the Osmundaceae,i104827,genus Osmunda,Q1427328
12975394-n,a genus of delicate ferns belonging to the family Osmundaceae,i104834,Todea|genus Todea,Q3978390
12975738-n,small family of mainly tropical ferns,i104836,Schizaeaceae|family Schizaeaceae,Q7431556
12976399-n,genus of terrestrial or lithophytic ferns having pinnatifid fronds; chiefly of tropical America,i104839,Anemia|genus Anemia,Q3353348
12976789-n,chiefly tropical climbing ferns,i104841,Lygodium|genus Lygodium,Q2491168
12977551-n,African terrestrial ferns,i104845,Mohria|genus Mohria,Q6894349
12978058-n,"a family of heterosporous aquatic and semi-aquatic ferns, commonly known as the pepperwort family or the water-clover family (Marsileaceae)",i104848,Marsileaceae|family Marsileaceae,Q1115420
12978227-n,a genus of water-clover ferns (Marsilea),i104849,Marsilea|genus Marsilea,Q2363141
12978900-n,pillworts,i104853,Pilularia|genus Pilularia,Q1813370
12979532-n,a family of water ferns containing the two genera Azolla and Salvinia (Salviniaceae),i104857,Salviniaceae|family Salviniaceae,Q867194
12979681-n,type genus of the Salviniaceae: water ferns,i104858,Salvinia|genus Salvinia,Q836341
12979986-n,used in some classifications for the genus Azolla,i104860,Azollaceae|family Azollaceae,Q19384228
12980131-n,a genus of fern sometimes placed in its own family Azollaceae,i104861,Azolla|genus Azolla,Q1128633
12980562-n,coextensive with the family Ophioglossaceae,i104863,Ophioglossales|order Ophioglossales,Q767431
12980727-n,a family of succulent ferns of order Ophioglossales; cosmopolitan in distribution,i104864,Ophioglossaceae|family Ophioglossaceae,Q740217
12983900-n,saprophytic and parasitic fungi that live on plants,i104884,Erysiphales|order Erysiphales,Q934008
12984067-n,family of fungi parasitic mostly on leaves; includes powdery mildews,i104885,Erysiphaceae|family Erysiphaceae,Q1755354
12984254-n,genus of powdery mildews,i104886,Erysiphe|genus Erysiphe,Q5396379
12984556-n,large order of ascomycetous fungi usually having a dark hard perithecia with definite ostioles; in more recent classifications often divided among several orders,i104888,Sphaeriales|order Sphaeriales,Q143039
12984890-n,parasitic fungi having globose and sometimes necked or beaked perithecia,i104889,Sphaeriaceae|family Sphaeriaceae,Q4429008
12985081-n,genus of fungi with black perithecia used extensively in genetic research; includes some forms with orange spore masses that cause severe damage in bakeries,i104890,Neurospora|genus Neurospora,Q309943
12985969-n,family of fungi having brightly colored fleshy or membranous ascocarps; sometimes placed in its own order Hypocreales,i104895,Hypocreaceae|family Hypocreaceae,Q3144255
12987146-n,family of fungi characterized by dark brown to black spores,i104902,Xylariaceae|family Xylariaceae,Q1755367
12987341-n,type genus of Xylariaceae; fungi with perithecia in the upper part of erect black woody stromata,i104903,Xylaria|genus Xylaria,Q1625602
12988041-n,order of fungi having asci in a disk-shaped to goblet-shaped apothecium,i104907,Helotiales|order Helotiales,Q134490
12988416-n,type genus of the Helotiaceae,i104909,Helotium|genus Helotium,Q5709958
12988536-n,"a fungus family of order Helotiales, with many species in the family being plant pathogens (Sclerotiniaceae)",i104910,Sclerotiniaceae|family Sclerotiniaceae,Q2292808
12991139-n,stalked puffballs,i104923,Tulostomaceae|family Tulostomaceae|Tulostomataceae|family Tulostomataceae,Q10706187
12991917-n,a family of fungi of order Hymenogastrales having round subterranean sporophores,i104927,Rhizopogonaceae|family Rhizopogonaceae,Q1339567
12992384-n,a genus of fungi having subterranean sporophores resembling tubers,i104929,Rhizopogon|genus Rhizopogon,Q874176
12993389-n,class of fungi coextensive with subdivision Zygomycota,i104934,Zygomycetes|class Zygomycetes,Q3543148
12993578-n,an order of mostly saprophytic fungi,i104935,Mucorales|order Mucorales,Q141280
12993726-n,large family of chiefly saprophytic fungi that includes many common molds destructive to food products,i104936,Mucoraceae|family Mucoraceae,Q3268436
12995046-n,coextensive with the family Entomophthoraceae,i104943,Entomophthorales|order Entomophthorales,Q1257561
12995217-n,mostly parasitic lower fungi that typically develop in the bodies of insects,i104944,Entomophthoraceae|family Entomophthoraceae,Q4532109
12995422-n,type genus of the Entomophthoraceae; fungi parasitic on insects,i104945,Entomophthora|genus Entomophthora,Q4532108
12996368-n,the class of true slime molds; essentially equivalent to the division Myxomycota,i104949,Myxomycetes|class Myxomycetes,Q19830063
12997149-n,genus of slime molds that grow on dung and decaying vegetation,i104953,genus Dictostylium|Dictyostelium,Q17146891
12998056-n,nonphotosynthetic fungi that resemble algae and that reproduce by forming oospores; sometimes classified as protoctists,i104957,Oomycetes|class Oomycetes,Q21445833
12998325-n,a class of mostly aquatic fungi; saprophytic or parasitic on algae or fungi or plants,i104958,Chytridiomycetes|class Chytridiomycetes,Q1137709
12998992-n,a family of aquatic fungi of order Chytridiales,i104961,Chytridiaceae|family Chytridiaceae,Q10452650
12999141-n,fungi that carry out asexual reproduction by thick-walled resting spores that produce zoospores upon germination; sometimes placed in class Oomycetes,i104962,Blastocladiales|order Blastocladiales,Q882055
12999414-n,a family of saprobic fungi of order Blastocladiales,i104963,Blastodiaceae|family Blastodiaceae,Q10431050
12999586-n,a genus of fungi of the family Blastodiaceae,i104964,Blastocladia|genus Blastocladia,Q9174248
12999729-n,a fungus family of order Chytridiales,i104965,Synchytriaceae|family Synchytriaceae,Q10687374
12999889-n,simple parasitic fungi including pond scum parasites,i104966,Synchytrium|genus Synchytrium,Q10687375
13000390-n,aquatic fungi growing chiefly on plant debris and animal remains,i104969,Saprolegnia|genus Saprolegnia,Q134922
13001412-n,genus of destructive downy mildews,i104974,Peronospora|genus Peronospora,Q1650703
13002355-n,fungi that produce white sori resembling blisters on certain flowering plants,i104979,Albuginaceae|family Albuginaceae,Q1956444
13002551-n,type genus of the Albuginaceae; fungi causing white rusts,i104980,Albugo|genus Albugo,Q4749920
13002863-n,fungi having sporangia usually borne successively and singly at the tips of branching sporangiophores,i104982,Pythiaceae|family Pythiaceae,Q3926088
13003977-n,family of fungi often causing hypertrophy in seed plants,i104989,Plasmodiophoraceae|family Plasmodiophoraceae,Q15241144
13004164-n,type genus of Plasmodiophoraceae comprising minute plant parasitic fungi similar to and sometimes included among the slime molds,i104990,Plasmodiophora|genus Plasmodiophora,Q724130
13006844-n,tooth fungi,i105007,Hydnaceae|family Hydnaceae,Q2466809
13007097-n,type genus of Hydnaceae,i105009,Hydnum|genus Hydnum,Q159023
13007618-n,category used especially in former classifications for organisms now constituting the division Lichenes,i105011,Lichenales|order Lichenales,Q6543292
13008412-n,category used in some classification systems for all lichens that produce apothecia,i105015,Lechanorales|order Lechanorales,Q133589
13008594-n,a fungus family of the division Lichenes,i105016,Lecanoraceae|family Lecanoraceae,Q615824
13009463-n,"a fungus family of division Lichenes of which most are lichenized with green algae, although some are lichenicolous, growing on other lichens (Roccellaceae)",i105021,Roccellaceae|family Roccellaceae,Q3052493
13009618-n,chiefly fruticose maritime rock-inhabiting lichens,i105022,genus Roccella,Q7353702
13010222-n,"fruticose lichens having prostrate or erect or pendulous thalli: genera Usnea, Evernia, Ramalina, Alectoria",i105026,Usneaceae|family Usneaceae,Q111721087
13010499-n,widely distributed lichens usually having a greyish or yellow pendulous freely branched thallus,i105027,Usnea|genus Usnea,Q121799
13011167-n,lichens having dark brown erect or pendulous much-branched cylindrical thallus,i105031,Alectoria|genus Alectoria,Q3442095
13012248-n,the largest family of lichen-forming fungi (Parmeliaceae),i105036,Parmeliaceae|family Parmeliaceae,Q2573345
13018890-n,"used in some classifications; usually coextensive with order Agaricales: mushrooms, toadstools, agarics, bracket fungi",i105057,Hymenomycetes|class Hymenomycetes,Q21004311
13022503-n,a genus of fungus belonging to the family Tricholomataceae,i105067,Lentinus|genus Lentinus,Q2033960
13023193-n,genus of widely distributed agarics that have white spores and are poisonous with few exceptions,i105070,Amanita|genus Amanita,Q213938
13024920-n,a well-known genus of fungus; has funnel-shaped fruiting body; includes the chanterelles,i105080,Cantharellus|genus Cantharellus,Q922335
13025926-n,a genus of fungi with a depressed disc in the cap,i105085,Omphalotus|genus Omphalotus,Q2521208
13026328-n,genus of black-spotted agarics in which the cap breaks down at maturity into an inky fluid; sometimes placed in its own family Coprinaceae,i105087,Coprinus|genus Coprinus,Q289890
13027501-n,chiefly small mushrooms with white spores,i105093,Marasmius|genus Marasmius,Q1520016
13027955-n,agarics with white spores and caps having an eccentric stem; an important mushroom of Japan,i105096,Pleurotus|genus Pleurotus,Q852065
13028530-n,genus of gilled agarics of Europe and North America having brown spores and an annulus; grows on open ground or decaying wood,i105099,Pholiota|genus Pholiota,Q584812
13030540-n,large genus of fungi with stout stems and white spores and neither annulus nor volva; brittle caps of red or purple or yellow or green or blue; differs from genus Lactarius in lacking milky juice,i105109,Russula|genus Russula,Q216110
13030824-n,used in some classification systems for the genus Russula,i105110,Russulaceae|family Russulaceae,Q831743
13030979-n,sometimes included in family Agaricaceae,i105111,Strophariaceae|family Strophariaceae,Q1362608
13032790-n,agarics with pink spores but lacking both volva and annulus (includes some that are poisonous),i105120,Entoloma|genus Entoloma,Q2099
13033373-n,a family of fungi having free gills and a cap that is cleanly separable from the stalk,i105123,Lepiotaceae|family Lepiotaceae,Q10557717
13033595-n,a genus of fungus belonging to the family Lepiotaceae,i105124,genus Chlorophyllum,Q604880
13035800-n,fungi having leathery or membranous sporophores,i105136,Thelephoraceae|family Thelephoraceae,Q3041757
13035989-n,genus of fungi having simple smooth sporophores; some are parasitic on wood or economic crops; some species formerly placed in form genus Rhizoctinia,i105137,Corticium|genus Corticium,Q2998103
13036586-n,genus of fungi having the hymenium in the form of a crust; some species formerly placed in form genus Rhizoctinia,i105140,Pellicularia|genus Pellicularia,Q105187047
13039509-n,agarics having pink spores and a distinct volva,i105155,Volvaria|genus Volvaria,Q10716674
13039777-n,"a family of fungi belonging to the order Agaricales, with free gill attachment and pink spores (Pluteaceae)",i105157,Pluteaceae|family Pluteaceae,Q1199784
13039962-n,a large genus of fungi belonging to the family Pluteaceae; the shape of the cap resembles a roof; often abundant early in the summer,i105158,Pluteus|genus Pluteus|roof mushroom,Q1156750
13042838-n,a genus of agarics,i105172,Flammulina|genus Flammulina,Q1765838
13044543-n,large class of higher fungi coextensive with division Ascomycota: sac fungi,i105179,Ascomycetes|class Ascomycetes,Q2303475
13045523-n,class of fungi in which no ascocarps are formed: yeasts and some plant parasites,i105184,Hemiascomycetes|class Hemiascomycetes,Q1069627
13045727-n,fungi having a zygote or a single cell developing directly into an ascus,i105185,Endomycetales|order Endomycetales,Q5147886
13046181-n,single-celled yeasts that reproduce asexually by budding; used to ferment carbohydrates,i105187,Saccharomyces|genus Saccharomyces,Q1146293
13047099-n,type and only genus of Schizosaccharomycetaceae; comprises the fission yeasts,i105192,Schizosaccharomyces|genus Schizosaccharomyces,Q1317935
13047289-n,class of fungi in which the fruiting body is a cleistothecium (it releases spores only on decay or disintegration),i105193,Plectomycetes|class Plectomycetes,Q132180
13047523-n,order of fungi having a closed ascocarp (cleistothecium) with the asci scattered rather than gathered in a hymenium,i105194,Eurotiales|order Eurotiales|Aspergillales|order Aspergillales,Q135266
13047809-n,a genus of fungi belonging to the order Eurotiales,i105195,Eurotium|genus Eurotium,Q10491525
13047950-n,family of fungi including some common molds,i105196,Aspergillaceae|family Aspergillaceae,Q33373960
13048135-n,genus of common molds causing food spoilage and some pathogenic to plants and animals,i105197,Aspergillus|genus Aspergillus,Q335130
13048430-n,genus of fungi having spherical brown perithecia and some conidia borne in chains; cause root rot,i105199,Thielavia|genus Thielavia,Q7783988
13048830-n,class of fungi in which the fruiting body is a perithecium; includes powdery mildews and ergot and Neurospora,i105201,Pyrenomycetes|class Pyrenomycetes,Q133607
13050706-n,order of mostly saprophytic fungi having cup-shaped ascocarps,i105209,Pezizales|order Pezizales,Q660555
13052450-n,a family of edible fungi including the true morels,i105219,Morchellaceae|family Morchellaceae,Q656782
13055191-n,a genus of fungi belonging to the family Sarcoscyphaceae,i105231,Wynnea|genus Wynnea,Q4111634
13055713-n,family of false morels or lorchels; some are edible and some are poisonous,i105234,Helvellaceae|family Helvellaceae,Q2453095
13057352-n,a genus of fungi of the family Helvellaceae with a cup-shaped or saucer-shaped fruiting body and ornamented spores,i105242,genus Discina,Q5281455
13057884-n,a genus of fungi of the family Helvellaceae with a fertile portion that is tan to brown,i105245,genus Gyromitra,Q580989
13059704-n,fungi in which the hymenium is enclosed until after spores have matured: puffballs; earth stars; stinkhorn fungi,i105253,Gasteromycetes|class Gasteromycetes|Gastromycetes|class Gastromycetes,Q811147
13061731-n,closely related to genus Phallus distinguished by an indusium hanging like a skirt from below the pileus,i105261,Dictyophera|genus Dictyophera,Q21220172
13061932-n,a genus of fungi belonging to the family Phallaceae,i105262,Mutinus|genus Mutinus,Q1637675
13062485-n,a family of fungi belonging to the order Gasteromycetes,i105265,Calostomataceae|family Calostomataceae,Q9184296
13063274-n,family of fleshy fungi resembling stinkhorns,i105269,Clathraceae|family Clathraceae,Q27990016
13063454-n,type genus of the Clathraceae,i105270,Clathrus|genus Clathrus,Q913940
13064024-n,small order of basidiomycetous fungi having fleshy often globose fruiting bodies; includes puffballs and earthstars,i105273,Lycoperdales|order Lycoperdales,Q3268477
13064506-n,genus of fungi whose fruiting body tapers toward a base consisting of spongy mycelium,i105275,Lycoperdon|genus Lycoperdon,Q1335970
13064909-n,genus of puffballs having outer casings whose upper parts break at maturity into angular pieces to expose the spores,i105277,Calvatia|genus Calvatia,Q1549736
13065301-n,a family of earthstar fungi belonging to the order Lycoperdales,i105279,Geastraceae|family Geastraceae,Q3100041
13066594-n,a genus of fungi belonging to the family Geastraceae,i105285,Astreus|genus Astreus,Q10420904
13067045-n,small order of basidiomycetous fungi comprising families Nidulariaceae and Sphaerobolaceae,i105288,Nidulariales|order Nidulariales,Q123439032
13067272-n,bird's-nest fungi,i105289,Nidulariaceae|family Nidulariaceae,Q76854
13067647-n,type genus of the Nidulariaceae,i105291,Nidularia|genus Nidularia,Q1316092
13067771-n,monotypic family of fungi in which the more or less spherical gleba is forcibly ejected at maturity,i105292,Sphaerobolaceae|family Sphaerobolaceae,Q31270304
13068466-n,a genus of fungi of the family Secotiaceae,i105295,Gastrocybe|genus Gastrocybe,Q62749439
13068972-n,a stout-stemmed genus of fungus belonging to the family Secotiaceae having fruiting bodies that never expand completely,i105297,Macowanites|genus Macowanites,Q10573574
13069426-n,a genus of fungi belonging to the family Secotiaceae; they resemble boletes but the spores are not discharged from the basidium,i105299,Gastroboletus|genus Gastroboletus,Q1939318
13070045-n,includes chiefly saprophytic fungi typically with shelflike bodies; sometimes placed in class Hymenomycetes or included in Agaricales,i105302,Aphyllophorales|order Aphyllophorales,Q2858281
13071315-n,"a genus of fungi belonging to the family Polyporaceae, containing 19 species of mushroom-producing fungi (Albatrellus)",i105306,Albatrellus|genus Albatrellus,Q1073187
13072626-n,"a genus of fungi belonging to the family Polyporaceae, containing 10 species (Oligoporus)",i105313,Oligoporus|genus Oligoporus,Q80595
13073191-n,type genus of the Polyporaceae; includes important pathogens of e.g. birches and conifers,i105316,Polyporus|genus Polyporus,Q1548736
13073947-n,a family of fungi closely related to the family Polyporaceae except that the tubes on the undersurface of the cap are separate from each other,i105319,Fistulinaceae|family Fistulinaceae,Q931058
13074210-n,fungi having each pore separate though crowded,i105320,Fistulina|genus Fistulina,Q3010372
13074576-n,genus of bracket fungi forming corky or woody perennial shelflike sporophores often of large size; includes some that cause destructive heartrot in trees,i105322,Fomes|genus Fomes,Q2524023
13078605-n,"a genus of fungi belonging to the family Boletaceae, with distinguishing feature the colour of the spore-print, which is described as purple, porphyry-red, dark vinaceous-brown, or chocolate-gray (Fuscoboletinus)",i105339,Fuscoboletinus|genus Fuscoboletinus,Q57418268
13079556-n,"a genus of fungi belonging to the family Boletaceae, containing 50 species, mostly in tropical areas (Phylloporus)",i105344,Phylloporus|genus Phylloporus,Q1831149
13079899-n,"a genus of fungi belonging to the family Boletaceae with species in the genus being associated with trees in the pine family, and being mostly distributed in temperate locations in the Northern Hemisphere (Suillus)",i105346,Suillus|genus Suillus,Q1338220
13081211-n,fungi varying from gelatinous to waxy or even horny in texture; most are saprophytic,i105353,Tremellales|order Tremellales,Q206636
13081449-n,a family of basidiomycetous fungi of the order Tremellales that have the basidium divided longitudinally,i105354,Tremellaceae|family Tremellaceae,Q557221
13081672-n,fungi with yellowish gelatinous sporophores having convolutions resembling those of the brain,i105355,Tremella|genus Tremella,Q206627
13082681-n,coextensive with the family Auriculariaceae; sometimes included in the order Tremellales,i105360,Auriculariales|order Auriculariales,Q892462
13083032-n,type genus of the Auriculariaceae,i105362,Auricularia|genus Auricularia,Q1633488
13083806-n,rust fungi: parasitic fungi causing rust in plants; sometimes placed in,i105366,Uredinales|order Uredinales,Q10657222
13084544-n,rust fungi,i105370,Melampsoraceae|family Melampsoraceae,Q10580133
13085975-n,genus of fungi that produce galls on cedars and other conifers of genera Juniperus and Libocedrus and causes rust spots on apples and pears and other plants of family Rosaceae,i105378,Gymnosporangium|genus Gymnosporangium,Q3272185
13086462-n,category used in some systems to comprise the two orders Ustilaginales (smuts) and Uredinales (rusts),i105380,Tiliomycetes|class Tiliomycetes,Q10692511
13086662-n,parasitic fungi causing smuts; sometimes placed in class Tiliomycetes,i105381,Ustilaginales|order Ustilaginales,Q594740
13087391-n,a fungus family of loose smuts,i105384,Ustilaginaceae|family Ustilaginaceae,Q3233983
13087563-n,type genus of the Ustilaginaceae; genus comprising the loose smuts,i105385,Ustilago|genus Ustilago,Q2361375
13088833-n,a genus of fungi belonging to the family Tilletiaceae,i105392,Tilletia|genus Tilletia,Q626766
13089325-n,a genus of smut fungi belonging to the family Tilletiaceae,i105395,Urocystis|genus Urocystis,Q7900813
13090108-n,a family of fungi belonging to the subdivision Basidiomycota,i105399,Septobasidiaceae|family Septobasidiaceae,Q10665828
13091468-n,"a genus of fungi belonging to the family Hygrophoraceae, containing agarics commonly known as waxcaps (Hygrocybe)",i105404,Hygrocybe|genus Hygrocybe,Q520530
13091789-n,"a genus of fungi belonging to the family Hygrophoraceae, containing agarics commonly known as woodwaxes or waxy caps (Hygrophorus)",i105406,Hygrophorus|genus Hygrophorus,Q622043
13093971-n,a genus of fungi belonging to the family Hygrophoraceae,i105417,Hygrotrama|genus Hygrotrama,Q62523353
13094286-n,"a genus of fungi belonging to the family Hygrophoraceae,with type species being a typical gilled snowbank mushroom (Neohygrophorus)",i105419,Neohygrophorus|genus Neohygrophorus,Q5235841
13096941-n,a genus of fungus characterized by the orange color of the spore deposit,i105432,Gymnopilus|genus Gymnopilus,Q1498027
13098893-n,family of imperfect fungi having white or brightly colored hyphae and spores that are produced directly on the mycelium and not aggregated in fruiting bodies,i105441,Moniliaceae|family Moniliaceae,Q21229502
13099243-n,a genus of fungus of the family Moniliaceae; causes ringworm and favus,i105442,Trichophyton|genus Trichophyton,Q310925
13099412-n,a genus of fungus of the family Moniliaceae; causes ringworm,i105443,Microsporum|genus Microsporum,Q639799
13099569-n,genus of parasitic yeastlike imperfect fungi having spherical or oval conidia in branched chains; some species usually placed in other genera especially genus Candida,i105444,genus Monilia,Q3320779
13100535-n,form genus of imperfect fungi lacking pigment in the spores and conidiophores,i105449,Cercosporella|genus Cercosporella,Q10446583
13100713-n,genus of fungi commonly growing as green or blue molds on decaying food; used in making cheese and as a source of penicillin,i105450,Penicillium|genus Penicillium,Q843136
13100934-n,genus of pathogenic yeastlike fungi,i105451,Blastomyces|genus Blastomyces,Q10431073
13101231-n,family of imperfect mushrooms having dark-colored hyphae or conidia,i105453,Dematiaceae|family Dematiaceae,Q16628379
13101434-n,form genus of imperfect fungi that are leaf parasites with long slender spores,i105454,Cercospora|genus Cercospora,Q2066868
13102129-n,large family of mainly saprophytic imperfect fungi,i105458,Tuberculariaceae|family Tuberculariaceae,Q2119178
13102538-n,a form genus of mostly plant parasites some of which cause dry rot; in humans a species can cause inflammation of cornea leading to blindness,i105460,genus Fusarium,Q131672
13103053-n,form genus of imperfect fungi some species of which are now placed in genera Pellicularia and Corticium because their perfect stages have been found,i105463,genus Rhizoctinia|form genus Rhizoctinia,Q2716477
13103471-n,form genus of imperfect fungi,i105465,Ozonium|genus Ozonium,Q10614405
13103589-n,form genus of sterile imperfect fungi; many form sclerotia; some cause sclerotium disease in plants,i105466,Sclerotium|genus Sclerotium,Q3952473
13161476-n,trees and shrubs usually thorny bearing drupaceous fruit many having medicinal value,i105702,Rhamnaceae|family Rhamnaceae|buckthorn family,Q156083
13164403-n,thorny Eurasian shrubs,i105717,Paliurus|genus Paliurus,Q141273
13165288-n,the type genus of the family Vitaceae; woody vines with simple leaves and small flowers; includes a wide variety of grapes,i105722,Vitis|genus Vitis,Q191019
13168802-n,woody vines having disklike tips on the tendrils,i105742,Parthenocissus|genus Parthenocissus,Q157587
13169385-n,"Piperaceae, Saururaceae, Chloranthaceae",i105745,Piperales|order Piperales,Q27287
13169574-n,tropical woody vines and herbaceous plants having aromatic herbage and minute flowers in spikelets,i105746,Piperaceae|family Piperaceae|pepper family,Q156522
13172345-n,"family of perennial aromatic herbs: genera Saururus, Anemopsis, Houttuynia",i105760,Saururaceae|family Saururaceae|lizard's-tail family,Q157072
13172980-n,one species: yerba mansa,i105763,Anemopsis|genus Anemopsis,Q18200394
13173369-n,one species; east Asian low-growing plant of wet places,i105765,Houttuynia|genus Houttuynia,Q162194
13190117-n,ferns,i105864,Filicopsida|class Filicopsida|Filicinae|class Filicinae,Q21026831
13190572-n,true (leptosporangiate) ferns,i105865,Filicales|order Filicales|Polypodiales|order Polypodiales,Q834805
13190958-n,a family of ferns belonging to order Filicales,i105866,Gleicheniaceae|family Gleicheniaceae,Q2264971
13191184-n,type genus of Gleicheniaceae: leptosporangiate ferns with sessile sporangia; South Africa to Malaysia and New Zealand,i105867,Gleichenia|genus Gleichenia,Q429586
13192345-n,coextensive with the genus Ceratopteris; sometimes included in family Polypodiaceae,i105873,Parkeriaceae|family Parkeriaceae,Q19385821
13193005-n,ferns: a large family that in some classification systems has been subdivided into several families (including Aspleniaceae and Blechnaceae and Davalliaceae and Dennstaedtiaceae and Dryopteridaceae and Oleandraceae and Pteridaceae),i105877,Polypodiaceae|family Polypodiaceae,Q849350
13195104-n,epiphytic ferns of tropical Asia,i105885,Aglaomorpha|genus Aglaomorpha,Q4692851
13195413-n,epiphytic ferns of tropical America,i105887,Campyloneurum|genus Campyloneurum,Q4566572
13196222-n,epiphytic ferns of Madagascar to tropical Asia and New Guinea,i105891,Drymoglossum|genus Drymoglossum,Q5814402
13196382-n,large robust epiphytic ferns of tropical forest and scrub; Africa and Asia and Australia,i105892,Drynaria|genus Drynaria,Q3020925
13197099-n,epiphytic ferns of tropical America and Africa,i105896,Microgramma|genus Microgramma,Q1803403
13197421-n,tropical usually epiphytic ferns; Africa to Asia and Polynesia to Australia,i105898,Microsorium|genus Microsorium,Q87298442
13197771-n,chiefly epiphytic tropical ferns with free veins bearing sori,i105900,Phlebodium|genus Phlebodium,Q2618227
13199005-n,epiphytic or lithophytic or terrestrial ferns of tropical Old World,i105906,Pyrrosia|genus Pyrrosia,Q4250979
13199398-n,tropical American epiphytic ferns having rhizomes with tubers and roots as well as scales,i105908,Solanopteris|genus Solanopteris,Q17188414
13199781-n,tropical Old World ferns having closely crowded circular sori and no indusia,i105910,Cyclophorus|genus Cyclophorus,Q17186486
13200114-n,used in some classification systems for some genera of the family Polypodiaceae (or Pteridaceae),i105912,Adiantaceae|family Adiantaceae,Q3735428
13200308-n,one of a number of families into which Polypodiaceae has been subdivided in some classification systems: genus Vittaria,i105913,Vittariaceae|family Vittariaceae,Q19387804
13200870-n,"one of a number of families into which Polypodiaceae has been subdivided in some classification systems; includes genera Asplenium, Pleurosorus, Schaffneria",i105916,Aspleniaceae|family Aspleniaceae,Q1137402
13201202-n,"a genus of about 700 species of ferns, often treated as the only genus in the family Aspleniaceae, in some classification systems placed in family Polypodiaceae (Asplenium)",i105917,Asplenium|genus Asplenium,Q5347305
13202514-n,classification used in some especially former systems for plants usually placed in genus Asplenium,i105923,Camptosorus|genus Camptosorus,Q12840797
13204149-n,small genus of Old World ferns; superseded in some classification systems which place plants of this genus in e.g. genera Asplenium and Pleurosorus,i105933,Ceterach|genus Ceterach,Q1968640
13204567-n,small genus comprising terrestrial ferns; found in Chile and Spain and Morocco and Australia and New Zealand,i105935,Pleurosorus|genus Pleurosorus,Q17278592
13204772-n,genus of the family Aspleniaceae (Schaffneria),i105936,Schaffneria|genus Schaffneria,Q17166649
13205062-n,a genus of ferns belonging to the family Polypodiaceae (in some classification systems included in genus Asplenium),i105938,Phyllitis|genus Phyllitis|genus Scolopendrium,Q17166671
13205390-n,"one of a number of families into which the family Polypodiaceae has been subdivided in some classification systems; includes genera Blechnum, Doodia, Sadleria, Stenochlaena, and Woodwardia",i105940,Blechnaceae|family Blechnaceae,Q932153
13206718-n,low tree ferns with large fronds; in rain forests and on lava flows of Hawaiian Islands,i105946,Sadleria|genus Sadleria,Q3424741
13207098-n,in some classification systems placed in family Polypodiaceae: chain ferns,i105948,Woodwardia|genus Woodwardia,Q732221
13208502-n,"one of a number of families into which Polypodiaceae has been subdivided in some classification systems, it is a family of ferns estimated in 1990 to contain 110 species (Davalliaceae)",i105955,Davalliaceae|family Davalliaceae,Q138772
13209871-n,"one of a number of families into which Polypodiaceae has been subdivided in some classification systems, it is one of fifteen families of ferns (Dennstaedtiaceae)",i105962,Dennstaedtiaceae|family Dennstaedtiaceae,Q358326
13210120-n,chiefly terrestrial ferns; in some classification systems placed in family Polypodiaceae,i105963,Dennstaedtia|genus Dennstaedtia,Q1802726
13211367-n,tree ferns of temperate Australasia having bipinnatifid or tripinnatifid fronds and usually marginal sori; in some classification systems placed in family Cyatheaceae,i105969,Dicksonia|genus Dicksonia,Q133239
13211815-n,in some classification systems placed in family Cyatheaceae: ornamental tree ferns with coarse gracefully drooping fronds,i105971,Cibotium|genus Cibotium,Q138838
13212216-n,includes some plants usually placed in e.g. genus Dicksonia: terrestrial ferns resembling bracken; tropical America; Malaysia to Australia and Polynesia; southwestern Europe and Atlantic islands,i105973,Culcita|genus Culcita,Q143760
13213796-n,large widespread genus of medium-sized terrestrial ferns; in some classification systems placed in Polypodiaceae,i105979,Dryopteris|genus Dryopteris,Q1335106
13216445-n,chiefly small perennial rock ferns: bladder ferns; in some classifications placed in Polypodiaceae,i105993,Cystopteris|genus Cystopteris,Q881825
13217840-n,one species: delicate fern of foothills of Himalayas,i106000,Diacalpa|genus Diacalpa,Q8767703
13218568-n,tropical terrestrial shield ferns,i106004,Lastreopsis|genus Lastreopsis,Q6494975
13218698-n,small genus sometimes included in genus Onoclea; in some classifications both genera are placed in Polypodiaceae,i106005,Matteuccia|genus Matteuccia|Pteretis|genus Pteretis,Q304969
13219252-n,genus of fern having only one species,i106007,Olfersia|genus Olfersia,Q17167662
13219626-n,one species: sensitive fern; in some classifications included in Polypodiaceae,i106009,Onoclea|genus Onoclea,Q5590498
13220343-n,small to medium-sized terrestrial ferns especially holly ferns; in some classification systems placed in Polypodiaceae,i106012,Polystichum|genus Polystichum,Q608099
13221704-n,leatherleaf ferns: in some classifications included in genus Polystichum,i106019,Rumohra|genus Rumohra,Q7379335
13222137-n,terrestrial or epilithic ferns of tropical rain forests,i106021,Tectaria|genus Tectaria,Q7692798
13223647-n,small family of usually scandent ferns,i106029,Lomariopsidaceae|family Lomariopsidaceae,Q138776
13223831-n,terrestrial or less than normally scandent ferns of tropical regions of Northern Hemisphere,i106030,Bolbitis|genus Bolbitis,Q1339138
13224013-n,large scandent ferns of southeastern Asia,i106031,Lomogramma|genus Lomogramma,Q9023570
13224149-n,very small family of tree ferns,i106032,Lophosoriaceae|family Lophosoriaceae,Q33137959
13224303-n,one species: tree fern of Central and South America,i106033,Lophosoria|genus Lophosoria,Q11986775
13224449-n,very small family of New Zealand ferns,i106034,Loxomataceae|family Loxomataceae,Q769399
13224606-n,one species of terrestrial ferns of New Zealand,i106035,Loxoma|genus Loxoma,Q87293338
13224740-n,"one of a number of families into which Polypodiaceae has been subdivided in some classification systems, it is a family of ferns with three genera containing approximately sixty species (Oleandraceae)",i106036,Oleandraceae|family Oleandraceae,Q15474808
13225380-n,tropical and subtropical Old World epiphytic or lithophytic ferns,i106039,Arthropteris|genus Arthropteris,Q4797690
13226899-n,"a fern genus in the Ceratopteridoideae subfamily of the Pteridaceae, in some classification systems placed in family Polypodiaceae (Acrostichum)",i106045,Acrostichum|genus Acrostichum,Q178400
13227482-n,cosmopolitan genus of ferns: maidenhair ferns; in some classification systems placed in family Polypodiaceae or Adiantaceae,i106048,Adiantum|genus Adiantum,Q673823
13229366-n,small evergreen ferns: lipferns; in some classifications placed in family Polypodiaceae or Adiantaceae,i106057,Cheilanthes|genus Cheilanthes,Q2628740
13230545-n,terrestrial ferns of Pacific islands and Asia,i106063,Coniogramme|genus Coniogramme,Q9297166
13230904-n,sometimes placed in family Polypodiaceae or Cryptogrammataceae,i106065,Cryptogramma|genus Cryptogramma,Q2121229
13232077-n,xerophytic ferns of South America,i106071,Jamesonia|genus Jamesonia,Q2472635
13232203-n,small terrestrial ferns of Old World tropics and subtropics: clawed ferns; sometimes placed in family Cryptogrammataceae,i106072,Onychium|genus Onychium,Q2572537
13232414-n,genus of chiefly small rock-loving ferns; in some classification systems it is placed in the family Polypodiaceae or Adiantaceae,i106073,Pellaea|genus Pellaea,Q654247
13233649-n,terrestrial tropical ferns having fronds with powdery yellowish or white undersides; sometimes placed in family Polypodiaceae or Adiantaceae,i106079,Pityrogramma|genus Pityrogramma,Q2637071
13235543-n,lower ferns coextensive with the family Marattiaceae,i106089,Marattiales|order Marattiales,Q15708883
13235961-n,type genus of the Marattiaceae: ferns having the sporangia fused together in two rows,i106091,Marattia|genus Marattia,Q6755059
13236697-n,fairly small terrestrial ferns of tropical America,i106095,Danaea|genus Danaea,Q5214890
13236834-n,"whisk ferns; comprising the family Psilotaceae or Psilotatae: vascular plants with no roots, partial if any leaf differentiation, and rudimentary spore sacs",i106096,Psilopsida|class Psilopsida|Psilotatae|class Psilotatae,Q99233195
13237373-n,small family of lower ferns having nearly naked stems and minute scalelike leaves,i106098,Psilotaceae|family Psilotaceae,Q500230
13237571-n,type genus of the Psilotaceae,i106099,Psilotum|genus Psilotum,Q139732
13238111-n,Paleozoic simple dichotomously branched plants of Europe and eastern Canada including the oldest known vascular land plants,i106102,Psilophytales|order Psilophytales,Q35134940
13238522-n,Paleozoic plants,i106104,Psilophytaceae|family Psilophytaceae,Q35145312
13239012-n,primitive plants of the Paleozoic,i106107,Rhyniaceae|family Rhyniaceae,Q116724894
13239179-n,type genus of the Rhyniaceae; small leafless dichotomously branching fossil plants with terminal sporangia and smooth branching rhizomes,i106108,Rhynia|genus Rhynia,Q18645387
13239402-n,Devonian fossil plant considered one of the earliest forms of vascular land plants; similar to genus Rhynia but smaller,i106109,Horneophyton|genus Horneophyton,Q18643199
13239620-n,horsetails and related forms,i106110,Sphenopsida|class Sphenopsida|Equisetatae|class Equisetatae,Q5384600
13239965-n,sole surviving family of the Equisetales: fern allies,i106112,Equisetaceae|family Equisetaceae|horsetail family,Q517643
13241740-n,"club mosses and related forms: includes Lycopodiales, Isoetales, Selaginellales, and extinct Lepidodendrales; sometimes considered a subdivision of Tracheophyta",i106121,Lycopsida|class Lycopsida|Lycopodiate|class Lycopodiate,Q1149748
13243125-n,lower vascular plants coextensive with the family Lycopodiaceae; in some classifications includes the Selaginellaceae and Isoetaceae,i106127,Lycopodiales|order Lycopodiales,Q2577942
13243567-n,type and sole genus of the Lycopodiaceae; erect or creeping evergreen plants often used for Christmas decorations,i106129,Lycopodium|genus Lycopodium,Q624488
13244984-n,in some classifications included in Lycopodiales,i106138,Selaginellales|order Selaginellales,Q7062996
13245154-n,lesser club mosses: terrestrial chiefly tropical plants resembling mosses,i106139,Selaginellaceae|family Selaginellaceae,Q2716448
13246627-n,aquatic or marsh-growing fern allies; known to have existed since the Cenozoic; sometimes included in Lycopodiales,i106147,Isoetales|order Isoetales,Q7170041
13246853-n,quillworts; coextensive with the genus Isoetes,i106148,Isoetaceae|family Isoetaceae|quillwort family,Q12840695
13247424-n,a family of fungi belonging to the order Helotiales,i106151,Geoglossaceae|family Geoglossaceae,Q1349611
13249590-n,small genus of terrestrial ferns of tropical and subtropical Southern Hemisphere,i106162,Cyclosorus|genus Cyclosorus,Q5199019
13249765-n,terrestrial ferns of Florida and West Indies to Central and South America,i106163,Goniopteris|genus Goniopteris,Q17195659
13250125-n,terrestrial ferns of tropical Americas,i106165,Meniscium|genus Meniscium,Q17197780
13250645-n,terrestrial ferns of warm and tropical Asia and North America,i106168,Parathelypteris|genus Parathelypteris,Q17195704
13251319-n,beech ferns: genus is variously classified: considered alternative name for genus Dryopteris or included in genus Thelypteris,i106171,Phegopteris|genus Phegopteris,Q2698282
13252334-n,genus of edible mushrooms having white spores an annulus and blue juice; some are edible; some cause root rot,i106176,Armillaria|genus Armillaria,Q952036
13253413-n,a honey-colored diminutive form of genus Armillaria; grows in clusters; edible (when cooked) but most attention has been on how to get rid of it,i106181,Armillariella|genus Armillariella,Q61653739
13253910-n,widely distributed family of herbs and shrubs of the order Gentianales; most with milky juice,i106183,Asclepiadaceae|family Asclepiadaceae|milkweed family,Q156689
13256845-n,small genus of South American evergreen vines,i106197,Araujia|genus Araujia,Q148954
13257252-n,genus of perennial tropical African lianas,i106199,genus Cynancum|genus Cynanchum,Q285262
13258241-n,genus of woody vines of warm regions of the Old World,i106205,Periploca|genus Periploca,Q811624
13258686-n,succulent subshrubs or vines; tropical and subtropical India and Africa and Malaysia,i106207,Sarcostemma|genus Sarcostemma,Q1117141
13260369-n,genus of chiefly tropical American vines having cordate leaves and large purple or greenish cymose flowers; supposedly having powers as an antidote,i106215,Vincetoxicum|genus Vincetoxicum,Q158135
