wn_synset,wn_definition,wn_ili,wn_members,wn_wd_qid
00056907-n,migration from a place (especially migration from your native country in order to settle in another),i35700,emigration|out-migration|expatriation,Q187668
00160216-n,inducement (as of a public official) by improper means (as bribery) to violate duty (as by committing a felony),i36249,corruption,Q366
00213054-n,withdrawal from your position or occupation,i36519,retirement,Q946865
00479273-n,a football game in which two teams of 11 players try to kick or head a ball into the opponents' goal,i37904,soccer|association football,Q2736
00612961-n,the profession of reporting or photographing or editing news stories for one of the media,i38640,journalism,Q11030
00828342-n,a Korean martial art similar to karate,i39748,tae kwon do|taekwondo,Q36389
01249244-n,a surprise attack involving the deliberate use of violence against civilians in the hope of attaining political or religious aims,i41928,terrorist attack,Q2223653
90002371-n,torture where water is poured over the face of a captive simulating drowning,?,waterboarding,Q2552748
90015801-n,A mechanism used to limit access to only paying users,?,paywall,Q910845
01333493-n,the RNA virus that causes Lassa fever,i42344,Lassa virus,Q1806636
01335581-n,the flavivirus that causes West Nile encephalitis,i42357,West Nile virus|West Nile encephalitis virus,Q158856
01352867-n,a species of bacillus that causes anthrax in humans and in animals (cattle and swine and sheep and rabbits and mice and guinea pigs); can be used a bioweapon,i42424,Bacillus anthracis|anthrax bacillus,Q614156
01353126-n,a species of bacillus found in soil and decomposing organic matter; some strains produce antibiotics,i42425,Bacillus subtilis|Bacillus globigii|grass bacillus|hay bacillus,Q10424114
01353342-n,a bacillus bacterium that causes the plague; aerosolized bacteria can be used as a bioweapon,i42426,Yersinia pestis,Q153875
01363754-n,causes brown rot in tomatoes and potatoes and tobacco etc,i42470,ring rot bacteria|Pseudomonas solanacearum,Q22112649
01367113-n,bacteria that cause abortion in sheep,i42491,Vibrio fetus,Q129574636
01367763-n,a genus of bacterial rods containing only the one species that causes granuloma inguinale,i42494,Calymmatobacterium|genus Calymmatobacterium,Q62643569
01368115-n,a genus of Gram-negative aerobic bacteria that occur as pathogens and parasite in many animals (including humans),i42496,Francisella|genus Francisella,Q3246268
01370979-n,a species of bacterium normally present in intestinal tract of humans and other animals; sometimes pathogenic; can be a threat to food safety,i42510,Escherichia coli|E. coli,Q25419
01372125-n,a form of salmonella that causes typhoid fever,i42517,typhoid bacillus|Salmonella typhosa|Salmonella typhi,Q22111431
01373106-n,a bacillus that causes dysentery,i42522,shiga bacillus|Shigella dysenteriae,Q265094
01375585-n,bacteria responsible for the sexually transmitted disease chlamydia,i42537,Chlamydia psittaci|C. psittaci,Q62869749
01379184-n,source of the antibiotic streptomycin,i42557,Streptomyces griseus,Q7623385
01379288-n,cause of a potato disease characterized by brownish corky tissue,i42558,potato scab bacteria|Streptomyces scabies,Q12321467
01379919-n,cause of tuberculosis,i42562,tubercle bacillus|Mycobacterium tuberculosis,Q130971
01380445-n,cause of leprosy,i42567,leprosy bacillus|Mycobacterium leprae,Q155891
01382939-n,a bacterium that is used to make yogurt and to supplement probiotics,i42579,acidophilus|Lactobacillus acidophilus,Q132644
01408499-n,brown algae with rounded bladders forming dense floating masses in tropical Atlantic waters as in the Sargasso Sea,i42715,gulfweed|sargassum|sargasso|Sargassum bacciferum,Q68189616
01417274-n,dark purple edible seaweed of the Atlantic coasts of Europe and North America,i42763,Irish moss|carrageen|carageen|carragheen|Chondrus crispus,Q4963539
01417780-n,coarse edible red seaweed,i42766,dulse|Rhodymenia palmata,Q104919807
01420315-n,large bioluminescent marine protozoan,i42778,noctiluca|Noctiluca miliaris,Q104912737
01421139-n,flagellate protozoan that causes leishmaniasis,i42783,Leishmania|genus Leishmania,Q524818
01443108-n,European freshwater fish having a flattened body and silvery scales; of little value as food,i42859,European bream|Abramis brama,Q144534
01444383-n,small blunt-nosed fish of Great Lakes and Mississippi valley with a greenish luster,i42867,emerald shiner|Notropis atherinoides,Q1979063
01444551-n,the common North American shiner,i42868,common shiner|silversides|Notropis cornutus,Q106388817
01445613-n,very small European freshwater fish common in gravelly streams,i42876,minnow|Phoxinus phoxinus,Q214278
01448234-n,fish of the lower Mississippi,i42892,black buffalo|Ictiobus niger,Q136536
01448498-n,widely distributed in warm clear shallow streams,i42894,hog sucker|hog molly|Hypentelium nigricans,Q3764682
01449972-n,black-barred fish of bays and coastal marshes of the Atlantic and Gulf Coast of the United States,i42902,striped killifish|mayfish|may fish|Fundulus majalis,Q2186171
01453591-n,on reefs from Bermuda and Florida to northern South America,i42923,reef squirrelfish|Holocentrus coruscus,Q106378315
01453756-n,a squirrelfish found from South Carolina to Bermuda and Gulf of Mexico,i42924,deepwater squirrelfish|Holocentrus bullisi,Q106378251
01454986-n,fish of deep dark waters having a light organ below each eye,i42932,flashlight fish|Photoblepharon palpebratus,Q106377954
01456116-n,fish with a projecting snout,i42940,boarfish|Capros aper,Q1278796
01457958-n,of rivers and coastal regions,i42950,three-spined stickleback|Gasterosteus aculeatus,Q203572
01458778-n,small (4 inches) fish found off the Florida Gulf Coast,i42955,dwarf pipefish|Syngnathus hildebrandi,Q106436344
01459095-n,a fish 8 inches long; found from eastern Florida to western Caribbean,i42957,deepwater pipefish|Cosmocampus profundus,Q2380746
01460493-n,tropical Atlantic fish with a long snout; swims snout down,i42966,trumpetfish|Aulostomus maculatus,Q1966255
01480516-n,large anadromous lamprey sometimes used as food; destructive of native fish fauna in the Great Lakes,i43068,sea lamprey|Petromyzon marinus,Q385764
01481610-n,typical hagfish,i43073,Myxine glutinosa,Q780327
01484139-n,large European chimaera,i43089,rabbitfish|Chimaera monstrosa,Q1160972
01485662-n,large primitive shark widely distributed in warm seas,i43095,cow shark|six-gilled shark|Hexanchus griseus,Q312293
01487088-n,similar to shortfin mako but darker blue,i43104,longfin mako|Isurus paucus,Q207630
01488120-n,large harmless plankton-eating northern shark; often swims slowly or floats at the sea surface,i43110,basking shark|Cetorhinus maximus,Q185260
01489479-n,small bottom-dwelling shark of warm shallow waters on both coasts of North America and South America and from southeast Asia to Australia,i43118,nurse shark|Ginglymostoma cirratum,Q756859
01490147-n,shallow-water shark with sharp jagged teeth found on both sides of Atlantic; sometimes dangerous to swimmers,i43121,sand tiger|sand shark|Carcharias taurus|Odontaspis taurus,Q625161
01492142-n,a most common shark in temperate and tropical coastal waters worldwide; heavy-bodied and dangerous,i43130,bull shark|cub shark|Carcharhinus leucas,Q190469
01492350-n,most common grey shark along coasts of middle Atlantic states; sluggish and occasionally caught by fishermen,i43131,sandbar shark|Carcharhinus plumbeus,Q304539
01493311-n,common shallow-water schooling shark of the Atlantic from North Carolina to Brazil and off west Africa; dangerous,i43136,lemon shark|Negaprion brevirostris,Q206495
01493647-n,"slender cosmopolitan, pelagic shark; blue body shades to white belly; dangerous especially during maritime disasters",i43138,blue shark|great blue shark|Prionace glauca,Q26337
01495210-n,smooth dogfish of European coastal waters,i43147,smoothhound|smoothhound shark|Mustelus mustelus,Q260097
01495349-n,found along the Atlantic coast of the Americas,i43148,American smooth dogfish|Mustelus canis,Q941962
01495501-n,found from the northern Gulf of Mexico to Brazil,i43149,Florida smoothhound|Mustelus norrisi,Q2619358
01496470-n,destructive dogfish of the Atlantic coastal waters of America and Europe; widely used in anatomy classes,i43155,Atlantic spiny dogfish|Squalus acanthias,Q212694
01497523-n,fished for the hide and vitamin-rich liver,i43161,smalleye hammerhead|Sphyrna tudes,Q1150019
01502037-n,ray with back covered with white or yellow spots; widely distributed in warm seas,i43186,spotted eagle ray|spotted ray|Aetobatus narinari,Q655565
01502373-n,large ray found along eastern coast of North America,i43188,cownose ray|cow-nosed ray|Rhinoptera bonasus,Q10360338
01503495-n,small manta (to 4 feet) that travels in schools,i43194,devil ray|Mobula hypostoma,Q4548397
01504282-n,common European skate used as food,i43198,grey skate|gray skate|Raja batis,Q106445006
01521519-n,fast-running African flightless bird with two-toed feet; largest living bird,i43235,ostrich|Struthio camelus,Q17592
01524040-n,larger of two tall fast-running flightless birds similar to ostriches but three-toed; found from Brazil to Patagonia,i43249,rhea|Rhea americana,Q192044
01524397-n,smaller of two tall fast-running flightless birds similar to ostriches but three-toed; found from Peru to Strait of Magellan,i43251,rhea|nandu|Pterocnemia pennata,Q25006711
01531486-n,a common pipit that is brown above and white below; widely distributed in northern and central Europe and in Asia,i43285,meadow pipit|Anthus pratensis,Q26956
01533819-n,small European finch having a crimson face and yellow-and-black wings,i43293,goldfinch|Carduelis carduelis,Q25418
01533985-n,small Old World finch whose male has a red breast and forehead,i43294,linnet|lintwhite|Carduelis cannabina,Q26034
01534153-n,small yellow-and-black Eurasian finch with a sharp beak,i43295,siskin|Carduelis spinus,Q168881
01534452-n,small siskin-like finch with a red crown and a rosy breast and rump,i43297,redpoll|Carduelis flammea,Q206701
01534612-n,small siskin-like finch with a red crown,i43298,redpoll|Carduelis hornemanni,Q391412
01535152-n,small finch of North American coniferous forests,i43301,pine siskin|pine finch|Spinus pinus,Q26847063
01537223-n,common North American junco having grey plumage and eyes with dark brown irises,i43315,dark-eyed junco|slate-colored junco|Junco hyemalis,Q525818
01537781-n,common North American finch noted for its evening song,i43318,vesper sparrow|grass finch|Pooecetes gramineus,Q776555
01538331-n,finch with black-and-white striped crown,i43321,white-crowned sparrow|Zonotrichia leucophrys,Q686673
01538676-n,small North American finch common in urban areas,i43323,chipping sparrow|Spizella passerina,Q645203
01539285-n,small songbird common in North America,i43327,song sparrow|Melospiza melodia,Q842599
01541003-n,common in Russia and Siberia,i43337,yellow-breasted bunting|Emberiza aureola,Q335535
01542566-n,small hardy brown-and-grey bird native to Europe,i43347,English sparrow|house sparrow|Passer domesticus,Q14683
01543207-n,North American grosbeak,i43351,evening grosbeak|Hesperiphona vespertina,Q25167830
01543743-n,large grosbeak of coniferous forests of Old and New Worlds,i43355,pine grosbeak|Pinicola enucleator,Q214571
01546273-n,small finch-like Indonesian weaverbird that frequents rice fields,i43372,Java sparrow|Java finch|ricebird|Padda oryzivora,Q500278
01553721-n,tropical bird of northern South America the male having brilliant red or orange plumage and an erectile disklike crest,i43414,cock of the rock|Rupicola rupicola,Q652466
01554974-n,black tropical American bird having a large overhanging crest and long feathered wattle,i43422,umbrella bird|Cephalopterus ornatus,Q2469246
01561406-n,European thrush common in rocky areas; the male has blackish plumage with a white band around the neck,i43457,ring ouzel|ring blackbird|ring thrush|Turdus torquatus,Q26641
01563434-n,common European chat with black plumage and a reddish-brown breast,i43470,stonechat|Saxicola torquata,Q40658797
01565092-n,songbird of northern Europe and Asia,i43482,bluethroat|Erithacus svecicus,Q40654550
01566858-n,American kinglet with a notable song and in the male a red crown patch,i43492,ruby-crowned kinglet|ruby-crowned wren|Regulus calendula,Q576050
01567555-n,greyish-brown Old World warbler with a white throat and underparts,i43496,greater whitethroat|whitethroat|Sylvia communis|Curruca communis,Q110257516
01567719-n,Old World warbler similar to the greater whitethroat but smaller,i43497,lesser whitethroat|whitethroat|Sylvia curruca,Q206089
01567986-n,European woodland warbler with dull yellow plumage,i43499,wood warbler|Phylloscopus sibilatrix,Q27075477
01568848-n,tropical Asian warbler that stitches leaves together to form and conceal its nest,i43505,tailorbird|Orthotomus sutorius,Q795556
01570520-n,yellow wood warbler with a black crown,i43513,Wilson's warbler|Wilson's blackcap|Wilsonia pusilla,Q1146827
01571361-n,North American wood warbler; olive green and yellow striped with black,i43518,Cape May warbler|Dendroica tigrina,Q1586243
01571903-n,common warbler of western North America,i43521,Audubon's warbler|Audubon warbler|Dendroica auduboni,Q40654149
01572612-n,American warbler noted for imitating songs of other birds,i43526,yellow-breasted chat|Icteria virens,Q787047
01572908-n,American warbler; builds a dome-shaped nest on the ground,i43528,ovenbird|Seiurus aurocapillus,Q40659522
01576001-n,a meadowlark of western North America,i43547,western meadowlark|Sturnella neglecta,Q1368136
01576268-n,black-and-red or black-and-yellow orioles of the American tropics,i43549,cacique|cazique,Q599898
01577201-n,eastern United States grackle,i43555,purple grackle|Quiscalus quiscula,Q1424486
01580099-n,glossy black bird with pink back and abdomen; chiefly Asian,i43573,rose-colored starling|rose-colored pastor|Pastor sturnus|Pastor roseus,Q20823352
01580582-n,dark brown crested bird of southeastern Asia,i43576,crested myna|Acridotheres tristis,Q116667
01583511-n,common jay of eastern North America; bright blue with grey breast,i43595,blue jay|jaybird|Cyanocitta cristata,Q199758
01583807-n,a jay of northern North America with black-capped head and no crest; noted for boldness in thievery,i43597,Canada jay|grey jay|gray jay|camp robber|whisker jack|Perisoreus canadensis,Q80858
01584625-n,nutcracker of the western United States,i43602,Clark's nutcracker|Nucifraga columbiana,Q1142785
01585039-n,a common magpie of Eurasia,i43605,European magpie|Pica pica,Q25307
01587336-n,small wren of coniferous forests of Northern Hemisphere,i43618,winter wren|Troglodytes troglodytes,Q25740
01588063-n,small American wren inhabiting wet sedgy meadows,i43623,sedge wren|short-billed marsh wren|Cistothorus platensis,Q746317
01588356-n,wren inhabiting badlands and mesa country of western United States and Mexico,i43625,rock wren|Salpinctes obsoletus,Q935880
01588661-n,large United States wren with a musical call,i43627,Carolina wren|Thryothorus ludovicianus,Q1585636
01589919-n,mockingbird of Mexico,i43634,blue mockingbird|Melanotis caerulescens,Q1587047
01591366-n,short-tailed bird resembling a wren,i43643,rock wren|Xenicus gilviventris,Q135589
01591637-n,small green-and-bronze bird,i43645,rifleman bird|Acanthisitta chloris,Q646366
01592359-n,a common creeper in North America with a down-curved bill,i43649,brown creeper|American creeper|Certhia americana,Q490294
01593646-n,a kind of nuthatch,i43656,European nuthatch|Sitta europaea,Q156767
01595923-n,small brown bird of California resembling a wren,i43670,wren-tit|Chamaea fasciata,Q1048896
01598615-n,common small European martin that builds nests under the eaves of houses,i43686,house martin|Delichon urbica,Q40654079
01598914-n,swallow of the Northern Hemisphere that nests in tunnels dug in clay or sand banks,i43688,bank martin|bank swallow|sand martin|Riparia riparia,Q25909
01599249-n,large North American martin of which the male is blue-black,i43690,purple martin|Progne subis,Q1062485
01600715-n,of middle and southern United States; male is deep rose-red the female mostly yellow,i43699,summer tanager|summer redbird|Piranga rubra,Q1078246
01601800-n,a common European butcherbird,i43705,European shrike|Lanius excubitor,Q184508
01601910-n,a butcherbird of northern North America,i43706,northern shrike|Lanius borealis,Q31874734
01602982-n,a kind of bush shrike,i43713,black-fronted bush shrike|Chlorophoneus nigrifrons,Q27075292
01603709-n,of southeast Australia; male is glossy violet blue; female is light grey-green,i43717,satin bowerbird|satin bird|Ptilonorhynchus violaceus,Q585670
01604721-n,a water ouzel of Europe,i43723,European water ouzel|Cinclus aquaticus,Q107055630
01604850-n,a water ouzel of western North America,i43724,American water ouzel|Cinclus mexicanus,Q912010
01605641-n,of eastern North America having a bluish-grey head and mostly green body,i43729,solitary vireo|Vireo solitarius,Q1586476
01609163-n,large hawk of Eurasia and North America used in falconry,i43745,goshawk|Accipiter gentilis,Q25353
01609313-n,small hawk of Eurasia and northern Africa,i43746,sparrow hawk|Accipiter nisus,Q25380
01610241-n,large hawk of the Northern Hemisphere that feeds chiefly on small rodents and is beneficial to farmers,i43752,rough-legged hawk|roughleg|Buteo lagopus,Q26407
01610906-n,Old World hawk that feeds on bee larvae and small rodents and reptiles,i43756,honey buzzard|Pernis apivorus,Q170466
01611703-n,graceful North American black-and-white kite,i43761,swallow-tailed kite|swallow-tailed hawk|Elanoides forficatus,Q430540
01612597-n,Old World harrier frequenting marshy regions,i43766,marsh harrier|Circus aeruginosus,Q26431
01612741-n,brownish European harrier,i43767,Montagu's harrier|Circus pygargus,Q26574
01612867-n,common harrier of North America and Europe; nests in marshes and open land,i43768,marsh hawk|northern harrier|hen harrier|Circus cyaneus,Q25572
01614610-n,small Old World falcon that hovers in the air against a wind,i43777,kestrel|Falco tinnunculus,Q26490
01614916-n,small falcon of Europe and America having dark plumage with black-barred tail; used in falconry,i43779,pigeon hawk|merlin|Falco columbarius,Q131918
01615818-n,South American caracara,i43784,carancha|Polyborus plancus,Q40657867
01616984-n,large eagle of mountainous regions of the Northern Hemisphere having a golden-brown head and neck,i43791,golden eagle|Aquila chrysaetos,Q41181
01617197-n,brownish eagle of Africa and parts of Asia,i43792,tawny eagle|Aquila rapax,Q374141
01617944-n,found on coasts of the northwestern Pacific,i43797,Kamchatkan sea eagle|Stellar's sea eagle|Haliaeetus pelagicus,Q269896
01619192-n,in some classifications considered the family comprising the Old World vultures which are more often included in the family Accipitridae,i43804,Aegypiidae|family Aegypiidae,Q13428438
01619736-n,large vulture of southern Europe and northern Africa having pale plumage with black wings,i43807,griffon vulture|griffon|Gyps fulvus,Q177856
01620084-n,the largest Eurasian bird of prey; having black feathers hanging around the bill,i43809,bearded vulture|lammergeier|lammergeyer|Gypaetus barbatus,Q126167
01620407-n,small mostly white vulture of Africa and southern Eurasia,i43811,Egyptian vulture|Pharaoh's chicken|Neophron percnopterus,Q33504
01621144-n,large long-legged African bird of prey that feeds on reptiles,i43816,secretary bird|Sagittarius serpentarius,Q168748
01622776-n,North American condor; chiefly dull black; almost extinct,i43825,California condor|Gymnogyps californianus,Q194314
01623055-n,American vulture smaller than the turkey buzzard,i43827,black vulture|carrion crow|Coragyps atratus,Q213366
01624761-n,small European owl,i43835,little owl|Athene noctua,Q129958
01625600-n,reddish-brown European owl having a round head with black eyes,i43841,tawny owl|Strix aluco,Q25756
01626066-n,small North American owl having hornlike tufts of feathers whose call sounds like a quavering whistle,i43844,screech owl|Otus asio,Q40657257
01626521-n,a large owl of North America found in forests from British Columbia to central Mexico; has dark brown plumage and a heavily spotted chest,i43847,spotted owl|Strix occidentalis,Q748921
01626756-n,European scops owl,i43848,Old World scops owl|Otus scops,Q171563
01626853-n,Asian scops owl,i43849,Oriental scops owl|Otus sunia,Q1260390
01627178-n,grey-and-white diurnal hawk-like owl of northern parts of the Northern Hemisphere,i43852,hawk owl|Surnia ulula,Q193192
01628203-n,mottled buff and white owl often inhabiting barns and other structures; important in rodent control,i43859,barn owl|Tyto alba,Q25317
01632789-n,ovoviviparous amphibian of the Alps,i43875,alpine salamander|Salamandra atra,Q259425
01633311-n,small semiaquatic salamander,i43878,common newt|Triturus vulgaris,Q50407527
01633542-n,red terrestrial form of a common North American newt,i43880,red eft|Notophthalmus viridescens,Q1552306
01634153-n,newt that is similar to Taricha granulosa in characteristics and habitat,i43884,California newt|Taricha torosa,Q1358580
01638121-n,small large-eyed semiaquatic salamander of the United States Northwest,i43909,olympic salamander|Rhyacotriton olympicus,Q786946
01638993-n,common salamander of eastern North America,i43913,eastern red-backed salamander|Plethodon cinereus,Q1092717
01639151-n,salamander of the Pacific coast of North America,i43914,western red-backed salamander|Plethodon vehiculum,Q2510325
01640970-n,similar to Shasta salamander; lives in cliff crevices and taluses,i43925,limestone salamander|Hydromantes brunus,Q308239
01646537-n,large toothed frog of South America and Central America resembling the bullfrog,i43953,crapaud|South American bullfrog|Leptodactylus pentadactylus,Q2136945
01649029-n,largest known toad species; native to Central America; valuable destroyer of insect pests,i43967,agua|agua toad|Bufo marinus,Q13165156
01649443-n,common toad of America,i43970,American toad|Bufo americanus|Anaxyrus americanus,Q694496
01649543-n,Eurasian toad with variable chiefly green coloring,i43971,Eurasian green toad|Bufo viridis|Bufotes viridis,Q21245936
01649944-n,nocturnal burrowing toad of mesquite woodland and prairies of the United States southwest,i43974,Texas toad|Bufo speciosus|Anaxyrus speciosus,Q28032645
01651261-n,toad of central and eastern Europe having red or orange patches mixed with black on its underside,i43982,fire-bellied toad|Bombina bombina,Q372267
01654282-n,a cricket frog of eastern and central United States,i43998,northern cricket frog|Acris crepitans,Q2673608
01655667-n,small secretive toad with smooth tough skin of central and western North America,i44006,western narrow-mouthed toad|Gastrophryne olivacea,Q2720420
01655864-n,small toad of southeastern United States,i44007,eastern narrow-mouthed toad|Gastrophryne carolinensis,Q2181155
01666706-n,very large carnivorous sea turtle; wide-ranging in warm open seas,i44042,loggerhead|loggerhead turtle|Caretta caretta,Q192095
01667315-n,olive-colored sea turtle of tropical Pacific and Indian and the southern Atlantic oceans,i44046,Pacific ridley|olive ridley|Lepidochelys olivacea,Q282385
01668182-n,wide-ranging marine turtle with flexible leathery carapace; largest living turtle,i44051,leatherback turtle|leatherback|leathery turtle|Dermochelys coriacea,Q120043
01672013-n,primarily a prairie turtle of western United States and northern Mexico,i44073,Western box turtle|Terrapene ornata,Q2302528
01672295-n,freshwater turtles having bright yellow and red markings; common in the eastern United States,i44075,painted turtle|painted terrapin|painted tortoise|Chrysemys picta,Q199203
01673176-n,small land tortoise of southern Europe,i44079,European tortoise|Testudo graeca,Q504549
01674120-n,burrowing tortoise of the arid western United States and northern Mexico; may be reclassified as a member of genus Xerobates,i44085,desert tortoise|Gopherus agassizii,Q914356
01675073-n,river turtle of western United States with a warty shell; prefers quiet water,i44090,spiny softshell|Trionyx spiniferus,Q106449030
01675252-n,river turtle of Mississippi basin; prefers running water,i44091,smooth softshell|Trionyx muticus,Q106449022
01681298-n,swift lizard with long black-banded tail and long legs; of deserts of United States and Mexico,i44119,zebra-tailed lizard|gridiron-tailed lizard|Callisaurus draconoides,Q169498
01683969-n,one of the most abundant lizards in the arid western United States,i44135,side-blotched lizard|sand lizard|Uta stansburiana,Q1414026
01684813-n,of arid and semiarid open country,i44140,Texas horned lizard|Phrynosoma cornutum,Q748410
01688685-n,very swift lizard of eastern and central United States,i44163,racerunner|race runner|six-lined racerunner|Cnemidophorus sexlineatus,Q18324831
01688861-n,having distinct longitudinal stripes: of Colorado Plateau from Arizona to western Colorado,i44164,plateau striped whiptail|Cnemidophorus velox,Q5085972
01689044-n,having longitudinal stripes overlaid with light spots; upland lizard of United States southwest and Mexico,i44165,Chihuahuan spotted whiptail|Cnemidophorus exsanguis,Q43306334
01689449-n,markings are darker and more marked than in western whiptail; from southeastern Colorado to eastern Chihuahua,i44167,checkered whiptail|Cnemidophorus tesselatus,Q43308270
01691722-n,desert lizard that feeds on ants,i44181,mountain devil|spiny lizard|Moloch horridus,Q320665
01692790-n,small burrowing legless European lizard with tiny eyes; popularly believed to be blind,i44187,blindworm|slowworm|Anguis fragilis,Q183660
01695816-n,a common and widely distributed lizard of Europe and central Asia,i44205,sand lizard|Lacerta agilis,Q148595
01695975-n,a common Eurasian lizard about a foot long,i44206,green lizard|Lacerta viridis,Q307047
01697596-n,destroys crocodile eggs,i44215,African monitor|Varanus niloticus,Q737896
01700252-n,estuarine crocodile of eastern Asia and Pacific islands,i44228,Asian crocodile|Crocodylus porosus,Q182599
01701423-n,small alligator of the Yangtze valley of China having unwebbed digits,i44236,Chinese alligator|Alligator sinensis,Q194422
01701895-n,caiman with bony ridges about the eyes; found from southern Mexico to Argentina,i44239,spectacled caiman|Caiman sclerops,Q107333250
01702316-n,large fish-eating Indian crocodilian with a long slender snout,i44242,gavial|Gavialis gangeticus,Q17134
01732948-n,of southern and eastern United States,i44405,rough green snake|Opheodrys aestivus,Q426062
01734405-n,a whipsnake of southern United States and Mexico; tail resembles a braided whip,i44415,coachwhip|coachwhip snake|Masticophis flagellum,Q43373908
01735255-n,large harmless snake of southeastern United States; often on farms,i44420,corn snake|red rat snake|Elaphe guttata,Q22915197
01735430-n,large harmless shiny black North American snake,i44421,black rat snake|blacksnake|pilot blacksnake|mountain blacksnake|Elaphe obsoleta,Q18324838
01736107-n,nocturnal burrowing snake of western United States with shiny tan scales,i44426,glossy snake|Arizona elegans,Q670937
01736598-n,bull snake of western North America that invades rodent burrows,i44429,gopher snake|Pituophis melanoleucus,Q1663774
01737449-n,nonvenomous tan and brown king snake with an arrow-shaped occipital spot; southeastern ones have red stripes like coral snakes,i44434,milk snake|house snake|milk adder|checkered adder|Lampropeltis triangulum,Q1257513
01738369-n,yellow- or reddish-striped snake of temperate woodlands and grasslands to tropics,i44439,Western ribbon snake|Thamnophis proximus,Q2565456
01738673-n,secretive snake of city dumps and parks as well as prairies and open woods; feeds on earthworms; of central United States,i44441,lined snake|Tropidoclonion lineatum,Q2156927
01739016-n,small shy brightly-ringed terrestrial snake of arid or semiarid areas of western North America,i44443,ground snake|Sonora semiannulata,Q3021047
01739437-n,in some classifications placed in genus Haldea; small reddish-grey snake of eastern North America,i44446,eastern ground snake|Potamophis striatula|Haldea striatula,Q3019094
01740113-n,in some classifications placed in the genus Nerodia; western United States snake that seldom ventures far from water,i44450,common water snake|banded water snake|Natrix sipedon|Nerodia sipedon,Q2163958
01740516-n,harmless European snake with a bright yellow collar; common in England,i44452,grass snake|ring snake|ringed snake|Natrix natrix,Q170713
01740706-n,a small harmless grass snake,i44453,viperine grass snake|Natrix maura,Q1541871
01742772-n,nocturnal prowler of western United States and Mexico,i44467,night snake|Hypsiglena torquata,Q922205
01743873-n,large dark-blue nonvenomous snake that invades burrows; found in southern North America and Mexico,i44474,indigo snake|gopher snake|Drymarchon corais,Q3014273
01745727-n,large arboreal boa of tropical South America,i44485,anaconda|Eunectes murinus,Q207347
01746741-n,of southeast Asia and East Indies; the largest snake in the world,i44491,reticulated python|Python reticulatus,Q216136
01746911-n,very large python of southeast Asia,i44492,Indian python|Python molurus,Q245183
01747042-n,very large python of tropical and southern Africa,i44493,rock python|rock snake|Python sebae,Q764797
01748543-n,ranges from Central America to southeastern United States,i44499,eastern coral snake|Micrurus fulvius,Q1513945
01748832-n,ranges from Central America to southwestern United States,i44501,western coral snake|Micruroides euryxanthus,Q167912
01749593-n,small widely distributed arboreal snake of southern Africa banded in black and orange,i44506,African coral snake|Aspidelaps lubricus,Q1285063
01750905-n,a cobra of tropical Africa and Asia,i44514,Indian cobra|Naja naja,Q192754
01751327-n,aggressive cobra widely distributed in Africa; rarely bites but spits venom that may cause blindness,i44517,black-necked cobra|spitting cobra|Naja nigricollis,Q386619
01752383-n,a highly venomous southern African mamba dreaded because of its quickness and readiness to bite,i44523,Dendroaspis angusticeps|eastern green mamba,Q622805
01752808-n,venomous Australian snake resembling an adder,i44526,death adder|Acanthophis antarcticus,Q1454860
01753078-n,highly venomous brown-and-yellow snake of Australia and Tasmania,i44528,tiger snake|Notechis scutatus,Q1520949
01753384-n,large semiaquatic snake of Australia; black above with red belly,i44530,Australian blacksnake|Pseudechis porphyriacus,Q2005433
01753856-n,sluggish krait banded with black and yellow,i44533,banded krait|banded adder|Bungarus fasciatus,Q40581
01754113-n,large highly venomous snake of northeastern Australia,i44535,taipan|Oxyuranus scutellatus,Q2321476
01755673-n,large African viper that inflates its body when alarmed,i44544,puff adder|Bitis arietans,Q369667
01755821-n,large heavy-bodied brilliantly marked and extremely venomous west African viper,i44545,gaboon viper|Bitis gabonica,Q371183
01758730-n,widely distributed between the Mississippi and the Rockies,i44559,prairie rattlesnake|prairie rattler|Western rattlesnake|Crotalus viridis,Q1515347
01759149-n,largest and most dangerous North American snake; of southwestern United States and Mexico,i44561,Western diamondback|Western diamondback rattlesnake|Crotalus atrox,Q222287
01759374-n,mountain rock dweller of Mexico and most southern parts of United States southwest,i44562,rock rattlesnake|Crotalus lepidus,Q646391
01759557-n,having irregularly cross-banded back; of arid foothills and canyons of southern Arizona and Mexico,i44563,tiger rattlesnake|Crotalus tigris,Q617863
01759984-n,markings vary but usually harmonize with background; of southwestern Arizona and Baja California,i44565,speckled rattlesnake|Crotalus mitchellii,Q1498023
01777025-n,venomous New World spider; the female is black with an hourglass-shaped red mark on the underside of the abdomen,i44613,black widow|Latrodectus mactans,Q113297
01779945-n,a northeastern tick now recognized as same species as Ixodes scapularis,i44628,Ixodes dammini|deer tick,Q129496515
01780290-n,a tick that feeds on dusky-footed wood rat and bites humans; principal vector for Lyme disease in western United States especially northern California,i44630,Ixodes pacificus|western black-legged tick,Q2714455
01780550-n,parasitic on mice of genus Peromyscus and bites humans; principal vector for Lyme disease in eastern United States (especially New England); northern form was for a time known as Ixodes dammini (deer tick),i44631,Ixodes scapularis|black-legged tick,Q1497962
01781262-n,a species of hard-bodied tick; transmits Lyme disease spirochete to cottontail rabbits and wood rats (Ixodes dentatus),i44634,Ixodes dentatus,Q10538610
01781442-n,a species of hard-bodied tick; transmits Lyme disease spirochete to cottontail rabbits and wood rats (Ixodes spinipalpis),i44635,Ixodes spinipalpis,Q10538746
01785157-n,small web-spinning mite; a serious orchard pest,i44658,red spider|red spider mite|Panonychus ulmi,Q640085
01786347-n,minute arthropod often infesting the underground parts of truck-garden and greenhouse crops,i44664,garden centipede|garden symphilid|symphilid|Scutigerella immaculata,Q6497995
01788308-n,long-legged centipede common in damp places as e.g. cellars,i44674,house centipede|Scutigera coleoptrata,Q367643
01789832-n,used in some classifications; includes the orders Xiphosura and Eurypterida,i44682,Merostomata|class Merostomata,Q19105
01794266-n,a domestic fowl bred for flesh or eggs; believed to have been developed from the red jungle fowl,i44707,chicken|Gallus gallus,Q184774
01798541-n,a black grouse of western Asia,i44735,Asian black grouse|Lyrurus mlokosiewiczi,Q845408
01799160-n,reddish-brown grouse of upland moors of Great Britain,i44740,red grouse|moorfowl|moorbird|moor-bird|moorgame|Lagopus scoticus,Q40655821
01799948-n,North American grouse that feeds on evergreen buds and needles,i44746,spruce grouse|Canachites canadensis,Q117253054
01801347-n,the most common variety of prairie chicken,i44755,greater prairie chicken|Tympanuchus cupido,Q19630
01804120-n,Australian mound bird; incubates eggs naturally in sandy mounds,i44772,mallee fowl|leipoa|lowan|Leipoa ocellata,Q901228
01804517-n,black megapode of wooded regions of Australia and New Guinea,i44775,brush turkey|Alectura lathami,Q632066
01806003-n,common pheasant having bright plumage and a white neck ring,i44782,ring-necked pheasant|Phasianus colchicus,Q25432
01806282-n,both sexes are brightly colored,i44784,afropavo|Congo peafowl|Afropavo congensis,Q338996
01807711-n,the typical Old World quail,i44794,migratory quail|Coturnix coturnix|Coturnix communis,Q28358
01810469-n,common European partridge,i44813,Hungarian partridge|grey partridge|gray partridge|Perdix perdix,Q26106
01810932-n,of mountainous areas of southern Europe,i44816,Greek partridge|rock partridge|Alectoris graeca,Q492684
01815303-n,pale grey Eurasian pigeon having black-striped wings from which most domestic species are descended,i44841,rock dove|rock pigeon|Columba livia,Q42326
01816173-n,the common European wild dove noted for its plaintive cooing,i44846,Streptopelia turtur,Q168514
01817911-n,gregarious North American migratory pigeon now extinct,i44859,passenger pigeon|Ectopistes migratorius,Q191968
01818658-n,sandgrouse of India,i44863,painted sandgrouse|Pterocles indicus,Q127884
01818781-n,sandgrouse of Europe and Africa having elongated middle tail feathers,i44864,pin-tailed sandgrouse|pin-tailed grouse|Pterocles alchata,Q753741
01819115-n,Eurasiatic sandgrouse with a black patch on the belly,i44866,pallas's sandgrouse|Syrrhaptes paradoxus,Q128002
01820594-n,commonly domesticated grey parrot with red-and-black tail and white face; native to equatorial Africa,i44873,African grey|African gray|Psittacus erithacus,Q220328
01821954-n,white cockatoo with a yellow erectile crest,i44882,sulphur-crested cockatoo|Kakatoe galerita|Cacatua galerita,Q207107
01823717-n,a kind of lorikeet,i44894,rainbow lorikeet|Trichoglossus moluccanus,Q1809222
01824941-n,African parakeet,i44901,ring-necked parakeet|Psittacula krameri,Q208060
01827390-n,common coucal of India and China,i44916,crow pheasant|Centropus sinensis,Q767112
01827503-n,Australian bird with a tail like a pheasant,i44917,pheasant coucal|pheasant cuckoo|Centropus phasianinus,Q369680
01829321-n,common European blue-and-green roller with a reddish-brown back,i44927,European roller|Coracias garrulus,Q179367
01832683-n,pinkish-brown hoopoe with black-and-white wings,i44948,Upupa epops|European hoopoe,Q25247
01835753-n,swift of eastern Asia; produces the edible bird's nest,i44967,swiftlet|Collocalia inexpectata,Q41214676
01836818-n,a kind of hummingbird,i44973,Archilochus colubris,Q834843
01838410-n,Old World goatsucker,i44982,European goatsucker|European nightjar|Caprimulgus europaeus,Q26717
01841727-n,woodpecker of Europe and western Asia,i45000,green woodpecker|Picus viridis,Q166171
01842391-n,large flicker of eastern North America with a red neck and yellow undersurface to wings and tail,i45005,yellow-shafted flicker|Colaptes auratus|yellowhammer,Q16819
01843929-n,eastern North American sapsucker having a pale yellow abdomen,i45014,yellow-bellied sapsucker|Sphyrapicus varius,Q934735
01850619-n,a dusky duck of northeastern United States and Canada,i45053,black duck|Anas rubripes,Q845292
01853194-n,North American goldeneye diving duck,i45070,Barrow's goldeneye|Bucephala islandica,Q369767
01853848-n,North American diving duck with a grey-and-black body and reddish-brown head,i45074,redhead|Aythya americana,Q692192
01854783-n,showy North American duck that nests in hollow trees,i45080,wood duck|summer duck|wood widgeon|Aix sponsa,Q322159
01855041-n,showy crested Asiatic duck; often domesticated,i45082,mandarin duck|Aix galericulata,Q200339
01856307-n,a variety of scoter,i45090,common scoter|Melanitta nigra,Q27434
01856511-n,a common long-tailed sea duck of the northern parts of the United States,i45092,old squaw|oldwife|Clangula hyemalis,Q26597
01858117-n,small North American duck with a high circular crest on the male's head,i45101,hooded merganser|hooded sheldrake|Lophodytes cucullatus,Q241349
01859021-n,very large wild goose of northeast Asia; interbreeds freely with the greylag,i45106,Chinese goose|Anser cygnoides,Q31354
01862137-n,swan that nests in tundra regions of the New and Old Worlds,i45126,tundra swan|Cygnus columbianus,Q26603
01863505-n,screamer having a hornlike process projecting from the forehead,i45134,horned screamer|Anhima cornuta,Q732753
01863971-n,largest crested screamer; native to southern Brazil and Argentina,i45137,chaja|Chauna torquata,Q602961
01877954-n,omnivorous opossum of the eastern United States; noted for feigning death when in danger; esteemed as food in some areas; considered same species as the crab-eating opossum of South America,i45164,common opossum|Didelphis virginiana|Didelphis marsupialis,Q194663
01879308-n,bandicoot with leathery ears like a rabbit,i45172,rabbit-eared bandicoot|rabbit bandicoot|bilby|Macrotis lagotis,Q371667
01880247-n,very large greyish-brown Australian kangaroo formerly abundant in open wooded areas,i45176,giant kangaroo|great grey kangaroo|Macropus giganteus,Q270098
01884498-n,bushy-tailed phalanger,i45203,brush-tailed phalanger|Trichosurus vulpecula,Q732477
01885355-n,sluggish tailless Australian arboreal marsupial with grey furry ears and coat; feeds on eucalyptus leaves and bark,i45209,koala|koala bear|kangaroo bear|native bear|Phascolarctos cinereus,Q36101
01886844-n,carnivorous arboreal cat-like marsupials of Australia and Tasmania,i45217,native cat|Dasyurus viverrinus,Q194516
01892490-n,amphibious mole of eastern North America having pink fleshy tentacles around the nose,i45246,starnose mole|star-nosed mole|Condylura cristata,Q547663
01892785-n,mole of eastern North America,i45248,brewer's mole|hair-tailed mole|Parascalops breweri,Q1470645
01893654-n,shrew mole of eastern Asia,i45254,Asiatic shrew mole|Uropsilus soricipes,Q1767402
01894671-n,common American shrew,i45260,common shrew|Sorex araneus,Q591450
01894786-n,commonest shrew of moist habitats in North America,i45261,masked shrew|Sorex cinereus,Q469038
01895026-n,North American shrew with tail less than half its body length,i45263,short-tailed shrew|Blarina brevicauda,Q1766543
01895385-n,water shrew of North America,i45265,American water shrew|Sorex palustris,Q2043191
01895662-n,widely distributed Old World water shrew,i45267,European water shrew|Neomys fodiens,Q465986
01895805-n,a type of water shrew,i45268,Mediterranean water shrew|Neomys anomalus,Q613721
01896040-n,small brown shrew of grassy regions of eastern United States,i45270,least shrew|Cryptotis parva,Q1764011
01896466-n,small nocturnal Old World mammal covered with both hair and protective spines,i45273,hedgehog|Erinaceus europaeus|Erinaceus europeaeus,Q6145
01897163-n,prolific animal that feeds chiefly on earthworms,i45277,tailless tenrec|Tenrec ecaudatus,Q852769
01897597-n,amphibious African insectivorous mammal that resembles an otter,i45280,otter shrew|potamogale|Potamogale velox,Q474780
01914044-n,a type of jellyfish,i45378,Chrysaora quinquecirrha,Q2118900
01923700-n,ctenophore having a ribbon-shaped iridescent gelatinous body,i45436,Venus's girdle|Cestum veneris,Q2469009
01929020-n,flatworm parasitic in liver and bile ducts of domestic animals and humans,i45462,liver fluke|Fasciola hepatica,Q334149
01933781-n,intestinal parasite of domestic fowl,i45489,chicken roundworm|Ascaridia galli,Q3503323
01934792-n,minute eelworm that feeds on organisms that cause fermentation in e.g. vinegar,i45496,vinegar eel|vinegar worm|Anguillula aceti|Turbatrix aceti,Q1368890
01941095-n,large European freshwater leech formerly used for bloodletting,i45529,medicinal leech|Hirudo medicinalis,Q30041
01945728-n,an abalone found near the Channel Islands,i45545,ormer|sea-ear|Haliotis tuberculata,Q1552190
01947453-n,one of the chief edible snails,i45555,edible snail|Helix pomatia,Q245314
01947981-n,a kind of garden snail,i45558,Helix hortensis,Q40470822
01949468-n,gastropod having reddish toothlike projections around the shell opening; of the Caribbean area,i45567,bleeding tooth|Nerita peloronta,Q3173997
01951726-n,marine limpet,i45582,common limpet|Patella vulgata,Q182258
01952140-n,marine limpet having a conical shell with an opening at the apex,i45585,keyhole limpet|Fissurella apertura|Diodora apertura,Q3739561
01952614-n,minute conical gastropod superficially resembling a limpet but living and feeding on freshwater plants,i45588,river limpet|freshwater limpet|Ancylus fluviatilis,Q1434354
01953915-n,naked marine gastropod having a soft body with reduced internal shell and two pairs of ear-like tentacles,i45594,sea hare|Aplysia punctata,Q520464
01954254-n,a kind of sea slug,i45596,Hermissenda crassicornis,Q522625
01956235-n,cowrie whose shell is used for money in parts of the southern Pacific and in parts of Africa,i45608,money cowrie|Cypraea moneta,Q11176238
01965147-n,thin-shelled bivalve having the right valve deeply notched,i45659,saddle oyster|Anomia ephippium,Q204259
01966912-n,a mussel with a dark shell that lives attached to rocks,i45670,edible mussel|Mytilus edulis,Q27855
01968170-n,inch long mollusk imported accidentally from Europe; clogs utility inlet pipes and feeds on edible freshwater mussels,i45678,zebra mussel|Dreissena polymorpha,Q752130
01969227-n,a large scallop inhabiting deep waters of the Atlantic coast of North America,i45683,sea scallop|giant scallop|Pecten magellanicus,Q106066216
01973308-n,cephalopod mollusk of warm seas whose females have delicate papery spiral shells,i45707,paper nautilus|nautilus|argonaut|Argonauta argo,Q39514
01980126-n,large edible crab of the southern coast of the United States (particularly Florida),i45739,stone crab|Menippe mercenaria,Q5461759
01981096-n,crab of eastern coast of North America,i45745,rock crab|Cancer irroratus,Q590283
01982515-n,bluish edible crab of Atlantic and Gulf Coasts of North America,i45754,blue crab|Callinectes sapidus,Q844839
01983471-n,tiny soft-bodied crab living within the mantle cavity of oysters,i45760,oyster crab|Pinnotheres ostreum,Q40628380
01984988-n,very large deep-water Japanese crab,i45769,giant crab|Macrocheira kaempferi,Q273655
01986470-n,small lobster of southern Africa,i45777,Cape lobster|Homarus capensis,Q40481921
01986886-n,edible European lobster resembling the American lobster but slenderer,i45780,Norway lobster|Nephrops norvegicus,Q551915
01991510-n,food for jellyfish,i45808,Euphausia pacifica,Q992625
01998340-n,common to saline lakes,i45849,brine shrimp|Artemia salina,Q1135229
02001395-n,barnacle that attaches to rocks especially in intertidal zones,i45867,acorn barnacle|rock barnacle|Balanus balanoides,Q40982388
02001840-n,stalked barnacle that attaches to ship bottoms or floating timbers,i45870,goose barnacle|gooseneck barnacle|Lepas fascicularis,Q15896367
02005378-n,Old World stork that is glossy black above and white below,i45885,black stork|Ciconia nigra,Q25398
02008053-n,large stork-like bird of the valley of the White Nile with a broad bill suggesting a wooden shoe,i45901,shoebill|shoebird|Balaeniceps rex,Q18700
02008717-n,any of several Old World birds of the genus Ibis,i45905,wood ibis|wood stork|Ibis ibis,Q11844301
02009938-n,tropical rose-colored New World spoonbill,i45913,roseate spoonbill|Ajaia ajaja,Q107333222
02011297-n,large white heron of Florida and the Florida Keys,i45920,great white heron|Ardea occidentalis,Q110257447
02011883-n,small bluish-grey heron of the western hemisphere,i45923,little blue heron|Egretta caerulea,Q371028
02012404-n,widely distributed Old World white egret,i45927,great white heron|Casmerodius albus,Q25664280
02013670-n,North American night heron,i45935,yellow-crowned night heron|Nyctanassa violacea,Q764282
02013935-n,tropical American heron related to night herons,i45937,boatbill|boat-billed heron|broadbill|Cochlearius cochlearius,Q210341
02014597-n,"a kind of bittern, also known as the great bittern (Botaurus stellaris)",i45941,European bittern|Botaurus stellaris,Q25709
02014839-n,small American bittern,i45943,least bittern|Ixobrychus exilis,Q469586
02016891-n,Brazilian Cariama; sole representative of the genus Cariama,i45954,crested cariama|seriema|Cariama cristata,Q903662
02017178-n,Argentinian Cariama,i45956,chunga|seriema|Chunga burmeisteri,Q933531
02018720-n,Eurasian rail of swamps and marshes,i45965,spotted crake|Porzana porzana,Q194024
02019470-n,black gallinule that inhabits ponds and lakes,i45969,moorhen|Gallinula chloropus,Q18847
02019867-n,purple gallinule of southern Europe,i45972,European gallinule|Porphyrio porphyrio,Q187902
02020129-n,American purple gallinule,i45974,American gallinule|Porphyrula martinica,Q40642457
02022873-n,a variety of button quail having stripes,i45991,striped button quail|Turnix sylvatica,Q50407554
02023232-n,small Australian bird related to the button quail; classified as wading bird but inhabits plains,i45994,plain wanderer|Pedionomus torquatus,Q665606
02028043-n,common turnstone of the Pacific coast of North America,i46017,black turnstone|Arenaria melanocephala,Q618751
02029602-n,a variety of sandpiper,i46023,European sandpiper|Actitis hypoleucos,Q18850
02030146-n,small common sandpiper that breeds in northern or Arctic regions and winters in southern United States or Mediterranean regions,i46027,red-backed sandpiper|dunlin|Erolia alpina,Q106447283
02031105-n,"a variety of yellowlegs, a small North American shorebird (Tringa flavipes)",i46033,lesser yellowlegs|Tringa flavipes,Q28000
02032032-n,small sandpiper that breeds in the Arctic and migrates southward along sandy coasts in most of world,i46039,sanderling|Crocethia alba,Q107333207
02032360-n,large plover-like sandpiper of North American fields and uplands,i46041,upland sandpiper|upland plover|Bartramian sandpiper|Bartramia longicauda,Q530194
02033222-n,tattler of Pacific coastal regions,i46047,Polynesian tattler|Heteroscelus incanus,Q1265652
02033491-n,large North American shorebird of eastern and Gulf Coasts,i46049,willet|Catoptrophorus semipalmatus,Q25664334
02034876-n,common snipe of Eurasia and Africa,i46057,whole snipe|Gallinago gallinago,Q25692
02035978-n,a dowitcher with a red breast,i46065,red-breasted snipe|Limnodromus scolopaceus,Q476350
02037625-n,stilt of southwestern United States to northern South America having black plumage extending from the head down the back of the neck,i46075,black-necked stilt|Himantopus mexicanus,Q280358
02037864-n,stilt of Europe and Africa and Asia having mostly white plumage but with black wings,i46076,black-winged stilt|Himantopus himantopus,Q178821
02041120-n,breeds on the northern great plains of Canada,i46095,Wilson's phalarope|Steganopus tricolor|Phalaropus tricolor,Q45696
02042151-n,courser of desert and semidesert regions of the Old World,i46101,cream-colored courser|Cursorius cursor,Q219199
02042434-n,African courser that feeds on insect parasites on crocodiles,i46103,crocodile bird|Pluvianus aegyptius,Q835119
02042920-n,large-headed large-eyed crepuscular or nocturnal shorebird of the Old World and tropical America having a thickened knee joint,i46106,stone curlew|thick-knee|Burhinus oedicnemus,Q184834
02044700-n,large gull of the Northern Hemisphere,i46115,herring gull|Larus argentatus,Q28236
02045126-n,white Arctic gull; migrates as far south as England and New Brunswick,i46118,ivory gull|Pagophila eburnea,Q723064
02045987-n,common tern of Eurasia and America having white black and grey plumage,i46124,sea swallow|Sterna hirundo,Q18875
02047171-n,a variety of jaeger,i46131,parasitic jaeger|arctic skua|Stercorarius parasiticus,Q203053
02050629-n,common puffin of the northern Atlantic,i46154,Atlantic puffin|Fratercula arctica,Q26685
02050769-n,northern Pacific puffin,i46155,horned puffin|Fratercula corniculata,Q855367
02051007-n,northern Pacific puffin having a large yellow plume over each eye,i46157,tufted puffin|Lunda cirrhata|Fratercula cirrhata,Q50726540
02053096-n,large stocky grebe of circumpolar regions having a dark neck,i46169,red-necked grebe|Podiceps grisegena,Q179919
02053240-n,small grebe with yellow ear tufts and a black neck; found in Eurasia and southern Africa as well as western United States,i46170,black-necked grebe|eared grebe|Podiceps nigricollis,Q185183
02054858-n,large American pelican; white with black wing feathers,i46179,white pelican|Pelecanus erythrorhynchos,Q735190
02055019-n,similar to American white pelican,i46180,Old world white pelican|Pelecanus onocrotalus|great white pelican,Q199427
02056079-n,very large white gannet with black wing tips,i46187,solan|solan goose|solant goose|Sula bassana,Q106447807
02057365-n,blackish New World snakebird of swampy regions,i46195,water turkey|Anhinga anhinga,Q469940
02058882-n,medium-sized penguins occurring in large colonies on the Adelie Coast of Antarctica,i46204,Adelie|Adelie penguin|Pygoscelis adeliae,Q187958
02059689-n,small penguin of South America and southern Africa with a braying call,i46209,jackass penguin|Spheniscus demersus,Q244813
02061248-n,very large albatross; white with wide black wings,i46218,wandering albatross|Diomedea exulans,Q208682
02062194-n,large black petrel of southern seas having a white mark on the chin,i46223,white-chinned petrel|Procellaria aequinoctialis,Q276206
02062786-n,heavy short-tailed oceanic bird of polar regions,i46227,fulmar|fulmar petrel|Fulmarus glacialis,Q26896
02064213-n,medium-sized storm petrel,i46236,Mother Carey's chicken|Mother Carey's hen|Oceanites oceanicus,Q607024
02067469-n,largest mammal ever known; bluish-grey migratory whalebone whale mostly of Southern Hemisphere,i46252,blue whale|sulfur bottom|Balaenoptera musculus,Q42196
02067916-n,similar to but smaller than the finback whale,i46254,sei whale|Balaenoptera borealis,Q185097
02068060-n,small finback of coastal waters of Atlantic and Pacific,i46255,lesser rorqual|piked whale|minke whale|Balaenoptera acutorostrata,Q201808
02069893-n,large whale with a large cavity in the head containing spermaceti and oil; also a source of ambergris,i46265,sperm whale|cachalot|black whale|Physeter catodon,Q19829408
02070256-n,small sperm whale of warm waters of both coasts of North America,i46267,pygmy sperm whale|Kogia breviceps,Q244300
02071194-n,northern Atlantic beaked whale with a bulbous forehead,i46272,bottle-nosed whale|bottlenose whale|bottlenose|Hyperoodon ampullatus,Q300949
02072626-n,the most common dolphin of northern Atlantic and Mediterranean; often kept captive and trained to perform,i46279,Atlantic bottlenose dolphin|Tursiops truncatus,Q174199
02073276-n,the common porpoise of the northern Atlantic and Pacific,i46283,harbor porpoise|herring hog|Phocoena phocoena,Q27027
02075145-n,small Arctic whale the male having a long spiral ivory tusk,i46295,narwhal|narwal|narwhale|Monodon monoceros,Q159426
02076483-n,sirenian mammal of tropical coastal waters of America; the flat tail is rounded,i46303,manatee|Trichechus manatus,Q40261
02077378-n,extinct large sirenian mammal formerly found near the Asiatic coast of the Bering Sea,i46308,Steller's sea cow|Hydrodamalis gigas,Q187484
02080036-n,a fur seal of the Pacific coast of California and southward,i46320,guadalupe fur seal|Arctocephalus townsendi,Q221088
02080439-n,of Pacific coast from Alaska southward to California,i46323,Alaska fur seal|Callorhinus ursinus,Q7966
02080944-n,of the southern coast of South America,i46326,South American sea lion|Otaria byronia,Q28174380
02081226-n,often trained as a show animal,i46328,California sea lion|Zalophus californianus|Zalophus californicus,Q379732
02082503-n,small spotted seal of coastal waters of the Northern Hemisphere,i46335,harbor seal|common seal|Phoca vitulina,Q26913
02083365-n,medium-sized greyish to yellow seal with bristles each side of muzzle; of the Arctic Ocean,i46341,bearded seal|Erignathus barbatus|squareflipper|square flipper|square flipper seal,Q149405
02083712-n,medium-sized blackish-grey seal with large inflatable sac on the head; of Arctic and northern Atlantic waters,i46343,hooded seal|bladdernose|Cystophora cristata,Q214287
02117019-n,a wolf with a brindled grey coat living in forested northern regions of North America,i46550,timber wolf|grey wolf|gray wolf|Canis lupus,Q18498
02117364-n,reddish-grey wolf of southwestern North America,i46552,red wolf|maned wolf|Canis rufus|Canis niger,Q28196316
02118565-n,fierce wild dog of the forests of central and southeast Asia that hunts in packs,i46559,dhole|Cuon alpinus,Q132585
02119390-n,a powerful doglike mammal of southern and eastern Africa that hunts in large packs; now rare in settled area,i46565,African hunting dog|hyena dog|Cape hunting dog|Lycaon pictus,Q173651
02120164-n,of northern Africa and Arabia and India,i46569,striped hyena|Hyaena hyaena,Q188657
02121674-n,the common Old World fox; having reddish-brown fur; commonly considered a single circumpolar species,i46579,red fox|Vulpes vulpes,Q8332
02122286-n,small grey fox of the plains of western North America,i46583,kit fox|prairie fox|Vulpes velox,Q263706
02122731-n,thickly-furred fox of Arctic regions; brownish in summer and white in winter,i46586,Arctic fox|white fox|Alopex lagopus,Q23729171
02123157-n,dark grey American fox; from Central America through southern United States,i46589,grey fox|gray fox|Urocyon cinereoargenteus,Q215250
02127733-n,bushy-tailed wildcat of Europe that resembles the domestic cat and is regarded as the ancestor of the domestic cat,i46617,European wildcat|catamountain|Felis silvestris,Q43576
02128524-n,widely distributed wildcat of Africa and Asia Minor,i46621,kaffir cat|caffer cat|Felis ocreata,Q47450946
02132960-n,long-legged spotted cat of Africa and southwestern Asia having nonretractile claws; the swiftest mammal; can be trained to run down game,i46651,cheetah|chetah|Acinonyx jubatus,Q23907
02135813-n,brown to black North American bear; smaller and less ferocious than the brown bear,i46666,American black bear|black bear|Ursus americanus|Euarctos americanus,Q122783
02137070-n,common coarse-haired long-snouted bear of south-central Asia,i46673,sloth bear|Melursus ursinus|Ursus ursinus,Q145016
02138262-n,common civet of India and southeast Asia,i46678,large civet|Viverra zibetha,Q757265
02138496-n,a common civet of southeast Asia,i46680,small civet|Viverricula indica|Viverricula malaccensis,Q125705855
02138937-n,large primitive cat-like carnivores inhabiting forests of Madagascar,i46683,Cryptoprocta|genus Cryptoprocta,Q141424
02140540-n,northern African mongoose; in ancient times thought to devour crocodile eggs,i46694,ichneumon|Herpestes ichneumon,Q649306
02142920-n,"a variety of fruit bat, known as the small flying fox, island flying fox or variable flying fox (Pteropus hypomelanus)",i46708,Pteropus hypomelanus,Q583116
02143510-n,a variety of fruit eating bat,i46712,Cynopterus sphinx,Q1340212
02145059-n,large-eared greyish bat of southern California and northwestern Mexico,i46719,macrotus|Macrotus californicus,Q1834586
02145550-n,a variety of leaf-nosed bat,i46722,Phyllostomus hastatus,Q1548283
02145794-n,small-eared Mexican bat with a long slender nose,i46724,hognose bat|Choeronycteris mexicana,Q309117
02148562-n,common Eurasian bat with white-tipped hairs in its coat,i46739,frosted bat|Vespertilio murinus,Q232644
02148853-n,North American bat of a brick or rusty red color with hairs tipped with white,i46741,red bat|Lasiurus borealis,Q301708
02149825-n,rather large North American brown bat; widely distributed,i46747,big brown bat|Eptesicus fuscus,Q301254
02150243-n,drab yellowish big-eared bat that lives in caves,i46750,pallid bat|cave bat|Antrozous pallidus,Q301105
02150599-n,small European brown bat,i46752,pipistrelle|pipistrel|Pipistrellus pipistrellus,Q176901
02150740-n,one of the smallest bats of eastern North America,i46753,eastern pipistrel|Pipistrellus subflavus,Q478631
02150897-n,a vespertilian bat of western North America,i46754,western pipistrel|Pipistrellus hesperus,Q786179
02153537-n,mouse-sized bat of tropical Central America and South America having sharp incisor and canine teeth; feeds on the blood of birds and mammals,i46770,Desmodus rotundus,Q300981
02153882-n,similar in size and habits to Desmodus rotundus; of tropical America including southern California and Texas,i46772,hairy-legged vampire bat|Diphylla ecaudata,Q717028
02168529-n,red ladybug with a black spot on each wing,i46848,two-spotted ladybug|Adalia bipunctata,Q233024
02168881-n,introduced into the United States from Mexico; feeds on the foliage of the bean plant,i46850,Mexican bean beetle|bean beetle|Epilachna varivestis,Q1563577
02172626-n,black-and-yellow beetle that feeds in adult and larval stages on potato leaves; originally of eastern Rocky Mountains; now worldwide,i46874,Colorado potato beetle|Colorado beetle|potato bug|potato beetle|Leptinotarsa decemlineata,Q156954
02176025-n,small metallic green and brown beetle native to eastern Asia; serious plant pest in North America,i46894,Japanese beetle|Popillia japonica,Q1683382
02179399-n,tropical American click beetle having bright luminous spots,i46913,firefly|fire beetle|Pyrophorus noctiluca,Q6093621
02181369-n,greyish weevil that lays its eggs in cotton bolls destroying the cotton,i46925,boll weevil|Anthonomus grandis,Q217336
02185007-n,larvae live in and feed on seeds of the pea plant,i46946,pea weevil|Bruchus pisorum,Q1310545
02185748-n,a beetle from China that has been found in the United States and is a threat to hardwood trees; lives inside the tree; no natural predators in the United States,i46951,Asian longhorned beetle|Anoplophora glabripennis,Q312378
02187241-n,infests the head and body of humans,i46959,head louse|Pediculus capitis,Q50405403
02188466-n,a louse parasitic on poultry,i46967,chicken louse|shaft louse|Menopon palladum|Menopon gallinae,Q11777384
02189369-n,the most common flea attacking humans,i46972,Pulex irritans,Q989263
02189931-n,flea that breeds chiefly on cats and dogs and rats,i46976,cat flea|Ctenocephalides felis,Q1736901
02190552-n,parasitic on especially the heads of chickens,i46980,sticktight|sticktight flea|Echidnophaga gallinacea,Q5332402
02192322-n,small fly whose larvae damage wheat and other grains,i46986,Hessian fly|Mayetiola destructor,Q1615814
02196317-n,parasitic chiefly on horses,i47010,horse botfly|Gasterophilus intestinalis,Q3098874
02197402-n,larvae are parasitic on sheep,i47017,sheep botfly|sheep gadfly|Oestrus ovis,Q2213119
02199837-n,small black-and-white fly that damages citrus and other fruits by implanting eggs that hatch inside the fruit,i47032,Mediterranean fruit fly|medfly|Ceratitis capitata,Q250269
02200341-n,small fruit fly used by Thomas Hunt Morgan in studying basic mechanisms of inheritance,i47035,drosophila|Drosophila melanogaster,Q130888
02202154-n,small black European fly introduced into North America; sucks blood from cattle especially at the base of the horn,i47046,horn fly|Haematobia irritans,Q3125657
02204658-n,common house mosquito,i47059,common mosquito|Culex pipiens,Q27958
02213573-n,a common solitary bee important for pollinating alfalfa in the western United States,i47110,Nomia melanderi|alkali bee,Q2184225
02215891-n,European hornet introduced into the United States,i47123,giant hornet|Vespa crabro,Q30258
02216195-n,a variety of vespid wasp,i47125,common wasp|Vespula vulgaris,Q260482
02216440-n,small yellow-marked social wasp commonly nesting in the ground,i47127,yellow jacket|yellow hornet|Vespula maculifrons,Q5330640
02217312-n,a family of wasps,i47133,Mutillidae|family Mutillidae,Q252363
02221667-n,small black sawfly native to Europe but established in eastern United States; larvae mine the leaves of birches causing serious defoliation,i47160,birch leaf miner|Fenusa pusilla,Q14452991
02222877-n,tiny glossy black ant; nests outdoors but invades houses for food,i47165,little black ant|Monomorium minimum,Q6652659
02224367-n,an ant frequently enslaved,i47175,Formica fusca,Q1543905
02225234-n,small reddish slave-making ant species,i47181,Amazon ant|Polyergus rufescens,Q456474
02227365-n,Australian termite; sole living species of Mastotermes; called a living fossil; apparent missing link between cockroaches and termites,i47193,Mastotermes darwiniensis,Q135349
02228450-n,extremely destructive dry-wood termite of warm regions,i47199,powder-post termite|Cryptotermes brevis,Q13582607
02229899-n,Old World locust that travels in vast swarms stripping large areas of vegetation,i47207,migratory locust|Locusta migratoria,Q1059580
02231349-n,large dark wingless cricket-like katydid of arid parts of western United States,i47215,mormon cricket|Anabrus simplex,Q2789177
02231808-n,large wingless nocturnal grasshopper that burrows in loose soil along the Pacific coast of the United States,i47218,sand cricket|Jerusalem cricket|Stenopelmatus fuscus,Q10678932
02234455-n,a variety of stick insect,i47233,diapheromera|Diapheromera femorata,Q5153638
02237007-n,large reddish brown free-flying cockroach originally from southern United States but now widely distributed,i47246,American cockroach|Periplaneta americana,Q267996
02241010-n,widespread plant and fruit pest,i47269,tarnished plant bug|Lygus lineolaris,Q7686422
02243660-n,predaceous aquatic insect that swims on its back and may inflict painful bites,i47287,backswimmer|Notonecta undulata,Q10603680
02249593-n,whitefly that attacks citrus trees,i47321,citrus whitefly|Dialeurodes citri,Q2685673
02249868-n,whitefly that inhabits greenhouses,i47323,greenhouse whitefly|Trialeurodes vaporariorum,Q581988
02250307-n,a strain of pest accidentally imported into Florida from the Middle East then spread to California where it is a very serious pest feeding on almost all vegetable crops and poinsettias,i47326,superbug|Bemisia tabaci|poinsettia strain,Q1303946
02251786-n,pest on citrus trees,i47335,brown soft scale|Coccus hesperidum,Q12868312
02253885-n,Asiatic insect introduced accidentally into United States; pest on citrus and apple trees,i47348,Comstock mealybug|Comstock's mealybug|Pseudococcus comstocki,Q10642695
02254245-n,feeds on a wide variety of cultivated plants but especially destructive to citrus,i47350,citrus mealybug|Planococcus citri,Q206556
02256565-n,primarily a bark feeder on aerial parts and roots of apple and other trees,i47364,woolly apple aphid|American blight|Eriosoma lanigerum,Q618315
02256898-n,attacks alders,i47366,woolly alder aphid|Prociphilus tessellatus,Q10639210
02257553-n,"a variety of adelgid, or small wingless insects that infest and kill firs, especially Balsam Fir and Fraser Fir (Adelges piceae)",i47370,balsam woolly aphid|Adelges piceae,Q1382443
02257675-n,"a variety of adelgid which is a pest of the Norway spruce and various North American spruces, especially the white spruce and black spruce (Adelges abietis)",i47371,spruce gall aphid|Adelges abietis,Q7195442
02257922-n,"a variety of adelgid which feeds on red, black, Engelmann, blue, and white spruce, or alternatively on white and western white pines (Pineus pinifoliae)",i47373,pine leaf aphid|Pineus pinifoliae,Q10631887
02259936-n,North American cicada; appears in great numbers at infrequent intervals because the nymphs take 13 to 17 years to mature,i47386,seventeen-year locust|periodical cicada|Magicicada septendecim,Q1949538
02261281-n,feeds on pines in northern United States,i47394,Saratoga spittlebug|Aphrophora saratogensis,Q13430039
02264071-n,minute wingless psocopterous insects injurious to books and papers,i47411,booklouse|book louse|deathwatch|Liposcelis divinatorius,Q4224702
02264409-n,a variety of booklouse,i47413,common booklouse|Trogium pulsatorium,Q10717185
02269516-n,dark-colored insect having predaceous aquatic larvae,i47442,alderfly|alder fly|Sialis lutaria,Q1316279
02274938-n,injurious to growing tobacco and peanuts,i47475,tobacco thrips|Frankliniella fusca,Q10498532
02278212-n,of temperate regions; having dark purple wings with yellow borders,i47489,mourning cloak|mourning cloak butterfly|Camberwell beauty|Nymphalis antiopa,Q503989
02278730-n,American butterfly having dark brown wings with white and golden orange spots,i47492,painted beauty|Vanessa virginiensis,Q1590841
02279554-n,North American butterfly with blue-black wings crossed by a broad white band,i47497,banded purple|white admiral|Limenitis arthemis,Q2661300
02279746-n,similar to the banded purple but with red spots on underwing surfaces,i47498,red-spotted purple|Limenitis astyanax,Q13575510
02279920-n,showy American butterfly resembling the monarch but smaller,i47499,viceroy|Limenitis archippus,Q310832
02281909-n,European butterfly having reddish-brown wings each marked with a purple eyespot,i47513,peacock|peacock butterfly|Inachis io,Q97378644
02283667-n,small widely distributed form,i47522,small white|Pieris rapae,Q27653
02285205-n,common copper butterfly of central and eastern North America,i47531,American copper|Lycaena hypophlaeas,Q123966317
02285729-n,larvae are pests of various economic plants,i47534,Strymon melinus,Q3021949
02287536-n,California moth whose larvae live in especially oranges,i47544,orange tortrix|tortrix|Argyrotaenia citrana,Q13394225
02287831-n,a small grey moth whose larvae live in apples and English walnuts,i47546,codling moth|codlin moth|Carpocapsa pomonella,Q59155163
02288741-n,European moth introduced into North America; a serious pest of shade trees,i47551,gypsy moth|gipsy moth|Lymantria dispar,Q45532
02289077-n,small brown and white European moth introduced into eastern United States; pest of various shade and fruit trees,i47553,browntail|brown-tail moth|Euproctis phaeorrhoea,Q15657825
02290004-n,moth whose larvae are spring cankerworms,i47558,Paleacrita vernata,Q7127086
02290274-n,North American moth with grey-winged males and wingless females; larvae are fall cankerworms,i47560,Alsophila pometaria,Q1370141
02295053-n,moth that forms a web in which it lives,i47587,webbing clothes moth|webbing moth|Tineola bisselliella,Q1945889
02296749-n,small moth whose larvae feed on kernels of stored grains,i47598,angoumois moth|angoumois grain moth|Sitotroga cerealella,Q666035
02297059-n,greyish-brown moth whose larva is the potato tuberworm,i47600,potato moth|potato tuber moth|splitworm|Phthorimaea operculella,Q3038703
02298673-n,moth having dull forewings and red-marked hind wings,i47608,red underwing|Catocala nupta,Q581524
02298928-n,European moth with white antler-like markings on the forewings; the larvae damage pastures and grasslands,i47610,antler moth|Cerapteryx graminis,Q1258221
02299564-n,larvae (of a noctuid moth) that travel in large groups and destroy grains and alfalfa in the midwestern states,i47614,army cutworm|Chorizagrotis auxiliaris,Q13466120
02299946-n,moth whose destructive larvae travel in multitudes,i47616,armyworm|Pseudaletia unipuncta,Q17294983
02301691-n,moth whose larvae are tobacco hornworms,i47626,Manduca sexta,Q1366539
02302030-n,moth whose larvae are tomato hornworms,i47628,Manduca quinquemaculata,Q1303141
02302498-n,European hawkmoth with markings on the back resembling a human skull,i47631,death's-head moth|Acherontia atropos,Q41524
02304587-n,large moth of temperate forests of Eurasia having heavily scaled transparent wings,i47640,emperor|emperor moth|Saturnia pavonia,Q30964
02304896-n,large American moth having yellow wings with purplish or brownish markings; larvae feed on e.g. maple and pine trees,i47642,imperial moth|Eacles imperialis,Q1935887
02305621-n,large pale-green American moth with long-tailed hind wings and a yellow crescent-shaped mark on each forewing,i47646,luna moth|Actias luna,Q135289
02306237-n,large Asiatic moth introduced into the United States; larvae feed on the ailanthus,i47650,cynthia moth|Samia cynthia|Samia walkeri,Q13475800
02306688-n,large yellow American moth having a large eyelike spot on each hind wing; the larvae have stinging spines,i47653,io moth|Automeris io,Q1766445
02307084-n,very large yellowish-brown American silkworm moth with large eyespots on hind wings; larvae feed on fruit and shade trees,i47655,polyphemus moth|Antheraea polyphemus,Q1758845
02307309-n,a Chinese moth that produces a brownish silk,i47656,pernyi moth|Antheraea pernyi,Q1074174
02307449-n,oriental moth that produces brownish silk,i47657,tussah|tusseh|tussur|tussore|tusser|Antheraea mylitta,Q1852236
02309828-n,moth whose larvae are tent caterpillars,i47670,tent-caterpillar moth|Malacosoma americana,Q13810025
02310167-n,moth whose gregarious larvae spin webs resembling carpets,i47672,tent-caterpillar moth|Malacosoma disstria,Q2121239
02321339-n,a variety of basket star,i47733,Astrophyton muricatum,Q3545270
02324699-n,of warm coasts from Australia to Asia; used as food especially by Chinese,i47755,trepang|Holothuria edulis,Q2305882
02328536-n,a wood rabbit of southeastern United States swamps and lowlands,i47775,swamp rabbit|canecutter|swamp hare|Sylvilagus aquaticus,Q583901
02328726-n,a wood rabbit of marshy coastal areas from North Carolina to Florida,i47776,marsh hare|swamp rabbit|Sylvilagus palustris,Q138169
02329514-n,large hare introduced in North America; does not turn white in winter,i47780,European hare|Lepus europaeus,Q26838
02330087-n,the common jackrabbit of grasslands and open areas of western United States; has large black-tipped ears and black streak on the tail,i47783,blacktail jackrabbit|Lepus californicus,Q640645
02330308-n,a large hare of northern North America; it is almost completely white in winter,i47784,polar hare|Arctic hare|Lepus arcticus,Q231625
02331472-n,North American pika,i47791,little chief hare|Ochotona princeps,Q469908
02334808-n,brownish-grey Old World mouse now a common household pest worldwide,i47803,house mouse|Mus musculus,Q83310
02335842-n,nocturnal yellowish-brown mouse inhabiting woods and fields and gardens,i47809,European wood mouse|Apodemus sylvaticus,Q212185
02339653-n,brownish New World mouse; most widely distributed member of the genus,i47832,deer mouse|Peromyscus maniculatus,Q649836
02339984-n,large dark mouse of southeastern United States,i47834,cotton mouse|Peromyscus gossypinus,Q959378
02340250-n,very small dark greyish brown mouse resembling a house mouse; of Texas and Mexico,i47836,pygmy mouse|Baiomys taylori,Q306168
02341374-n,destructive long-haired burrowing rat of southern North America and Central America,i47844,cotton rat|Sigmodon hispidus,Q941564
02342574-n,any of several bushy-tailed rodents of the genus Neotoma of western North America; hoards food and other objects,i47849,packrat|pack rat|trade rat|bushytail woodrat|Neotoma cinerea,Q1017409
02342838-n,host to Lyme disease tick (Ixodes pacificus) in northern California,i47850,dusky-footed woodrat|Neotoma fuscipes,Q1763729
02343292-n,hardy agile rat of grassy marshes of Mexico and the southeastern United States,i47853,rice rat|Oryzomys palustris,Q1092084
02344268-n,typical vole of the extended prairie region of central United States and southern Canada,i47859,prairie vole|Microtus ochrogaster,Q1095135
02345710-n,a variety of hamster common to Europe and Asia,i47868,Eurasian hamster|Cricetus cricetus,Q208077
02347570-n,notable for mass migrations even into the sea where many drown,i47880,European lemming|Lemmus lemmus,Q819985
02347730-n,of northwestern Canada and Alaska,i47881,brown lemming|Lemmus trimucronatus,Q1769625
02348426-n,of northern Canada,i47886,Hudson bay collared lemming|Dicrostonyx hudsonius,Q1768611
02348649-n,of low bogs and meadows of northeastern and central United States and southern Canada,i47888,southern bog lemming|Synaptomys cooperi,Q1367837
02348822-n,of wet alpine and subalpine meadows of Canada and Alaska,i47889,northern bog lemming|Synaptomys borealis,Q1762848
02350225-n,porcupine of Borneo and Sumatra having short spines and a long tail,i47897,long-tailed porcupine|Trichys lipura,Q40712760
02352499-n,large pocket mouse of Mexico,i47909,Mexican pocket mouse|Liomys irroratus,Q115792
02352757-n,any of various leaping rodents of desert regions of North America and Mexico; largest members of the family Heteromyidae,i47911,kangaroo rat|desert rat|Dipodomys phillipsii,Q306215
02353995-n,widely distributed in northeastern and central United States and Canada,i47918,meadow jumping mouse|Zapus hudsonius,Q1761993
02354942-n,a variety of jerboa,i47924,Jaculus jaculus,Q920382
02355584-n,large European dormouse,i47928,loir|Glis glis,Q147128
02355824-n,a variety of dormouse,i47930,hazel mouse|Muscardinus avellanarius,Q207148
02356972-n,gopher of Alabama and Georgia and Florida,i47937,southeastern pocket gopher|Geomys pinetis,Q1767114
02357273-n,of valleys and mountain meadows of western United States,i47939,valley pocket gopher|Thomomys bottae,Q1497037
02359264-n,large grey squirrel of far western areas of United States,i47947,western grey squirrel|western gray squirrel|Sciurus griseus,Q1071837
02360053-n,of northern United States and Canada,i47952,American red squirrel|spruce squirrel|red squirrel|Sciurus hudsonicus|Tamiasciurus hudsonicus,Q326976
02361236-n,rather large central Eurasian ground squirrel,i47958,suslik|souslik|Citellus citellus,Q40653494
02362208-n,tail is black tipped,i47964,blacktail prairie dog|Cynomys ludovicianus,Q247142
02362319-n,tail is white tipped,i47965,whitetail prairie dog|Cynomys gunnisoni,Q936978
02363585-n,small large-eyed nocturnal flying squirrel of eastern United States,i47973,southern flying squirrel|Glaucomys volans,Q913350
02363742-n,large flying squirrel; chiefly of Canada,i47974,northern flying squirrel|Glaucomys sabrinus,Q1094722
02364502-n,heavy-bodied yellowish-brown marmot of rocky areas of western North America,i47979,yellowbelly marmot|rockchuck|Marmota flaviventris,Q838113
02365897-n,a European variety of beaver,i47987,Old World beaver|Castor fiber,Q181191
02366003-n,a variety of beaver found in almost all areas of North America except Florida,i47988,New World beaver|Castor canadensis,Q81056
02366648-n,bulky nocturnal burrowing rodent of uplands of the Pacific coast of North America; the most primitive living rodent,i47992,mountain beaver|sewellel|Aplodontia rufa,Q503813
02367325-n,stout-bodied nearly tailless domesticated cavy; often kept as a pet and widely used in research,i47996,guinea pig|Cavia cobaya,Q122453942
02367760-n,hare-like rodent of the Pampas of Argentina,i47999,mara|Dolichotis patagonum,Q194313
02368654-n,agile long-legged rabbit-sized rodent of Central America and South America and the West Indies; valued as food,i48005,agouti|Dasyprocta aguti,Q40654026
02368953-n,large burrowing rodent of South America and Central America; highly esteemed as food,i48007,paca|Cuniculus paca,Q33936
02370768-n,gregarious burrowing rodent larger than the chinchillas,i48019,viscacha|chinchillon|Lagostomus maximus,Q1162447
02375604-n,hyrax that lives in rocky areas,i48048,rock hyrax|rock rabbit|Procavia capensis,Q323847
02392211-n,domestic beast of burden descended from the African wild ass; patient but stubborn,i48163,domestic ass|donkey|Equus asinus,Q19829417
02394160-n,zebra with less continuous stripes,i48178,grevy's zebra|Equus grevyi,Q219565
02394269-n,mammal of South Africa that resembled a zebra; extinct since late 19th century,i48179,quagga|Equus quagga,Q245305
02395086-n,having one horn,i48183,Indian rhinoceros|Rhinoceros unicornis,Q47910
02395476-n,large light-grey African rhinoceros having two horns; endangered; sometimes placed in genus Diceros,i48186,white rhinoceros|Ceratotherium simum|Diceros simus,Q159918
02395813-n,African rhino; in danger of extinction,i48188,black rhinoceros|Diceros bicornis,Q95036
02396459-n,a tapir found in South America and Central America,i48192,New World tapir|Tapirus terrestris,Q220271
02399448-n,Indonesian wild pig with enormous curved canine teeth,i48208,babirusa|babiroussa|babirussa|Babyrousa babyrussa,Q629015
02400396-n,dark grey peccary with an indistinct white collar; of semi desert areas of Mexico and southwestern United States,i48214,collared peccary|javelina|Tayassu angulatus|Tayassu tajacu|Peccari angulatus,Q24251467
02405077-n,domesticated bovine animals as a group regardless of sex or age,i48233,cattle|cows|kine|oxen|Bos taurus,Q19610691
02407225-n,any of several breeds of Indian cattle; especially a large American heat and tick resistant greyish humped breed evolved in the Gulf States by interbreeding Indian cattle and now used chiefly for crossbreeding,i48246,Brahman|Brahma|Brahmin|Bos indicus,Q20747726
02407954-n,large long-haired wild ox of Tibet often domesticated,i48249,yak|Bos grunniens,Q13408062
02411684-n,small buffalo of the Celebes having small straight horns,i48276,anoa|dwarf buffalo|Anoa depressicornis,Q122849001
02413348-n,large shaggy-haired brown bison of North American plains,i48286,American bison|American buffalo|buffalo|Bison bison,Q82728
02413852-n,large shaggy-coated bovid mammal of Canada and Greenland; intermediate in size and anatomy between an ox and a sheep,i48289,musk ox|musk sheep|Ovibos moschatus,Q184004
02415777-n,any of various breeds raised for wool or edible meat or skin,i48303,domestic sheep|Ovis aries,Q29350771
02418475-n,wild mountain sheep of Corsica and Sardinia,i48320,mouflon|moufflon|Ovis musimon,Q24145539
02419716-n,any of various breeds of goat raised for milk or meat or wool,i48329,domestic goat|Capra hircus,Q45320358
02425037-n,a large South African antelope; considered the swiftest hoofed mammal,i48361,sassaby|topi|Damaliscus lunatus,Q545071
02426008-n,a kind of gazelle,i48367,Gazella subgutturosa,Q460977
02427235-n,a smaller variety of kudu,i48374,lesser kudu|Tragelaphus imberbis,Q622882
02428533-n,large black East African antelope with sharp backward-curving horns,i48382,sable antelope|Hippotragus niger,Q239381
02429829-n,large dark striped eland of western equatorial Africa,i48390,giant eland|Taurotragus derbianus,Q695736
02434937-n,common North American deer; tail has a white underside,i48420,Virginia deer|white tail|whitetail|white-tailed deer|whitetail deer|Odocoileus virginianus,Q215887
02436177-n,small graceful deer of Eurasian woodlands having small forked antlers,i48428,roe deer|Capreolus capreolus,Q122069
02438148-n,large Chinese deer surviving only in domesticated herds,i48441,pere david's deer|elaphure|Elaphurus davidianus,Q207906
02438855-n,small chevrotain of southeastern Asia,i48445,kanchil|Tragulus kanchil,Q1059263
02439276-n,largest chevrotain; of marshy areas of west Africa,i48448,water chevrotain|water deer|Hyemoschus aquaticus,Q256572
02441664-n,tallest living quadruped; having a spotted coat and small horns and very long neck and legs; of savannahs of tropical Africa,i48463,giraffe|camelopard|Giraffa camelopardalis,Q15083
02445077-n,of Canada and northeastern United States,i48479,New World least weasel|Mustela rixosa,Q121504864
02445203-n,of Europe,i48480,Old World least weasel|Mustela nivalis,Q25311
02446590-n,small slender burrowing muishond with white top of the head,i48489,snake muishond|Poecilogale albinucha,Q852756
02447635-n,sociable aquatic animal widely distributed along streams and lake borders in North America,i48496,river otter|Lutra canadensis,Q61885243
02448025-n,large marine otter of northern Pacific coasts having very thick dark brown fur,i48499,sea otter|Enhydra lutris,Q41407
02448837-n,most common and widespread North American skunk,i48503,striped skunk|Mephitis mephitis,Q368495
02449652-n,small skunk with a marbled black and white coat; of United States and Mexico,i48508,spotted skunk|little spotted skunk|Spilogale putorius,Q307105
02452926-n,dark brown marten of northern Eurasian coniferous forests,i48529,pine marten|Martes martes,Q26046
02453192-n,valued for its fur,i48531,American marten|American sable|Martes americana,Q322145
02457766-n,South American armadillo with three bands of bony plates,i48558,apar|three-banded armadillo|Tolypeutes tricinctus,Q111846
02458059-n,naked-tailed armadillo of tropical South America,i48560,tatouay|cabassous|Cabassous unicinctus,Q1768774
02458906-n,very small Argentine armadillo with pale silky hair and pink plates on head and neck,i48566,pichiciago|pichiciego|fairy armadillo|chlamyphore|Chlamyphorus truncatus,Q846337
02460039-n,a sloth that has three long claws on each forefoot and each hindfoot,i48572,three-toed sloth|ai|Bradypus tridactylus,Q142715
02460576-n,relatively small fast-moving sloth with two long claws on each front foot,i48575,two-toed sloth|unau|unai|Choloepus didactylus,Q752691
02463759-n,small toothless anteater with prehensile tail and four-clawed forelimbs; of tropical South America and Central America,i48593,tamandua|tamandu|lesser anteater|Tamandua tetradactyla,Q267514
02476185-n,former genus of primitive apelike men now Homo erectus,i48660,Pithecanthropus|Pithecanthropus erectus|genus Pithecanthropus,Q21446423
02476614-n,genus to which Peking man was formerly assigned,i48663,Sinanthropus|genus Sinanthropus,Q21447470
02476913-n,former genus of primitive man; now Homo soloensis: comprises Solo man,i48665,Javanthropus|genus Javanthropus,Q21446703
02479818-n,genus to which Australopithecus boisei was formerly assigned,i48680,Zinjanthropus|genus Zinjanthropus,Q21448049
02483126-n,large long-armed ape of Borneo and Sumatra having arboreal habits,i48700,orangutan|orang|orangutang|Pongo pygmaeus,Q599672
02485281-n,small chimpanzee of swamp forests in Zaire; a threatened species,i48712,pygmy chimpanzee|bonobo|Pan paniscus,Q19537
02485993-n,smallest and most perfectly anthropoid arboreal ape having long arms and no tail; of southern Asia and East Indies,i48716,gibbon|Hylobates lar,Q208043
02486339-n,large black gibbon of Sumatra having the 2nd and 3rd toes partially united by a web,i48718,siamang|Hylobates syndactylus|Symphalangus syndactylus,Q46679442
02487856-n,smallest guenon monkey; of swampy central and west African forests,i48724,talapoin|Cercopithecus talapoin,Q122311376
02488002-n,white and olive green East African monkey with long white tufts of hair beside the face,i48725,grivet|Cercopithecus aethiops,Q40652743
02489288-n,greyish baboon of southern and eastern Africa,i48734,chacma|chacma baboon|Papio ursinus,Q257670
02491525-n,a colobus monkey with a reddish brown coat and white silky fringes down both sides of the body,i48749,guereza|Colobus guereza,Q628239
02494666-n,monkey of Central America and South America having thick hair on the head that resembles a monk's cowl,i48766,capuchin|ringtail|Cebus capucinus,Q585189
02494987-n,nocturnal monkey of Central America and South America with large eyes and thick fur,i48768,douroucouli|Aotus trivirgatus,Q307153
02496424-n,arboreal monkey of tropical America with long slender legs and long prehensile tail,i48778,spider monkey|Ateles geoffroyi,Q388032
02500304-n,small lemur having its tail barred with black,i48797,Madagascar cat|ring-tailed lemur|Lemur catta,Q185385
02500784-n,nocturnal lemur with long bony fingers and rodent-like incisor teeth closely related to the lemurs,i48800,aye-aye|Daubentonia madagascariensis,Q186778
02501374-n,slim-bodied lemur of southern India and Sri Lanka,i48803,slender loris|Loris gracilis,Q122830509
02501653-n,stocky lemur of southeastern Asia,i48805,slow loris|Nycticebus tardigradua|Nycticebus pygmaeus,Q244239
02503227-n,nocturnal indris with thick grey-brown fur and a long tail,i48816,woolly indris|Avahi laniger,Q307262
02504554-n,the Philippine tarsier (Tarsius syrichta),i48822,Tarsius syrichta,Q27334504
02507089-n,an elephant native to Africa having enormous flapping ears and ivory tusks,i48838,African elephant|Loxodonta africana,Q36557
02510844-n,North American raccoon,i48858,common raccoon|common racoon|coon|ringtail|Procyon lotor,Q121439
02510977-n,a South American raccoon,i48859,crab-eating raccoon|Procyon cancrivorus,Q405403
02512146-n,omnivorous mammal of Central America and South America,i48866,coati|coati-mondi|coati-mundi|coon cat|Nasua narica,Q754992
02521971-n,catfish common in eastern United States,i48918,horned pout|hornpout|pout|Ameiurus melas,Q998380
02522317-n,freshwater food fish common throughout central United States,i48921,channel catfish|channel cat|Ictalurus punctatus,Q836957
02525497-n,closely related to Atlantic cod,i48939,Pacific cod|Alaska cod|Gadus macrocephalus,Q783575
02526833-n,important food and game fish of northern seas (especially the northern Atlantic); related to cod,i48948,pollack|pollock|Pollachius pollachius,Q752683
02527290-n,found off Atlantic coast of North America,i48951,silver hake|Merluccius bilinearis|whiting,Q2554744
02527751-n,elongated marine food fish of Greenland and northern Europe; often salted and dried,i48955,ling|Molva molva,Q842406
02528013-n,large edible marine fish of northern coastal waters; related to cod,i48957,cusk|torsk|Brosme brosme,Q850056
02533268-n,shad of Atlantic coast of North America; naturalized to Pacific coast,i48983,common American shad|Alosa sapidissima,Q545697
02536176-n,small pilchards common off the pacific coast of North America,i49000,Pacific sardine|Sardinops caerulea,Q106383686
02538168-n,found in northern coastal Atlantic waters or tributaries; adults do not die after spawning,i49012,Atlantic salmon|Salmo salar,Q188879
02540156-n,found in Pacific coastal waters and streams from lower California to Alaska,i49021,rainbow trout|Salmo gairdneri,Q106428789
02540847-n,North American freshwater trout; introduced in Europe,i49025,brook trout|speckled trout|Salvelinus fontinalis,Q723654
02541193-n,small trout of northern waters; landlocked populations in Quebec and northern New England,i49027,Arctic char|Salvelinus alpinus,Q421047
02542055-n,found in the Great Lakes and north to Alaska,i49031,lake whitefish|Coregonus clupeaformis,Q110577
02543614-n,the common smelt of Europe,i49040,sparling|European smelt|Osmerus eperlanus,Q840795
02548472-n,large elliptical brightly colored deep-sea fish of Atlantic and Pacific and Mediterranean,i49070,opah|moonfish|Lampris regius,Q106392599
02549645-n,thin deep-water tropical fish 20 to 30 feet long having a red dorsal fin,i49078,oarfish|king of the herring|ribbonfish|Regalecus glesne,Q310390
02551320-n,bottom-dwelling fish having scaleless slimy skin and a broad thick head with a wide mouth,i49086,toadfish|Opsanus tau,Q1524360
02554299-n,slender long-beaked fish of temperate Atlantic waters,i49103,saury|billfish|Scomberesox saurus,Q1886478
02559004-n,a small perch of India whose gills are modified to allow it to breathe air; has spiny pectoral fins that enable it to travel on land,i49115,climbing perch|Anabas testudineus|A. testudineus,Q10540515
02559813-n,North American perch,i49119,yellow perch|Perca flavescens,Q469754
02560380-n,pike-like freshwater perches,i49123,walleye|walleyed pike|jack salmon|dory|Stizostedion vitreum,Q107329229
02564012-n,voracious piscivorous pike of waters of Northern Hemisphere,i49145,northern pike|Esox lucius,Q165278
02564568-n,small but gamy pickerel of Atlantic coastal states,i49149,redfin pickerel|barred pickerel|Esox americanus,Q93675
02565602-n,a crappie that is black,i49154,black crappie|Pomoxis nigromaculatus,Q3006347
02567034-n,game and food fish of upper Mississippi and Great Lakes,i49163,rock bass|rock sunfish|Ambloplites rupestris,Q2093287
02569120-n,small silvery food and game fish of eastern United States streams,i49173,white perch|silver perch|Morone americana,Q2337531
02569965-n,small marine fish with black mouth and gill cavity,i49177,blackmouth bass|Synagrops bellus,Q2181894
02570264-n,a kind of sea bass,i49179,rock sea bass|rock bass|Centropristis philadelphica,Q3542000
02571438-n,found in warm shallow waters of western Atlantic,i49186,belted sandfish|Serranus subligarius,Q1562068
02571965-n,black-spotted usually dusky-colored fish with reddish fins,i49189,coney|Epinephelus fulvus,Q106418886
02572536-n,deep-sea fish of tropical Atlantic,i49193,creole-fish|Paranthias furcifer,Q2605826
02572795-n,large dark grouper with a thick head and rough scales,i49195,jewfish|Mycteroperca bonaci,Q2912602
02575880-n,yellow-spotted violet food fish of warm deep waters,i49214,tilefish|Lopholatilus chamaeleonticeps,Q198572
02580034-n,streamlined cigar-shaped jack; good game fish,i49236,rainbow runner|Elagatis bipinnulata,Q1807925
02580583-n,fish having greatly elongated front rays on dorsal and anal fins,i49240,threadfish|thread-fish|Alectis ciliaris,Q2802649
02580864-n,any of several silvery marine fishes with very flat bodies,i49242,moonfish|Atlantic moonfish|horsefish|horsehead|horse-head|dollarfish|Selene setapinnis,Q649336
02581559-n,game fish of southern California and Mexico having a yellow tail fin,i49246,yellowtail|Seriola dorsalis,Q21297408
02581934-n,large game fish of Australia and New Zealand,i49248,kingfish|Seriola grandis,Q106413580
02582393-n,found in coastal waters New England to Brazil except clear waters of West Indies,i49251,Florida pompano|Trachinotus carolinus,Q2601525
02582819-n,small pelagic fish often accompanying sharks or mantas,i49254,pilotfish|Naucrates ductor,Q223289
02583310-n,a California food fish,i49257,horse mackerel|jack mackerel|Spanish mackerel|saurel|Trachurus symmetricus,Q2626960
02583461-n,large elongated compressed food fish of the Atlantic waters of Europe,i49258,horse mackerel|saurel|Trachurus trachurus,Q842956
02584273-n,small fusiform fish of western Atlantic,i49263,round scad|cigarfish|quiaquia|Decapterus punctatus,Q1964494
02588869-n,important food fish of the Nile and other rivers of Africa and Asia Minor,i49290,bolti|Tilapia nilotica,Q106405737
02590248-n,food fish of warm Caribbean and Atlantic waters,i49297,schoolmaster|Lutjanus apodus,Q2542507
02590507-n,superior food fish of the tropical Atlantic and Caribbean with broad yellow stripe along the sides and on the tail,i49299,yellowtail|yellowtail snapper|Ocyurus chrysurus,Q928985
02591575-n,a kind of grunt,i49304,Spanish grunt|Haemulon macrostomum,Q3758334
02591692-n,found off the West Indies and Florida,i49305,tomtate|Haemulon aurolineatum,Q2482811
02591946-n,a grunt found from Florida to Brazil and Gulf of Mexico,i49307,sailor's-choice|sailors choice|Haemulon parra,Q968535
02594541-n,sea bream of warm Atlantic waters,i49322,Atlantic sea bream|Archosargus rhomboidalis,Q2700401
02595001-n,similar to sea bream; small spiny-finned fish found in bays along the southeastern coast of the United States,i49325,pinfish|sailor's-choice|squirrelfish|Lagodon rhomboides,Q1870535
02595364-n,from Florida and Bahamas to Brazil,i49327,sheepshead porgy|Calamus penna,Q969159
02595649-n,Australian food fish having a pinkish body with blue spots,i49329,snapper|Chrysophrys auratus,Q111127408
02595821-n,important dark-colored edible food and game fish of Australia,i49330,black bream|Chrysophrys australis,Q106420509
02597572-n,a kind of drumfish,i49338,striped drum|Equetus pulcher,Q106417247
02597686-n,black-and-white drumfish with an erect elongated dorsal fin,i49339,jackknife-fish|Equetus lanceolatus,Q1497325
02597969-n,small silvery drumfish often mistaken for white perch; found along coasts of United States from New York to Mexico,i49341,silver perch|mademoiselle|Bairdiella chrysoura,Q2514677
02598697-n,large important food fish of Australia; almost indistinguishable from the maigre,i49345,mulloway|jewfish|Sciaena antarctica,Q106417781
02600448-n,whiting of the southeastern coast of North America,i49355,king whiting|Menticirrhus americanus,Q2177693
02600602-n,whiting of the east coast of United States; closely resembles king whiting,i49356,northern whiting|Menticirrhus saxatilis,Q2765403
02600764-n,bluish-grey whiting of California coast,i49357,corbina|Menticirrhus undulatus,Q692017
02602928-n,brightly colored tropical fishes with chin barbels,i49370,goatfish|red mullet|surmullet|Mullus surmuletus,Q7119
02603428-n,schooling goatfish; greyish with yellow stripe,i49373,yellow goatfish|Mulloidichthys martinicus,Q1941836
02604551-n,silvery mullet of Atlantic and Pacific coasts,i49379,white mullet|Mugil curema,Q1818649
02604689-n,similar to the striped mullet and takes its place in the Caribbean region,i49380,liza|Mugil liza,Q1911764
02605390-n,a relatively large silversides of the Pacific coast of North America (known to reach 18 inches in length),i49384,jacksmelt|Atherinopsis californiensis,Q939626
02609831-n,an anemone fish of the genus Amphiprion,i49411,clown anemone fish|Amphiprion percula,Q926234
02610914-n,found around the Great Barrier Reef,i49417,pigfish|giant pigfish|Achoerodus gouldii,Q935046
02613003-n,common in north Atlantic coastal waters of the United States,i49431,cunner|bergall|Tautogolabrus adspersus,Q1884642
02617928-n,slippery scaleless food fish of the northern Atlantic coastal waters,i49460,rock gunnel|butterfish|Pholis gunnellus,Q640454
02620449-n,brightly colored scaleless Arctic eelpout,i49476,fish doctor|Gymnelus viridis,Q2584636
02624207-n,surgeon fish of the West Indies,i49500,doctorfish|doctor-fish|Acanthurus chirurgus,Q2355866
02624879-n,predatory tropical fishes with jutting jaws and strong teeth,i49504,snake mackerel|Gempylus serpens,Q1817179
02627181-n,important food fish of the northern Atlantic and Mediterranean; its body is greenish-blue with dark bars and small if any scales,i49515,common mackerel|shiner|Scomber scombrus,Q30153
02627617-n,small mackerel found nearly worldwide,i49517,chub mackerel|tinker|Scomber japonicus,Q815837
02628719-n,a large commercially important mackerel of the Atlantic coastal waters of North America,i49523,Scomberomorus maculatus,Q311047
02628895-n,large edible mackerel of temperate United States coastal Atlantic waters,i49524,cero|pintado|kingfish|Scomberomorus regalis,Q1796427
02629101-n,a Spanish mackerel of western North America,i49525,sierra|Scomberomorus sierra,Q613384
02629922-n,largest tuna; to 1500 pounds; of mostly temperate seas: feed in polar regions but breed in tropics,i49529,bluefin|bluefin tuna|horse mackerel|Thunnus thynnus,Q214415
02630889-n,common bonito of Pacific coast of the Americas; its dark oily flesh cans well,i49534,Chile bonito|Chilean bonito|Pacific bonito|Sarda chiliensis,Q18560367
02633245-n,a kind of sailfish,i49546,Atlantic sailfish|Istiophorus albicans,Q1064635
02633960-n,largest marlin; may reach 2000 pounds; found worldwide in warm seas,i49550,blue marlin|Makaira nigricans,Q882668
02634105-n,large game fish in the Pacific Ocean; may reach 1000 pounds,i49551,black marlin|Makaira mazara|Makaira marlina,Q106426463
02634258-n,Pacific food and game fish marked with dark blue vertical stripes,i49552,striped marlin|Makaira mitsukurii,Q106426464
02634405-n,small marlin (to 180 pounds) of western Atlantic,i49553,white marlin|Makaira albida,Q106426240
02636052-n,small food fish of Atlantic coast,i49562,dollarfish|Poronotus triacanthus,Q107330934
02636307-n,smaller than Florida pompano; common in West Indies,i49564,palometa|California pompano|Palometa simillima,Q107330919
02639035-n,tripletail found from Cape Cod to northern South America,i49582,Atlantic tripletail|Lobotes surinamensis,Q2168666
02639180-n,tripletail found in the Pacific,i49583,Pacific tripletail|Lobotes pacificus,Q2462078
02643256-n,food and game fish of marine and fresh waters of northwestern coast of North America,i49607,Pacific sturgeon|white sturgeon|Sacramento sturgeon|Acipenser transmontanus,Q592876
02643487-n,valuable source of caviar and isinglass; found in Black and Caspian seas,i49608,beluga|hausen|white sturgeon|Acipenser huso,Q106373169
02644009-n,primitive predaceous North American fish covered with hard scales and having long jaws with needlelike teeth,i49611,gar|garfish|garpike|billfish|Lepisosteus osseus,Q1431272
02645946-n,a kind of scorpionfish,i49619,plumed scorpionfish|Scorpaena grandicornis,Q2197411
02647295-n,a large fish of the Pacific coast of North America,i49628,red rockfish|Sebastes ruberrimus,Q4847126
02649924-n,small tadpole-shaped cold-water fishes with pelvic fins forming a sucker; related to lumpfish,i49645,snailfish|seasnail|sea snail|Liparis liparis,Q2125926
02653690-n,large searobin; found from Nova Scotia to Florida,i49667,northern sea robin|Prionotus carolinus,Q2045269
02656127-n,tropical Atlantic fish,i49679,queen triggerfish|Bessy cerca|oldwench|oldwife|Balistes vetula,Q302151
02657375-n,trunkfish having hornlike spines over the eyes,i49687,cowfish|Lactophrys quadricornis,Q106443279
02658478-n,spines become erect when the body is inflated; worldwide in warm waters,i49693,porcupinefish|porcupine fish|Diodon hystrix,Q1328265
02658662-n,similar to but smaller than porcupinefish,i49694,balloonfish|Diodon holocanthus,Q1329475
02659599-n,caudal fin has a central projection,i49700,sharptail mola|Mola lanceolata,Q106441405
02661161-n,large European food fish,i49707,plaice|Pleuronectes platessa,Q27098
02661806-n,American flounder having a yellowish tail,i49711,yellowtail flounder|Limanda ferruginea,Q1499442
02662108-n,important American food fish in the winter,i49713,winter flounder|blackback flounder|lemon sole|Pseudopleuronectes americanus,Q1071815
02664248-n,flounder of eastern coast of North America,i49726,summer flounder|Paralichthys dentatus,Q2536162
02665027-n,a whiff found in waters from the Bahamas and northern Gulf of Mexico to Brazil,i49731,horned whiff|Citharichthys cornutus,Q5904261
02665455-n,very thin translucent flounder of the Atlantic coast of North America,i49734,windowpane|Scophthalmus aquosus,Q2045179
02665841-n,a large brownish European flatfish,i49737,turbot|Psetta maxima,Q21097700
02666915-n,highly valued as food,i49743,European sole|Solea solea,Q27773
02667029-n,small European sole,i49744,lemon sole|Solea lascaris,Q126890724
81495019-n,a jackal native to Europe and Asia with a golden coat,,jackal|Canis aureus|golden jackal,Q128098
82475871-n,a canid living in the deserts of Northern Africa related to the golden jackal and the grey wolf,,jackal|Canis anthus|African golden wolf|Egyptian jackal|grey jackal,Q20744349
85534571-n,a venomous snake from southern Africa noted for the black interior of its mouth,,black mamba|Dendroaspis polylepis,Q188690
04420036-n,station where transport vehicles load or unload passengers or goods,i60131,terminal|terminus|depot,Q67183571
04552265-n,a path set aside for walking,i60918,walk|walkway|paseo,Q17087190
04609402-n,a place where work is done,i61259,workplace|work,Q628858
92428876-n,A leavening agent (also known as raising agent or leaven agent) is a substance added to dough or batter to make it lighter and softer.,,leavening agent|raising agent|leaven agent,Q908833
92429012-n,a line of clothes for one season developed by a fashion designer.,,fashion collection,Q5480329
92438037-n,a form of abstract art in which paint is dripped or poured onto the canvas.,,drip painting,Q1259130
92439235-n,a type of art which relies on moving pictures and comprises video and/or audio data.,,video art,Q682010
92439251-n,the characteristic style in Neo-Impressionist painting defined by the separation of colors into individual dots or patches which interacted optically.,,Divisionism,Q2487023
92444179-n,"a close combat weapon in which the main fighting part of the weapon is fitted to the end of a long shaft, typically of wood, thereby extending the user's effective range.",,polearm|pole weapon,Q649107
92459652-n,An induction or asynchronous motor is an AC electric motor in which the electric current in the rotor needed to produce torque is obtained by electromagnetic induction from the magnetic field of the stator winding.,,asynchronous motor|induction motor,Q207450
92460215-n,A pile driving device consisting of a large two-stroke diesel engine.,,diesel hammer|diesel pile hammer,Q4161419
92460744-n,"a type of rail car that has two levels of passenger accommodation, as opposed to one, increasing passenger capacity.",,bilevel car|double-deck carriage|bilevel railcar|bilevel rail car|double-deck railcar|double-deck rail car,Q1243337
92461089-n,"a computation system that makes direct use of quantum-mechanical phenomena, such as superposition and entanglement, to perform operations on data.",,quantum computer,Q176555
92463414-n,a furnace for heating the metal charge contained in refractory crucibles.,,crucible furnace,Q2432040
92465443-n,yarn made from silk waste.,,spun silk,Q476147
90007211-n,a computer architecture based on the Intel 8086 chip,,x86,Q182933
92406275-n,the weight per unit volume of a material.,,specific weight,Q749542
92436849-n,the main school of painting and sculpture practiced by the Russian Futurists.,,cubo-futurism,Q1400843
05924405-n,rules in Chinese philosophy that govern spatial arrangement and orientation in relation to patterns of yin and yang and the flow of energy (qi); the favorable or unfavorable effects are taken into consideration in designing and siting buildings and graves and furniture,i67925,feng shui,Q170537
06047178-n,the science that studies living organisms,i68494,biology|biological science,Q420
06137134-n,the branch of engineering concerned with the design and construction of such public works as dams or bridges,i68808,civil engineering,Q77590
06137324-n,the branch of civil engineering dealing with the use and control of water in motion,i68809,hydraulic engineering,Q1130265
06137475-n,the branch of engineering science that studies the uses of electricity and the equipment for power generation and distribution and the control of machines and communication,i68810,electrical engineering|EE,Q43035
06143961-n,the branch of engineering that deals with the use of computers and telecommunications to retrieve and store and transmit information,i68822,information technology|IT,Q11661
06145709-n,the science of mental life,i68832,psychology|psychological science,Q9418
06152997-n,the social science that studies the origins and social relationships of human beings,i68861,anthropology,Q23404
06153532-n,the branch of anthropology that studies prehistoric people and their cultures,i68862,archeology|archaeology,Q23498
06157599-n,the study of government of states and other political units,i68886,politics|political science|government,Q36442
06161163-n,the study and classification of human societies,i68900,sociology,Q21201
06162890-n,the study of wooden plants,,dendrology,Q192658
06180756-n,the humanistic study of language and literature,i68983,linguistics|philology,Q40634
06241948-n,"a Protestant movement in the 16th century that believed in the primacy of the Bible, baptised only believers, not infants, and believed in complete separation of church and state",i69278,Anabaptism,Q165580
92436708-n,"a measure of statistical dispersion, being equal to the difference between the upper and lower quartiles.",,interquartile range|midspread|middle fifty,Q1916617
92437059-n,"In particle physics, the unified description of two of the four known fundamental interactions of nature: electromagnetism and the weak interaction.",,electroweak interaction,Q466416
92437064-n,memories that can be consciously recalled such as facts and knowledge.,,declarative memory,Q18603
92438778-n,a revolutionary anarchist doctrine that advocates the abolition of both the state and private ownership of the means of production.,,anarcho-collectivism|collectivist anarchism,Q223178
92439922-n,a pseudo-scientific hypothesis that posits that intelligent extraterrestrial beings have visited Earth and made contact with humans in antiquity and prehistory.,,ancient astronaut hypothesis|paleocontact hypothesis,Q646988
92440143-n,socialism associated chiefly with Marxians and based principally upon a belief that historical forces (as economic determinism and the class struggle) determine usually by violent means the achievement of socialist goals.,,scientific socialism,Q865354
92440148-n,"the interdisciplinary study of systems in general, with the goal of elucidating principles that can be applied to all types of systems at all nesting levels in all fields of research.",,systems theory,Q269699
92440554-n,"the original version of string theory, developed in the late 1960s.",,bosonic string theory,Q1202882
92446523-n,A type of socialism which attempts to reach feasible goals instead of aiming for the ultimate goals of Marxism-Leninism.,,real socialism,Q206313
92447049-n,any set of axioms from which some or all axioms can be used in conjunction to logically derive theorems.,,axiomatic system,Q792542
92447050-n,"(logic and mathematics) abstract, theoretical organization of terms and implicit relationships that is used as a tool for the analysis of the concept of deduction.",,formal system,Q649732
06277363-n,journalism that presents a story primarily through the use of pictures,i69438,photojournalism,Q506858
06346843-n,(law) a name or sign used on certain products which corresponds to a specific geographical location or origin,,geographical indication|GI,Q325668
06352347-n,a Hebrew title of respect for a wise and highly educated man,i69797,Hakham,Q1058384
06352710-n,a form of address for a man,i69800,Mister|Mr|Mr.,Q177053
06548380-n,a written communication in a second language having the same meaning as the written communication in a first language,i70814,translation|interlingual rendition|rendering|version,Q7553
06551169-n,the body of law dealing with crimes and their punishment,i70831,criminal law,Q146491
06588108-n,(computer science) a program that translates and executes source language statements one line at a time,i71010,interpreter|interpretive program,Q183065
06588903-n,(computer science) an application that can be used to create and view and edit text files,i71015,text editor,Q131212
06600315-n,"malicious software, designed to break into a system",,malware,Q14001
06626039-n,a form of entertainment that enacts a story by sound and a sequence of images giving the illusion of continuous movement,i71223,movie|film|picture|moving picture|moving-picture show|motion picture|motion-picture show|picture show|pic|flick,Q11424
06692202-n,the process of printing from a surface on which the printing areas are not raised but are ink-receptive (as opposed to ink repellent),i71584,planographic printing|planography,Q2875163
06716496-n,doctor's degree in osteopathy,i71726,Doctor of Osteopathy|DO,Q5287521
06716716-n,a doctorate awarded for original contributions to knowledge,i71728,Doctor of Philosophy,Q752297
06864566-n,trade name of a company that produces musical recordings,i72496,label|recording label,Q18127
06919215-n,any of the languages spoken by Amerindians,i72806,Amerind|Amerindian language|American-Indian language|American Indian|Indian|American Indian language|Indian language|Amerind language,Q51739
06919747-n,family of North American Indian languages spoken from Labrador to South Carolina and west to the Great Plains,i72807,Algonquian|Algonquin|Algonquian language,Q33392
06920343-n,a language spoken by the Atakapa of the Gulf Coast of Louisiana and Texas,i72808,Atakapa|Atakapan|Attacapa|Attacapan|Atakapan language|Attacapa language|Atakapa language|Attacapan language,Q10975683
06920504-n,"a group of Amerindian languages (the name coined by an American anthropologist, Edward Sapir)",i72809,Athapaskan|Athapascan|Athabaskan|Athabascan|Athapaskan language,Q27475
06920824-n,the Algonquian language spoken by the Abnaki and Penobscot,i72810,Abnaki|Abnaki language,Q197936
06922074-n,the Algonquian language spoken by the Cree,i72821,Cree|Cree language,Q56696
06922448-n,a branch of the Siouan languages,i72825,Dhegiha,Q3217420
06922815-n,a Siouan language spoken by the Hunkpapa,i72828,Hunkpapa|Hunkpapa language,Q33537
06922910-n,the Algonquian language of the Illinois and Miami,i72829,Illinois|Illinois language,Q56523
06923293-n,the Algonquian language of the Malecite and Passamaquody,i72833,Malecite|Maleseet|Malecite language|Maleseet language,Q3183144
06923415-n,the Algonquian language of the Massachuset,i72834,Massachuset|Massachusetts|Massachusetts language|Massachuset language,Q56519
06923644-n,the Algonquian language of the Micmac,i72836,Micmac|Micmac language,Q13321
06924142-n,the Algonquian language spoken by the Ojibwa,i72841,Ojibwa|Ojibway|Chippewa|Ojibway language|Ojibwa language|Chippewa language,Q33875
06925313-n,the Muskhogean language spoken by the Hitchiti,i72853,Hitchiti|Hitchiti language,Q13316
06925513-n,the Muskhogean language spoken by the Muskogee,i72855,Muskogee|Muskogee language,Q523014
06926089-n,a family of North American Indian languages spoken in the southeastern United States,i72861,Muskhogean|Muskhogean language|Muskogean|Muskogean language,Q902978
06926411-n,a family of North American Indian languages,i72862,Na-Dene,Q26986
06926544-n,a family of Amerindian languages spoken in Washington and British Columbia,i72863,Mosan,Q59899
06926724-n,a group of Mosan languages spoken in Washington,i72864,Chemakuan,Q1073088
06926943-n,a family of Mosan language spoken in northwestern United States and western Canada,i72866,Salish|Salishan,Q33985
06927199-n,a family of North American Indian languages of British Columbia and Washington,i72868,Wakashan|Wakashan language,Q60069
06927388-n,a Wakashan language spoken by the Kwakiutl,i72869,Kwakiutl|Kwakiutl language,Q2640628
06927485-n,a Wakashan language spoken by the Nootka,i72870,Nootka|Nootka language,Q2992876
06927578-n,the language spoken by the Shoshone (belonging to the Uto-Aztecan family),i72871,Shoshone,Q33811
06928377-n,a family of North American Indian languages spoken widely in the Midwest by the Caddo,i72877,Caddo|Caddoan|Caddoan language,Q1025090
06929579-n,a family of North American Indian languages spoken by the Iroquois,i72888,Iroquoian|Iroquois|Iroquoian language,Q33623
06930273-n,the language spoken by the Tupi of Brazil and Paraguay,i72892,Tupi|Tupi language,Q56944
06930378-n,a family of South American Indian languages,i72893,Tupi-Guarani|Tupi-Guarani language,Q148610
06930540-n,a family of South American Indian languages spoken in northeastern South America,i72894,Arawak|Arawakan,Q626753
06930818-n,the family of languages that includes Eskimo and Aleut,i72896,Eskimo-Aleut|Eskimo-Aleut language,Q25946
06930991-n,the language spoken by the Eskimo,i72897,Eskimo|Esquimau|Eskimo language|Esquimau language,Q20736
06931172-n,a family of American Indian languages,i72899,Uto-Aztecan|Uto-Aztecan language,Q34073
06931416-n,the Uto-Aztecan language spoken by the Pima,i72900,Pima|Pima language,Q2393095
06931510-n,the Uto-Aztecan language spoken by the Aztec,i72901,Aztecan|Aztecan language,Q11965602
06931708-n,the Uto-Aztecan language of the Cahita,i72903,Cahita|Cahita language,Q57982892
06931799-n,the Uto-Aztecan language of the Tatahumara,i72904,Tatahumara|Tatahumara language,Q36807
06931991-n,a family of American Indian languages spoken by Mayas,i72906,Maya|Mayan|Mayan language,Q33738
06932210-n,the language of the Apache,i72907,Apache|Apache language,Q27758
06932325-n,"an Apache language, spoken in New Mexico, Mescalero Reservation, and by some Chiricahua at Fort Sill, Oklahoma",i72908,Chiricahua Apache|Chiricahua Apache language,Q13368
06932407-n,"an Apache language, spoken in East central Arizona, on several reservations",i72909,San Carlos Apache|San Carlos Apache language,Q28060
06932906-n,a family of North American Indian languages spoken by the Sioux,i72914,Siouan|Siouan language,Q34181
06933274-n,a family of North American Indian language spoken in southwestern United States,i72915,Tanoan|Tanoan language,Q386288
06933533-n,a family of Amerindian languages spoken in California,i72917,Hokan|Hoka,Q33406
06933963-n,"a group of seven languages of the Hokan family, its boundaries were the Pacific Ocean to the west, Wintuan territory in the Sacramento Valley to the east, the head of the Russian River to the north, and Bodega Head and present-day Santa Rosa to the south",i72920,Kulanapan,Q2618420
06934077-n,the Kulanapan language spoken by the Pomo,i72921,Pomo|Pomo language,Q36408
06934283-n,the Quoratean language of the Karok,i72923,Karok|Karok language|Quoratean,Q1288440
06934370-n,a group of languages of the Hokan family in California,i72924,Shastan,Q2991735
06934532-n,the Shastan language spoken by the Achomawi,i72925,Achomawi|Achomawi language,Q56661
06934822-n,a group of language of the Hokan family in Arizona and California and Mexico,i72928,Yuman,Q579137
06935166-n,the Yuman language spoken by the Akwa'ala,i72929,Akwa'ala|Akwa'ala language,Q56726
06935262-n,the Yuman language spoken by the Cochimi,i72930,Cochimi|Cochimi language,Q3915551
06935554-n,the Yuman language spoken by the Havasupai,i72933,Havasupai|Havasupai language,Q33337
06935652-n,the Yuman language spoken by the Kamia,i72934,Kamia|Kamia language|Diegueno|Diegueno language,Q4910139
06936060-n,the Yuman language spoken by the Walapai,i72938,Walapai|Hualapai|Hualpai|Hualpai language|Hualapai language|Walapai language,Q20064941
06936269-n,the Yuman language spoken by the Yuma,i72940,Yuma|Yuma language,Q3573199
06936481-n,the dialect of Yana spoken by the Yahi,i72942,Yahi|Yahi language,Q131625885
06936657-n,a family of Amerindian language spoken in the great interior valley of California,i72944,Penutian,Q115485
06936991-n,a group of Penutian languages spoken to the west of the Sacramento river,i72945,Copehan,Q1294259
06937245-n,a Copehan language spoken by the Wintun,i72947,Wintun|Wintun language,Q56754
06937337-n,a Penutian language spoken by the Costanoan,i72948,Costanoan|Costanoan language,Q2612570
06937567-n,a Penutian language spoken by the Miwok,i72950,Moquelumnan|Miwok|Miwok language|Moquelumnan language,Q578082
06937880-n,a Penutian language spoken by the Kalapuya,i72953,Kalapooian|Kalapuyan|Kalapuyan language|Kalapooian language,Q1569040
06937991-n,a Penutian language spoken by the Kusan,i72954,Kusan|Kusan language,Q940278
06938520-n,a Mayan language spoken by the Kekchi,i72959,Kekchi|Kekchi language,Q35536
06938694-n,a Mayan language spoken by the Yucatec,i72961,Yucatec|Yucateco|Yucatec language|Yucateco language,Q13354
06938797-n,the Mayan language spoken by the Quiche,i72962,Quiche|Quiche language,Q36494
06938889-n,the Mayan language spoken by the Cakchiquel,i72963,Cakchiquel|Cakchiquel language,Q35115
06938989-n,a group of related languages spoken in Asia and southeastern Europe,i72964,Altaic|Altaic language,Q37845
06939235-n,a subfamily of Altaic languages,i72965,Turki|Turkic|Turko-Tatar|Turkic language,Q34090
06940263-n,"the Turkic language spoken by approximately 7,000,000 Uighur in extreme northwestern China",i72972,Uighur|Uigur|Uygur|Uighur language|Uigur language|Uygur language,Q13263
06940422-n,the Turkic language spoken by the Yakut,i72973,Yakut|Yakut language,Q34299
06940513-n,the Turkic language spoken by the Kirghiz,i72974,Kirghiz|Kirgiz|Khirghiz|Kirgiz language|Kirghiz language|Khirghiz language,Q9255
06940824-n,a Turkic literary language of medieval central Asia (named for one of the sons of Genghis Khan),i72977,Chagatai|Jagatai|Jaghatai|Eastern Turki|Chagatai language|Jaghatai language|Jagatai language|Eastern Turki language,Q36831
06941207-n,a family of Altaic languages spoken in Mongolia and neighboring areas,i72979,Tungusic|Tungusic language,Q34230
06941616-n,a family of Altaic language spoken in Mongolia,i72982,Mongolian|Mongolic|Mongolic language,Q33750
06941785-n,the language of the Khalkha that is the official language of the Mongolian People's Republic,i72983,Khalkha|Khalka|Kalka|Kalka language|Khalkha language|Khalka language,Q6399808
06942236-n,the language (related to Japanese) that is spoken by the people of the Ryukyu Islands,i72986,Ryukyuan|Ryukyuan language,Q56393
06942395-n,a group of Sino-Tibetan languages,i72987,Sinitic|Sinitic language,Q33857
06942870-n,the dialect of Chinese spoken in Beijing and adopted as the official language for all of China,i72989,Mandarin|Mandarin Chinese|Mandarin dialect|Beijing dialect,Q727694
06943075-n,a dialect of Chinese spoken in the Yangtze delta,i72990,Wu|Wu dialect|Shanghai dialect,Q34290
06943204-n,the dialect of Chinese spoken in Canton and neighboring provinces and in Hong Kong and elsewhere outside China,i72991,Yue|Yue dialect|Cantonese|Cantonese dialect,Q7033959
06943410-n,any of the forms of Chinese spoken in Fukien province,i72992,Min|Min dialect|Fukien|Fukkianese|Hokkianese|Amoy|Taiwanese|Amoy language|Fukkianese language|Hokkianese language|Taiwanese language|Fukien language|Min language,Q56504
06943711-n,the family of tonal languages spoken in eastern Asia,i72994,Sino-Tibetan|Sino-Tibetan language,Q45961
06943976-n,a branch of the Sino-Tibetan family of languages spoken from Tibet to the Malay Peninsula,i72995,Tibeto-Burman|Tibeto-Burman language,Q34064
06944276-n,the Tibeto-Burman language spoken in Sichuan,i72996,Qiang|Qiangic|Qiangic language|Qiang language,Q1636765
06945042-n,the Tibeto-Burman language spoken in northern Burma and Yunnan,i73001,Lolo-Burmese|Burmese-Yi|Burmese-Yi language|Lolo-Burmese language,Q1635712
06945314-n,languages spoken by hill tribes in northern Burma and neighboring areas,i73003,Loloish|Loloish language,Q37035
06945580-n,"a Loloish language, spoken in South Yunnan Province, Jingdong and Jinggu counties, Yuanjiang and Lancang (Mekong) river basins, Ailao mountains",i73005,Hani|Akha|Hani language|Akha language,Q17004185
06945799-n,Tibeto-Burman languages spoken in northernmost Burma and adjacent China and India,i73008,Kachin|Kachinic|Kachin language|Kachinic language,Q1515454
06945962-n,a Kachinic language,i73009,Jinghpo|Jinghpaw|Chingpo|Chingpo language|Jinghpaw language|Jinghpo language,Q33332
06946056-n,Kamarupan languages spoken in western Burma and Bangladesh and easternmost India,i73010,Kuki|Chin|Kuki-Chin|Kuki language|Kuki-Chin language|Chin language,Q832413
06946206-n,Kamarupan languages spoken in northeastern India and western Burma,i73011,Naga|Naga language,Q11323745
06946466-n,Kamarupan languages spoken in the state of Assam in northeastern India,i73013,Bodo-Garo|Barish|Barish language|Bodo-Garo language,Q4090000
06946601-n,little known Kamarupan languages,i73014,Miri|Mirish|Abor|Dafla|Dafla language|Mirish language|Miri language|Abor language,Q3217538
06946797-n,Himalayish language spoken in the Kathmandu valley of Nepal,i73016,Newari|Newari language,Q33979
06946909-n,a family of Sino-Tibetan languages spoken in southeastern Asia,i73017,Kadai|Kam-Tai|Kadai language,Q34171
06947086-n,a group of Kadai languages,i73018,Kam-Sui,Q1023641
06947166-n,the most widespread and best known of the Kadai family of languages,i73019,Tai,Q749720
06947625-n,"a branch of the Tai languages, spoken in the north, mainly along Red and Black rivers, Lai Chau, Dien Bien, Lao Cai, and Son La provinces; some in the south, Lam Dòng Province, Tung Nghia",i73020,White Tai,Q7675751
06947710-n,"a branch of the Tai languages, spoken in Kachin State, from Myitkyina to Bamaw township, and Sagaing Region, Homalin township, along the Irrawaddy, Chindwin, and Uru rivers",i73021,Red Tai,Q7675773
06947888-n,"a branch of the Tai languages, spoken in Southwest Yunnan Province, Dehong Dai and Jingpo autonomous prefectures, Baoshan, Simao, and Lincang municipal prefectures",i73023,Tai Nuea|Chinese Shan|Dehong Dai,Q36556
06948091-n,"a branch of the Tai languages, spoken in Southern Yunnan Province, Xishuangbanna Dai autonomous prefecture, 3 counties: Jinghong (Chiang Hung, Chien Rung), Menghai, and Mengla, also a few in Simao municipal prefecture, Jiangcheng Hani and Yi Autonomous counties",i73025,Tai Lue|Xishuangbanna Dai,Q36948
06948194-n,"a branch of the Tai languages, spoken in Chiang Mai, Chiang Rai, Lamphun, Lampang, Mae Hong Son, Sukhothai, Nan, Phayao, Phrae, Uttaradit, Tak, and Kamphaeng Phet provinces",i73026,Tai Yuan|Kam Muang,Q565110
06948600-n,"a branch of the Tai languages, spoken in Surat Thani, Chumphon, Nakhon Si Thammarat, Songkhla, Phatthalung, Ranong, Phangnga, Phuket, Krabi, Trang, Prachuap Khiri Khan, Pattani, Yala, and Satun provinces",i73030,Southern Tai,Q56508
06948688-n,"a branch of the Tai languages, spoken in central and northeast Vietnam, near China border, Cao Bang, Lang Son, Bac Giang, Bac Kan, Thai Nguyen, Ha Giang, Tuyen Quang, Yen Bai, and Hai Duong provinces, Bac Thai, Quang Ninh, Ha Bac, south in Lam Dong Province,Tung Nghia and Song Mao and possibly in Laos",i73031,Tay|Tho,Q2511476
06948767-n,"a branch of the Tai languages, spoken in the north, mainly Cao Bang, Lang Son, Bac Kan, Tuyen Quang, Ha Giang, Lao Cai and Thai Nguyen provinces, possibly in Ho Chi Minh City and other sothern locations",i73032,Nung,Q72695
06949397-n,a family of languages spoken in southern and southeastern Asia,i73039,Austro-Asiatic|Austro-Asiatic language|Munda-Mon-Khmer,Q33199
06949600-n,a family of languages spoken by people scattered throughout central India,i73040,Munda,Q33892
06949725-n,a branch of the Austro-Asiatic languages,i73041,Mon-Khmer,Q337657
06949875-n,a language of uncertain affiliation spoken by the Hmong,i73042,Hmong|Hmong language|Miao|Miao language,Q3307894
06950308-n,the family of languages spoken in Australia and Formosa and Malaysia and Polynesia,i73046,Austronesian|Austronesian language,Q49228
06950545-n,the branch of the Austronesian languages spoken from Madagascar to the central Pacific,i73047,Malayo-Polynesian|Polynesian,Q143158
06950762-n,an eastern subfamily of Malayo-Polynesian languages,i73048,Oceanic|Eastern Malayo-Polynesian,Q940966
06950967-n,the Polynesian language spoken by the Tongan people,i73049,Tongan|Tongan language,Q34094
06951506-n,a western subfamily of Malayo-Polynesian languages,i73054,Western Malayo-Polynesian,Q2699398
06951664-n,a western subfamily of Western Malayo-Polynesian languages,i73055,Malay,Q12636082
06952518-n,official language of the Philippines; based on Tagalog; draws its lexicon from other Philippine languages,i73061,Philippine|Filipino|Filipino language|Philippine language,Q33298
06953463-n,the Austronesian languages spoken on Formosa,i73067,Formosan|Formosan language,Q715278
06953616-n,a language spoken by a Malaysian people on Formosa,i73068,Tayalic|Atayalic|Atayalic language|Tayalic language,Q716610
06953731-n,"a group of Formosan languages comprising Tsou, Kanakanabu and Saaroa",i73069,Tsouic|Tsouic language,Q716659
06953803-n,a Formosan language spoken by the Paiwan people in Taiwan,i73070,Paiwanic|Paiwanic language,Q11078043
06953877-n,any of the indigenous languages spoken in Papua New Guinea or New Britain or the Solomon Islands that are not Malayo-Polynesian languages,i73071,Papuan|Papuan language,Q236425
06954103-n,a family of languages spoken in southern Africa,i73072,Khoisan|Khoisan language,Q33614
06954241-n,any of the Khoisan languages spoken by the pastoral people of Namibia and South Africa,i73073,Khoikhoin|Khoikhoi|Hottentot|Khoikhoi language|Hottentot language|Khoikhoin language,Q13301
06954406-n,the family of languages that by 1000 BC were spoken throughout Europe and in parts of southwestern and southern Asia,i73074,Indo-European|Indo-European language|Indo-Hittite,Q19860
06954856-n,a prehistoric unrecorded language that was the ancestor of all Indo-European languages,i73075,Proto-Indo European|PIE|Proto-Indo European language,Q37178
06955181-n,the dialect of Albanian spoken in northern Albania and Yugoslavia,i73077,Gheg|Gheg dialect,Q181037
06955312-n,the dialect of Albanian spoken in southern Albania and in areas of Greece and Italy,i73078,Tosk|Tosk dialect,Q180937
06955636-n,a minor and almost extinct branch of the Indo-European languages; spoken along the Dalmatian coast,i73080,Illyrian,Q35976
06955983-n,a Thraco-Phrygian language spoken by the ancient people of Thrace but extinct by the early Middle Ages,i73082,Thracian|Thracian language,Q36793
06956140-n,a Thraco-Phrygian language spoken by the ancient inhabitants of Phrygia and now extinct — preserved only in a few inscriptions,i73083,Phrygian|Phrygian language,Q36751
06956320-n,a family of Indo-European languages including the Slavic and Baltic languages,i73084,Balto-Slavic|Balto-Slavic language|Balto-Slavonic,Q147356
06956533-n,a branch of the Indo-European family of languages,i73085,Slavic|Slavic language|Slavonic|Slavonic language,Q23526
06956918-n,the Slavic language into which the Bible was translated in the 9th century,i73086,Old Church Slavonic|Old Church Slavic|Church Slavic|Old Bulgarian|Old Bulgarian language|Church Slavic language|Old Church Slavic language|Old Church Slavonic language,Q33251
06957772-n,The South Slavic language that is the official language of Slovenia and spoken by the majority of its population,i73093,Slovenian|Slovene|Slovenian language|Slovene language,Q9063
06958441-n,a branch of the Indo-European family of languages related to the Slavonic languages; Baltic languages have preserved many archaic features that are believed to have existed in Proto-Indo European,i73098,Baltic|Baltic language,Q33136
06958779-n,a dead language of the (non-German) Prussians (extinct after 1700); thought to belong to the Baltic branch of Indo-European,i73099,Old Prussian,Q35501
06959259-n,a branch of the Indo-European family of languages; members that are spoken currently fall into two major groups: Scandinavian and West Germanic,i73102,Germanic|Germanic language,Q21200
06959585-n,a branch of the Germanic languages,i73103,West Germanic|West Germanic language,Q26721
06960420-n,a nonstandard form of American English characteristically spoken by African Americans in the United States,i73106,African American Vernacular English|AAVE|African American English|Black English|Black English Vernacular|Black Vernacular|Black Vernacular English|Ebonics,Q48767245
06960911-n,the nonstandard dialect of natives of Newcastle-upon-Tyne,i73108,geordie,Q653421
06961523-n,English from about 1100 to 1450,i73111,Middle English,Q36395
06962353-n,English prior to about 1100,i73118,Old English|Anglo-Saxon|Anglo-Saxon language,Q42365
06962524-n,a literary dialect of Old English,i73119,West Saxon,Q2658603
06962614-n,"comprises the Mercian and Northumbrian dialects, two of the major dialects of Old English often classified together as the Anglian dialects",i73120,Anglian,Q121142917
06962708-n,"a southern dialect of Old English, spoken in the Anglo-Saxon kingdom of Kent",i73121,Kentish|Jutish,Q11687485
06963162-n,a dialect of English spoken in the Lowlands of Scotland,i73124,Lallans|Scottish Lallans,Q5197377
06964877-n,a dialect of High German spoken in parts of Pennsylvania and Maryland,i73129,Pennsylvania Dutch,Q22711
06965242-n,Low German from 1100 to 1500,i73132,Middle Low German|Middle Low German language,Q505674
06965794-n,the Germanic language of Scandinavia up until about 700,i73136,Proto-Norse|Proto-Norse language,Q1671294
06965907-n,the extinct Germanic language of medieval Scandinavia and Iceland from about to 700 to 1350,i73137,Old Norse|Old Norse language,Q35505
06966072-n,the extinct dialect of Old Norse that was spoken in Iceland up until about 1600,i73138,Old Icelandic,Q34909
06967201-n,book language; one of two official languages of Norway; closely related to Danish,i73144,Bokmal|Bokmaal|Dano-Norwegian|Bokmaal language|Dano-Norwegian language|Bokmal language,Q25167
06967380-n,in 1929 this dialect of Norwegian was officially renamed Bokmal,i73145,Riksmal|Riksmaal,Q37015
06967982-n,a West Germanic language spoken in Friesland in the northwestern Netherlands; a near relative of English,i73149,Frisian|Frisian language,Q27175
06968300-n,an extinct branch of the Germanic languages,i73151,East Germanic|East Germanic language,Q108662
06968671-n,a (postulated) group of languages including many of the indigenous languages of Russia (but not Russian),i73153,Ural-Altaic,Q728651
06968869-n,a family of Ural-Altaic languages,i73154,Uralic|Uralic language,Q34113
06969027-n,a family of Uralic languages indigenous to Scandinavia and Hungary and Russia and western Siberia (prior to the Slavic expansion into those regions),i73155,Finno-Ugric|Finno-Ugrian,Q79890
06969284-n,one of two branches of the Finno-Ugric languages; a family of languages including Finnish and Estonian (but not Hungarian),i73156,Fennic|Finnic|Non-Ugric|Baltic-Finnic,Q33328
06969636-n,a group of Finnic languages spoken in the northwest Urals,i73158,Permic,Q161493
06970143-n,the Finnic language spoken by the Mordvinians,i73162,Mordva|Mordvin|Mordvinian|Mordvinian language|Mordvin language|Mordva language,Q627313
06970918-n,a Baltic-Finnic language,i73167,Ludian|Ludian language,Q33918
06971355-n,one of the two branches of the Finno-Ugric family of languages; spoken in Hungary and northwestern Siberia,i73171,Ugric|Ugrian,Q156631
06972001-n,any of the languages spoken by the Lapps and generally assumed to be Uralic languages,i73175,Lappic|Lappish|Lappic language|Lappish language,Q163652
06972167-n,the language of nomadic Lapps in northern Scandinavia and the Kola Peninsula,i73176,Lapp|Sami|Saami|Same|Saame|Saame language|Sami language|Saami language|Lapp language|Same language,Q56463
06972324-n,the Uralic languages spoken by the Samoyed in northwestern Siberia,i73177,Samoyedic|Samoyed|Samoyed language|Samoyedic language,Q34005
06973306-n,any of several related languages of the Celts in Ireland and Scotland,i73183,Gaelic|Goidelic|Erse|Goidelic language|Erse language|Gaelic language,Q56433
06973688-n,Irish Gaelic up to about 1100,i73185,Old Irish|Old Irish language,Q35308
06973773-n,Irish Gaelic from 1100 to 1500,i73186,Middle Irish|Middle Irish language,Q36116
06974139-n,a southern group of Celtic languages,i73189,Brythonic|Brittanic,Q156877
06975090-n,"an extinct Italic language of ancient southern Italy, spoken by a number of tribes, including the Samnites, the Aurunci, and the Sidicini",i73196,Oscan|Oscan language,Q36653
06975194-n,an extinct Osco-Umbrian language of ancient Italy that survives only in a few inscriptions,i73197,Sabellian|Sabellian language|Osco-Umbrian,Q515194
06975822-n,the language of educated people in ancient Rome,i73200,classical Latin,Q253854
06977530-n,a dialect of Italian spoken in Tuscany (especially Florence),i73210,Tuscan,Q1990745
06978478-n,the medieval Norman dialect of Old French,i73215,Norman-French|Norman French|Old North French,Q33850
06978614-n,the French (Norman) language used in medieval England,i73216,Anglo-French|Anglo-Norman|Anglo-Norman language|Anglo-French language,Q35214
06978970-n,the medieval dialects of Langue d'oc (southern France),i73219,Provencal|Occitan|Old Occitan|Langue d'oc|Langue d'oc French,Q2779185
06979369-n,the language of the Basque people; of no known relation to any other language,i73222,Basque|Basque language,Q8752
06979859-n,the Spanish language as spoken in Castile,i73224,Castilian|Castilian language,Q2631909
06979956-n,the Spanish dialect spoken by Sephardic Jews but written in the Hebrew script,i73225,Judeo-Spanish|Ladino,Q36196
06980102-n,the dialect of Spanish spoken in Mexico,i73226,Mexican Spanish,Q616620
06980384-n,Romance dialects spoken in parts of southeastern Switzerland and northern Italy and the Tyrol,i73228,Rhaeto-Romance|Rhaeto-Romanic,Q515593
06981128-n,an extinct ancient language of unknown affinities; spoken by the Elamites,i73233,Elamitic|Elamite|Susian|Susian language|Elamite language|Elamitic language,Q35470
06981381-n,a branch of the Indo-European language family that originated in central Asia during the first millennium A.D.,i73235,Tocharian,Q37029
06981583-n,"a dialect of Tocharian, of Qarašähär and Turpan",i73236,Turfan|East Tocharian|Turfan dialect,Q2827041
06982496-n,the Indic language of the Romani,i73240,Romany|Gypsy|Romany language|Gypsy language,Q13201
06983184-n,the Indic language spoken in Bihar (and by some people in Pakistan and Bangladesh),i73244,Bihari|Bihari language,Q135305
06983319-n,a subfamily of Indic languages,i73245,Magadhan,Q12593391
06983797-n,a Magadhan language that is spoken by the Oriya and is the official language of the Indian state of Orissa,i73248,Oriya|Oriya language,Q33810
06984279-n,the Indic language spoken by people in Pakistan and Punjab,i73251,Punjabi|Panjabi|Panjabi language|Punjabi language,Q58635
06984532-n,the branch of the Indo-European family of languages including the Indic and Iranian language groups,i73253,Indo-Iranian|Indo-Iranian language,Q33514
06984750-n,a branch of the Indo-Iranian family of languages,i73254,Indic|Indo-Aryan,Q33577
06984971-n,any of a group of Indic languages spoken in Kashmir and eastern Afghanistan and northern Pakistan,i73255,Dard|Dardic|Dardic language,Q161101
06985994-n,an ancient Prakrit language (derived from Sanskrit) that is the scriptural and liturgical language of Theravada Buddhism,i73262,Pali|Pali language,Q36727
06986270-n,a family of modern and historical languages spoken by the Persian (Iranian) people,i73264,Iranian|Iranian language,Q33527
06986707-n,"an ancient Iranian language used in the most sacred texts of the Zoroastrian faith, the Gathas",i73266,Gathic|Gathic language,Q135913439
06987347-n,an Iranian language spoken in Pakistan and Iran and Afghanistan and Russia and the Persian gulf,i73271,Balochi|Baluchi|Baluchi language|Balochi language,Q33049
06987506-n,the Iranian language of the Zoroastrian literature of the 3rd to 10th centuries,i73272,Pahlavi|Pehlevi|Pehlevi language|Pahlavi language,Q32063
06988028-n,a northeastern Iranian language spoken in Russia,i73275,Ossete|Ossete language,Q33968
06988129-n,the Iranian language spoken by the ancient Scythians,i73276,Scythian|Scythian language,Q749834
06988254-n,an extinct branch of the Indo-European family of languages known from inscriptions and important in the reconstruction of Proto-Indo European,i73277,Anatolian|Anatolian language,Q147085
06988562-n,the language of the Hittites and the principal language of the Anatolian group of languages; deciphered from cuneiform inscriptions,i73278,Hittite,Q35668
06989052-n,the Hellenic branch of the Indo-European family of languages,i73283,Greek|Hellenic|Hellenic language,Q2042538
06989493-n,the modern Greek vernacular,i73285,Romaic|Demotic|Romaic language|Demotic language,Q35392
06989619-n,literary style of Modern Greek containing features borrowed from Koine,i73286,Katharevusa|Katharevusa language,Q35961
06989988-n,a Greek dialect that flourished under the Roman Empire,i73289,Koine,Q107358
06990270-n,the dialect of Ancient Greek spoken and written in Attica and Athens and Ionia,i73291,Attic|Ionic|Ionic dialect|Classical Greek,Q11871956
06990460-n,the dialect of Ancient Greek spoken in Thessaly and Boeotia and Aeolis,i73292,Aeolic|Aeolic dialect|Eolic,Q406373
06990728-n,the dialect of Ancient Greek spoken in Doris,i73294,Doric|Doric dialect,Q285494
06991187-n,a northern Caucasian language spoken by the Circassian,i73297,Circassian|Circassian language,Q858543
06991316-n,a Circassian language spoken by the Abkhaz,i73298,Abkhazian|Abkhasian|Abkhazian language|Abkhasian language,Q5111
06991564-n,an extinct Caucasian language spoken exclusively in Turkey,i73300,Ubykh|Ubykh language,Q36931
06991674-n,"a large family of languages spoken in south and central India and Sri Lanka, as well as overseas in Malaysia and Singapore",i73301,Dravidian|Dravidic|Dravidian language,Q33311
06991909-n,a Dravidian language spoken primarily in southern India,i73302,South Dravidian|South Dravidian language,Q128886618
06992305-n,a Dravidian language spoken by the Kota,i73304,Kota|Kotar|Kota language|Kotar language,Q33483
06993125-n,a Dravidian language spoken primarily in south central India,i73311,South-Central Dravidian|South-Central Dravidian language,Q12633975
06993497-n,a Dravidian language spoken by the Savara in southeastern India (north of Madras),i73313,Savara|Savara language,Q13284
06993847-n,"a Dravidian language spoken in south central India, specifically in Odisha, Kalahandi district, Thuamur Rampur subdivision",i73316,Manda|Manda language,Q56760
06993949-n,the Dravidian language spoken by the Kui in southeastern India,i73317,Kui|Kui language,Q33919
06994158-n,a Dravidian language spoken primarily in central India,i73319,Central Dravidian|Central Dravidian language,Q12628823
06994580-n,"a Dravidian language spoken in south central India, spoken by the Dhurwa tribe, in the districts of Koraput and Bastar in Chhattisgarh state",i73322,Parji|Parji language,Q56753
06994785-n,the Dravidian language spoken by the Gadaba,i73324,Gadaba|Gadaba language,Q12952433
06994881-n,a Dravidian language spoken primarily in eastern India,i73325,North Dravidian|North Dravidian language,Q16110967
06995051-n,a Dravidian language spoken in eastern India,i73326,Kurux|Kurux language,Q33492
06995147-n,the Dravidian language spoken by the Malto,i73327,Malto|Malto language,Q33907
06995241-n,an isolated Dravidian language spoken by the Brahui in Pakistan,i73328,Brahui|Brahui language,Q33202
06995649-n,"a Chadic language spoken in northern Nigeria and closely related to Hausa, with dialects including Hill Angas and Plain Angas",i73331,Angas|Angas language,Q35999
06995774-n,"a Chadic language spoken in northern Nigeria, especially in the Plateau State, Bokkos, Barakin-Ladi, and Mangu LGAs",i73332,Ron|Bokkos|Daffo|Ron language|Daffo language|Bokkos language,Q1157129
06996076-n,"a Chadic language spoken in northern Nigeria, especially in Bauchi State, Tafawa Balewa LGA",i73335,Zaar|Sayanci|Sayanci language|Zaar language,Q3914431
06996181-n,a group of Chadic languages spoken in northern Nigeria; Hausa in the most important member,i73336,West Chadic,Q2447774
06996555-n,"a Chadic language spoken south of Lake Chad, especially in the Borno State, Biu and Askira-Uba LGAs, Adamawa State, Gombi LGA",i73338,Bura|Pabir|Bura language|Pabir language,Q56552
06996657-n,"a Chadic language spoken south of Lake Chad, especially in the Adamawa State, Michika LGA, Mandara mountains",i73339,Higi|Kapsiki|Higi language|Kapsiki language,Q56304
06997613-n,a group of Chadic languages spoken in the border area between Cameroon and Nigeria south of Lake Chad,i73348,Biu-Mandara,Q2251547
06998233-n,a Chadic language spoken in Chad; uses seven vowels plus differences in vowel length,i73352,Dangla|Dangaleat|Dangla language|Dangaleat language,Q942591
06998382-n,"a Chadic language spoken in Chad, in Guera Region, Guera department, Bitkine subprefecture, below Guera massif, Moukoulou, Séguine, Doli, Morgué, Djarkatché (Mezimi), and Gougué villages",i73353,Mokulu|Mokulu language,Q3440403
06998552-n,a group of Chadic languages spoken in Chad,i73355,East Chadic,Q2276221
06998760-n,an independent group of closely related Chadic languages spoken in the area between the Biu-Mandara and East Chadic languages,i73356,Masa,Q2136092
06999218-n,a large family of related languages spoken both in Asia and Africa,i73358,Afroasiatic|Afro-Asiatic|Afroasiatic language|Afrasian|Afrasian language|Hamito-Semitic,Q25268
06999554-n,a major branch of the Afro-Asiatic language family,i73359,Semitic,Q34049
07000069-n,Hebrew used in Israel today; revived from ancient Hebrew,i73361,Modern Hebrew|Modern Hebrew language,Q8141
07000185-n,an ancient branch of the Semitic languages,i73362,Akkadian,Q164273
07000319-n,an extinct language of the Assyrians in ancient Mesopotamia,i73363,Assyrian Akkadian|Assyrian|Assyrian Akkadian language|Assyrian language,Q35518
07000967-n,a Semitic language originally of the ancient Arameans but still spoken by other people in southwestern Asia,i73366,Aramaic|Aramaic language,Q28602
07001468-n,the form of Aramaic used by the Mandeans,i73369,Mandaean|Mandean|Mandaean language|Mandean language,Q33500
07001806-n,a group of Semitic languages,i73371,Canaanitic|Canaanitic language,Q747547
07002317-n,the Phoenician dialect of ancient Carthage,i73374,Punic,Q535958
07002529-n,a group of languages in northern Africa related to Semitic,i73376,Hamitic|Hamitic language,Q518848
07003204-n,a cluster of related dialects that were once the major language of northern Africa west of Egypt; now spoken mostly in Morocco,i73380,Berber,Q25448
07003401-n,the dialect of Berber spoken by the Tuareg,i73381,Tuareg,Q34065
07003496-n,a group of languages spoken in Ethiopia and Somalia and northwestern Kenya and adjacent regions,i73382,Cushitic,Q33248
07003777-n,a group of related languages spoken in a valley of southern Ethiopia; closely related to Cushitic languages,i73384,Omotic,Q33860
07003937-n,"the family of languages that includes most of the languages spoken in Africa south of the Sahara; the majority of them are tonal languages but there are important exceptions (e.g., Swahili or Fula)",i73385,Niger-Kordofanian|Niger-Kordofanian language,Q3410697
07004282-n,a group of languages spoken in the relatively small Kordofan area of the south Sudan,i73386,Kordofanian,Q1139349
07004424-n,a family of African language spoken in west Africa,i73387,Niger-Congo,Q33838
07005260-n,the Bantu language of the Chewa of east central Africa,i73389,Chichewa|Chichewa language,Q33273
07005369-n,a Bantu language spoken in southern Somalia,i73390,ChiMwini|ChiMwini language,Q4958328
07005589-n,a Bantu language spoken in Cameroon,i73392,Fang|Fang language,Q33484
07005768-n,a Bantu language spoken in the coastal regions of eastern Kenya,i73394,Giriama|Giriama language,Q3107606
07006105-n,a Bantu language spoken by the Chaga in northern Tanzania,i73397,Kichaga|Chaga|Chagga|Chaga language|Chagga language|Kichaga language,Q33016
07006530-n,a Bantu language spoken in southeastern Congo,i73401,Luba|Tshiluba|Tshiluba language|Luba language,Q34173
07006749-n,"a Bantu language, spoken in western Kenya",i73403,Luyia|Luyia language,Q35893
07006817-n,"a Bantu language, spoken in Zambia and Angola",i73404,Mashi|Mashi language,Q10962737
07006989-n,a group of southern Bantu languages,i73406,Nguni,Q961559
07007148-n,a Bantu language sometimes considered a dialect of Zulu,i73407,Ndebele|Matabele,Q35613
07008452-n,the most widely spoken Bantu languages; the official language of Kenya and Tanzania and widely used as a lingua franca in east and central Africa,i73418,Swahili|Swahili language|Kiswahili|Kiswahili language,Q7838
07008689-n,the language of the Tongan people of south central Africa (Zambia and Zimbabwe),i73419,Tonga|Tonga language,Q34101
07008820-n,a group of Niger-Congo languages spoken primarily in southeastern Mali and northern Ghana,i73420,Gur|Voltaic,Q33536
07008969-n,a group of languages spoken in the extreme western part of West Africa,i73421,West African,Q771124
07009672-n,a group of African languages in the Niger-Congo group spoken from Senegal east as far as the Ivory Coast,i73425,Mande,Q33681
07009828-n,a group of African language in the Niger-Congo group spoken from the Ivory Coast east to Nigeria,i73426,Kwa,Q34842
07010357-n,a family of East African languages spoken by Nilotic peoples from the Sahara south to Kenya and Tanzania,i73430,Nilo-Saharan|Nilo-Saharan language,Q33705
07010598-n,a group of Nilo-Saharan language spoken in parts of the Sudan and Zaire and Uganda and Tanzania,i73431,Chari-Nile,Q1010922
07010768-n,a group of languages of East Africa belonging to the Chari-Nile group,i73432,Nilotic|Nilotic language,Q513408
07011120-n,"a Nilotic language spoken in the Rift Valley Province, Kajiado and Narok districts",i73435,Masai|Masai language,Q35787
07011190-n,a Nilo-Saharan language spoken in parts of Chad,i73436,Saharan|Saharan language,Q1757661
07011291-n,a Nilo-Saharan language spoken by the Songhai in Mali and Niger,i73437,Songhai|Songhai language,Q505198
07015100-n,"a hand-held device, usually of paper, cardboard, or plastic, for conducting simple calculations or looking up information",,slide chart,Q1707296
07075374-n,folk music consisting of a genre of a cappella music originating with Black slaves in the United States and featuring call and response; influential on the development of other genres of popular music (especially soul),i73793,gospel|gospel singing,Q180268
07262593-n,a promotion intended to create goodwill for a person or institution,i74760,public relations|PR,Q133080
07296871-n,the voice on an unseen commentator in a film of television program,i74961,voice over,Q1146822
81058259-n,the English language as used in Canada,,Canadian English,Q44676
82423757-n,English as spoken in the UK,,British English|UK English,Q7979
90004041-n,"A genre of electronic music descended from 2-step garage, characterised by its dark mood, sparse, half-step and two-step rhythms, an average bpm of 140 and an emphasis on sub-bass.",,dubstep,Q20474
90009981-n,malicious software that makes a computer unusable unless a payment is made to the attacker,,ransomware,Q926331
92413265-n,a meter of poetry consisting of three iambic units per line.,,iambic trimeter,Q966479
92441266-n,"the technique, found in some medieval English music, of singing voice parts in parallel thirds.",,gymel,Q2247870
92441674-n,a musical scale having intervals that mutate between major and minor and used especially in jazz.,,blues scale,Q304144
92441675-n,an eight-note scale made up of alternating semitones and whole tones.,,octatonic scale,Q1325245
92446326-n,a sign indicating the operation of multiplication.,,multiplication dot|times sign|multiplication sign,Q1900125
92448268-n,"a suite of internet protocols, which provide Security transparency, security and network management.",,fast local internet protocol|FLIP,Q1503045
92448536-n,"a dramatized, purely acoustic performance, broadcast on radio or published on audio media, such as tape or CD.",,radio theatre|radio theater|audio drama|radio drama,Q2635894
92460878-n,a vowel sound made with your tongue near the top of your mouth.,,high vowel|close vowel,Q815839
92460927-n,a word that is treated in pronunciation as forming a part of a neighboring word and that is often unaccented or contracted.,,clitic,Q213458
92460995-n,"medieval drama, based on incidents in the Bible and performed in churches on holy days, usually in Latin and often chanted.",,liturgical drama,Q1253136
92461541-n,"in cartooning, a rounded outline containing words.",,speech balloon|speech bubble,Q827198
92461551-n,"a type of consonant in some languages, e.g., Hausa, produced by sudden release of pressure from the glottis.",,ejective|ejective consonant,Q827454
92461606-n,"a Semitic language of ancient Ethiopia, now used only as the liturgical language of the Ethiopian Church.",,Ge'ez,Q35667
92461959-n,"an inflectional language, or one characterized by grammatical endings.",,synthetic language,Q48612
92462158-n,(phonetics) Any sound articulated with the tongue near or touching the back of the alveolar ridge.,,post-alveolar|postalveolar|post-alveolar consonant|postalveolar consonant,Q49748
92462373-n,"is a form of humour predicated on deliberate violations of causal reasoning, producing events and behaviours that are obviously illogical.",,surreal humor|surreal humour|absurdist humour|absurdist humor,Q1092460
92463294-n,"(linguistics) Any vowel sound made with a somewhat elevated position of some certain part of the tongue, in relation to the palate; midway between the high and the low.",,mid vowel,Q1650645
92466500-n,"an Indo-European language that shows distinctive preservation of the Proto-Indo-European labiovelars and that shows a historical development of velar articulations, as the sounds /k/ or /kʰ/ (‘kh’) from Proto-Indo-European palatal phonemes.",,Centum language,Q20894484
90008911-n,an event involving a marathon coding session,,hackathon,Q46855
07671686-n,cut of meat from beef cattle,i77141,cut of beef,Q2051651
07674441-n,the portion of the loin from which porterhouse steaks are cut,,short loin,Q1186598
91000881-n,a Canadian dish made with french fries and cheese curds topped with a light brown gravy,,poutine,Q396184
92426961-n,"Clapp's Favourite is a useful early-season pear, ripening in mid-August.",,Clapp's Favourite,Q1095094
08069626-n,the government of a local area,i79527,local government,Q6501447
08086463-n,a company that does commercial printing,i79620,printing concern|printing business|printing company,Q6500733
08125593-n,(biology) a taxonomic category below a family,i79797,subfamily,Q164280
08166480-n,a Roman Catholic order founded by Saint Ignatius of Loyola in 1534 to defend Catholicism against the Reformation and to do missionary work among the heathen; it is strongly committed to education and scholarship,i79982,Society of Jesus|Jesuit order,Q36380
08180172-n,persons who make or amend or repeal laws,i80050,legislature|legislative assembly|legislative body|general assembly|law-makers,Q11204
08224130-n,a group of civilians organized in a military fashion (especially to operate in place of or to assist regular army troops),i80230,paramilitary|paramilitary force|paramilitary unit|paramilitary organization|paramilitary organisation,Q207320
08241605-n,"the Muslim community or people, considered to extend from Mauritania to Pakistan",i80331,Ummah|Umma|Muslim Ummah|Islamic Ummah|Islam Nation,Q205766
08262093-n,underworld organizations,i80451,organized crime|gangland|gangdom,Q46952
08291844-n,the academic world,i80627,academia|academe,Q1211427
08327879-n,a body serving in an administrative capacity,i80810,council,Q4358176
08362540-n,the ground and air and naval forces of Israel,i80971,Israeli Defense Force|IDF,Q58967
08374185-n,government workers; usually hired on the basis of competitive examinations,i81026,civil service,Q11771944
08412422-n,a school for training men and women to become officers in the United States Army,i81219,United States Military Academy|US Military Academy,Q9219
08473738-n,nonelective government officials,i81498,bureaucracy|bureaucratism,Q72468
88679190-n,the set of ordered pairs of two given sets,,Cartesian product|product|direct product,Q173740
92444667-n,a generalized metric space in which the distance between two distinct points can be zero.,,semi-metric space|pseudometric space,Q1397059
92462504-n,a body that emits radiation in constant proportion to the corresponding black-body radiation.,,grey body|gray body,Q5667724
09506868-n,a creature of the imagination; a person that exists only in legends or myths or fiction,i86463,imaginary being|imaginary creature,Q3071701
09569901-n,a fairy that inhabits water,i86832,water sprite|water nymph|water spirit,Q1936706
09778832-n,someone elected to honorary membership in an academy,i88040,academician,Q414528
09781176-n,someone in charge of a client's account for an advertising agency or brokerage or other service business,i88052,account executive|account representative|registered representative|customer's broker,Q4672747
09790166-n,the party appointed by a probate court to distribute the estate of someone who dies without a will or without naming an executor,i88083,administrator,Q4683600
09790627-n,the supreme commander of a fleet; ranks above a vice admiral and below a fleet admiral,i88085,admiral|full admiral,Q132851
09796453-n,a businessman who buys or sells for another in exchange for a commission,i88113,agent|factor|broker,Q160117
09828217-n,an enlisted man responsible for the upkeep of small arms and machine guns etc.,i88294,armorer|armourer|artificer,Q2101433
09843329-n,a filmmaker who has a personal style and keeps creative control over his or her works,i88360,auteur,Q788514
09860903-n,a coach of baseball players,i88475,baseball coach|baseball manager,Q865935
09864178-n,a minor parish official who serves a ceremonial function,i88499,beadle,Q2692509
09871697-n,(formerly) a title of respect for a man in Turkey or Egypt,i88551,bey,Q181217
09888853-n,someone who pursues fugitives or criminals for whom a reward is offered,i88662,bounty hunter,Q621613
09904597-n,a person who buys,i88763,buyer|purchaser|emptor|vendee,Q1308239
09908087-n,a person who announces the changes of steps during a dance,i88784,caller|caller-out,Q1027244
09909143-n,a politician who is running for public office,i88791,campaigner|candidate|nominee,P2453
09912643-n,an officer holding a rank below a major but above a lieutenant,i88816,captain,Q19100
09918986-n,a male singer who was castrated before puberty and retains a soprano or alto voice,i88856,castrato,Q210970
09924638-n,an accountant who has passed certain examinations and met all other statutory and licensing requirements of a United States state to be certified by that state,i88893,certified public accountant|CPA,Q1056337
09926301-n,the honorary or titular head of a university,i88904,chancellor,Q61061
09935667-n,the head of the police force in a county (or similar area),i88957,chief constable,Q3242291
09936672-n,the senior officer of a service of the armed forces,i88961,chief of staff,Q707492
09939229-n,the musical director of a choir,i88974,choirmaster|precentor|cantor,Q330679
09942117-n,an officer in the Episcopal church who helps a parish priest with secular matters,i88987,churchwarden,Q3290825
09947909-n,"an employee who performs clerical work (e.g., keeps records or accounts)",i89021,clerk,Q738142
09950334-n,a person who amuses others by ridiculous behavior,i89035,clown|buffoon|goof|goofball|merry andrew,Q7358
09950876-n,"a person who gives private instruction (as in singing, acting, etc.)",i89038,coach|private instructor|tutor,Q901222
09951794-n,a man who drives a coach (or carriage),i89043,coachman,Q1221610
09954379-n,a skilled worker who coins or stamps money,i89065,coiner|minter|moneyer,Q1861571
09962176-n,an official of the Communist Party who was assigned to teach party principles to a military unit,i89107,commissar|political commissar,Q168559
09963290-n,a government administrator,i89112,commissioner,Q524778
09972018-n,the person who leads a musical group,i89150,conductor|music director|director,Q158852
09978048-n,the person who delivers over or commits merchandise,i89185,consigner|consignor,Q877558
09979276-n,a diplomat appointed by a government to protect its commercial interests and help its citizens in a foreign country,i89193,consul,Q207978
09982091-n,a lawyer who specializes in the business of conveying properties,i89211,conveyancer,Q5166535
09986240-n,a journalist employed to provide news stories for newspapers or broadcast media,i89238,correspondent|newswriter,Q1155838
09991125-n,a French Canadian trapper,i89273,coureur de bois,Q511878
09993154-n,the helmsman of a ship's boat or a racing crew,i89286,coxswain|cox,Q1690874
10020380-n,a person appointed or elected to represent others,i89446,delegate,Q994779
10023681-n,someone who makes dental appliances (bridges and dentures),i89467,dental technician|denturist,Q144075
10025596-n,a member of the lower chamber of a legislative assembly (such as in France),i89478,deputy,Q1055894
10037147-n,employee of a transportation company who controls the departures of vehicles according to weather conditions and in the interest of efficient service,i89538,dispatcher,Q570755
10041617-n,a person who holds Ph.D. degree (or the equivalent) from an academic institution,i89561,doctor|Dr.,Q4618975
10046278-n,someone who guards an entrance,i89589,doorkeeper|door guard|hall porter|porter|gatekeeper|ostiary,Q1650716
10064687-n,a person responsible for the editorial aspects of publication; the person who determines the final content of a text (especially of a newspaper or magazine),i89689,editor|editor in chief,Q589298
10080851-n,a diplomat having less authority than an ambassador,i89778,envoy|envoy extraordinary|minister plenipotentiary,Q11051391
10082401-n,an official charged with the care of the horses of princes or nobles,i89790,equerry,Q1785507
10090026-n,a person appointed by a testator to carry out the terms of the will,i89838,executor,Q654437
10095481-n,someone who makes progress easier,i89867,facilitator,Q1150166
10108159-n,a producer of motion pictures,i89946,film maker|filmmaker|film producer|movie maker,Q3282637
10109661-n,the minister responsible for state finances,i89950,finance minister|minister of finance,Q7614320
10111118-n,the head of a fire department,i89957,fire chief|fire marshal,Q5451558
10123563-n,a government minister for foreign relations,i90039,foreign minister|secretary of state,Q7330070
10130190-n,a writer or artist who sells services to different employers without a long-term contract with any of them,i90085,freelancer|freelance|free-lance|free lance|independent|self-employed person,Q215279
10139008-n,a person employed to take care of game and wildlife,i90143,gamekeeper|game warden,Q11682235
10139742-n,a criminal who is a member of gang,i90150,gangster|mobster,Q46961
10159834-n,the head of a state government,i90272,governor,Q132050
10167008-n,worker who moves the camera around while a film or television show is being made,i90327,grip,Q3274496
10171603-n,a professional killer who uses a gun,i90357,gunslinger|hired gun|gun|gun for hire|triggerman|torpedo|shooter,Q619851
10209395-n,a wife who manages a household while her husband earns the family income,i90599,housewife|homemaker|lady of the house|woman of the house,Q1934684
10240982-n,a professional clown employed to entertain a king or nobleman in the Middle Ages,i90783,jester|fool|motley fool,Q215548
10243539-n,a woodworker whose work involves making things by joining pieces of wood,i90801,joiner,Q326358
10258072-n,originally a person of noble birth trained to arms and chivalry; today in Great Britain a person honored by the sovereign for personal merit,i90874,knight,Q102083
10260721-n,an assistant (often the father of the soon-to-be-born child) who provides support for a woman in labor by encouraging her to use techniques learned in childbirth-preparation classes,i90891,labor coach|birthing coach|doula|monitrice,Q749813
10264610-n,a person who administers a landed estate,i90914,land agent,Q6484023
10279694-n,a commissioned officer in the Navy ranking above a lieutenant and below a commander,i91005,lieutenant commander,Q837582
10279863-n,a general officer ranking above a major general and below a full general,i91006,lieutenant general,Q152951
10280019-n,an elected official serving as deputy to the governor of a state of the United States,i91007,lieutenant governor,Q1516453
10281790-n,the keeper of a lighthouse,i91020,lighthouse keeper,Q1766113
10283916-n,a person who speaks more than one language,i91037,linguist|polyglot,Q323081
10309195-n,the editor in charge of all editorial activities of a newspaper or magazine,i91190,managing editor,Q1068933
10315837-n,(in some countries) a military officer of highest rank,i91234,marshal|marshall,Q111837
10319708-n,the officer below the master on a commercial ship,i91257,mate|first mate,Q1436517
10349502-n,(Roman Catholic Church) an ecclesiastical title of honor bestowed on some priests,i91445,Monsignor,Q854905
10357201-n,a neutral or uncommitted person (especially in politics),i91494,mugwump|independent|fencesitter,Q327591
10400371-n,a person who delivers a speech or oration,i91754,orator|speechmaker|rhetorician|public speaker|speechifier,Q12859263
10429204-n,a person who lends money at interest in exchange for personal property that is deposited as security,i91916,pawnbroker,Q176637
10459618-n,a person who participates in or is skilled at some game,i92069,player|participant,Q4197743
10474871-n,a railroad employee who assists passengers (especially on sleeping cars),i92138,porter|Pullman porter,Q7259489
10475185-n,a painter or drawer of portraits,i92140,portraitist|portrait painter|portrayer|limner,Q1825525
10486325-n,someone who advocates the preservation of historical sites or endangered species or natural areas,i92212,preservationist,Q7241052
10492384-n,a male member of a royal family other than the sovereign (especially the son of a sovereign),i92240,prince,Q2747456
10494748-n,the scientist in charge of an experiment or research project,i92252,principal investigator|PI,Q7245082
10496256-n,someone who can be employed as a detective to collect information and assist in criminal investigations,i92261,private detective|PI|private eye|private investigator|operative|shamus|sherlock,Q1058617
10506053-n,a high-ranking university administrator,i92313,provost,Q2114175
10507601-n,a physician who specializes in psychiatry,i92322,psychiatrist|head-shrinker|shrink,Q211346
10513507-n,an agent who purchases goods or services for another,i92354,purchasing agent,Q7260944
10582177-n,someone who can find paths through unexplored territory,i92778,scout|pathfinder|guide,Q14290559
10593273-n,a person who is a chief administrator (as of the United Nations),i92838,secretary general,P3975
10600546-n,an officer (as of a legislature or court) who maintains order and executes commands,i92883,sergeant at arms|serjeant-at-arms,Q2611907
10609450-n,a dealer in equipment and supplies for ships,i92943,ship chandler,Q2235104
10616499-n,a railroad employee in charge of signals and point in a railroad yard,i92989,signal worker,Q1455706
10643902-n,a composer of words or music for popular songs,i93146,songwriter|songster|ballad maker,Q753110
10648006-n,a nation's ruler or head of state usually by hereditary right,i93170,sovereign|crowned head|monarch,Q116
10678733-n,someone who cuts or carves stone,i93340,stonecutter|cutter,Q328325
10685698-n,a college student who is teaching under the supervision of a certified teacher in order to qualify for a degree in education,i93384,student teacher|practice teacher,Q4405230
10694785-n,an officer on a merchant ship in charge of the cargo and its sale and purchase,i93438,supercargo,Q915830
10696008-n,a minor actor in crowd scenes,i93447,supernumerary|spear carrier|extra,Q658371
10706381-n,one appointed to represent a city or university or corporation in business transactions,i93507,syndic,Q1339249
10714435-n,a graduate student with teaching responsibilities,i93559,teaching fellow,Q7691300
10738685-n,the official who keeps a town's records,i93709,town clerk,Q883211
10745683-n,someone who adopts the dress or manner or sexual role of the opposite sex,i93755,transvestite|cross-dresser,Q10384150
10746908-n,an officer charged with receiving and disbursing funds,i93763,treasurer|financial officer,Q388338
10787187-n,a workman who manages or works in a warehouse,i94031,warehouser,Q1391362
90009161-n,an entrepreneur and a mother,,mompreneur,Q6897501
11622542-n,small tough woody zamia of Florida and West Indies and Cuba; roots and half-buried stems yield an arrowroot,i98357,coontie|Florida arrowroot|Seminole bread|Zamia pumila,Q2252144
11623913-n,South African cycad; the farinaceous pith of the fruit used as food,i98364,kaffir bread|Encephalartos caffer,Q3724957
11631684-n,large two-needled timber pine of southeastern Europe,i98398,black pine|Pinus nigra,Q145954
11632469-n,large five-needled European pine; yields cembra nuts and a resinous exudate,i98402,Swiss pine|Swiss stone pine|arolla pine|cembra nut tree|Pinus cembra,Q147278
11632800-n,low shrubby pine of central Europe with short bright green needles in bunches of two,i98404,Swiss mountain pine|mountain pine|dwarf mountain pine|mugho pine|mugo pine|Pinus mugo,Q147475
11633670-n,tall-growing pine of eastern North America; bark is brown with longitudinal fissures when mature; valued as a timber tree,i98407,American white pine|eastern white pine|weymouth pine|Pinus strobus,Q157230
11634143-n,medium-size pine of northwestern Mexico; bark is dark brown and furrowed when mature,i98409,southwestern white pine|Pinus strobiformis,Q2746153
11634490-n,small pine of western North America; having smooth grey-white bark and soft brittle wood; similar to limber pine,i98411,whitebark pine|whitebarked pine|Pinus albicaulis,Q761480
11634871-n,common and widely distributed tall timber pine of western North America having dark green needles in bunches of 2 to 5 and thick bark with dark brown plates when mature,i98413,ponderosa|ponderosa pine|western yellow pine|bull pine|Pinus ponderosa,Q460523
11635164-n,tall symmetrical pine of western North America having long blue-green needles in bunches of 3 and elongated cones on spreading somewhat pendulous branches; sometimes classified as a variety of ponderosa pine,i98414,Jeffrey pine|Jeffrey's pine|black pine|Pinus jeffreyi,Q251370
11635477-n,shrubby two-needled pine of coastal northwestern United States; red to yellow-brown bark fissured into small squares,i98415,shore pine|lodgepole|lodgepole pine|spruce pine|Pinus contorta,Q165091
11635838-n,tall spreading three-needled pine of southeastern United States having reddish-brown fissured bark and a full bushy upper head,i98417,loblolly pine|frankincense pine|Pinus taeda,Q368248
11637303-n,common small shrubby pine of the eastern United States having straggling often twisted or branches and short needles in bunches of 2,i98424,scrub pine|Virginia pine|Jersey pine|Pinus virginiana,Q3505749
11637541-n,"tall California pine with long needles in bunches of 3, a dense crown, and dark brown deeply fissured bark",i98425,Monterey pine|Pinus radiata,Q748888
11637723-n,small slow-growing upland pine of western United States (Rocky Mountains) having dense branches with fissured rust-brown bark and short needles in bunches of 5 and thorn-tipped cone scales; among the oldest living things some over 4500 years old,i98426,bristlecone pine|Rocky Mountain bristlecone pine|Pinus aristata,Q936888
11638082-n,a small two-needled upland pine of the eastern United States (Appalachians) having dark brown flaking bark and thorn-tipped cone scales,i98427,table-mountain pine|prickly pine|hickory pine|Pinus pungens,Q3087592
11638741-n,large Japanese ornamental having long needles in bunches of 2; widely planted in United States because of its resistance to salt and smog,i98430,Japanese black pine|black pine|Pinus thunbergii,Q854884
11639678-n,medium-sized larch of Canada and northern United States including Alaska having a broad conic crown and rust-brown scaly bark,i98435,American larch|tamarack|black larch|Larix laricina,Q734085
11639906-n,tall larch of western North America have pale green sharply pointed leaves and oblong cones; an important timber tree,i98436,western larch|western tamarack|Oregon larch|Larix occidentalis,Q576585
11640138-n,medium-sized larch of the Rocky Mountains; closely related to Larix occidentalis,i98437,subalpine larch|Larix lyallii,Q1404234
11640296-n,"tall European tree having a slender conic crown, flat needlelike leaves, and hairy cone scales",i98438,European larch|Larix decidua,Q146048
11640840-n,Chinese deciduous conifer resembling a larch with golden yellow leaves,i98441,golden larch|Pseudolarix amabilis,Q1458175
11641998-n,tall timber tree of central and southern Europe having a regular crown and grey bark,i98447,European silver fir|Christmas tree|Abies alba,Q146992
11642635-n,small fast-growing but short-lived fir of southern Alleghenies similar to balsam fir but with very short leaves,i98450,Fraser fir|Abies fraseri,Q1451343
11642819-n,lofty fir of the Pacific coast of northwestern America having long curving branches and deep green leaves,i98451,lowland fir|lowland white fir|giant fir|grand fir|Abies grandis,Q147434
11643042-n,medium-tall timber tree of the Rocky Mountains having a narrowly conic to columnar crown,i98452,Alpine fir|subalpine fir|Abies lasiocarpa,Q978755
11644643-n,tall Algerian evergreen of Atlas mountains with blue-green leaves; widely planted as an ornamental,i98461,Atlas cedar|Cedrus atlantica,Q623489
11645842-n,tall spruce of Rocky Mountains and British Columbia with blue-green needles and acutely conic crown; wood used for rough lumber and boxes,i98467,Engelmann spruce|Engelmann's spruce|Picea engelmannii,Q165387
11646255-n,small spruce of boggy areas of northeastern North America having spreading branches with dense foliage; inferior wood,i98469,black spruce|Picea mariana|spruce pine,Q218425
11646461-n,tall spruce of northern Europe and Asia; resembles Norway spruce,i98470,Siberian spruce|Picea obovata,Q1137607
11647036-n,tall spruce with blue-green needles and dense conic crown; older trees become columnar with lower branches sweeping downward,i98473,Colorado spruce|Colorado blue spruce|silver spruce|Picea pungens,Q146025
11647277-n,medium-sized spruce of eastern North America; chief lumber spruce of the area; source of pulpwood,i98474,red spruce|eastern spruce|yellow spruce|Picea rubens,Q469151
11648165-n,medium-sized evergreen of southeastern United States having spreading branches and widely diverging cone scales,i98479,Carolina hemlock|Tsuga caroliniana,Q1044374
11649244-n,lofty douglas fir of northwestern North America having short needles and egg-shaped cones,i98485,green douglas fir|douglas spruce|douglas pine|douglas hemlock|Oregon fir|Oregon pine|Pseudotsuga menziesii,Q156687
11649498-n,douglas fir of California having cones 4-8 inches long,i98486,big-cone spruce|big-cone douglas fir|Pseudotsuga macrocarpa,Q1425070
11653070-n,tall Eurasian cypress with thin grey bark and ascending branches,i98501,Italian cypress|Mediterranean cypress|Cupressus sempervirens,Q147513
11653735-n,a small South American evergreen having coppery bark and pretty foliage,i98505,Chilean cedar|Austrocedrus chilensis,Q12981787
11654314-n,Australian cypress pine having globular cones,i98508,Port Jackson pine|Callitris cupressiformis,Q87597486
11654450-n,Australian tree with small flattened scales as leaves and numerous dark brown seed; valued for its timber and resin,i98509,black cypress pine|red cypress pine|Callitris endlicheri|Callitris calcarata,Q2934277
11654694-n,small tree or shrub of southern Australia,i98510,white cypress pine|Callitris glaucophylla|Callitris glauca,Q87597525
11655187-n,tall tree of the Pacific coast of North America having foliage like cypress and cinnamon-red bark,i98513,incense cedar|red cedar|Calocedrus decurrens|Libocedrus decurrens,Q1399164
11655603-n,slow-growing medium-sized cedar of east coast of the United States; resembles American arborvitae,i98515,southern white cedar|coast white cedar|Atlantic white cedar|white cypress|white cedar|Chamaecyparis thyoides,Q1744650
11655884-n,large timber tree of western North America with trunk diameter to 12 feet and height to 200 feet,i98516,Oregon cedar|Port Orford cedar|Lawson's cypress|Lawson's cedar|Chamaecyparis lawsoniana,Q161360
11656281-n,tall evergreen of the Pacific coast of North America often cultivated for ornament,i98518,yellow cypress|yellow cedar|Nootka cypress|Alaska cedar|Chamaecyparis nootkatensis,Q15043561
11656655-n,tall evergreen of Japan and China yielding valuable soft wood,i98520,Japanese cedar|Japan cedar|sugi|Cryptomeria japonica,Q147388
11657933-n,ornamental densely pyramidal juniper of Bermuda; fairly large for a juniper,i98526,Bermuda cedar|Juniperus bermudiana,Q822052
11658110-n,tropical African timber tree with fragrant wood,i98527,east African cedar|Juniperus procera,Q577041
11658261-n,juniper of swampy coastal regions of southeastern United States; similar to eastern red cedar,i98528,southern red cedar|Juniperus silicicola,Q41777820
11658442-n,procumbent or spreading juniper,i98529,dwarf juniper|savin|Juniperus sabina,Q148630
11658976-n,low to prostrate shrub of Canada and northern United States; bronzed purple in winter,i98532,creeping juniper|Juniperus horizontalis,Q121427
11659149-n,small tree of western Texas and mountains of Mexico having spreading branches with drooping branchlets,i98533,Mexican juniper|drooping juniper|Juniperus flaccida,Q311965
11663473-n,large coniferous evergreen tree of North Africa and Spain having flattened branches and scalelike leaves yielding a hard fragrant wood; bark yields a resin used in varnishes,i98553,sandarac|sandarac tree|Tetraclinis articulata|Callitris quadrivalvis,Q50838983
11664677-n,small evergreen of eastern North America having tiny scalelike leaves on flattened branchlets,i98559,American arborvitae|northern white cedar|white cedar|Thuja occidentalis,Q147468
11666795-n,evergreen of Australia and Norfolk Island in the South Pacific,i98570,norfolk island pine|Araucaria heterophylla|Araucaria excelsa,Q87611094
11668319-n,native to the Moluccas and Philippines; a source of dammar resin,i98578,amboina pine|amboyna pine|Agathis dammara|Agathis alba,Q17164898
11669601-n,California evergreen having a fruit resembling a nutmeg but with a strong turpentine flavor,i98585,California nutmeg|nutmeg-yew|Torreya californica,Q1440975
11670758-n,medium tall celery pine of New Zealand,i98591,tanekaha|Phyllocladus trichomanoides,Q5409426
11672668-n,West Indian evergreen with medium to long leaves,i98600,yacca|yacca podocarp|Podocarpus coriaceus,Q5410614
11673029-n,South African tree or shrub having a rounded crown,i98602,cape yellowwood|African yellowwood|Podocarpus elongatus,Q5410640
11673204-n,erect or shrubby tree of Africa having ridged dark grey bark and rigid glossy medium to long leaves,i98603,South-African yellowwood|Podocarpus latifolius,Q164767
11673577-n,valuable timber tree of New Zealand yielding hard reddish wood used for furniture and bridges and wharves,i98605,totara|Podocarpus totara,Q164276
11675603-n,a rain forest tree or shrub of New Caledonia having a conic crown and pale green sickle-shaped leaves; host species for the rare parasite yew,i98615,yellow-leaf sickle pine|Falcatifolium taxoides,Q3544675
11678036-n,medium-sized tree having glossy lanceolate leaves; southern China to Taiwan and southern Japan,i98627,nagi|Nageia nagi,Q3274110
11679160-n,South American evergreen tree or shrub,i98633,plum-fruited yew|Prumnopitys andina|Prumnopitys elegans,Q50851707
11680078-n,a large fast-growing monoecious tropical evergreen tree having large glossy lanceolate leaves; of rain forests of Sumatra and Philippines to northern Queensland,i98638,Sundacarpus amara|Prumnopitys amara|Podocarpus amara,Q20671985
11680751-n,tall evergreen having a symmetrical spreading crown and needles growing in whorls that resemble umbrellas at ends of twigs,i98641,Japanese umbrella pine|Sciadopitys verticillata,Q161648
11682822-n,shrubby hardy evergreen of China and Japan having lustrous dark green foliage; cultivated in the eastern United States,i98650,Japanese yew|Taxus cuspidata,Q1144815
11683714-n,"yew of southeastern China, differing from the Old World yew in having white berries",i98655,white-berry yew|Pseudotaxus chienii,Q136195
11714769-n,small tropical American tree bearing round or oblong fruit,i98800,cherimoya|cherimoya tree|Annona cherimola,Q158986
11714938-n,tropical American tree grown in southern United States having a whitish pink-tinged fruit,i98801,ilama|ilama tree|Annona diversifolia,Q24849787
11715754-n,small evergreen tree of tropical America with edible fruit; used chiefly as grafting stock,i98805,pond apple|pond-apple tree|Annona glabra,Q2353550
11716919-n,source of most of the lancewood of commerce,i98812,lancewood|lancewood tree|Oxandra lanceolata,Q15363939
11718271-n,deciduous shrub of eastern North America whose leaves turn scarlet in autumn and having racemes of yellow flowers followed by ellipsoid glossy red berries,i98819,American barberry|Berberis canadensis,Q1723503
11718714-n,compact deciduous shrub having persistent red berries; widespread in cultivation especially for hedges,i98821,Japanese barberry|Berberis thunbergii,Q158397
11719540-n,slow-growing creeping plant with semi-evergreen leaves on erect wiry stems; used as ground cover,i98825,barrenwort|bishop's hat|Epimedium grandiflorum,Q2617435
11719911-n,ornamental evergreen shrub of Pacific coast of North America having dark green pinnate leaves and racemes of yellow flowers followed by blue-black berries,i98827,Oregon grape|Oregon holly grape|hollygrape|mountain grape|holly-leaves barberry|Mahonia aquifolium,Q158303
11720220-n,small shrub with grey-green leaves and yellow flowers followed by glaucous blue berries,i98828,Oregon grape|Mahonia nervosa,Q647429
11720527-n,North American herb with poisonous root stock and edible though insipid fruit,i98830,mayapple|May apple|wild mandrake|Podophyllum peltatum,Q1572090
11722167-n,deciduous Japanese shrub cultivated for its fragrant yellow flowers,i98838,Japan allspice|Japanese allspice|winter sweet|Chimonanthus praecox,Q2566375
11725089-n,large evergreen tree of warm regions whose aromatic wood yields camphor,i98852,camphor tree|Cinnamomum camphora,Q158722
11725260-n,tropical Asian tree with aromatic yellowish-brown bark; source of the spice cinnamon,i98853,cinnamon|Ceylon cinnamon|Ceylon cinnamon tree|Cinnamomum zeylanicum,Q12892282
11727411-n,small tree of southern United States having dark red heartwood,i98864,laurel-tree|red bay|Persea borbonia,Q4351742
11727698-n,yellowwood tree with brittle wood and aromatic leaves and bark; source of sassafras oil; widely distributed in eastern North America,i98866,sassafras|sassafras tree|Sassafras albidum,Q584469
11730862-n,small deciduous tree of eastern North America having creamy white flowers and large leaves in formations like umbrellas at the ends of branches,i98880,umbrella tree|umbrella magnolia|elkwood|elk-wood|Magnolia tripetala,Q990982
11732751-n,tall North American deciduous timber tree having large tulip-shaped greenish yellow flowers and conelike fruit; yields soft white woods used especially for cabinet work,i98889,tulip tree|tulip poplar|yellow poplar|canary whitewood|Liriodendron tulipifera,Q158783
11734232-n,woody vine of southeastern United States resembling the common moonseed but having red fruits,i98896,Carolina moonseed|Cocculus carolinus,Q5139267
11734851-n,East Indian tree widely cultivated in the tropics for its aromatic seed; source of two spices: nutmeg and mace,i98899,nutmeg|nutmeg tree|Myristica fragrans,Q2724976
11736279-n,white Egyptian lotus: water lily of Egypt to southeastern Africa; held sacred by the Egyptians,i98905,lotus|white lotus|Egyptian water lily|white lily|Nymphaea lotus,Q161111
11736636-n,blue lotus of India and southeastern Asia,i98907,blue lotus|Nymphaea stellata,Q87581437
11737868-n,native to eastern Asia; widely cultivated for its large pink or white flowers,i98914,lotus|Indian lotus|sacred lotus|Nelumbo nucifera,Q16528
11738046-n,water lily of eastern North America having pale yellow blossoms and edible globular nutlike seeds,i98915,water chinquapin|American lotus|yanquapin|Nelumbo lutea,Q468996
11738765-n,common aquatic plant of eastern North America having floating and submerged leaves and white yellow-spotted flowers,i98918,water-shield|fanwort|Cabomba caroliniana,Q786072
11739150-n,aquatic plant with floating oval leaves and purple flowers; in lakes and slow-moving streams; suitable for aquariums,i98920,water-shield|Brasenia schreberi|water-target,Q10913294
11741806-n,perennial herb native to Europe but naturalized elsewhere having heart-shaped leaves and yellow flowers resembling buttercups; its tuberous roots have been used as a poultice to relieve piles,i98930,lesser celandine|pilewort|Ranunculus ficaria,Q19796483
11742111-n,semiaquatic Eurasian perennial crowfoot with leaves shaped like spears; naturalized in New Zealand,i98931,lesser spearwort|Ranunculus flammula,Q161737
11742313-n,small early-flowering buttercup with shiny yellow flowers of western North America,i98932,sagebrush buttercup|Ranunculus glaberrimus,Q4117731
11742935-n,perennial European herb with long creeping stolons,i98936,creeping buttercup|creeping crowfoot|Ranunculus repens,Q213356
11743090-n,annual herb growing in marshy places,i98937,cursed crowfoot|celery-leaved buttercup|Ranunculus sceleratus,Q1339284
11743696-n,a poisonous herb native to northern Europe having hooded blue-purple flowers; the dried leaves and roots yield aconite,i98940,monkshood|helmetflower|helmet flower|Aconitum napellus,Q159218
11744832-n,North American herb with white poisonous berries,i98946,white baneberry|white cohosh|white bead|doll's eyes|Actaea alba,Q116886712
11745129-n,Eurasian herb cultivated for its deep red flowers with dark centers,i98948,pheasant's-eye|Adonis annua,Q148907
11745780-n,silky-foliaged herb of the Rocky Mountains with bluish-white flowers,i98951,Alpine anemone|mountain anemone|Anemone tetonensis,Q15365673
11746092-n,a common North American anemone with cylindrical fruit clusters resembling thimbles,i98953,thimbleweed|Anemone cylindrica,Q4115564
11746442-n,common anemone of eastern North America with solitary pink-tinged white flowers,i98955,wood anemone|snowdrop|Anemone quinquefolia,Q2208329
11746902-n,thimbleweed of central and eastern North America,i98958,Virginia thimbleweed|Anemone virginiana,Q4117342
11747176-n,woodland flower native to eastern North America having cup-shaped flowers reminiscent of anemone but more delicate,i98960,rue anemone|Anemonella thalictroides,Q159600
11747827-n,columbine of eastern North America having long-spurred red flowers,i98963,meeting house|honeysuckle|Aquilegia canadensis,Q2846008
11748009-n,columbine of the Rocky Mountains having long-spurred blue flowers,i98964,blue columbine|Aquilegia caerulea|Aquilegia scopulorum calcarea,Q22113514
11748207-n,common European columbine having variously colored (white or blue to purple or red) short-spurred flowers; naturalized in United States,i98965,granny's bonnets|Aquilegia vulgaris,Q148929
11749238-n,bugbane of the eastern United States having erect racemes of white flowers,i98970,American bugbane|summer cohosh|Cimicifuga americana,Q19847498
11749414-n,North American bugbane found from Maine and Ontario to Wisconsin and south to Georgia,i98971,black cohosh|black snakeroot|rattle-top|Cimicifuga racemosa,Q19847513
11749611-n,bugbane of Siberia and eastern Asia having ill-smelling green-white flowers,i98972,fetid bugbane|foetid bugbane|Cimicifuga foetida,Q10905072
11750329-n,erect clematis of Florida having pink to purple flowers,i98975,pine hyacinth|Clematis baldwinii|Viorna baldwinii,Q15366837
11750674-n,clematis of California,i98977,pipestem clematis|Clematis lasiantha,Q5131214
11751071-n,woody vine of Texas having showy solitary nodding scarlet flowers,i98980,scarlet clematis|Clematis texensis,Q5131225
11751219-n,woody vine of the southern United States having purple or blue flowers with leathery recurved sepals,i98981,leather flower|Clematis versicolor,Q15369316
11751402-n,scandent subshrub of southeastern United States having large red-purple bell-shaped flowers with leathery recurved sepals,i98982,leather flower|vase-vine|vase vine|Clematis viorna,Q15369586
11751880-n,vigorous deciduous climber of Europe to Afghanistan and Lebanon having panicles of fragrant green-white flowers in summer and autumn,i98984,traveler's joy|traveller's joy|old man's beard|Clematis vitalba,Q160100
11752128-n,climber of northeastern North America having waxy purplish-blue flowers,i98985,purple clematis|purple virgin's bower|mountain clematis|Clematis verticillaris,Q110469357
11752521-n,low-growing perennial of North America woodlands having trifoliate leaves and yellow rootstock and white flowers,i98987,goldthread|golden thread|Coptis groenlandica|Coptis trifolia groenlandica,Q85197594
11753036-n,commonly cultivated larkspur of southern Europe having unbranched spikelike racemes of blue or sometimes purplish or pinkish flowers; sometime placed in genus Delphinium,i98989,rocket larkspur|Consolida ambigua|Delphinium ajacis,Q50839091
11754962-n,slightly hairy perennial having deep green leathery leaves and flowers that are ultimately purplish-green,i98999,lenten rose|black hellebore|Helleborus orientalis,Q937300
11755167-n,deciduous plant with large deep green pedate leaves and nodding saucer-shaped green flowers,i99000,green hellebore|Helleborus viridis,Q149328
11756446-n,slender erect perennial of eastern North America having tuberous roots and pink-tinged white flowers; resembles meadow rue,i99006,false rue anemone|false rue|Isopyrum biternatum,Q110470586
11756831-n,spectacular perennial native of wet montane grasslands of Peru; formerly included in genus Ranunculus,i99008,giant buttercup|Laccopetalum giganteum,Q15374155
11757320-n,European garden plant having finely cut leaves and white or pale blue flowers,i99011,love-in-a-mist|Nigella damascena,Q158338
11757478-n,nigella of Spain and southern France,i99012,fennel flower|Nigella hispanica,Q4514226
11757594-n,herb of the Mediterranean region having pungent seeds used like those of caraway,i99013,black caraway|nutmeg flower|Roman coriander|Nigella sativa,Q160575
11758221-n,short hairy perennial with early spring blue-violet or lilac flowers; North America and Siberia,i99016,American pasqueflower|Eastern pasque flower|wild crocus|lion's beard|prairie anemone|blue tulip|American pulsatilla|Pulsatilla patens|Anemone ludoviciana,Q149341
11758532-n,"A herbaceous plant species of western North America (Anemone occidentalis, Pulsatilla occidentalis)",i99017,Western pasqueflower|Pulsatilla occidentalis|Anemone occidentalis,Q17813765
11759466-n,tall perennial of the eastern United States having large basal leaves and white summer flowers,i99022,false bugbane|Trautvetteria carolinensis,Q17847344
11760447-n,South American evergreen tree yielding winter's bark and a light soft wood similar to basswood,i99027,winter's bark|winter's bark tree|Drimys winteri,Q775529
11760883-n,evergreen shrub or small tree whose foliage is conspicuously blotched with red and yellow and having small black fruits,i99029,pepper shrub|Pseudowintera colorata|Wintera colorata,Q5854145
11761644-n,bog shrub of north temperate zone having bitter-tasting fragrant leaves,i99033,sweet gale|Scotch gale|Myrica gale,Q161681
11764241-n,"tall rush with soft erect or arching stems found in Eurasia, Australia, New Zealand, and common in North America",i99046,bulrush|bullrush|common rush|soft rush|Juncus effusus,Q161677
11764480-n,rush of Australia,i99047,jointed rush|Juncus articulatus,Q159141
11764577-n,low-growing annual rush of damp low-lying ground; nearly cosmopolitan,i99048,toad rush|Juncus bufonius,Q159152
11764720-n,tall rush of temperate regions,i99049,hard rush|Juncus inflexus,Q161332
11768970-n,widely cultivated American plant cultivated in tropical and warm regions; showy yellow flowers on stalks that bend over to the soil so that seed pods ripen underground,i99063,peanut|peanut vine|Arachis hypogaea,Q37383
11769581-n,West Indian tree yielding a fine grade of green ebony,i99066,granadilla tree|granadillo|Brya ebenus,Q10741417
11770072-n,Brazilian tree with handsomely marked wood,i99069,arariba|Centrolobium robustum,Q15528519
11770389-n,tall tropical South American tree having pulpy egg-shaped pods of fragrant black almond-shaped seeds used for flavoring,i99071,tonka bean|tonka bean tree|Coumarouna odorata|Dipteryx odorata,Q901484
11772443-n,erect or trailing perennial of eastern Australia having axillary racemes of blue to purple or red flowers,i99082,smooth darling pea|Swainsona galegifolia,Q7653034
11772637-n,shrubby perennial of southern Australia having downy or woolly stems and undersides of leaves and racemes of red to pink flowers,i99083,hairy darling pea|Swainsona greyana|Swainsona grandiflora,Q65950237
11773267-n,European mountain clover with fragrant usually pink flowers,i99086,alpine clover|Trifolium alpinum,Q159593
11773612-n,southern European annual with spiky heads of crimson flower; extensively cultivated in United States for forage,i99088,crimson clover|Italian clover|Trifolium incarnatum,Q161361
11774031-n,clover of western United States,i99090,buffalo clover|Trifolium reflexum|Trifolium stoloniferum,Q15546026
11774169-n,creeping European clover having white to pink flowers and bright green leaves; naturalized in United States; widely grown for forage,i99091,white clover|dutch clover|shamrock|Trifolium repens,Q148675
11775579-n,semi-climbing prickly evergreen shrub of tropical America having compound leaves sensitive to light and touch,i99096,sensitive plant|Mimosa sensitiva,Q5558576
11775788-n,"prostrate or semi-erect subshrub of tropical America, and Australia; heavily armed with recurved thorns and having sensitive soft grey-green leaflets that fold and droop at night or when touched or cooled",i99097,sensitive plant|touch-me-not|shame plant|live-and-die|humble plant|action plant|Mimosa pudica,Q148532
11777659-n,East Indian spiny tree having twice-pinnate leaves and yellow flowers followed by flat pods; source of black catechu,i99105,catechu|Jerusalem thorn|Acacia catechu,Q15535916
11779873-n,attractive domed or flat-topped Asiatic tree having bipinnate leaves and flowers with long silky stamens,i99116,silk tree|Albizia julibrissin|Albizzia julibrissin,Q750307
11780322-n,large ornamental tropical American tree with bipinnate leaves and globose clusters of flowers with crimson stamens and seed pods that are eaten by cattle,i99118,rain tree|saman|monkeypod|monkey pod|zaman|zamang|Albizia saman,Q15283786
11782305-n,ornamental evergreen tree with masses of white flowers; tropical and subtropical America,i99127,ice-cream bean|Inga edulis,Q138183
11782487-n,tropical tree of Central America and West Indies and Puerto Rico having spikes of white flowers; used as shade for coffee plantations,i99128,guama|Inga laurina,Q15538172
11782902-n,low scrubby tree of tropical and subtropical North America having white flowers tinged with yellow resembling mimosa and long flattened pods,i99130,lead tree|white popinac|Leucaena glauca|Leucaena leucocephala,Q65941858
11783611-n,West Indian tree yielding a hard dark brown wood resembling mahogany in texture and value,i99133,sabicu|Lysiloma sabicu,Q15531794
11784947-n,common thorny tropical American tree having terminal racemes of yellow flowers followed by sickle-shaped or circinate edible pods and yielding good timber and a yellow dye and mucilaginous gum,i99140,manila tamarind|camachile|huamachil|wild tamarind|Pithecellobium dulce,Q15248750
11785283-n,erect shrub with small if any spines having racemes of white to yellow flowers followed by curved pointed pods and black shiny seeds; West Indies and Florida,i99141,cat's-claw|catclaw|black bead|Pithecellobium unguis-cati,Q2097212
11788577-n,North American plant similar to common dogbane,i99154,Rocky Mountain dogbane|Apocynum pumilum,Q109577313
11789645-n,South African shrub having a swollen succulent stem and bearing showy pink and white flowers after the leaves fall; popular as an ornamental in tropics,i99159,impala lily|mock azalia|desert rose|kudu lily|Adenium obesum|Adenium multiflorum,Q4682225
11790725-n,evergreen tree of eastern Asia and Philippines having large leathery leaves and small green-white flowers in compact cymes; bark formerly used medicinally,i99164,dita|dita bark|devil tree|Alstonia scholaris,Q135307
11791616-n,evergreen woody twiner with large glossy leaves and showy corymbs of fragrant white trumpet-shaped flowers,i99168,Nepal trumpet flower|Easter lily vine|Beaumontia grandiflora,Q11895343
11792215-n,South African shrub having forked spines and plumlike fruit; frequently used as hedging,i99171,hedge thorn|natal plum|Carissa bispinosa,Q12234248
11793348-n,tropical Asian tree with hard white wood and bark formerly used as a remedy for dysentery and diarrhea,i99176,ivory tree|conessi|kurchi|kurchee|Holarrhena pubescens|Holarrhena antidysenterica,Q87605530
11794097-n,woody vine of Argentina grown as an ornamental for its glossy leaves and racemes of large fragrant funnel-shaped creamy-white flowers,i99179,Chilean jasmine|Mandevilla laxa,Q10475326
11794456-n,an ornamental but poisonous flowering shrub having narrow evergreen leaves and clusters of fragrant white to pink or red flowers: native to East Indies but widely cultivated in warm regions,i99181,oleander|rose bay|Nerium oleander,Q155833
11795264-n,frangipani of India having an erect habit and conical form; grown in temple gardens,i99184,pagoda tree|temple tree|Plumeria acutifolia,Q50847406
11796703-n,plant that is a source of strophanthin,i99191,Strophanthus kombe,Q4444247
11797549-n,tropical American shrub or small tree having glossy dark green leaves and fragrant saffron yellow to orange or peach- colored flowers; all parts highly poisonous,i99195,yellow oleander|Thevetia peruviana|Thevetia neriifolia,Q104921330
11798561-n,widely cultivated as a groundcover for its dark green shiny leaves and usually blue-violet flowers,i99200,myrtle|Vinca minor,Q161777
11798726-n,plant having variegated foliage and used for window boxes,i99201,large periwinkle|Vinca major,Q161746
11800893-n,ornamental plant of Middle East cultivated for its dark purple spathe,i99208,black calla|Arum palaestinum,Q2866021
11802127-n,erect or partially climbing herb having large green or variegated leaves,i99215,Chinese evergreen|Japanese leaf|Aglaonema modestum,Q4056964
11803631-n,foul-smelling somewhat fleshy tropical plant of southeastern Asia cultivated for its edible corms or in the greenhouse for its large leaves and showy dark red spathe surrounding a large spadix,i99222,devil's tongue|snake palm|umbrella arum|Amorphophallus rivieri,Q41777258
11804966-n,common American spring-flowering woodland herb having sheathing leaves and an upright club-shaped spadix with overarching green and purple spathe producing scarlet berries,i99228,jack-in-the-pulpit|Indian turnip|wake-robin|Arisaema triphyllum|Arisaema atrorubens,Q50827206
11805294-n,"early spring-flowering plant of eastern North America resembling the related jack-in-the-pulpit but having digitate leaves, slender greenish yellow spathe and elongated spadix",i99229,green dragon|Arisaema dracontium,Q2861311
11805745-n,"tuberous perennial having a cowl-shaped maroon or violet-black spathe: native to the Mediterranean, Canaries and Azores",i99231,friar's-cowl|Arisarum vulgare,Q1644587
11806344-n,most popular caladium; cultivated in many varieties since the late 19th century,i99234,Caladium bicolor,Q10296092
11810558-n,tropical rhizomatous plant cultivated as an ornamental for its large sagittate leaves,i99257,Nephthytis afzelii,Q15339700
11810859-n,aquatic plant of the southeastern United States having blue-green leaves and a spadix resembling a club covered with tiny yellow flowers,i99259,golden club|Orontium aquaticum,Q2700676
11816657-n,smallest flowering plants known; of the Americas,i99289,common wolffia|Wolffia columbiana,Q13962206
11817042-n,having narrow flat sickle-shaped submerged fronds; North America,i99291,mud midget|bogmat|Wolffiella gladiata,Q15334855
11818191-n,common perennial herb having aromatic roots used as a substitute for sarsaparilla; central and eastern North America,i99296,wild sarsaparilla|false sarsaparilla|wild sarsparilla|Aralia nudicaulis,Q2859483
11818450-n,unarmed woody rhizomatous perennial plant distinguished from wild sarsaparilla by more aromatic roots and panicled umbels; southeastern North America to Mexico,i99297,American spikenard|petty morel|life-of-man|Aralia racemosa,Q3926761
11818739-n,bristly herb of eastern and central North America having black fruit and medicinal bark,i99298,bristly sarsaparilla|bristly sarsparilla|dwarf elder|Aralia hispida,Q4068485
11818965-n,deciduous clump-forming Asian shrub or small tree; adventive in the eastern United States,i99299,Japanese angelica tree|Aralia elata,Q284736
11819447-n,Old World vine with lobed evergreen leaves and black berrylike fruits,i99302,ivy|common ivy|English ivy|Hedera helix,Q26354
11819800-n,small roundheaded New Zealand tree having large resinous leaves and panicles of green-white flowers,i99304,puka|Meryta sinclairii,Q5459044
11820201-n,Chinese herb with palmately compound leaves and small greenish flowers and forked aromatic roots believed to have medicinal powers,i99306,ginseng|nin-sin|Panax ginseng|Panax schinseng|Panax pseudoginseng,Q10888482
11821034-n,erect evergreen shrub or small tree of Australia and northern New Guinea having palmately compound leaves,i99310,umbrella tree|Schefflera actinophylla|Brassaia actinophylla,Q134943
11823055-n,evergreen low-growing perennial having mottled green and silvery-grey heart-shaped pungent leaves; Virginia to South Carolina,i99320,heartleaf|heart-leaf|Asarum virginicum,Q15593811
11826688-n,boreal or alpine sandwort,i99334,mountain sandwort|mountain starwort|mountain daisy|Arenaria groenlandica,Q110414985
11827148-n,low perennial tufted plant of southeastern North America,i99337,rock sandwort|Arenaria stricta,Q110415161
11827283-n,Eurasian annual sprawling plant naturalized throughout North America,i99338,thyme-leaved sandwort|Arenaria serpyllifolia,Q937450
11827836-n,densely tufted perennial chickweed of north temperate zone,i99341,field chickweed|field mouse-ear|Cerastium arvense,Q1370878
11829906-n,much-branched pink with flowers in clusters; closely related to sweet William,i99352,button pink|Dianthus latifolius,Q110416287
11830063-n,European pink cultivated for its very fragrant pink or rosy flowers,i99353,cottage pink|grass pink|Dianthus plumarius,Q159590
11830827-n,tall plant with small lance-shaped leaves and numerous tiny white or pink flowers,i99358,baby's breath|babies'-breath|Gypsophila paniculata,Q162134
11832563-n,an old cottage garden plant of southeastern Europe widely cultivated for its attractive white woolly foliage and showy crimson flowers,i99367,mullein pink|rose campion|gardener's delight|dusty miller|Lychnis coronaria,Q59420260
11833379-n,low-growing herb having clusters of small white four-petaled flowers,i99370,sandwort|Moehringia lateriflora,Q12583230
11836190-n,tuft- or mat-forming dwarf perennial of Arctic regions of western and central Europe and North America,i99383,moss campion|Silene acaulis,Q1339103
11836805-n,bluish-green herb having sticky stems and clusters of large evening-opening white flowers with much-inflated calyx; sometimes placed in genus Lychnis,i99386,white campion|evening lychnis|white cockle|bladder campion|Silene latifolia|Lychnis alba,Q27624
11837118-n,"perennial herb of eastern North America, having red flowers with narrow notched petals",i99387,fire pink|Silene virginica,Q951243
11837298-n,perennial of Arctic Europe having large white flowers with inflated calyx,i99388,bladder campion|Silene uniflora|Silene vulgaris,Q951322
11837629-n,small European weed with whorled leaves and white flowers,i99390,corn spurry|corn spurrey|Spergula arvensis,Q162826
11837970-n,prostrate weedy herb with tiny pink flowers; widespread throughout Europe and Asia on sand dunes and heath and coastal cliffs; naturalized in eastern North America,i99392,sand spurry|sea spurry|Spergularia rubra,Q1474695
11839978-n,low-growing South African succulent plant having a capsular fruit containing edible pulp,i99401,Hottentot fig|Hottentot's fig|sour fig|Carpobrotus edulis|Mesembryanthemum edule,Q1368577
11841653-n,Old World annual widely naturalized in warm regions having white flowers and fleshy foliage covered with hairs that resemble ice,i99409,ice plant|icicle plant|Mesembryanthemum crystallinum,Q161473
11842769-n,coarse sprawling Australasian plant with red or yellow flowers; cultivated for its edible young shoots and succulent leaves,i99415,New Zealand spinach|Tetragonia tetragonioides|Tetragonia expansa,Q28936712
11844615-n,leaves sometimes used as potherbs; seeds used as cereal; southern United States to Central America; India and China,i99423,pigweed|Amaranthus hypochondriacus,Q159611
11844813-n,erect annual of tropical central Asia and Africa having a pair of divergent spines at most leaf nodes,i99424,thorny amaranth|Amaranthus spinosus,Q2881023
11845680-n,weedy annual with spikes of silver-white flowers,i99428,red fox|Celosia argentea,Q161816
11848010-n,low-growing strong-smelling coastal shrub of warm parts of the New World having unisexual flowers in conelike spikes and thick succulent leaves,i99440,saltwort|Batis maritima,Q4869290
11851569-n,Asiatic plant resembling spinach often used as a potherb; naturalized in Europe and North America,i99457,garden orache|mountain spinach|Atriplex hortensis,Q158505
11851766-n,handsome low saltbush of arid southwestern United States and Mexico having blue-green prickly-edged leaves often used for Christmas decoration,i99458,desert holly|Atriplex hymenelytra,Q4817592
11851990-n,spiny shrub with silvery-scurfy foliage of alkaline plains of southwestern United States and Mexico,i99459,quail bush|quail brush|white thistle|Atriplex lentiformis,Q4817590
11853842-n,bushy annual weed of central North America having greenish flowers and winged seeds,i99469,winged pigweed|tumbleweed|Cycloloma atriplicifolium,Q15591153
11854218-n,a coarse annual herb introduced into North America from Siberia; dangerous to sheep and cattle on western rangelands because of its high oxalate content,i99471,halogeton|Halogeton glomeratus,Q15709475
11855720-n,low hardy much-branched spiny shrub common in alkaline soils of western America,i99479,greasewood|black greasewood|Sarcobatus vermiculatus,Q17252862
11857489-n,plant having heads of fragrant white trumpet-shaped flowers; grows in sandy arid regions,i99487,snowball|sweet sand verbena|Abronia elliptica,Q17233520
11857673-n,taller than Abronia elliptica and having night-blooming flowers,i99488,sweet sand verbena|Abronia fragrans,Q2821956
11858882-n,trailing plant having crowded clusters of 3 brilliant deep pink flowers resembling a single flower blooming near the ground; found in dry gravelly or sandy soil; southwestern United States and Mexico,i99494,trailing four o'clock|trailing windmills|Allionia incarnata,Q2838315
11860292-n,common garden plant of North America having fragrant red or purple or yellow or white flowers that open in late afternoon,i99501,common four-o'clock|marvel-of-Peru|Mirabilis jalapa|Mirabilis uniflora,Q13710
11860945-n,wildflower having vibrant deep pink tubular evening-blooming flowers; found in sandy and desert areas from southern California to southern Colorado and into Mexico,i99504,desert four o'clock|Colorado four o'clock|maravilla|Mirabilis multiflora,Q2623355
11861233-n,leafy wildflower with lavender-pink flowers that open in the evening and remain through cool part of the next day; found in open woods or brush in mountains of southern Colorado to Arizona and into Mexico,i99505,mountain four o'clock|Mirabilis oblongifolia,Q85205625
11861716-n,small spiny West Indian tree,i99507,cockspur|Pisonia aculeata,Q15238862
11863910-n,commonly cultivated tropical American cactus having slender creeping stems and very large showy crimson flowers that bloom for several days,i99514,rattail cactus|rat's-tail cactus|Aporocactus flagelliformis,Q41793383
11869336-n,tall treelike Mexican cactus with edible red fruit,i99541,chichipe|Lemaireocereus chichipe,Q41793280
11870990-n,arborescent cactus of western Mexico bearing a small oblong edible berrylike fruit,i99550,garambulla|garambulla cactus|Myrtillocactus geometrizans,Q287064
11873000-n,West Indian woody climber with spiny stems and numerous fragrant white flowers in panicles followed by small yellow to orange fruits,i99561,Barbados gooseberry|Barbados-gooseberry vine|Pereskia aculeata,Q134422
11873825-n,epiphytic cactus of Brazilian ancestry widely cultivated as a houseplant having jointed flat segments and usually rose-purple flowers that bloom in winter,i99565,Christmas cactus|Schlumbergera buckleyi|Schlumbergera baridgesii,Q104924393
11874948-n,South American jointed cactus with usually red flowers; often cultivated as a houseplant; sometimes classified as genus Schlumbergera,i99570,crab cactus|Thanksgiving cactus|Zygocactus truncatus|Schlumbergera truncatus,Q15336358
11877042-n,bushy houseplant having white to pale pink flowers followed by racemes of scarlet berries; tropical Americas,i99580,bloodberry|blood berry|rougeberry|rouge plant|Rivina humilis,Q886492
11879744-n,similar to Claytonia virginica but having usually pink flowers; eastern North America,i99592,Carolina spring beauty|Claytonia caroliniana,Q2978736
11880206-n,small cormous perennial grown for its low rosette of succulent foliage and racemes of pink-tinged white flowers; eastern North America,i99594,Virginia spring beauty|Claytonia virginica,Q671939
11881024-n,showy succulent ground-hugging plant of Rocky Mountains regions having deep to pale pink flowers and fleshy farinaceous roots; the Montana state flower,i99597,bitterroot|Lewisia rediviva,Q4113860
11881707-n,succulent plant with mostly basal leaves; stem bears 1 pair of broadly ovate or heart-shaped leaves and a loose raceme of 3-10 white flowers; western North America,i99600,broad-leaved montia|Montia cordifolia,Q111699640
11881956-n,small Indian lettuce of northern regions,i99601,blinks|blinking chickweed|water chickweed|Montia lamprosperma,Q98105970
11882110-n,a floating or creeping Indian lettuce having terminal racemes of pale rose flowers; wet areas at high elevations of western North America,i99602,toad lily|Montia chamissoi,Q6905917
11882322-n,succulent herb sometimes grown as a salad or pot herb; grows on dunes and waste ground of Pacific coast of North America,i99603,winter purslane|miner's lettuce|Cuban spinach|Montia perfoliata,Q65943855
11882769-n,pink clusters of densely packed flowers on prostrate stems resemble upturned pads of cats' feet; grow in coniferous forests of western North America,i99605,pussy-paw|pussy-paws|pussy's-paw|Spraguea umbellatum|Calyptridium umbellatum,Q32855932
11883936-n,low plant with crowded narrow succulent leaves and fairly large deep pink axillary flowers that seem to sit on the ground; southwestern United States,i99609,pigmy talinum|Talinum brevifolium,Q112066025
11884186-n,pink-flowered perennial of rocky regions of western United States,i99610,rock pink|Talinum calycinum,Q112066004
11884583-n,low cushion-forming plant with rose to crimson-magenta flowers and leaf midribs that persist as spines when the leaves die; southwestern United States,i99612,spiny talinum|Talinum spinescens,Q50875909
11885745-n,small Australian tree bearing edible fruit resembling the pomegranate,i99617,native pomegranate|Capparis arborea,Q5036113
11886043-n,shrub or small tree of southern Florida to Central and South America,i99619,caper tree|bay-leaved caper|Capparis flexuosa,Q15544693
11890887-n,European herb that smells like garlic,i99636,garlic mustard|hedge garlic|sauce-alone|jack-by-the-hedge|Alliaria officinalis,Q50826504
11891965-n,a small invasive self-pollinating weed with small white flowers; much studied by plant geneticists; the first higher plant whose complete genome sequence was described,i99642,Arabidopsis thaliana|mouse-ear cress,Q158695
11894314-n,of southwestern Europe; cultivated in Florida,i99654,Belle Isle cress|early winter cress|land cress|American cress|American watercress|Barbarea verna|Barbarea praecox,Q164056
11899102-n,Asiatic mustard used as a potherb,i99678,chinese mustard|indian mustard|leaf mustard|gai choi|Brassica juncea,Q504781
11899760-n,Asiatic plant cultivated for its swollen root crown and edible foliage,i99681,tendergreen|spinach mustard|Brassica perviridis|Brassica rapa perviridis,Q50828168
11900880-n,salt-tolerant seashore annual grown for its fragrant rose or violet flowers and fleshy grey-green foliage,i99687,sea-rocket|Cakile maritima,Q589913
11901260-n,annual European false flax having small white flowers; cultivated since Neolithic times as a source of fiber and for its oil-rich seeds; widely naturalized in North America,i99689,gold of pleasure|Camelina sativa,Q163958
11901658-n,white-flowered annual European herb bearing triangular notched pods; nearly cosmopolitan as an introduced weed,i99691,shepherd's purse|shepherd's pouch|Capsella bursa-pastoris,Q27264
11902543-n,a bitter cress of Europe and America,i99695,lady's smock|cuckooflower|cuckoo flower|meadow cress|Cardamine pratensis,Q27490
11902706-n,European bittercress having a knotted white rootstock,i99696,coral-root bittercress|coralroot|coralwort|Cardamine bulbifera|Dentaria bulbifera,Q244583
11902895-n,North American herb with pungent scaly or toothed roots,i99697,crinkleroot|crinkle-root|crinkle root|pepper root|toothwort|Cardamine diphylla|Dentaria diphylla,Q2938024
11903105-n,mat-forming perennial found in cold springs of the eastern United States,i99698,American watercress|mountain watercress|Cardamine rotundifolia,Q15538152
11905436-n,North American herb with bitter-tasting pinnate leaves resembling those of tansy,i99709,tansy mustard|Descurainia pinnata,Q5263816
11905761-n,yellow-flowered European plant that grows on old walls and in waste places; an adventive weed in North America,i99711,wall rocket|Diplotaxis muralis|Diplotaxis tenuifolia,Q159643
11905993-n,from Mediterranean region; a naturalized weed throughout southern Europe,i99712,white rocket|Diplotaxis erucoides,Q3029029
11908219-n,biennial or short-lived perennial prairie rocket having orange-yellow flowers; western North America to Minnesota and Kansas; sometimes placed in genus Cheiranthus,i99722,western wall flower|Erysimum asperum|Cheiranthus asperus|Erysimum arkansanum,Q5600924
11909269-n,long cultivated herb having flowers whose scent is more pronounced in the evening; naturalized throughout Europe to Siberia and into North America,i99727,damask violet|Dame's violet|sweet rocket|Hesperis matronalis,Q1857886
11909674-n,perennial stellate and hairy herb with small yellow flowers of mountains of southern Europe; sometimes placed in genus Sisymbrium,i99729,tansy-leaved rocket|Hugueninia tanacetifolia|Sisymbrium tanacetifolia,Q15624085
11912010-n,southeastern European plant cultivated for its fragrant purplish flowers and round flat papery silver-white seedpods that are used for indoor decoration,i99742,honesty|silver dollar|money plant|satin flower|satinpod|Lunaria annua,Q240620
11913286-n,European plant with racemes of sweet-scented flowers; widely cultivated as an ornamental,i99748,brompton stock|Matthiola incana,Q30063
11914385-n,small tufted perennial herb of mountains of central and southern Europe having very small flowers of usually leafless stems; sometimes placed in genus Lepidium,i99754,chamois cress|Pritzelago alpina|Lepidium alpina,Q42350193
11915027-n,Eurasian weed having yellow or mauve or white flowers and podlike fruits,i99757,jointed charlock|wild radish|wild rape|runch|Raphanus raphanistrum,Q28017
11915941-n,annual or biennial cress growing in damp places sometimes used in salads or as a potherb; troublesome weed in some localities,i99762,marsh cress|yellow watercress|Rorippa islandica,Q15249950
11916610-n,a dainty South American annual having deeply pinnatifid leaves and racemes of fringed almond-scented purple-white flowers,i99765,schizopetalon|Schizopetalon walkeri,Q15549014
11917191-n,weedy Eurasian plant often a pest in grain fields,i99768,field mustard|wild mustard|charlock|chadlock|Brassica kaber|Sinapis arvensis,Q87644934
11918740-n,small aquatic plant having tufted awl-shaped leaves in a basal rosette and minute white flowers; circumboreal,i99776,awlwort|Subularia aquatica,Q164046
11921921-n,showy annual of California with red flowers,i99790,western poppy|Papaver californicum,Q5666712
11922066-n,annual Old World poppy with orange-red flowers and bristly fruit,i99791,prickly poppy|Papaver argemone,Q149951
11923802-n,small Central American tree having loose racemes of purple-tinted green flowers,i99800,bocconia|tree celandine|Bocconia frutescens,Q5730997
11924140-n,perennial herb with branched woody stock and bright yellow flowers,i99802,celandine|greater celandine|swallowwort|swallow wort|Chelidonium majus,Q156807
11924743-n,annual vine with decompound leaves and racemes of yellow and pink flowers,i99805,climbing corydalis|Corydalis claviculata|Fumaria claviculata,Q111208575
11926218-n,yellow-flowered Eurasian glaucous herb naturalized in along sandy shores in eastern North America,i99813,horn poppy|horned poppy|yellow horned poppy|sea poppy|Glaucium flavum,Q157916
11927569-n,widely cultivated west European plant with showy pale yellow flowers,i99820,Welsh poppy|Meconopsis cambrica,Q1578328
11927874-n,California plant with small pale yellow flowers,i99822,creamcups|Platystemon californicus,Q15321448
11928158-n,tall branching subshrub of California and Mexico often cultivated for its silvery-blue foliage and large fragrant white flowers,i99824,matilija poppy|California tree poppy|Romneya coulteri,Q3018989
11928546-n,perennial woodland native of North America having a red root and red sap and bearing a solitary lobed leaf and white flower in early spring and having acrid emetic properties; rootstock used as a stimulant and expectorant,i99826,bloodroot|puccoon|redroot|tetterwort|Sanguinaria canadensis,Q2724394
11929018-n,California wild poppy with bright red flowers,i99828,wind poppy|flaming poppy|Stylomecon heterophyllum|Papaver heterophyllum,Q25407894
11930740-n,garden plant having deep-pink drooping heart-shaped flowers,i99837,bleeding heart|lyreflower|lyre-flower|Dicentra spectabilis,Q50828764
11937434-n,Eurasian herb having loose heads of button-shaped white flowers and long grey-green leaves that cause sneezing when powdered,i99849,sneezeweed yarrow|sneezewort|Achillea ptarmica,Q1335122
11941132-n,Australian plant widely cultivated for its beautiful silvery-white blooms with bright yellow centers on long winged stems,i99867,winged everlasting|Ammobium alatum,Q2001235
11941467-n,a small Mediterranean plant containing a volatile oil once used to relieve toothache,i99869,pellitory|pellitory-of-Spain|Anacyclus pyrethrum,Q1855185
11942661-n,North American perennial propagated by means of runners,i99875,ladies' tobacco|lady's tobacco|Antennaria plantaginifolia,Q15524973
11942843-n,low-growing perennial herb having leaves with whitish down and clusters of small white flowers,i99876,cat's foot|cat's feet|pussytoes|Antennaria dioica,Q847898
11943643-n,widespread rank-smelling weed having white-rayed flower heads with yellow discs,i99882,mayweed|dog fennel|stinking mayweed|stinking chamomile|Anthemis cotula,Q571357
11943866-n,Eurasian perennial herb with hairy divided leaves and yellow flowers; naturalized in North America,i99883,yellow chamomile|golden marguerite|dyers' chamomile|Anthemis tinctoria,Q925164
11944106-n,European white-flowered weed naturalized in North America,i99884,corn chamomile|field chamomile|corn mayweed|Anthemis arvensis,Q20778
11944483-n,tiny grey woolly tufted annual with small golden-yellow flower heads; southeastern California to northwestern Arizona and southwestern Utah; sometimes placed in genus Eriophyllum,i99886,woolly daisy|dwarf daisy|Antheropeas wallacei|Eriophyllum wallacei,Q2852739
11945919-n,bushy perennial of South Africa with white or violet flowers; in its native region often clothes entire valley sides in a sheet of color,i99893,blue-eyed African daisy|Arctotis stoechadifolia|Arctotis venusta,Q15591812
11947445-n,wildflower with heart-shaped leaves and broad yellow flower heads; of alpine areas west of the Rockies from Alaska to southern California,i99900,heartleaf arnica|Arnica cordifolia,Q2863306
11948209-n,small European herb with small yellow flowers,i99904,lamb succory|dwarf nipplewort|Arnoseris minima,Q202219
11950349-n,low ashy-grey California shrub,i99913,California sagebrush|California sage|Artemisia californica,Q4797496
11950507-n,European wormwood similar to common wormwood in its properties,i99914,field wormwood|Artemisia campestris,Q783863
11950822-n,silver-haired shrub of central and southern United States and Mexico; a troublesome weed on rangelands,i99916,sand sage|silvery wormwood|Artemisia filifolia,Q582243
11951040-n,silky-leaved aromatic perennial of dry northern parts of the Northern Hemisphere; has tawny florets,i99917,wormwood sage|prairie sagewort|Artemisia frigida,Q606606
11951781-n,herb with greyish leaves found along the east coast of North America; used as an ornamental plant,i99921,dusty miller|beach wormwood|old woman|Artemisia stelleriana,Q2862331
11953568-n,common North American perennial with heathlike foliage and small white flower heads,i99927,heath aster|Aster arenosus,Q21246984
11959025-n,California shrub with slender leafy shoots that are important browse for mule deer,i99969,mule fat|Baccharis viminea,Q50840238
11959201-n,widely spreading evergreen shrub of southwestern United States with flower heads in a leafy panicle,i99970,coyote brush|coyote bush|chaparral broom|kidney wort|Baccharis pilularis,Q1028765
11960818-n,common bur marigold of the eastern United States,i99978,Spanish needles|Bidens bipinnata,Q15251279
11961068-n,North American bur marigold with large flowers,i99980,tickseed sunflower|Bidens coronata|Bidens trichosperma,Q21252466
11961384-n,bur marigold of eastern and northern United States and Canada common in wet pastures and meadows,i99982,swampy beggar-ticks|Bidens connata,Q1668987
11963128-n,hairy Eurasian perennial having deep yellow daisies on lax willowy stems; found in the wild in open woodland and on rocky slopes,i99992,woodland oxeye|Buphthalmum salicifolium,Q1363283
11964461-n,valued for their beautiful flowers in a wide range of clear bright colors; grown primarily for cutting,i99999,China aster|Callistephus chinensis,Q312441
11967387-n,south European plant having dark-eyed flowers with flat blue rays,i100014,blue succory|cupid's dart|Catananche caerulea,Q514545
11968938-n,perennial of mountains of Iran and Iraq; cultivated for its fragrant rose-pink flowers,i100022,sweet sultan|Centaurea imperialis,Q15567609
11969125-n,a weedy perennial with tough wiry stems and purple flowers; native to Europe but widely naturalized,i100023,lesser knapweed|black knapweed|hardheads|Centaurea nigra,Q1851639
11969333-n,tall European perennial having purple flower heads,i100024,great knapweed|greater knapweed|Centaurea scabiosa,Q1569852
11969484-n,European weed having a winged stem and hairy leaves; adventive in the eastern United States,i100025,Barnaby's thistle|yellow star-thistle|Centaurea solstitialis,Q2068262
11972289-n,perennial golden aster of southeastern United States,i100038,Maryland golden aster|Chrysopsis mariana,Q5114924
11973010-n,pleasantly aromatic shrub having erect slender flexible hairy branches and dense clusters of small yellow flowers covering vast areas of western alkali plains and affording a retreat for jackrabbits; source of a yellow dye used by the Navajo,i100043,rabbit brush|rabbit bush|Chrysothamnus nauseosus,Q15629521
11973507-n,perennial Old World herb having rayed flower heads with blue florets cultivated for its root and its heads of crisp edible leaves used in salads,i100045,chicory|succory|chicory plant|Cichorium intybus,Q2544599
11973808-n,widely cultivated herb with leaves valued as salad green; either curly serrated leaves or broad flat ones that are usually blanched,i100046,endive|witloof|Cichorium endivia,Q178547
11974953-n,thistle of western North America having white woolly leaves,i100052,woolly thistle|Cirsium flodmanii,Q15593859
11975111-n,woolly thistle of western and central Europe and Balkan Peninsula,i100053,European woolly thistle|Cirsium eriophorum,Q1029175
11975267-n,perennial stoloniferous thistle of northern Europe with lanceolate basal leaves and usually solitary heads of reddish-purple flowers,i100054,melancholy thistle|Cirsium heterophylum|Cirsium helenioides,Q15546864
11975509-n,of central and southwestern Europe,i100055,brook thistle|Cirsium rivulare,Q588939
11975622-n,European thistle with rather large heads and prickly leaves; extensively naturalized as a weed in the United States,i100056,bull thistle|boar thistle|spear thistle|Cirsium vulgare|Cirsium lanceolatum,Q15630402
11976365-n,rhizomatous plant of central and southeastern United States and West Indies having large showy heads of clear blue flowers; sometimes placed in genus Eupatorium,i100060,mistflower|mist-flower|ageratum|Conoclinium coelestinum|Eupatorium coelestinum,Q15548876
11977786-n,large treelike shrub having feathery leaves and clusters of large yellow flower heads; coastal southern California,i100066,giant coreopsis|Coreopsis gigantea,Q4232929
11977983-n,stout herb with flowers one to a stalk; ornamental developed from a Mexican wildflower,i100067,sea dahlia|Coreopsis maritima,Q4232932
11978147-n,North American annual widely cultivated for its yellow flowers with purple-red to brownish centers; in some classifications placed in a subgenus Calliopsis,i100068,calliopsis|Coreopsis tinctoria,Q2631259
11978968-n,South African herb with golden-yellow globose flower heads; naturalized in moist areas along coast of California; cultivated as an ornamental,i100072,brass buttons|Cotula coronopifolia,Q2998623
11980714-n,any of several plants of or developed from the species Dahlia pinnata having tuberous roots and showy rayed variously colored flower heads; native to the mountains of Mexico and Central America and Colombia,i100081,dahlia|Dahlia pinnata,Q1549236
11981142-n,South African succulent evergreen twining climber with yellow flowers grown primarily as a houseplant for its foliage; sometimes placed in genus Senecio,i100083,German ivy|Delairea odorata|Senecio milkanioides,Q2702202
11983774-n,tropical African annual having scarlet tassel-shaped flower heads; sometimes placed in genus Cacalia,i100097,tassel flower|Emilia coccinea|Emilia javanica|Emilia flammea|Cacalia javanica|Cacalia lutea,Q15587313
11984915-n,herb having a basal cluster of grey-green leaves and leafless stalks each with a solitary broad yellow flower head; desert areas Idaho to Arizona,i100102,sunray|Enceliopsis nudicaulis,Q3053763
11985687-n,an American weedy plant with small white or greenish flowers,i100106,fireweed|Erechtites hieracifolia,Q15588334
11987611-n,common perennial of eastern North America having flowers with usually violet-purple rays,i100115,robin's plantain|Erigeron pulchellus,Q5388423
11988347-n,greyish woolly leafy perennial with branched stems ending in leafless stalks bearing golden-yellow flower heads; dry areas western North America,i100119,golden yarrow|Eriophyllum lanatum,Q2592617
11990076-n,hairy South African or Australian subshrub that has daisylike flowers with blue rays,i100127,blue daisy|blue marguerite|Felicia amelloides,Q354211
11990275-n,softly hairy South African herb having flowers with bright blue rays,i100128,kingfisher daisy|Felicia bergeriana,Q15598583
11990767-n,(literally an undutiful herb) a variety of cotton rose,i100131,herba impia|Filago germanica,Q108746821
11991315-n,annual of central United States having showy long-stalked yellow flower heads marked with scarlet or purple in the center,i100134,blanket flower|Indian blanket|fire wheel|fire-wheel|Gaillardia pulchella,Q2701210
11991875-n,decumbent South African perennial with short densely leafy stems and orange flower rays with black eyespots at base,i100137,treasure flower|Gazania rigens,Q775301
11994103-n,perennial gumweed of California and Baja California,i100148,Grindelia robusta,Q5609419
11995026-n,low-growing sticky subshrub of southwestern United States having narrow linear leaves on many slender branches and hundreds of tiny yellow flower heads,i100153,rabbitweed|rabbit-weed|snakeweed|broom snakeweed|broom snakeroot|turpentine weed|Gutierrezia sarothrae,Q15553359
11995357-n,annual of southwestern United States having rigid woody branches with sticky foliage and yellow flowers,i100154,broomweed|broom-weed|Gutierrezia texana,Q19570453
11995723-n,Javanese foliage plant grown for their handsome velvety leaves with violet-purple hairs,i100156,velvet plant|purple velvet plant|royal velvet plant|Gynura aurantiaca,Q9268236
11996127-n,cushion-forming New Zealand herb having leaves densely covered with tawny hairs,i100158,vegetable sheep|sheep plant|Haastia pulvinaris,Q15556408
11996980-n,slender perennial of western North America having weakly bristly leaves and yellow flower heads,i100162,yellow spiny daisy|Haplopappus spinulosus,Q41777651
11998356-n,a sneezeweed of southwestern United States especially southern California,i100169,rosilla|Helenium puberulum,Q5703947
11999020-n,sunflower of eastern North America having narrow leaves and found in bogs,i100172,swamp sunflower|Helianthus angustifolius,Q12212025
11999182-n,annual sunflower grown for silage and for its seeds which are a source of oil; common throughout United States and much of North America,i100173,common sunflower|mirasol|Helianthus annuus,Q171497
11999430-n,very tall American perennial of central and the eastern United States to Canada having edible tuberous roots,i100174,giant sunflower|tall sunflower|Indian potato|Helianthus giganteus,Q12212017
12000184-n,tall perennial with hairy stems and leaves; widely cultivated for its large irregular edible tubers,i100178,Jerusalem artichoke|girasol|Jerusalem artichoke sunflower|Helianthus tuberosus,Q146190
12001944-n,hairy perennial with yellow flower heads in branched clusters; found almost everywhere in dry places from Canada to west central and western United States; sometimes placed in genus Chrysopsis,i100187,hairy golden aster|prairie golden aster|Heterotheca villosa|Chrysopsis villosa,Q15562549
12003014-n,a hawkweed with a rosette of purple-veined basal leaves; Canada to northern Georgia and Kentucky,i100191,rattlesnake weed|Hieracium venosum,Q13919553
12003408-n,rhizomatous herb with purple-red flowers suitable for groundcover; sometimes placed in genus Tussilago,i100193,alpine coltsfoot|Homogyne alpina|Tussilago alpina,Q1815404
12004075-n,similar to but smaller than alpine hulsea,i100196,dwarf hulsea|Hulsea nana,Q5936274
12004613-n,European weed widely naturalized in North America having yellow flower heads and leaves resembling a cat's ears,i100199,cat's-ear|California dandelion|capeweed|gosmore|Hypochaeris radicata,Q421057
12006372-n,small yellow-flowered herb resembling dandelions of central and southeastern United States,i100208,dwarf dandelion|Krigia dandelion|Krigia bulbosa,Q15601446
12008601-n,small slender woolly annual with very narrow opposite leaves and branches bearing solitary golden-yellow flower heads; southwestern Oregon to Baja California and Arizona; often cultivated,i100219,goldfields|Lasthenia chrysostoma,Q50845411
12009065-n,California annual having flower heads with yellow rays tipped with white,i100221,tidytips|tidy tips|Layia platyglossa,Q6505577
12010338-n,tall leafy-stemmed Eurasian perennial with white flowers; widely naturalized; often placed in genus Chrysanthemum,i100228,oxeye daisy|ox-eyed daisy|marguerite|moon daisy|white daisy|Leucanthemum vulgare|Chrysanthemum leucanthemum,Q27164
12010636-n,similar to oxeye daisy,i100229,oxeye daisy|Leucanthemum maximum|Chrysanthemum maximum,Q3020526
12011096-n,perennial of Portugal similar to the oxeye daisy,i100231,Pyrenees daisy|Leucanthemum lacustre|Chrysanthemum lacustre,Q19848891
12011389-n,perennial herb closely resembling European edelweiss; New Zealand,i100233,north island edelweiss|Leucogenes leontopodium,Q15549862
12012018-n,herb with many stems bearing narrow slender wands of crowded rose-lavender flowers; central United States and Canada to Texas and northern Mexico,i100236,dotted gayfeather|Liatris punctata,Q6540315
12012246-n,perennial of southeastern and central United States having very dense spikes of purple flowers; often cultivated for cut flowers,i100237,dense blazing star|Liatris pycnostachya,Q12061156
12013913-n,wild aster having leafy stems and flower heads with narrow bright reddish-lavender or purple rays; western Colorado to Arizona,i100246,sticky aster|Machaeranthera bigelovii,Q21327846
12014996-n,South American herb with sticky glandular foliage; source of madia oil,i100251,melosa|Chile tarweed|madia oil plant|Madia sativa,Q6727680
12015865-n,annual aromatic weed of Pacific coastal areas (United States and northeastern Asia) having bristle-pointed leaves and rayless yellow flowers,i100255,pineapple weed|rayless chamomile|Matricaria matricarioides,Q24851007
12017878-n,common perennial herb widely distributed in the southern and eastern United States having drooping clusters of pinkish flowers and thick basal leaves suggesting a lion's foot in shape; sometimes placed in genus Prenanthes,i100265,lion's foot|gall of the earth|Nabalus serpentarius|Prenanthes serpentaria,Q41778123
12018786-n,musk-scented shrub or tree of southern and southeastern Australia having creamy-yellow flower heads,i100268,muskwood|Olearia argophylla,Q2160632
12018961-n,bushy New Zealand shrub cultivated for its fragrant white flower heads,i100269,New Zealand daisybush|Olearia haastii,Q15586910
12019357-n,biennial Eurasian white hairy thistle having pale purple flowers; naturalized in North America,i100271,cotton thistle|woolly thistle|Scotch thistle|Onopordum acanthium|Onopordon acanthium,Q30166
12021763-n,stout perennial herb of the eastern United States with whitish flowers; leaves traditionally used by Catawba Indians to treat burns,i100282,American feverfew|wild quinine|prairie dock|Parthenium integrifolium,Q7140245
12022176-n,herb of Canary Islands widely cultivated for its blue or purple or red or variegated daisylike flowers,i100284,cineraria|Pericallis cruenta|Senecio cruentus,Q14954851
12022393-n,herb derived from Pericallis cruenta and widely cultivated in a variety of profusely flowering forms with florets from white to pink to red or purple or violet or blue,i100285,Pericallis hybrida|florist's cineraria,Q1494593
12023120-n,European herb with vanilla-scented white-pink flowers,i100288,winter heliotrope|sweet coltsfoot|Petasites fragrans,Q4082537
12024589-n,European hawkweed having soft hairy leaves; sometimes placed in genus Hieracium,i100295,mouse-ear hawkweed|Pilosella officinarum|Hieracium pilocella|Hieracium pilosella,Q15593797
12025456-n,herb of central and southern Europe having purple florets,i100299,rattlesnake root|Prenanthes purpurea,Q849890
12026775-n,perennial prostrate mat-forming herb with hoary woolly foliage,i100306,sheep plant|vegetable sheep|Raoulia lutescens|Raoulia australis,Q49615863
12027399-n,coneflower with flower heads resembling a Mexican hat with a tall red-brown disk and drooping yellow or yellow and red-brown rays; grows in the great plains along base of Rocky Mountains,i100309,Mexican hat|Ratibida columnaris,Q50864117
12027665-n,plant similar to the Mexican hat coneflower; from British Columbia to New Mexico,i100310,long-head coneflower|prairie coneflower|Ratibida columnifera,Q7295703
12027875-n,coneflower of central to southwestern United States,i100311,prairie coneflower|Ratibida tagetes,Q15601027
12028956-n,the state flower of Maryland; of central and southeastern United States; having daisylike flowers with dark centers and yellow to orange rays,i100316,black-eyed Susan|Rudbeckia hirta|Rudbeckia serotina,Q104247213
12029889-n,branching aromatic Mediterranean shrub with woolly stems and leaves and yellow flowers,i100320,lavender cotton|Santolina chamaecyparissus,Q1543811
12030657-n,annual herb of the eastern Himalayas (Kashmir) having purple florets and a fragrant root that yields a volatile oil used in perfumery and for preserving furs,i100324,costusroot|Saussurea costus|Saussurea lappa,Q18774030
12031284-n,a golden thistle of southwestern Europe cultivated for its edible sweet roots and edible leaves and stalks; its yellow flowers are used as a substitute for saffron,i100327,Spanish oyster plant|Scolymus hispanicus,Q1403748
12031839-n,plant with erect leafy stems bearing clusters of rayless yellow flower heads on bent individual stalks; moist regions of southwestern United States,i100329,nodding groundsel|Senecio bigelovii,Q15592098
12032979-n,perennial with sharply toothed triangular leaves on leafy stems bearing a cluster of yellow flower heads; moist places in mountains of western North America,i100334,arrowleaf groundsel|Senecio triangularis,Q2465957
12034824-n,plants of western and northern European coasts,i100343,sea wormwood|Seriphidium maritimum|Artemisia maritima,Q15562228
12035690-n,North American perennial having a resinous odor and yellow flowers,i100348,rosinweed|Silphium laciniatum,Q1780806
12037036-n,large North American goldenrod having showy clusters of yellow flowers on arching branches; often a weed,i100354,meadow goldenrod|Canadian goldenrod|Solidago canadensis,Q254436
12037246-n,similar to meadow goldenrod but usually smaller,i100355,Missouri goldenrod|Solidago missouriensis,Q7557954
12037383-n,goldenrod similar to narrow goldenrod but having bristly hairs on edges of leaf stalks; mountainous regions of western America,i100356,alpine goldenrod|Solidago multiradiata,Q13953922
12037795-n,goldenrod of eastern America having aromatic leaves from which a medicinal tea is made,i100358,Blue Mountain tea|sweet goldenrod|Solidago odora,Q15566381
12037980-n,eastern North American herb whose yellow flowers are (or were) used in dyeing,i100359,dyer's weed|Solidago rugosa,Q3020839
12038133-n,vigorous showy goldenrod common along eastern coast and Gulf Coast of North America,i100360,seaside goldenrod|beach goldenrod|Solidago sempervirens,Q7557963
12040653-n,erect perennial of southeastern United States having large heads of usually blue flowers,i100377,stokes' aster|cornflower aster|Stokesia laevis,Q1436235
12041410-n,strong-scented bushy annual with orange or yellow flower heads marked with red; Mexico and Guatemala,i100381,French marigold|Tagetes patula,Q644934
12042351-n,densely hairy plant with rayless flowers; San Francisco Bay area,i100384,camphor dune tansy|Tanacetum camphoratum,Q7682196
12042523-n,spring-flowering garden perennial of Asiatic origin having finely divided aromatic leaves and white to pink-purple flowers; source of an insecticide; sometimes placed in genus Chrysanthemum,i100385,painted daisy|pyrethrum|Tanacetum coccineum|Chrysanthemum coccineum,Q852073
12043290-n,lightly hairy rhizomatous perennial having aromatic feathery leaves and stems bearing open clusters of small buttonlike yellow flowers; sand dunes of Pacific coast of North America,i100388,northern dune tansy|Tanacetum douglasii,Q59262587
12043876-n,shrubby perennial of the Canary Islands having white flowers and leaves and hairy stems covered with dustlike down; sometimes placed in genus Chrysanthemum,i100390,dusty miller|silver-lace|silver lace|Tanacetum ptarmiciflorum|Chrysanthemum ptarmiciflorum,Q7682199
12044914-n,Eurasian plant widely naturalized as a weed in North America; used as salad greens and to make wine,i100394,common dandelion|Taraxacum ruderalia|Taraxacum officinale,Q131219
12045689-n,perennial having tufted basal leaves and short leafless stalks each bearing a solitary yellow flower head; dry hillsides and plains of west central North America,i100398,stemless hymenoxys|Tetraneuris acaulis|Hymenoxys acaulis,Q7706616
12045976-n,whitish hairy plant with featherlike leaves and a few stout stems each bearing an especially handsome solitary large yellow flower head; mountainous regions north central United States,i100399,old man of the mountain|alpine sunflower|Tetraneuris grandiflora|Hymenoxys grandiflora,Q67193838
12047450-n,European perennial naturalized throughout United States having hollow stems with a few long narrow tapered leaves and each bearing a solitary pale yellow flower,i100405,yellow salsify|Tragopogon dubius,Q1548650
12048127-n,weedy European annual with yellow flowers; naturalized in United States,i100408,meadow salsify|goatsbeard|shepherd's clock|Tragopogon pratensis,Q1345772
12048481-n,perennial of southeastern United States with leaves having the fragrance of vanilla,i100410,wild vanilla|Trilisa odoratissima,Q21307444
12048893-n,ubiquitous European annual weed with white flowers and finely divided leaves naturalized and sometimes cultivated in eastern North America; sometimes included in genus Matricaria,i100412,scentless camomile|scentless false camomile|scentless mayweed|scentless hayweed|corn mayweed|Tripleurospermum inodorum|Matricaria inodorum,Q19848986
12049287-n,mat-forming perennial herb of Asia Minor; sometimes included in genus Matricaria,i100413,turfing daisy|Tripleurospermum oreades tchihatchewii|Matricaria oreades,Q109732821
12049508-n,low densely tufted perennial herb of Turkey having small white flowers; used as a ground cover in dry places; sometimes included in genus Matricaria,i100414,turfing daisy|Tripleurospermum tchihatchewii|Matricaria tchihatchewii,Q50874346
12051377-n,perennial herb with showy yellow flowers; the eastern United States,i100422,wingstem|golden ironweed|yellow ironweed|golden honey plant|Verbesina alternifolia|Actinomeris alternifolia,Q11933237
12051857-n,perennial herb with yellow flowers; southern and south central United States,i100424,gravelweed|Verbesina helianthoides,Q15563301
12052016-n,tall perennial herb having clusters of white flowers; the eastern United States,i100425,Virginia crownbeard|frostweed|frost-weed|Verbesina virginica,Q15564201
12052898-n,balsamic-resinous herb with clumps of lanceolate leaves and stout leafy stems ending in large deep yellow flowers on long stalks; northwestern United States,i100429,mule's ears|Wyethia amplexicaulis,Q15571724
12053155-n,herb with basal leaves and leafy hairy stems bearing solitary flower heads with white or pale cream-colored rays; northwestern United States,i100430,white-rayed mule's ears|Wyethia helianthoides,Q15572520
12054178-n,mostly widely cultivated species of everlasting flowers having usually purple flowers; southern Europe to Iran; naturalized elsewhere,i100435,immortelle|Xeranthemum annuum,Q2054752
12054853-n,subshrub with slender woolly stems and long narrow leaves and flower heads with white rays; southern United States and northern Mexico,i100438,white zinnia|Zinnia acerosa,Q979508
12055063-n,subshrub having short leafy stems and numerous small flower heads with nearly round yellow-orange rays; Arizona south to Mexico and east to Kansas,i100439,little golden zinnia|Zinnia grandiflora,Q3025716
12057968-n,erect European herb with creeping rootstocks and nodding spikelike racemes of blue to violet flowers,i100453,creeping bellflower|Campanula rapunculoides,Q341547
12058333-n,bellflower of southeastern United States (Maryland to Georgia) having pale blue flowers,i100455,southern harebell|Campanula divaricata,Q15600342
12058875-n,bellflower of Europe to temperate Asia having dense spikes of violet-blue to white flowers,i100458,clustered bellflower|Campanula glomerata,Q158045
12059054-n,perennial European bellflower with racemose white or blue flowers,i100459,peach bells|peach bell|willow bell|Campanula persicifolia,Q790170
12059229-n,bellflower of southeastern Europe,i100460,chimney plant|chimney bellflower|Campanula pyramidalis,Q2119769
12059591-n,European bellflower with blue-purple to lilac flowers formerly used to treat sore throat,i100462,throatwort|nettle-leaved bellflower|Campanula trachelium,Q776583
12066497-n,a bog orchid with usually a solitary fragrant magenta pink blossom with a wide gaping corolla; Canada,i100482,bog rose|wild pink|dragon's mouth|Arethusa bulbosa,Q15111652
12068353-n,South American orchid with spiderlike pale-yellow to pale-green flowers,i100491,spider orchid|Brassia lawrenceana,Q109509683
12068525-n,Central American orchid having spiderlike flowers with prominent green warts,i100492,spider orchid|Brassia verrucosa,Q4957942
12070031-n,rare north temperate bog orchid bearing a solitary white to pink flower marked with purple at the tip of an erect reddish stalk above 1 basal leaf,i100501,calypso|fairy-slipper|Calypso bulbosa,Q1141063
12070483-n,orchid having both male and female flowers in the same raceme; when a sensitive projection at the base of the column of the male flower is touched the pollen is suddenly ejected,i100503,jumping orchid|Catasetum macrocarpum,Q1595747
12071983-n,orchid of northeastern United States with magenta-pink flowers having funnel-shaped lip; sometimes placed in genus Pogonia,i100510,spreading pogonia|funnel-crest rosebud orchid|Cleistes divaricata|Pogonia divaricata,Q15287920
12072736-n,orchid with broad ovate leaves and long-bracted green very irregular flowers,i100513,satyr orchid|Coeloglossum bracteatum,Q49426376
12072916-n,orchid having hooded long-bracted green to yellow-green flowers suffused with purple,i100514,frog orchid|Coeloglossum viride,Q22782964
12074431-n,nearly leafless wildflower with erect reddish-purple stems bearing racemes of pale pinkish and brownish-striped flowers; western Canada to Mexico,i100520,striped coral root|Corallorhiza striata,Q5169619
12074664-n,plant having clumps of nearly leafless pale yellowish to greenish stems bearing similarly colored flowers with white lower lips; northern New Mexico north through South Dakota and Washington to Alaska,i100521,early coral root|pale coral root|Corallorhiza trifida,Q157971
12077259-n,pale pink wild orchid of northeastern America having an inflated pouchlike lip,i100532,common lady's-slipper|showy lady's-slipper|showy lady slipper|Cypripedium reginae|Cypripedium album,Q977605
12077491-n,orchid of northern North America having a brownish-green flower and red-and-white lip suggestive of a ram's head,i100533,ram's-head|ram's-head lady's slipper|Cypripedium arietinum,Q1306340
12078396-n,clusters of several short stems each having 2 broad leaves and 2-4 drooping brownish to greenish flowers with pouches mottled with purple; British Columbia to central California and northern Colorado,i100537,clustered lady's slipper|Cypripedium fasciculatum,Q1021762
12079323-n,European orchid having lanceolate leaves spotted purple and pink to white or mauve flowers spotted or lined deep red or purple,i100541,common spotted orchid|Dactylorhiza fuchsii|Dactylorhiza maculata fuchsii,Q637526
12081605-n,Mexican epiphytic orchid with glaucous grey-green leaves and lemon- to golden-yellow flowers appearing only partially opened; sometimes placed in genus Cattleya,i100551,tulip orchid|Encyclia citrina|Cattleya citrina,Q5375639
12082115-n,Mexican epiphytic orchid having pale green or yellow-green flowers with white purple-veined lip,i100553,butterfly orchid|butterfly orchis|Epidendrum venosum|Encyclia venosa,Q109521235
12083127-n,European orchid with spikes of green and pinkish or purplish flowers,i100558,Epipactis helleborine,Q157426
12085092-n,similar to Gymnadenia conopsea but with smaller flowers on shorter stems and having much shorter spurs,i100567,short-spurred fragrant orchid|Gymnadenia odoratissima,Q161314
12086952-n,slender inland rein orchid similar to coastal rein orchid but with pale greenish-yellow flowers,i100575,elegant Habenaria|Habenaria elegans,Q41474510
12087322-n,stout orchid of central California to northern Washington having racemes of white fragrant bilaterally symmetrical flowers,i100577,coastal rein orchid|Habenaria greenei,Q109524690
12087934-n,orchid of boggy or wet lands of north central United States having racemes of very fragrant creamy or greenish white flowers,i100580,prairie orchid|prairie white-fringed orchis|Habenaria leucophaea,Q109524758
12088173-n,slender fringed orchid of eastern North America having white flowers,i100581,snowy orchid|Habenaria nivea,Q109524901
12088318-n,orchid having a raceme of large greenish-white flowers on a single flower stalk growing between two elliptic or round basal leaves lying on the ground; from northern Oregon and Montana across Canada to the eastern United States,i100582,round-leaved rein orchid|Habenaria orbiculata,Q115861488
12089510-n,orchid with yellowish-brown flowers with dark veins; southeastern Arizona to the eastern United States,i100587,crested coral root|Hexalectris spicata,Q15467564
12090180-n,an orchid of the genus Himantoglossum,i100590,lizard orchid|Himantoglossum hircinum,Q159296
12091760-n,small orchid with two elliptic leaves and a slender raceme of small green flowers; western North America,i100598,broad-leaved twayblade|Listera convallarioides,Q15502015
12091978-n,orchid having two triangular leaves and a short lax raceme of green to rust-colored flowers with the lip flushed mauve; Europe and Asia and North America and Greenland,i100599,lesser twayblade|Listera cordata,Q157891
12092711-n,North American orchid having a solitary leaf and flowers with threadlike petals,i100602,green adder's mouth|Malaxis ophioglossoides|Malaxis unifolia,Q109476478
12095368-n,European orchid whose flowers resemble bumble bees in shape and color,i100614,bee orchid|Ophrys apifera,Q159291
12098445-n,south European orchid having fragrant greenish-white flowers; sometimes placed in genus Habenaria,i100629,lesser butterfly orchid|Platanthera bifolia|Habenaria bifolia,Q157433
12104348-n,an orchid of the genus Spiranthes having tall erect densely flowered spiraling clusters of creamy white vanilla-scented flowers; widely distributed especially in low damp places of eastern and central North America,i100657,screw augur|Spiranthes cernua,Q1152261
12105072-n,European orchid having shorter racemes of strongly spiraling snow-white flowers,i100660,European ladies' tresses|Spiranthes spiralis,Q159283
12107295-n,a climbing orchid bearing a podlike fruit yielding vanilla beans; widely cultivated from Florida southward throughout tropical America,i100672,vanilla orchid|Vanilla planifolia,Q7224923
12109837-n,having a rhizome formerly dried and used to treat rheumatism or liver disorders,i100685,wild yam|Dioscorea paniculata,Q50839860
12110013-n,tropical American yam with small yellow edible tubers,i100686,cush-cush|Dioscorea trifida,Q5279597
12111730-n,plant of western and southern Europe widely cultivated for its pale yellow flowers,i100693,English primrose|Primula vulgaris,Q159537
12113846-n,Mediterranean plant widely cultivated as a houseplant for its showy dark green leaves splotched with silver and nodding white or pink to reddish flowers with reflexed petals,i100706,cyclamen|Cyclamen purpurascens,Q149344
12114117-n,common wild European cyclamen with pink flowers,i100707,sowbread|Cyclamen hederifolium|Cyclamen neopolitanum,Q1965935
12114918-n,a featherfoil of the eastern United States with submerged spongy inflated flower stalks and white flowers,i100712,water gillyflower|American featherfoil|Hottonia inflata,Q3141217
12116606-n,common North American yellow-flowered plant,i100722,whorled loosestrife|Lysimachia quadrifolia,Q6710201
12117080-n,water pimpernel of Europe to China,i100725,brookweed|Samolus valerandii,Q111528911
12117191-n,American water pimpernel,i100726,brookweed|Samolus parviflorus|Samolus floribundus,Q19847450
12118073-n,tropical American shrub or small tree with brown wood and dark berries,i100731,marlberry|Ardisia escallonoides|Ardisia paniculata,Q49426613
12119041-n,a plant of the genus Plumbago with blue flowers,i100736,leadwort|Plumbago europaea,Q1418304
12120489-n,small West Indian shrub or tree with hard glossy seeds patterned yellow and brown that are used to make bracelets,i100744,bracelet wood|Jacquinia armillaris,Q15345112
12120704-n,West Indian shrub or small tree having leathery saponaceous leaves and extremely hard wood,i100745,barbasco|joewood|Jacquinia keyensis,Q15345269
12126095-n,European grass spreading rapidly by creeping rhizomes; naturalized in North America as a weed,i100763,dog grass|couch grass|quackgrass|quack grass|quick grass|witch grass|witchgrass|Agropyron repens,Q87622596
12126345-n,a wheatgrass with straight terminal awns on the flowering glumes,i100764,bearded wheatgrass|Agropyron subsecundum,Q85191663
12126651-n,Asiatic grass introduced into United States rangelands for pasture and fodder,i100766,intermediate wheatgrass|Agropyron intermedium|Elymus hispidus,Q15510647
12126840-n,North American grass cultivated in western United States as excellent forage crop,i100767,slender wheatgrass|Agropyron trachycaulum|Agropyron pauciflorum|Elymus trachycaulos,Q87622248
12127519-n,common grass with slender stems and narrow leaves,i100770,velvet bent|velvet bent grass|brown bent|Rhode Island bent|dog bent|Agrostis canina,Q159182
12127708-n,Spanish grass with light feathery panicles grown for dried bouquets,i100771,cloud grass|Agrostis nebulosa,Q4694285
12127853-n,common pasture or lawn grass spread by long runners,i100772,creeping bent|creeping bentgrass|Agrostis palustris,Q9591119
12128227-n,stout erect perennial grass of northern parts of Old World having silky flowering spikes; widely cultivated for pasture and hay; naturalized in North America,i100774,meadow foxtail|Alopecurus pratensis,Q157346
12129388-n,coarse perennial Eurasian grass resembling oat; found on roadside verges and rough grassland and in hay meadows; introduced in North America for forage,i100780,tall oat grass|tall meadow grass|evergreen grass|false oat|French rye|Arrhenatherum elatius,Q159815
12132261-n,grass of Mediterranean and temperate Asia,i100796,Japanese brome|Japanese chess|Bromus japonicus,Q164429
12132736-n,a pasture grass of western North America,i100799,blue grama|Bouteloua gracilis,Q2922605
12132854-n,a pasture grass (especially of western coastal regions of North America),i100800,black grama|Bouteloua eriopoda,Q4543400
12134307-n,grass of the eastern United States and tropical America having spikelets enclosed in prickly burs,i100809,sandbur|sandspur|field sandbur|Cenchrus tribuloides,Q15512258
12135107-n,perennial grass of South Africa introduced into United States; cultivated as forage grass in dry regions,i100813,Rhodes grass|Chloris gayana,Q3133411
12136265-n,trailing grass native to Europe now cosmopolitan in warm regions; used for lawns and pastures especially in southern United States and India,i100819,Bermuda grass|devil grass|Bahama grass|kweek|doob|scutch grass|star grass|Cynodon dactylon,Q208705
12137752-n,"a weed, a low-growing, summer annual grass that spreads by seed and from rooting of the lowest joints of the stems (Digitaria ischaemum)",i100827,smooth crabgrass|Digitaria ischaemum,Q159824
12140234-n,North American wild rye,i100840,Canada wild rye|Elymus canadensis,Q5368479
12141095-n,perennial South African grass having densely clumped flimsy stems; introduced into United States especially for erosion control,i100845,weeping love grass|African love grass|Eragrostis curvula,Q5384814
12141704-n,grass often cultivated for its long white-ribbed leaves and large plumes resembling those of pampas grass,i100848,Ravenna grass|wool grass|Erianthus ravennae,Q50828970
12142127-n,grass with wide flat leaves cultivated in Europe and America for permanent pasture and hay and for lawns,i100850,fescue|fescue grass|meadow fescue|Festuca elatior,Q3744284
12142959-n,a pasture grass of moist places throughout North America,i100855,reed meadow grass|Glyceria grandis,Q5572533
12144689-n,annual barley native to western North America and widespread in southern United States and tropical America,i100865,little barley|Hordeum pusillum,Q4117447
12145518-n,European grass much used for hay and in United States also for turf and green manure,i100870,Italian ryegrass|Italian rye|Lolium multiflorum,Q157883
12147033-n,valuable forage grass of dry upland areas and plains of western North America to northern Mexico,i100879,mountain rice|silkgrass|silk grass|Indian millet|Oryzopsis hymenoides,Q24700467
12147253-n,perennial mountain rice native to Mediterranean region and introduced into North America,i100880,smilo|smilo grass|Oryzopsis miliacea,Q12213301
12147977-n,grass of western America used for hay,i100884,switch grass|Panicum virgatum,Q1466543
12149342-n,tall grass having cattail like spikes; grown in Africa and Asia for its grain and in the United States chiefly for forage; sometimes used in making beer,i100892,pearl millet|bulrush millet|cattail millet|Pennisetum glaucum|Pennisetum Americanum,Q654332
12149651-n,tall perennial ornamental grass with long nodding flower plumes of tropical Africa and Asia,i100893,fountain grass|Pennisetum ruppelii|Pennisetum setaceum,Q3899117
12150503-n,Canary Islands grass; seeds used as feed for caged birds,i100897,canary grass|birdseed grass|Phalaris canariensis,Q2086586
12150677-n,perennial grass of Australia and South Africa; introduced in North America as forage grass,i100898,hardinggrass|Harding grass|toowomba canary grass|Phalaris aquatica|Phalaris tuberosa,Q28936185
12154199-n,tall grass with smooth bluish leaf sheaths grown for hay in the United States,i100915,bluestem|blue stem|Andropogon furcatus|Andropogon gerardii,Q50826585
12155353-n,common weedy and bristly grass found in nearly all temperate areas,i100921,yellow bristlegrass|yellow bristle grass|yellow foxtail|glaucous bristlegrass|Setaria glauca,Q12212708
12155566-n,European foxtail naturalized in North America; often a troublesome weed,i100922,green bristlegrass|green foxtail|rough bristlegrass|bottle-grass|bottle grass|Setaria viridis,Q163052
12160310-n,tall reedlike grass common in salt meadows,i100946,salt reed grass|Spartina cynosuroides,Q7573948
12161276-n,erect smooth grass of sandy places in eastern North America,i100951,sand dropseed|Sporobolus cryptandrus,Q7579242
12163391-n,widely cultivated in temperate regions in many varieties for its commercially important grain,i100962,common wheat|Triticum aestivum,Q161098
12166436-n,perennial aquatic grass of North America bearing grain used for food,i100979,wild rice|Zizania aquatica,Q15251393
12167171-n,lawn grass common in China and Japan; grown also in United States,i100983,Korean lawn grass|Japanese lawn grass|Zoysia japonica,Q15227563
12167340-n,Asiatic creeping perennial grass; introduced in southern United States as a drought-resistant lawn grass,i100984,mascarene grass|Korean velvet grass|Zoysia tenuifolia,Q3023700
12168352-n,extremely vigorous bamboo having thin-walled culms striped green and yellow; so widely cultivated that native area is uncertain,i100989,common bamboo|Bambusa vulgaris,Q3219428
12168770-n,tall grass of southern United States growing in thickets,i100991,giant cane|cane reed|Arundinaria gigantea,Q2866037
12168956-n,small cane of watery or moist areas in southern United States,i100992,small cane|switch cane|Arundinaria tecta,Q30755265
12169274-n,immense tropical southeast Asian bamboo with tough hollow culms that resemble tree trunks,i100994,giant bamboo|kyo-chiku|Dendrocalamus giganteus,Q140227
12170038-n,large bamboo having thick-walled culms; native of China and perhaps Japan; widely grown elsewhere,i100998,giant timber bamboo|madake|ku-chiku|Phyllostachys bambusoides,Q28933428
12171486-n,European sedge having small edible nutlike tubers,i101003,chufa|yellow nutgrass|earth almond|ground almond|rush nut|Cyperus esculentus,Q1165724
12172768-n,tufted sedge of temperate regions; nearly cosmopolitan,i101009,cypress sedge|Carex pseudocyperus,Q159021
12173239-n,having densely tufted white cottony or downlike glumes,i101012,common cotton grass|Eriophorum angustifolium,Q161783
12174258-n,Chinese sedge yielding edible bulb-shaped tubers,i101018,water chestnut|Chinese water chestnut|Eleocharis dulcis,Q932664
12174431-n,fine-leaved aquatic spike rush; popular as aerator for aquariums,i101019,needle spike rush|needle rush|slender spike rush|hair grass|Eleocharis acicularis,Q159148
12174631-n,cylindrical-stemmed sedge,i101020,creeping spike rush|Eleocharis palustris,Q159020
12175526-n,Polynesian screw pine,i101025,textile screw pine|lauhala|Pandanus tectorius,Q312736
12176290-n,"tall marsh plant with cylindrical seed heads that explode when mature shedding large quantities of down; its long flat leaves are used for making mats and chair seats; of North America, Europe, Asia and North Africa",i101030,cat's-tail|bullrush|bulrush|nailrod|reed mace|reedmace|Typha latifolia,Q147520
12176634-n,"reed maces of America, Europe, North Africa, Asia",i101031,lesser bullrush|narrow-leaf cattail|narrow-leaved reedmace|soft flag|Typha angustifolia,Q146572
12182942-n,perennial vine of dry parts of central and southwestern United States and Mexico having small hard mottled green inedible fruit,i101060,prairie gourd|prairie gourd vine|Missouri gourd|wild pumpkin|buffalo gourd|calabazilla|Cucurbita foetidissima,Q311136
12183796-n,white-flowered vine having thick roots and bearing small black berries; Europe to Iran,i101064,white bryony|devil's turnip|Bryonia alba,Q157980
12184582-n,an African melon,i101068,watermelon|watermelon vine|Citrullus vulgaris,Q30558042
12187310-n,the loofah climber that has cylindrical fruit,i101081,loofah|vegetable sponge|Luffa cylindrica,Q17465532
12187953-n,a tropical Old World flowering vine with red or orange warty fruit,i101085,balsam apple|Momordica balsamina,Q2672305
12188119-n,tropical Old World vine with yellow-orange fruit,i101086,balsam pear|Momordica charantia,Q428750
12191833-n,annual Old World plant with clusters of pink or white flowers; naturalized in United States,i101101,common mallow|Malva neglecta,Q153343
12192483-n,tall coarse annual of Old World tropics widely cultivated in southern United States and West Indies for its long mucilaginous green pods used as basis for soups and stews; sometimes placed in genus Hibiscus,i101104,okra|gumbo|okra plant|lady's-finger|Abelmoschus esculentus|Hibiscus esculentus,Q80531
12195698-n,perennial poppy mallow of United States southern plains states having rose-red or rose-purple flowers,i101118,fringed poppy mallow|Callirhoe digitata,Q15360249
12195887-n,hairy perennial of central United States having round deeply lobed leaves and loose panicles of large crimson-purple or cherry-red flowers,i101119,purple poppy mallow|Callirhoe involucrata,Q5741238
12196115-n,densely hairy perennial having mostly triangular basal leaves and rose-purple flowers in panicled clusters,i101120,clustered poppy mallow|Callirhoe triangulata,Q15359615
12197470-n,native tropical American plant now cultivated in the United States yielding short-staple cotton,i101126,upland cotton|Gossypium hirsutum,Q133481
12197646-n,cotton with long rough hairy fibers,i101127,Peruvian cotton|Gossypium peruvianum,Q87626490
12197972-n,shrub of southern Arizona and Mexico,i101129,wild cotton|Arizona wild cotton|Gossypium thurberi,Q5587520
12199413-n,showy shrub of salt marshes of the eastern United States having large rose-colored flowers,i101136,rose mallow|swamp mallow|common rose mallow|swamp rose mallow|Hibiscus moscheutos,Q159479
12200424-n,Asiatic shrub or small shrubby tree having showy bell-shaped rose or purple or white flowers and usually three-lobed leaves; widely cultivated in temperate North America and Europe,i101140,rose of Sharon|Hibiscus syriacus,Q157756
12201402-n,small tree or shrub of New Zealand having a profusion of axillary clusters of honey-scented paper-white flowers and whose bark is used for cordage,i101144,lacebark|ribbonwood|houhere|Hoheria populnea,Q1623958
12201869-n,a rare mallow found only in Illinois resembling the common hollyhock and having pale rose-mauve flowers; sometimes placed in genus Sphaeralcea,i101146,wild hollyhock|Iliamna remota|Sphaeralcea remota,Q15375635
12202129-n,perennial of northwestern United States and western Canada resembling a hollyhock and having white or pink flowers,i101147,mountain hollyhock|Iliamna ruvularis|Iliamna acerifolia,Q110135881
12203969-n,western Mediterranean annual having deep purple-red flowers subtended by 3 large cordate bracts,i101156,malope|Malope trifida,Q638145
12204985-n,tall coarse American herb having palmate leaves and numerous small white dioecious flowers; found wild in most alluvial soils of eastern and central United States,i101162,glade mallow|Napaea dioica,Q21977569
12205771-n,deciduous New Zealand tree whose inner bark yields a strong fiber that resembles flax and is called New Zealand cotton,i101166,ribbon tree|ribbonwood|Plagianthus regius|Plagianthus betulinus,Q16947807
12206376-n,southern and western Australian shrub with unlobed or shallowly lobed toothed leaves and purple flowers; sometimes placed in genus Hibiscus,i101169,bush hibiscus|Radyera farragei|Hibiscus farragei,Q15381586
12206869-n,tall handsome perennial herb of southeastern United States having maplelike leaves and white flowers,i101171,Virginia mallow|Sida hermaphrodita,Q2281662
12207071-n,herb widely distributed in tropics and subtropics used for forage and medicinally as a demulcent and having a fine soft bast stronger than jute; sometimes an aggressive weed,i101172,Queensland hemp|jellyleaf|Sida rhombifolia,Q3595921
12207356-n,tropical American weed having pale yellow or orange flowers naturalized in southern United States,i101173,Indian mallow|Sida spinosa,Q5394062
12207764-n,perennial purple-flowered wild mallow of western North America that is also cultivated,i101175,checkerbloom|wild hollyhock|Sidalcea malviflora,Q4418705
12209152-n,pantropical tree of usually seacoasts sometimes cultivated as an ornamental for its rounded heart-shaped leaves and showy yellow and purple flowers; yields valuable pink to dark red close-grained wood and oil from its seeds,i101182,portia tree|bendy tree|seaside mahoe|Thespesia populnea,Q715739
12212104-n,forest tree of lowland Central America having a strong very light wood; used for making floats and rafts and in crafts,i101196,balsa|Ochroma lagopus,Q50853353
12213394-n,Australian tree having hard white timber and glossy green leaves with white flowers followed by one-seeded glossy blue fruit,i101202,quandong|quandong tree|Brisbane quandong|silver quandong tree|blue fig|Elaeocarpus grandis,Q50828866
12214664-n,a fast-growing tropical American evergreen having white flowers and fleshy edible fruit; a bark yields a silky fiber used in cordage and wood is valuable for staves,i101208,Jamaican cherry|calabur tree|calabura|silk wood|silkwood|Muntingia calabura,Q1915507
12215130-n,West Indian timber tree having very hard wood,i101210,breakax|breakaxe|break-axe|Sloanea jamaicensis,Q18010233
12217044-n,north Australian tree having white flowers and broad leaves,i101219,flame tree|broad-leaved bottletree|Brachychiton australis,Q15358617
12219916-n,East Indian shrub often cultivated for its hairy leaves and orange-red flowers,i101233,nut-leaved screw tree|Helicteres isora,Q5705291
12220307-n,large tree of Australasia,i101235,red beech|brown oak|booyong|crow's foot|stave wood|silky elm|Heritiera trifoliolata|Terrietia trifoliolata,Q17574079
12220499-n,large evergreen tree of India and Burma whose leaves are silvery beneath,i101236,looking glass tree|Heritiera macrophylla,Q15373470
12220660-n,small tree of coastal regions of Old World tropics whose leaves are silvery beneath,i101237,looking-glass plant|Heritiera littoralis,Q2574713
12221021-n,African shrub having decumbent stems and slender yellow honey-scented flowers either solitary or in pairs,i101239,honey bell|honeybells|Hermannia verticillata|Mahernia verticillata,Q110131202
12221422-n,Indian tree having fragrant nocturnal white flowers and yielding a reddish wood used for planking; often grown as an ornamental or shade tree,i101241,mayeng|maple-leaved bayur|Pterospermum acerifolium,Q33221
12221848-n,Australian timber tree,i101243,silver tree|Tarrietia argyrodendron,Q110120647
12224046-n,large American shade tree with large dark green leaves and rounded crown,i101253,American basswood|American lime|Tilia americana,Q163981
12225621-n,drought-resistant Asiatic treelike shrub bearing pleasantly acid small red edible fruits commonly used in sherbets,i101262,phalsa|Grewia asiatica,Q1998501
12235727-n,Australian shrub whose flowers yield honey copiously,i101276,honeyflower|honey-flower|Protea mellifera|Protea repens,Q50847755
12236341-n,shrubby tree with silky foliage and spikes of cylindrical yellow nectarous flowers,i101279,honeysuckle|Australian honeysuckle|coast banksia|Banksia integrifolia,Q1999614
12239385-n,tall straggling shrub with large globose crimson-yellow flowers; western Australia,i101294,cushion flower|pincushion hakea|Hakea laurina,Q2705988
12239582-n,large bushy shrub with pungent pointed leaves and creamy white flowers; central and eastern Australia,i101295,needlewood|needle-wood|needle wood|Hakea leucoptera,Q16982618
12241885-n,medium-sized tree of eastern Australia having creamy-white flowers,i101307,Macadamia integrifolia,Q311178
12242039-n,small Australian tree with racemes of pink flowers; widely cultivated (especially in Hawaii) for its sweet edible nuts,i101308,macadamia nut|macadamia nut tree|Macadamia ternifolia,Q12176904
12243677-n,tree or tall shrub with shiny leaves and umbels of fragrant creamy-white flowers; yields hard heavy reddish wood,i101316,scrub beefwood|beefwood|Stenocarpus salignus,Q7607619
12244086-n,tall shrub of eastern Australia having oblanceolate to obovate leaves and red flowers in compact racemes,i101318,waratah|Telopea oreades,Q7697821
12244657-n,tree bearing pear-shaped fruit with a thick woody epicarp,i101321,native pear|woody pear|Xylomelum pyriforme,Q8045461
12248904-n,common low European shrub with purple-red flowers,i101339,bell heather|heather bell|fine-leaved heath|Erica cinerea,Q1543735
12249628-n,South African shrub grown for its profusion of white flowers,i101343,Prince-of-Wales'-heath|Prince of Wales heath|Erica perspicua,Q15382993
12250168-n,wiry evergreen shrub having pendent clusters of white or pink flowers; of wet acidic areas in Arctic and Canada to northeastern United States,i101346,bog rosemary|moorwort|Andromeda glaucophylla,Q15370045
12251311-n,"small evergreen European shrubby tree bearing many-seeded scarlet berries that are edible but bland; of Ireland, southern Europe, Asia Minor",i101351,strawberry tree|Irish strawberry|Arbutus unedo,Q329046
12251875-n,evergreen mat-forming shrub of North America and northern Eurasia having small white flowers and red berries; leaves turn red in autumn,i101354,common bearberry|red bearberry|wild cranberry|mealberry|hog cranberry|sand berry|sandberry|mountain box|bear's grape|creashak|Arctostaphylos uva-ursi,Q208032
12252631-n,erect California shrub having leaves with heart-shaped lobes at the base,i101357,heartleaf manzanita|Arctostaphylos andersonii,Q4787650
12253020-n,erect openly branched California shrub whose twigs are woolly when young,i101359,downy manzanita|woolly manzanita|Arctostaphylos tomentosa,Q4787702
12253368-n,small evergreen mat-forming shrub of southern Europe and Asia Minor having stiff stems and terminal clusters of small bell-shaped flowers,i101361,spike heath|Bruckenthalia spiculifolia,Q593458
12254046-n,common Old World heath represented by many varieties; low evergreen grown widely in the Northern Hemisphere,i101365,heather|ling|Scots heather|broom|Calluna vulgaris,Q26615
12254515-n,heath of mountains of western United States having bell-shaped white flowers,i101367,white heather|Cassiope mertensiana,Q4168143
12255186-n,low straggling evergreen shrub of western Europe represented by several varieties with flowers from white to rose-purple,i101371,Connemara heath|St. Dabeoc's heath|Daboecia cantabrica,Q1156577
12255568-n,low-growing evergreen shrub of eastern North America with leathery leaves and clusters of fragrant pink or white flowers,i101373,trailing arbutus|mayflower|Epigaea repens,Q4532195
12257285-n,low shrub of the eastern United States bearing shiny black edible fruit; best known of the huckleberries,i101380,black huckleberry|Gaylussacia baccata,Q5528871
12257494-n,huckleberry of the eastern United States with pink flowers and sweet blue fruit,i101381,dangleberry|dangle-berry|Gaylussacia frondosa,Q5528874
12257669-n,creeping evergreen shrub of southeastern United States having small shiny boxlike leaves and flavorless berries,i101382,box huckleberry|Gaylussacia brachycera,Q5528872
12258158-n,a North American evergreen shrub having glossy leaves and white or rose-colored flowers,i101385,mountain laurel|wood laurel|American laurel|calico bush|Kalmia latifolia,Q1235131
12258590-n,North American dwarf shrub resembling mountain laurel but having narrower leaves and small red flowers; poisonous to young stock,i101387,sheep laurel|pig laurel|lambkill|Kalmia angustifolia,Q3192236
12259430-n,bog shrub of northern and central Europe and eastern Siberia to Korea and Japan,i101391,wild rosemary|marsh tea|Ledum palustre,Q21975996
12259757-n,low-growing evergreen shrub of New Jersey to Florida grown for its many white star-shaped flowers and glossy foliage,i101393,sand myrtle|Leiophyllum buxifolium,Q32858428
12260397-n,fast-growing evergreen shrub of southeastern United States having arching interlaced branches and racemes of white flowers,i101396,dog laurel|dog hobble|switch-ivy|Leucothoe fontanesiana|Leucothoe editorum,Q6534431
12260667-n,bushy deciduous shrub of the eastern United States with long racemes of pinkish flowers,i101397,sweet bells|Leucothoe racemosa,Q15386933
12261482-n,deciduous shrub of coastal plain of the eastern United States having nodding pinkish-white flowers; poisonous to stock,i101401,staggerbush|stagger bush|Lyonia mariana,Q17244999
12262640-n,low shrub of the eastern United States with downy twigs,i101406,minniebush|minnie bush|Menziesia pilosa,Q15386778
12263976-n,broad-leaved evergreen Asiatic shrub with glossy leaves and drooping clusters of white flowers,i101413,andromeda|Japanese andromeda|lily-of-the-valley tree|Pieris japonica,Q2333372
12265336-n,shrub growing in swamps throughout the eastern United States and having small white to pinkish flowers resembling honeysuckle,i101419,swamp azalea|swamp honeysuckle|white honeysuckle|Rhododendron viscosum,Q15392729
12266554-n,small red-fruited trailing cranberry of Arctic and cool regions of the Northern Hemisphere,i101425,European cranberry|small cranberry|Vaccinium oxycoccus,Q113227308
12267458-n,low-growing deciduous shrub of northeastern North America having flowers in compact racemes and bearing sweet dark blue berries,i101429,low-bush blueberry|low blueberry|Vaccinium angustifolium|Vaccinium pennsylvanicum,Q41393482
12267719-n,shrub of southeastern United States grown commercially especially for canning industry,i101430,rabbiteye blueberry|rabbit-eye blueberry|rabbiteye|Vaccinium ashei,Q41778446
12268181-n,high-growing deciduous shrub of eastern North America bearing edible blueish to blackish berries with a distinct bloom; source of most cultivated blueberries,i101432,high-bush blueberry|tall bilberry|swamp blueberry|Vaccinium corymbosum,Q468695
12269458-n,low deciduous shrub of the eastern United States bearing dark blue sweet berries,i101438,dryland blueberry|dryland berry|Vaccinium pallidum,Q7907968
12269639-n,shrub of northwestern North America bearing red berries,i101439,grouseberry|grouse-berry|grouse whortleberry|Vaccinium scoparium,Q7907969
12270697-n,shrub of eastern and southern coastal United States having beautiful racemes of spice-scented white flowers,i101444,sweet pepperbush|pepper bush|summer sweet|white alder|Clethra alnifolia,Q5131966
12275184-n,stout Australian shrub with narrow leaves crowded at ends of branches and terminal clusters of white or pink flowers,i101466,Australian grass tree|Richea dracophylla,Q7330383
12275742-n,heathlike shrub of southwestern Australia grown for its sharply scented foliage and pink flowers followed by pentagonal fruit,i101469,pink fivecorner|Styphelia triflora,Q17242869
12276842-n,evergreen of eastern North America with leathery leaves and numerous white flowers,i101474,false wintergreen|Pyrola americana|Pyrola rotundifolia americana,Q16988962
12277039-n,the common wintergreen having many-flowered racemes of pink-tinged white flowers; Europe and North America,i101475,lesser wintergreen|Pyrola minor,Q950247
12277225-n,North American evergreen with small pinkish bell-shaped flowers and oblong leaves used formerly for shinplasters,i101476,wild lily of the valley|shinleaf|Pyrola elliptica,Q15387050
12278242-n,Eurasian herb with white or pinkish flowers in a terminal corymb,i101481,love-in-winter|western prince's pine|Chimaphila umbellata|Chimaphila corymbosa,Q158939
12279833-n,fleshy tawny or reddish saprophytic herb resembling the Indian pipe and growing in woodland humus of eastern North America; in some classifications placed in a separate genus Hypopitys,i101488,pinesap|false beachdrops|Monotropa hypopithys,Q15248961
12280305-n,a fleshy bright red saprophytic plant of the mountains of western North America that appears in early spring while snow is on the ground,i101490,snow plant|Sarcodes sanguinea,Q63510
12282535-n,variety of European beech with pendulous limbs,i101499,weeping beech|Fagus pendula|Fagus sylvatica pendula,Q111332760
12283555-n,large tree found from Maine to Alabama,i101504,American chestnut|American sweet chestnut|Castanea dentata,Q468698
12283927-n,a small tree with small sweet nuts; wild or naturalized in Korea and China,i101506,Chinese chestnut|Castanea mollissima,Q699584
12284105-n,a spreading tree of Japan that has a short trunk,i101507,Japanese chestnut|Castanea crenata,Q717827
12284255-n,shrubby chestnut tree of southeastern United States having small edible nuts,i101508,Allegheny chinkapin|eastern chinquapin|chinquapin|dwarf chestnut|Castanea pumila,Q3662068
12285600-n,evergreen shrub similar to golden chinkapin; mountains of California,i101514,dwarf golden chinkapin|Chrysolepis sempervirens,Q15328842
12285911-n,evergreen tree of the Pacific coast area having large leathery leaves; yields tanbark,i101516,tanbark oak|Lithocarpus densiflorus,Q147724
12287161-n,Chilean evergreen whose leafy boughs are used for thatching,i101522,coigue|Nothofagus dombeyi,Q1107183
12287501-n,New Zealand beech with usually pale silvery bark,i101524,silver beech|Nothofagus menziesii,Q1434315
12287782-n,large Chilean timber tree yielding coarse lumber,i101526,rauli beech|Nothofagus procera,Q41778148
12288051-n,tall New Zealand tree yielding very hard wood,i101528,hard beech|Nothofagus truncata,Q2842474
12290977-n,large deciduous oak of the eastern United States with a flaky bark and leaves that have fewer lobes than other white oaks; yields heavy strong wood used in construction; thrives in wet soil,i101541,swamp white oak|swamp oak|Quercus bicolor,Q142792
12291968-n,small to medium deciduous oak of east central North America; leaves have sharply pointed lobes,i101545,jack oak|northern pin oak|Quercus ellipsoidalis,Q241698
12292450-n,large round-topped deciduous tree with spreading branches having narrow falcate leaves with deeply sinuate lobes and wood similar to that of northern red oaks; New Jersey to Illinois and southward,i101547,southern red oak|swamp red oak|turkey oak|Quercus falcata,Q1066116
12292756-n,small deciduous tree of western North America with crooked branches and pale grey bark,i101548,Oregon white oak|Oregon oak|Garry oak|Quercus garryana,Q2029492
12293252-n,shrubby oak of southeastern United States usually forming dense thickets,i101551,bear oak|Quercus ilicifolia,Q1017264
12293400-n,small deciduous tree of eastern and central United States having leaves that shine like laurel; wood is used in western states for shingles,i101552,shingle oak|laurel oak|Quercus imbricaria,Q528713
12294032-n,small slow-growing deciduous shrubby tree of dry sandy barrens of southeastern United States having leaves with bristle-tipped lobes resembling turkey's toes,i101555,American turkey oak|turkey oak|Quercus laevis,Q2586757
12294875-n,medium to large deciduous oak of central and eastern North America with ovoid acorns deeply immersed in large fringed cups; yields tough close-grained wood,i101559,bur oak|burr oak|mossy-cup oak|mossycup oak|Quercus macrocarpa,Q1082365
12295648-n,medium to large deciduous tree of moist areas of southeastern United States similar to the basket oak,i101562,swamp chestnut oak|Quercus michauxii,Q1460497
12295834-n,oak with moderately light fine-grained wood; Japan,i101563,Japanese oak|Quercus mongolica|Quercus grosseserrata,Q1367359
12296192-n,medium-sized deciduous tree of the eastern United States that yields a strong durable wood,i101565,chinquapin oak|chinkapin oak|yellow chestnut oak|Quercus muehlenbergii,Q2611816
12298095-n,medium to large deciduous European oak having smooth leaves with rounded lobes; yields hard strong light-colored wood,i101574,common oak|English oak|pedunculate oak|Quercus robur,Q165145
12298317-n,large symmetrical deciduous tree with rounded crown widely distributed in eastern North America; has large leaves with triangular spiny tipped lobes and coarse-grained wood less durable than that of white oaks,i101575,northern red oak|Quercus rubra|Quercus borealis,Q147525
12299382-n,small deciduous tree having the trunk branched almost from the base with spreading branches; Texas and southern Oklahoma,i101579,Spanish oak|Quercus texana,Q7271351
12299810-n,"medium to large deciduous tree of China, Japan, and Korea having thick corky bark",i101581,Chinese cork oak|Quercus variabilis,Q192608
12303044-n,European birch with silvery white peeling bark and markedly drooping branches,i101593,silver birch|common birch|European white birch|Betula pendula,Q156895
12303254-n,European birch with dull white to pale brown bark and somewhat drooping hairy branches,i101594,downy birch|white birch|Betula pubescens,Q157624
12303664-n,common birch of the eastern United States having spicy brown bark yielding a volatile oil and hard dark wood used for furniture,i101596,sweet birch|cherry birch|black birch|Betula lenta,Q227763
12304059-n,birch of western United States resembling the paper birch but having brownish bark,i101598,swamp birch|water birch|mountain birch|Western paper birch|Western birch|Betula fontinalis,Q50829138
12304307-n,small shrub of colder parts of North America and Greenland,i101599,Newfoundland dwarf birch|American dwarf birch|Betula glandulosa,Q218417
12305566-n,native to Europe but introduced in America,i101604,grey alder|gray alder|Alnus incana,Q157641
12305712-n,shrub or small tree of southeastern United States having soft light brown wood,i101605,seaside alder|Alnus maritima,Q2589489
12306029-n,large tree of Pacific coast of North America having hard red wood much used for furniture,i101607,red alder|Oregon alder|Alnus rubra,Q1818806
12306222-n,common shrub of Canada and northeastern United States having shoots scattered with rust-colored down,i101608,speckled alder|Alnus rugosa,Q87593614
12306714-n,North American shrub with light green leaves and winged nuts,i101611,green alder|Alnus veridis crispa|Alnus crispa,Q10513908
12307505-n,medium-sized Old World tree with smooth grey bark and leaves like beech that turn yellow-orange in autumn,i101615,European hornbeam|Carpinus betulus,Q158776
12307712-n,tree or large shrub with grey bark and blue-green leaves that turn red-orange in autumn,i101616,American hornbeam|Carpinus caroliniana,Q468664
12308353-n,medium-sized hop hornbeam of southern Europe and Asia Minor,i101619,Old World hop hornbeam|Ostrya carpinifolia,Q1367533
12308522-n,medium-sized hop hornbeam of eastern North America,i101620,Eastern hop hornbeam|ironwood|ironwood tree|Ostrya virginiana,Q1489573
12309950-n,small nut-bearing tree much grown in Europe,i101627,cobnut|filbert|Corylus avellana|Corylus avellana grandis,Q124969
12310102-n,hazel of western United States with conspicuous beaklike involucres on the nuts,i101628,beaked hazelnut|Corylus cornuta,Q972950
12311660-n,common European glabrous annual centaury with flowers in dense cymes,i101634,lesser centaury|Centaurium minus,Q111802984
12311809-n,tufted perennial of western Europe and Azores having bright pink to white flowers,i101635,tufted centaury|Centaurium scilloides,Q11985047
12312476-n,one of the most handsome prairie wildflowers having large erect bell-shaped bluish flowers; of moist places in prairies and fields from eastern Colorado and Nebraska south to New Mexico and Texas,i101640,prairie gentian|tulip gentian|bluebell|Eustoma grandiflorum,Q15708981
12313697-n,tall herb with panicles of white flowers flushed with green; northwestern United States; sometimes placed in genus Swertia,i101645,green gentian|Frasera speciosa|Swertia speciosa,Q3025675
12315059-n,tufted sometimes sprawling perennial with blue flowers spotted with green; western North America,i101650,explorer's gentian|Gentiana calycosa,Q3007193
12315388-n,robust European perennial having clusters of yellow flowers,i101652,great yellow gentian|Gentiana lutea,Q158572
12315754-n,erect perennial of wet woodlands of North America having leaves and flower buds resembling those of soapwort,i101654,soapwort gentian|Gentiana saponaria,Q5533625
12316313-n,gentian of eastern North America having clusters of bristly blue flowers,i101657,agueweed|ague weed|five-flowered gentian|stiff gentian|Gentianella quinquefolia|Gentiana quinquefolia,Q5533636
12317252-n,tall widely distributed fringed gentian of eastern North America having violet-blue or white fringed flowers,i101661,Gentianopsis crinita|Gentiana crinita,Q3022946
12317446-n,medium-tall fringed gentian with pale-blue to blue-purple flowers; circumboreal in distribution,i101662,Gentianopsis detonsa|Gentiana detonsa,Q15566628
12317627-n,small blue-flowered fringed gentian of east central North America,i101663,Gentianopsid procera|Gentiana procera,Q110918102
12317797-n,small blue-flowered fringed gentian of western United States (Rocky Mountains) especially around hot springs in Yellowstone National Park,i101664,Gentianopsis thermalis|Gentiana thermalis,Q15566388
12320157-n,glabrous or pubescent evergreen shrub or tree of the genus Salvadora; twigs are fibrous and in some parts of the world are bound together in clusters and used as a toothbrush; shoots are used as camel fodder; plant ash provides salt,i101676,toothbrush tree|mustard tree|Salvadora persica,Q143525
12321697-n,evergreen tree cultivated in the Mediterranean region since antiquity and now elsewhere; has edible shiny black fruits,i101682,olive|European olive tree|Olea europaea,Q37083
12322130-n,northern Zealand tree having dense hard light-brown wood,i101684,black maire|Olea cunninghamii,Q50846874
12322283-n,small New Zealand tree having red pulpy one-seeded fruit,i101685,white maire|Olea lanceolata,Q111538596
12322765-n,small bushy tree of southeastern United States having profuse clusters of white flowers,i101688,fringe bush|Chionanthus virginicus,Q140341
12324803-n,small ash of swampy areas of southeastern United States,i101698,swamp ash|Fraxinus caroliniana,Q4117757
12324937-n,shrubby ash of southwestern United States having fragrant white flowers,i101699,flowering ash|Fraxinus cuspidata,Q12242019
12325089-n,shrubby California ash with showy off-white flowers,i101700,flowering ash|Fraxinus dipetala,Q28814749
12325416-n,timber tree of western North America yielding hard light wood; closely related to the red ash,i101702,Oregon ash|Fraxinus latifolia|Fraxinus oregona,Q50841607
12325606-n,vigorous spreading North American tree having dark brown heavy wood; leaves turn gold in autumn,i101703,black ash|basket ash|brown ash|hoop ash|Fraxinus nigra,Q1790101
12325810-n,southern Mediterranean ash having fragrant white flowers in dense panicles and yielding manna,i101704,manna ash|flowering ash|Fraxinus ornus,Q161421
12325992-n,smallish American tree with velvety branchlets and lower leaf surfaces,i101705,red ash|downy ash|Fraxinus pennsylvanica,Q161164
12326336-n,ash of central and southern United States with bluish-green foliage and hard brown wood,i101707,blue ash|Fraxinus quadrangulata,Q882296
12326606-n,timber tree of central and southeastern United States having hairy branchlets and a swollen trunk base,i101709,pumpkin ash|Fraxinus tomentosa,Q12242024
12326787-n,small shrubby ash of southwestern United States and northwestern Mexico,i101710,Arizona ash|Fraxinus velutina,Q258068
12327455-n,evergreen rambling yellow-flowered shrub of western China,i101714,primrose jasmine|Jasminum mesnyi,Q1024036
12327757-n,a climbing deciduous shrub with fragrant white or yellow or red flowers used in perfume and to flavor tea,i101716,common jasmine|true jasmine|jessamine|Jasminum officinale,Q515610
12327972-n,East Indian evergreen vine cultivated for its profuse fragrant white flowers,i101717,Arabian jasmine|Jasminum sambac,Q1356614
12328629-n,eastern Asian shrub cultivated especially for its persistent foliage,i101720,Amur privet|Ligustrum amurense,Q17713043
12328964-n,evergreen shrub of Japan and Korea having small dark leaves and flowers in loose panicles; related to but smaller than Chinese privet,i101722,Japanese privet|Ligustrum japonicum,Q1209219
12329181-n,erect evergreen treelike shrub of China and Korea and Japan having acuminate leaves and flowers in long erect panicles; resembles Japanese privet,i101723,Chinese privet|white wax tree|Ligustrum lucidum,Q732933
12329424-n,small deciduous shrub having graceful arching branches and luxuriant foliage,i101724,Ligustrum obtusifolium,Q1069783
12329569-n,semi-evergreen Japanese shrub having malodorous flowers; used extensively for hedges because more likely to stay green that common privet,i101725,California privet|Ligustrum ovalifolium,Q1938923
12331357-n,central European upright shrub having elliptic leaves and upright clusters of lilac or deep violet flowers,i101734,Hungarian lilac|Syringa josikaea|Syringa josikea,Q159135
12335577-n,common shrub of eastern North America having small yellow flowers after the leaves have fallen,i101753,Virginian witch hazel|Hamamelis virginiana,Q913129
12335762-n,fragrant shrub of lower Mississippi valley having very small flowers from midwinter to spring,i101754,vernal witch hazel|Hamamelis vernalis,Q1151064
12339299-n,medium-sized tree with somewhat aromatic compound leaves and edible nuts,i101773,California black walnut|Juglans californica,Q890824
12340931-n,hickory of southern United States having many narrow leaflets and rather bitter nuts,i101780,water hickory|bitter pecan|water bitternut|Carya aquatica,Q5047664
12341144-n,an American hickory tree having bitter nuts,i101781,pignut|pignut hickory|brown hickory|black hickory|Carya glabra,Q1406355
12342390-n,North American hickory having loose grey shaggy bark and edible nuts,i101787,shagbark|shagbark hickory|shellbark|shellbark hickory|Carya ovata,Q2601238
12343216-n,medium-sized Caucasian much-branched tree distinguished from other walnut trees by its winged fruit,i101791,Caucasian walnut|Pterocarya fraxinifolia,Q121749
12344739-n,ornamental African shrub or climber with red flowers,i101797,hiccup nut|hiccough nut|Combretum bracteosum,Q10862678
12345751-n,shrub to moderately large tree that grows in brackish water along the seacoasts of western Africa and tropical America; locally important as a source of tannin,i101803,white mangrove|Laguncularia racemosa,Q1760533
12346550-n,erect shrub or climber of India and China with red olivelike fruit,i101807,wild olive|Elaeagnus latifolia,Q10801011
12349318-n,annual with small solitary pink flowers; originally of Europe but widely naturalized in moist areas,i101822,grass poly|hyssop loosestrife|Lythrum hyssopifolia,Q159617
12351408-n,West Indian tree; source of bay rum,i101833,bayberry|bay-rum tree|Jamaica bayberry|wild cinnamon|Pimenta acris,Q50851106
12351780-n,tropical American tree having small white flowers and aromatic berries,i101835,allspice tree|Pimenta officinalis,Q50851095
12352305-n,tree of extreme southern Florida and West Indies having thin scaly bark and aromatic fruits and seeds and yielding hard heavy close-grained zebrawood,i101838,nakedwood|Eugenia dicrana,Q110514778
12352547-n,Brazilian tree with spicy red fruit; often cultivated in California and Florida,i101839,Surinam cherry|pitanga|Eugenia uniflora,Q306504
12353570-n,small evergreen tropical tree native to Brazil and West Indies but introduced into southern United States; grown in Brazil for its edible tough-skinned purple grapelike fruit that grows all along the branches,i101845,jaboticaba|jaboticaba tree|Myrciaria cauliflora,Q50844164
12354047-n,small tropical American shrubby tree; widely cultivated in warm regions for its sweet globular yellow fruit,i101847,guava|true guava|guava bush|Psidium guajava,Q166843
12354670-n,South American tree having fruit similar to the true guava,i101850,Brazilian guava|Psidium guineense,Q6090472
12361098-n,columnar swamp tree of southeastern to midwestern North America yielding pale soft easily worked wood,i101886,water gum|Nyssa aquatica,Q7071273
12362312-n,an Alpine variety of enchanter's nightshade,i101892,Alpine enchanter's nightshade|Circaea alpina,Q159427
12362448-n,tall evening primrose with inconspicuous flowers,i101893,Circaea lutetiana,Q163955
12363369-n,shrublet of southwestern United States to Mexico having brilliant scarlet flowers,i101897,California fuchsia|humming bird's trumpet|Epilobium canum canum|Zauschneria californica,Q87592509
12364270-n,erect or climbing shrub of Brazil with deep pink to red flowers,i101901,lady's-eardrop|ladies'-eardrop|lady's-eardrops|ladies'-eardrops|Fuchsia coccinea,Q15332540
12365797-n,shrub or small tree native to southwestern Asia having large red many-seeded fruit,i101910,pomegranate|pomegranate tree|Punica granatum,Q13188
12367503-n,bushy Eurasian shrub with glossy leathery oblong leaves and yellow-green flowers,i101918,spurge laurel|wood laurel|Daphne laureola,Q161418
12369832-n,evergreen spreading shrub of India and southeastern Asia having large purple flowers,i101930,Indian rhododendron|Melastoma malabathricum,Q722767
12373156-n,low-growing Asian banana tree cultivated especially in the West Indies for its clusters of edible yellow fruit,i101948,dwarf banana|Musa acuminata,Q132970
12373361-n,Asiatic banana plant cultivated especially as a foliage plant in Japan,i101949,Japanese banana|Musa basjoo,Q33331
12375136-n,ornamental plant of tropical South Africa and South America having stalks of orange and purplish-blue flowers resembling a bird,i101957,bird of paradise|Strelitzia reginae,Q148904
12377477-n,southeastern Asian perennial with aromatic roots,i101967,galangal|Alpinia galanga,Q402971
12378810-n,rhizomatous herb of India having aromatic seeds used as seasoning,i101974,cardamom|cardamon|Elettaria cardamomum,Q33466
12382791-n,hybrid fibrous-rooted begonia having broad-ovate green to bronze-red leaves and small clusters of white or pink or red flowers; widely used as a bedding plant,i101990,wax begonia|Begonia semperflorens,Q125176497
12383031-n,semi-tuberous begonia having peltate leaves and rose-pink flowers; Yemen,i101991,Socotra begonia|Begonia socotrana,Q4880578
12385675-n,valuable timber tree of Panama,i102003,Maria|Calophyllum longifolium,Q15387468
12385979-n,East Indian tree having racemes of fragrant white flowers; coastal areas southern India to Malaysia,i102005,Alexandrian laurel|Calophyllum inophyllum,Q311471
12386570-n,a West Indies clusia having fig-shaped fruit,i102008,wild fig|Clusia flava,Q20983176
12386703-n,epiphytic clusia of British Guiana,i102009,waxflower|Clusia insignis,Q15353528
12388968-n,creeping evergreen shrub with bright yellow star-shaped summer flowers; useful as ground cover,i102019,creeping St John's wort|Hypericum calycinum,Q159330
12389154-n,annual wiry-stemmed North American weed with minute scalelike leaves and small yellow flowers,i102020,orange grass|nitweed|pineweed|pine-weed|Hypericum gentianoides,Q5958086
12389583-n,low shrubby plant having yellow flowers with four petals arranged in a cross; Bermuda and southeastern United States to West Indies and eastern Mexico,i102022,low St Andrew's cross|Hypericum hypericoides,Q17812225
12389826-n,yellow-flowered perennial common in fields and waste places but a weed in rangelands,i102023,klammath weed|Hypericum perforatum,Q158289
12391066-n,handsome East Indian evergreen tree often planted as an ornamental for its fragrant white flowers that yield a perfume; source of very heavy hardwood used for railroad ties,i102030,rose chestnut|ironwood|ironwood tree|Mesua ferrea,Q2001737
12396286-n,perennial of the eastern United States having early solitary yellow flowers followed by late petalless flowers; so-called because ice crystals form on it during first frosts,i102054,frostweed|frost-weed|frostwort|Helianthemum canadense|Crocanthemum canadense,Q15342368
12397070-n,North American decumbent evergreen heathlike plant with yellow flowers,i102058,false heather|golden heather|Hudsonia ericoides,Q16983350
12398011-n,valuable Philippine timber tree,i102063,red lauan|red lauan tree|Shorea teysmanniana,Q5479075
12398766-n,small shrubby tree of Madagascar cultivated in tropical regions as a hedge plant and for its deep red acid fruits resembling small plums,i102067,governor's plum|governor plum|Madagascar plum|ramontchi|batoko palm|Flacourtia indica,Q621082
12400048-n,East Indian tree with oily seeds yield chaulmoogra oil used to treat leprosy,i102072,chaulmoogra|chaulmoogra tree|chaulmugra|Hydnocarpus kurzii|Taraktagenos kurzii|Taraktogenos kurzii,Q5693433
12401278-n,large much-branched shrub grown primarily for its evergreen foliage,i102078,wild peach|Kiggelaria africana,Q6405945
12402448-n,desert shrub of southwestern United States and Mexico having slender naked spiny branches that after the rainy season put forth foliage and clusters of red flowers,i102084,ocotillo|coachwhip|Jacob's staff|vine cactus|Fouquieria splendens,Q138966
12403392-n,shrub with narrow-elliptic glossy evergreen leaves and yellow flowers with leathery petaloid sepals,i102088,bird's-eye bush|Ochna serrulata,Q568648
12404254-n,Brazilian passionflower cultivated for its deep purple fruit,i102092,granadilla|purple granadillo|Passiflora edulis,Q156790
12404554-n,tropical American passionflower yielding the large granadilla fruit,i102094,granadilla|giant granadilla|Passiflora quadrangularis,Q159105
12404892-n,West Indian passionflower; cultivated for its yellow edible fruit,i102096,Jamaica honeysuckle|yellow granadilla|Passiflora laurifolia,Q164659
12405086-n,cultivated for fruit,i102097,banana passion fruit|Passiflora mollissima,Q15093181
12407462-n,Eurasian shrub resembling the tamarisk,i102109,false tamarisk|German tamarisk|Myricaria germanica,Q162609
12408660-n,common Old World viola with creamy often violet-tinged flowers,i102115,field pansy|heartsease|Viola arvensis,Q341680
12408810-n,violet of eastern North America having pale violet to white flowers,i102116,American dog violet|Viola conspersa,Q15387636
12408961-n,short-stemmed violet of eastern North America having fragrant purple-veined white flowers,i102117,sweet white violet|white violet|woodland white violet|Viola blanda,Q1709370
12409169-n,tall North American perennial with heart-shaped leaves and white flowers with purple streaks,i102118,Canada violet|tall white violet|white violet|Viola canadensis,Q3024523
12409834-n,European violet typically having purple to white flowers; widely naturalized,i102122,sweet violet|garden violet|English violet|Viola odorata,Q108684
12410244-n,violet of eastern North America having softly pubescent leaves and stems and clear yellow flowers with brown-purple veins,i102124,downy yellow violet|Viola pubescens,Q3283803
12411198-n,a common and long cultivated European herb from which most common garden pansies are derived,i102129,wild pansy|Johnny-jump-up|heartsease|love-in-idleness|pink of my John|Viola tricolor,Q190326
12413066-n,perennial Eurasian nettle established in North America having broad coarsely toothed leaves with copious stinging hairs,i102137,stinging nettle|Urtica dioica,Q155909
12415980-n,low stingless nettle of Central and South America having velvety brownish-green toothed leaves and clusters of small green flowers,i102152,friendship plant|panamica|panamiga|Pilea involucrata,Q3388414
12416423-n,Australian plant of genus Pipturus whose fiber is used in making cloth,i102154,Queensland grass-cloth plant|Pipturus argenteus,Q15610979
12416608-n,Hawaiian tree of genus Pipturus having a bark (tapa) from which tapa cloth is made,i102155,Pipturus albidus,Q16988147
12419889-n,Asiatic mulberry with white to pale red fruit; leaves used to feed silkworms,i102169,white mulberry|Morus alba,Q157307
12420161-n,North American mulberry having dark purple edible fruit,i102171,red mulberry|Morus rubra,Q1520764
12420404-n,"small shrubby deciduous yellowwood tree of south central United States having spines, glossy dark green leaves and an inedible fruit that resembles an orange; its hard orange-colored wood used for bows by Native Americans; frequently planted as boundary hedge",i102173,osage orange|bow wood|mock orange|Maclura pomifera,Q1066106
12422189-n,Mediterranean tree widely cultivated for its edible fruit,i102180,fig|common fig|common fig tree|Ficus carica,Q36146
12422556-n,a strangler tree native to southern Florida and West Indies; begins as an epiphyte eventually developing many thick aerial roots and covering enormous areas,i102182,golden fig|Florida strangler fig|strangler fig|wild fig|Ficus aurea,Q2561277
12423345-n,large tropical Asian tree frequently dwarfed as a houseplant; source of Assam rubber,i102185,India-rubber tree|India-rubber plant|India-rubber fig|rubber plant|Assam rubber|Ficus elastica,Q160576
12424499-n,shrubby Asiatic tree having bark (tapa) that resembles cloth; grown as a shade tree in Europe and America; male flowers are pendulous catkins and female are urn-shaped followed by small orange-red aggregate berries,i102190,paper mulberry|Broussonetia papyrifera,Q389185
12427220-n,European elm with lustrous smooth leaves used as an ornamental,i102200,smooth-leaved elm|European field elm|Ulmus carpinifolia,Q3547946
12428050-n,Eurasian elm closely resembling the American elm; thrives in a moist environment,i102205,water elm|Ulmus laevis,Q147492
12428220-n,small fast-growing tree native to Asia; widely grown as shelterbelts and hedges,i102206,Chinese elm|Ulmus parvifolia,Q1074099
12428395-n,broad spreading rough-leaved elm common throughout Europe and planted elsewhere,i102207,English elm|European elm|Ulmus procera,Q1342743
12428971-n,a variety of the English elm with erect branches and broader leaves,i102210,Jersey elm|guernsey elm|wheately elm|Ulmus sarniensis|Ulmus campestris sarniensis|Ulmus campestris wheatleyi,Q18913016
12430156-n,large deciduous shade tree of southern United States with small deep purple berries,i102216,American hackberry|Celtis occidentalis,Q470006
12433806-n,bulbous Spanish iris with red-violet flowers,i102231,Dutch iris|Iris filifolia,Q15570314
12434385-n,"a large iris with purple or white flowers, native to central and southern Europe",i102234,German iris|Iris germanica,Q161734
12434540-n,iris native to Japan having large showy flowers,i102235,Japanese iris|Iris kaempferi,Q50842570
12434664-n,iris of northern Italy having deep blue-purple flowers; similar to but smaller than Iris germanica,i102236,German iris|Iris kochii,Q110971181
12434954-n,bulbous iris native to Asia Minor cultivated for its pale lilac-colored flowers,i102238,Persian iris|Iris persica,Q15296233
12435323-n,bulbous Spanish iris having blue flowers,i102240,Dutch iris|Iris tingitana,Q15572483
12435906-n,bulbous iris native to the Pyrenees; widely cultivated for its large delicate flowers in various colors except yellow,i102244,English iris|Iris xiphioides,Q50842901
12436578-n,garden plant whose capsule discloses when ripe a mass of seeds resembling a blackberry,i102248,blackberry-lily|leopard lily|Belamcanda chinensis,Q10957184
12437208-n,Old World crocus having purple or white flowers with aromatic pungent orange stigmas used in flavoring food,i102251,saffron|saffron crocus|Crocus sativus,Q15041677
12439012-n,a showy often-cultivated plant with tawny yellow often purple-spotted flowers,i102261,wandflower|Sparaxis tricolor,Q954256
12440629-n,tropical vine having umbels of small purple flowers and edible roots sometimes boiled as a potato substitute; Colombia,i102268,salsilla|Bomarea salsilla,Q5651380
12441227-n,spectacular plant having large prostrate leaves barred in reddish-purple and flowers with a clump of long yellow stamens in a coral-red cup of fleshy bracts; South Africa,i102271,Cape tulip|Haemanthus coccineus,Q5638197
12441642-n,amaryllis of tropical America often cultivated as a houseplant for its showy white to red flowers,i102273,hippeastrum|Hippeastrum puniceum,Q10657527
12442735-n,a daffodil having star-shaped white blossoms; often grown indoors to bloom in the winter,i102279,paper white|Narcissus papyraceus,Q161450
12443949-n,perennial star grass of North America,i102285,American star grass|Hypoxis hirsuta,Q5961537
12447254-n,common lily of the eastern United States having nodding yellow or reddish flowers spotted with brown,i102291,Canada lily|wild yellow lily|meadow lily|wild meadow lily|Lilium canadense,Q1723444
12447483-n,lily of eastern Mediterranean and the Balkans with broad funnel-shaped white flowers,i102292,Madonna lily|white lily|Annunciation lily|Lent lily|Lilium candidum,Q159811
12447896-n,lily of western North America with showy orange-red purple-spotted flowers,i102294,Columbia tiger lily|Oregon lily|Lilium columbianum,Q141828
12448071-n,east Asian perennial having large reddish-orange black-spotted flowers with reflexed petals,i102295,tiger lily|devil lily|kentan|Lilium lancifolium,Q266317
12448747-n,lily of central North America having recurved orange-red flowers with deep crimson spots,i102299,Michigan lily|Lilium michiganense,Q141803
12449252-n,lily of the eastern United States with orange to red maroon-spotted flowers,i102302,Turk's-cap|Turk's cap-lily|Lilium superbum,Q136882
12450976-n,colicroot having a scurfy or granuliferous perianth and white flowers; southeastern United States,i102310,ague root|ague grass|Aletris farinosa,Q2832875
12451180-n,colicroot with yellow-bracted racemose flowers; smaller than Aletris farinosa; southeastern United States,i102311,yellow colicroot|Aletris aurea,Q2832866
12453079-n,North American bulbous plant,i102318,Canada garlic|meadow leek|rose leek|Allium canadense,Q582461
12454611-n,onion with white to deep red tunic; California,i102327,red-skinned onion|Allium haematochiton,Q4732908
12455280-n,bulbous herb of southern Europe widely naturalized; bulb breaks up into separate strong-flavored cloves,i102331,garlic|Allium sativum,Q23400
12455490-n,European leek cultivated and used like leeks,i102332,sand leek|giant garlic|Spanish garlic|rocambole|Allium scorodoprasum,Q161099
12455657-n,perennial having hollow cylindrical leaves used for seasoning,i102333,chives|chive|cive|schnittlaugh|Allium schoenoprasum,Q51148
12455991-n,pungent Old World wild onion,i102335,crow garlic|false garlic|field garlic|stag's garlic|wild garlic|Allium vineale,Q161230
12456282-n,a plant of eastern Asia; larger than Allium schoenoprasum,i102337,garlic chive|Chinese chive|Oriental garlic|Allium tuberosum,Q42285
12456470-n,Old World leek with a spherical bulb,i102338,round-headed leek|Allium sphaerocephalum,Q32857774
12457552-n,very short-stemmed plant with thick leaves with soothing mucilaginous juice; leaves develop spiny margins with maturity; native to Mediterranean region; grown widely in tropics and as houseplants,i102344,burn plant|Aloe vera,Q80079
12458435-n,widely cultivated hybrid poker plant,i102348,red-hot poker|Kniphofia praecox,Q1337550
12460335-n,plant having basal grasslike leaves and a narrow open cluster of starlike yellowish-orange flowers atop a leafless stalk; southwestern United States; only species of Anthericum growing in North America,i102357,amber lily|Anthericum torreyi,Q50826199
12464241-n,half-hardy Mexican herb cultivated for its drooping terminal umbels of showy red-and-white flowers,i102374,coral drops|Bessera elegans,Q15502650
12464995-n,California plant having grasslike leaves and showy orange flowers,i102378,golden star|golden stars|Bloomeria crocea,Q2907031
12465403-n,much-branched leafless twining South African herb cultivated as an ornamental for its bright green stems growing from large aboveground bulbs,i102380,climbing onion|Bowiea volubilis,Q140288
12466133-n,brodiaea having an umbel of violet or blue-violet flowers atop a leafless stalk; northern Oregon to southern California,i102383,elegant brodiaea|Brodiaea elegans,Q4972993
12467851-n,globe lily with deep rose-pink or purple egg-shaped flowers on flexuous stems; western slopes of Sierra Nevada in San Joaquin Valley,i102390,rose globe lily|Calochortus amoenus,Q5023089
12468086-n,small plant with slender bent stems bearing branched clusters of a few white star-shaped flowers with petals shaped like cat's ears; southeastern Washington and northeastern Oregon to Montana,i102391,star tulip|elegant cat's ears|Calochortus elegans,Q5023098
12468396-n,mariposa with clusters of bell-shaped vermilion or orange or yellow flowers atop short stems; southern California to Arizona and Mexico,i102392,desert mariposa tulip|Calochortus kennedyi,Q2934341
12470031-n,plant having a large edible bulb and linear basal leaves and racemes of light to deep violet-blue star-shaped flowers on tall green scapes; western North America,i102398,common camas|Camassia quamash,Q4992158
12470289-n,camas found to the west of Cascade Mountains,i102399,Leichtlin's camas|Camassia leichtlinii,Q6594876
12470439-n,eastern camas; eastern and central North America,i102400,wild hyacinth|indigo squill|Camassia scilloides,Q5025007
12471345-n,eastern North American dogtooth having solitary yellow flowers marked with brown or purple and spotted interiors,i102404,yellow adder's tongue|trout lily|amberbell|Erythronium americanum,Q159580
12471575-n,sturdy European dogtooth with rose to mauve flowers; cultivated in many varieties,i102405,European dogtooth|Erythronium dens-canis,Q159285
12472761-n,herb of northwestern America having green-and-purple bell-shaped flowers,i102411,mission bells|rice-grain fritillary|Fritillaria affinis|Fritillaria lanceolata|Fritillaria mutica,Q111514799
12472985-n,herb of southwestern United States having dark purple bell-shaped flowers mottled with green,i102412,mission bells|black fritillary|Fritillaria biflora,Q5504776
12473341-n,Eurasian herb with a cluster of leaves and orange-red bell-shaped flowers at the top of the stem,i102414,crown imperial|Fritillaria imperialis,Q161939
12473691-n,Eurasian checkered lily with pendant flowers usually veined and checkered with purple or maroon on a pale ground and shaped like the bells carried by lepers in medieval times; widely grown as an ornamental,i102416,snake's head fritillary|guinea-hen flower|checkered daffodil|leper lily|Fritillaria meleagris,Q157339
12474219-n,California herb with pinkish purple flowers,i102418,adobe lily|pink fritillary|Fritillaria pluriflora,Q1651896
12474362-n,western United States herb with scarlet and yellow narrow bell-shaped flowers,i102419,scarlet fritillary|Fritillaria recurva,Q2231384
12475061-n,Eurasian tulip with small flowers blotched at the base,i102423,lady tulip|candlestick tulip|Tulipa clusiana,Q1158346
12475210-n,tall late blooming tulip,i102424,Tulipa gesneriana,Q163060
12476455-n,any plant of the genus Gloriosa of tropical Africa and Asia; a perennial herb climbing by means of tendrils at leaf tips having showy yellow to red or purple flowers; all parts are poisonous,i102431,gloriosa|glory lily|climbing lily|creeping lily|Gloriosa superba,Q2175092
12477596-n,a day lily with yellow flowers,i102435,lemon lily|Hemerocallis lilio-asphodelus|Hemerocallis flava,Q87605304
12479780-n,sometimes placed in genus Scilla,i102446,wild hyacinth|wood hyacinth|bluebell|harebell|Hyacinthoides nonscripta|Scilla nonscripta,Q113251901
12480387-n,common Old World herb having grasslike leaves and clusters of star-shaped white flowers with green stripes; naturalized in the eastern United States,i102449,starflower|sleepy dick|summer snowflake|Ornithogalum umbellatum,Q161155
12480651-n,Old World star of Bethlehem having edible young shoots,i102450,bath asparagus|Prussian asparagus|Ornithogalum pyrenaicum,Q2303755
12481614-n,large beautiful Mediterranean species having sterile bluish-violet flowers with fringed corollas forming a tuft above the fertile flowers,i102455,tassel hyacinth|Muscari comosum,Q163946
12483087-n,having dense spikes of small white flowers and yielding a bulb with medicinal properties,i102463,sea squill|sea onion|squill|Urginea maritima,Q50872038
12484633-n,of the eastern United States: New Jersey to South Carolina,i102471,American bog asphodel|Narthecium americanum,Q6966410
12487702-n,plant of eastern and central North America having creamy white flowers tinged with brown or purple; poisonous especially to grazing animals,i102485,white camas|Zigadenus glaucus,Q122654505
12489050-n,trillium of central United States having dark purple sessile flowers,i102491,prairie wake-robin|prairie trillium|Trillium recurvatum,Q3009702
12489405-n,trillium of eastern North America having malodorous pink to purple flowers and an astringent root used in folk medicine especially to ease childbirth,i102493,purple trillium|red trillium|birthroot|Trillium erectum,Q3539177
12489662-n,trillium of northeastern United States with sessile leaves and red or purple flowers having a pungent odor,i102494,red trillium|toadshade|sessile trillium|Trillium sessile,Q3005858
12491412-n,creeping or climbing evergreen having spiny zigzag stems with shiny leaves and racemes of pale-green flowers; Canary Islands to southern Europe and Ethiopia and India,i102502,rough bindweed|Smilax aspera,Q161119
12492049-n,low-growing perennial plant having usually two large oblong lanceolate leaves and a raceme of small fragrant nodding bell-shaped flowers followed by scarlet berries,i102505,lily of the valley|May lily|Convallaria majalis,Q101711
12492831-n,plant with nearly leafless stalk topped by a cluster of red or reddish lavender flowers; California to Oregon,i102508,red Clintonia|Andrew's clintonia|Clintonia andrewsiana,Q5134293
12493064-n,common woodland herb of temperate North America having yellow nodding flowers and small round blue fruits,i102509,yellow clintonia|heal all|Clintonia borealis,Q291670
12493283-n,plant with 1 or 2 white starlike flowers on short leafless stalks; Alaska to California and east to Oregon and Montana,i102510,queen's cup|bride's bonnet|Clintonia uniflora,Q309753
12493676-n,Asiatic perennial tufted herb with grasslike evergreen foliage and clusters of dark mauve grapelike flowers; grown as ground cover,i102512,lilyturf|lily turf|Liriope muscari,Q141540
12494113-n,small two-leaved herb of the northern United States and parts of Canada having racemes of small fragrant white flowers,i102514,false lily of the valley|Maianthemum canadense,Q3303394
12496279-n,perennial herb of East Indies to Polynesia and Australia; cultivated for its large edible root yielding Otaheite arrowroot starch,i102525,pia|Indian arrowroot|Tacca leontopetaloides|Tacca pinnatifida,Q66604178
12498088-n,Philippine plant yielding a hard fibre used in making coarse twine,i102531,maguey|cantala|Agave cantala,Q293281
12499011-n,"shrub with terminal tufts of elongated leaves used locally for thatching and clothing; thick sweet roots are used as food; tropical southeastern Asia, Australia and Hawaii",i102536,ti|Cordyline terminalis,Q50828645
12500194-n,tall tree of the Canary Islands; source of dragon's blood,i102541,dragon tree|Dracaena draco,Q157952
12501655-n,bowstring hemp of South Africa,i102548,African bowstring hemp|African hemp|Sansevieria guineensis,Q50862089
12503596-n,arborescent yucca of southwestern United States and northern Mexico with sword-shaped leaves and white flowers,i102557,Spanish dagger|Yucca carnerosana,Q1466312
12503787-n,tall arborescent yucca of southwestern United States,i102558,soapweed|soap-weed|soap tree|Yucca elata,Q200844
12503932-n,yucca with long stiff leaves having filamentlike appendages,i102559,Adam's needle|Adam's needle-and-thread|spoonleaf yucca|needle palm|Yucca filamentosa,Q1194599
12504346-n,yucca of southeastern United States similar to the Spanish bayonets but with shorter trunk and smoother leaves,i102561,Spanish dagger|Yucca gloriosa,Q164135
12504534-n,yucca of southern United States having a clump of basal grasslike leaves and a central stalk with a terminal raceme of small whitish flowers,i102562,bear grass|Yucca smalliana,Q10871260
12506486-n,poisonous woody evergreen vine of southeastern United States having fragrant yellow funnel-shaped flowers,i102572,yellow jasmine|yellow jessamine|Carolina jasmine|evening trumpet flower|Gelsemium sempervirens,Q978130
12508959-n,tropical tree with large prickly pods of seeds that resemble beans and are used for jewelry and rosaries,i102583,bonduc|bonduc tree|Caesalpinia bonduc|Caesalpinia bonducella,Q87613669
12509214-n,small thornless tree or shrub of tropical America whose seed pods are a source of tannin,i102584,divi-divi|Caesalpinia coriaria,Q1230627
12509551-n,spreading thorny shrub of tropical Asia bearing large erect racemes of red-marked yellow flowers,i102586,Mysore thorn|Caesalpinia decapetala|Caesalpinia sepiaria,Q2720939
12509773-n,tropical tree with prickly trunk; its heavy red wood yields a red dye and is used for cabinetry,i102587,brazilwood|peachwood|peach-wood|pernambuco wood|Caesalpinia echinata,Q216469
12510559-n,tropical shrub or small tree having showy yellow to orange-red flowers; sometimes placed in genus Poinciana,i102591,pride of barbados|paradise flower|flamboyant tree|Caesalpinia pulcherrima|Poinciana pulcherrima,Q1428973
12511332-n,shrub or small tree of Dutch Guiana having clusters of pink flowers streaked with purple,i102595,butterfly flower|Bauhinia monandra,Q2859792
12511522-n,small East Indian tree having orchid-like flowers and hard dark wood,i102596,mountain ebony|orchid tree|Bauhinia variegata,Q840341
12512965-n,tropical American semi-evergreen tree having erect racemes of pink or rose-colored flowers; used as an ornamental,i102602,pink shower|pink shower tree|horse cassia|Cassia grandis,Q164094
12513405-n,East Indian tree having long pods containing a black cathartic pulp used as a horse medicine,i102604,horse cassia|Cassia roxburghii|Cassia marginata,Q15475041
12516175-n,honey locust of swamps and bottomlands of southern United States having short oval pods; yields dark heavy wood,i102617,water locust|swamp locust|Gleditsia aquatica,Q603036
12516400-n,tall usually spiny North American tree having small greenish-white flowers in drooping racemes followed by long twisting seed pods; yields very hard durable reddish-brown wood; introduced to temperate Old World,i102618,honey locust|Gleditsia triacanthos,Q157650
12516932-n,handsome tree of central and eastern North America having large bipinnate leaves and green-white flowers followed by large woody brown pods whose seeds are used as a coffee substitute,i102620,Kentucky coffee tree|bonduc|chicot|Gymnocladus dioica,Q105034954
12518174-n,large shrub or shrubby tree having sharp spines and pinnate leaves with small deciduous leaflets and sweet-scented racemose yellow-orange flowers; grown as ornamentals or hedging or emergency food for livestock; tropical America but naturalized in southern United States,i102625,Jerusalem thorn|horsebean|Parkinsonia aculeata,Q279482
12518962-n,erect shrub having large trifoliate leaves and dense clusters of yellow flowers followed by poisonous seeds; Yugoslavia; sometimes placed in genus Cytisus,i102628,Dalmatian laburnum|Petteria ramentacea|Cytisus ramentaceus,Q1786791
12519944-n,tropical shrub (especially of Americas) having yellow flowers and large leaves whose juice is used as a cure for ringworm and poisonous bites; sometimes placed in genus Cassia,i102632,ringworm bush|ringworm shrub|ringworm cassia|Senna alata|Cassia alata,Q41504
12520484-n,erect shrub having racemes of tawny yellow flowers; the dried leaves are used medicinally as a cathartic; sometimes placed in genus Cassia,i102634,Alexandria senna|Alexandrian senna|true senna|tinnevelly senna|Indian senna|Senna alexandrina|Cassia acutifolia|Cassia augustifolia,Q132675
12524811-n,shrub of sandy woodlands and stream banks of western United States having hoary pinnate flowers and dull-colored racemose flowers; thought to indicate the presence of lead ore,i102644,leadplant|lead plant|Amorpha canescens,Q2074094
12526257-n,shrub with trifoliate leaves and yellow flowers followed by backward curving seed pods; leaves foetid when crushed,i102650,bean trefoil|stinking bean trefoil|Anagyris foetida,Q2630262
12526846-n,tree with shaggy unpleasant-smelling toxic bark and yielding strong durable wood; bark and seeds used as a purgative and vermifuge and narcotic,i102653,cabbage bark|cabbage-bark tree|cabbage tree|Andira inermis,Q4754500
12527289-n,silvery hairy European shrub with evergreen foliage and pale yellow flowers,i102655,Jupiter's beard|silverbush|silver-bush|Anthyllis barba-jovis,Q1874595
12527884-n,a North American vine with fragrant blossoms and edible tubers; important food crop of Native Americans,i102658,groundnut|groundnut vine|Indian potato|potato bean|wild bean|Apios americana|Apios tuberosa,Q568933
12528328-n,South African shrub having flat acuminate leaves and yellow flowers; leaves are aromatic when dried and used to make an herbal tea,i102660,rooibos|Aspalathus linearis|Aspalathus cedcarbergensis,Q272181
12529002-n,European perennial,i102663,wild licorice|wild liquorice|Astragalus glycyphyllos,Q158127
12529614-n,small shrubby African tree with hard wood used as a dyewood yielding a red dye,i102667,camwood|African sandalwood|Baphia nitida,Q5028820
12530170-n,wild indigo of the eastern United States having racemes of blue flowers,i102670,blue false indigo|Baptisia australis,Q916179
12530326-n,erect or spreading herb having racemes of creamy white flowers; the eastern United States,i102671,white false indigo|Baptisia lactea,Q17444972
12530498-n,much-branched erect herb with bright yellow flowers; distributed from Massachusetts to Florida,i102672,indigo broom|horsefly weed|rattle weed|Baptisia tinctoria,Q783093
12530848-n,East Indian tree bearing a profusion of intense vermilion velvet-textured blooms and yielding a yellow dye,i102674,dhak|dak|palas|Butea frondosa|Butea monosperma,Q87613622
12531993-n,twining tropical Old World plant bearing long pods usually with red or brown beans; long cultivated in Orient for food,i102679,sword bean|Canavalia gladiata,Q1937714
12532799-n,shrub with dark-green glossy foliage and solitary pale yellow flowers; northern China,i102683,Chinese pea tree|Caragana sinica,Q1074164
12534438-n,small shrubby tree of eastern North America similar to the Judas tree having usually pink flowers; found in damp sheltered underwood,i102690,redbud|Cercis canadensis,Q2452407
12536670-n,small handsome roundheaded deciduous tree having showy white flowers in terminal clusters and heavy hardwood yielding yellow dye,i102702,Kentucky yellowwood|gopherwood|Cladrastis lutea|Cladrastis kentukea,Q87599757
12537333-n,sprawling shrubby perennial noted for its scarlet black-marked flowers; widely distributed in dry parts of Australia,i102705,desert pea|Sturt pea|Sturt's desert pea|Clianthus formosus|Clianthus speciosus,Q87616518
12540329-n,tropical American annual herb having an inflated pod in which the ripe seeds rattle,i102719,American rattlebox|Crotalaria sagitallis,Q65935304
12540911-n,drought-tolerant herb grown for forage and for its seed which yield a gum used as a thickening agent or sizing material,i102722,guar|cluster bean|Cyamopsis tetragonolobus|Cyamopsis psoraloides,Q12233863
12541899-n,deciduous erect spreading broom native to western Europe; widely cultivated for its rich yellow flowers,i102726,common broom|Scotch broom|green broom|Cytisus scoparius,Q145781
12543183-n,East Indian tree having a useful dark purple wood,i102731,Indian blackwood|East Indian rosewood|East India rosewood|Indian rosewood|Dalbergia latifolia,Q726420
12543646-n,Brazilian tree yielding a handsome cabinet wood,i102733,kingwood|kingwood tree|Dalbergia cearensis,Q2705553
12544203-n,Central American tree yielding a valuable dark streaked rosewood,i102736,Honduras rosewood|Dalbergia stevensonii,Q15532192
12546258-n,woody vine having bright green leaves and racemes of rose-tinted white flowers; the swollen roots contain rotenone,i102747,derris root|tuba root|Derris elliptica,Q11128689
12547259-n,West Indian forage plant cultivated in southern United States as forage and to improve soil,i102752,beggarweed|Desmodium tortuosum|Desmodium purpureum,Q10908837
12547586-n,South African evergreen partly woody vine grown for its clusters of rosy purple flowers followed by edible pods like snap beans; also grown as green manure; sometimes placed in genus Dolichos,i102754,Australian pea|Dipogon lignosus|Dolichos lignosus,Q15533996
12548887-n,deciduous shrub having racemes of deep red flowers and black-spotted red seeds,i102759,coral bean tree|Erythrina corallodendrum,Q21874216
12549479-n,small to medium-sized thorny tree of tropical Asia and northern Australia having dense clusters of scarlet or crimson flowers and black seeds,i102762,Indian coral tree|Erythrina variegata|Erythrina indica,Q87623652
12550005-n,tall bushy European perennial grown for its pinnate foliage and slender spikes of blue flowers; sometimes used medicinally,i102765,goat's rue|goat rue|Galega officinalis,Q157287
12550944-n,prickly yellow-flowered shrub of the moors of New England and Europe,i102769,broom tree|needle furze|petty whin|Genista anglica,Q161720
12553695-n,North American plant similar to true licorice and having a root with similar properties,i102781,wild licorice|wild liquorice|American licorice|American liquorice|Glycyrrhiza lepidota,Q164138
12554235-n,"spiny shrub of the Caspian salt plains and Siberia having elegant silvery, downy young foliage and mildly fragrant pink-purple blooms",i102784,salt tree|Halimodendron halodendron|Halimodendron argenteum,Q10660730
12556545-n,deciduous subshrub of southeastern Asia having pinnate leaves and clusters of red or purple flowers; a source of indigo dye,i102795,indigo|indigo plant|Indigofera tinctoria,Q165213
12558714-n,an ornamental shrub or tree of the genus Laburnum,i102805,Scotch laburnum|Alpine golden chain|Laburnum alpinum,Q3497019
12560506-n,perennial climber of central and southern Europe having purple or pink or white flowers; naturalized in North America,i102812,broad-leaved everlasting pea|perennial pea|Lathyrus latifolius,Q158325
12560755-n,wild pea of seashores of north temperate zone having tough roots and purple flowers and useful as a sand binder,i102813,beach pea|sea pea|Lathyrus maritimus|Lathyrus japonicus,Q21125
12560993-n,perennial of Europe and North Africa; foliage turns black in drying,i102814,black pea|Lathyrus niger,Q158520
12561152-n,annual European vetch with red flowers,i102815,grass vetch|grass vetchling|Lathyrus nissolia,Q159362
12561305-n,climbing garden plant having fragrant pastel-colored flowers,i102816,sweet pea|sweetpea|Lathyrus odoratus,Q163944
12561908-n,European annual grown for forage; seeds used for food in India and for stock elsewhere,i102819,grass pea|Indian pea|khesari|Lathyrus sativus,Q162093
12562111-n,shrubby California perennial having large pink or violet flowers; cultivated as an ornamental,i102820,pride of California|Lathyrus splendens,Q13642792
12562745-n,European herb bearing small tubers used for food and in Scotland to flavor whiskey,i102823,heath pea|earth-nut pea|earthnut pea|tuberous vetch|Lathyrus tuberosus,Q162914
12562971-n,bushy European perennial having nodding racemose violet-blue flowers,i102824,spring vetchling|spring vetch|Lathyrus vernus,Q157490
12563960-n,an annual of tropical Asia naturalized in United States,i102828,jap clover|Lespedeza striata|Japanese clover|Japan clover,Q50844423
12565737-n,North American annual with red or rose-colored flowers,i102837,prairie bird's-foot trefoil|compass plant|prairie lotus|prairie trefoil|Lotus americanus,Q87632238
12566370-n,sprawling European annual having a 4-winged edible pod,i102840,winged pea|asparagus pea|Lotus tetragonolobus,Q160889
12567337-n,yellow-flowered European lupine cultivated for forage,i102845,yellow lupine|Lupinus luteus,Q159751
12567720-n,low-growing annual herb of southwestern United States (Texas) having silky foliage and blue flowers; a leading cause of livestock poisoning in the southwestern United States,i102847,bluebonnet|buffalo clover|Texas bluebonnet|Lupinus subcarnosus,Q12841445
12568377-n,twining herb of Old World tropics cultivated in India for food and fodder; sometimes placed in genus Dolichos,i102850,horse gram|horse grain|poor man's pulse|Macrotyloma uniflorum|Dolichos biflorus,Q1899077
12569069-n,evergreen shrub of southern European highlands having downy foliage and a succession of yellow flowers throughout the summer followed by curious snail-shaped pods,i102853,moon trefoil|Medicago arborea,Q1668432
12569510-n,an annual of the Mediterranean area having spiny seed pods and leaves with dark spots,i102855,Calvary clover|Medicago intertexta|Medicago echinus,Q50844926
12570913-n,the annual woody vine of Asia having long clusters of purplish flowers and densely hairy pods; cultivated in southern United States for green manure and grazing,i102862,cowage|velvet bean|Bengal bean|Benghal bean|Florida bean|Mucuna pruriens utilis|Mucuna deeringiana|Mucuna aterrima|Stizolobium deeringiana,Q87634449
12571678-n,medium-sized tropical American tree yielding tolu balsam and a fragrant hard wood used for high-grade furniture and cabinetwork,i102865,tolu tree|tolu balsam tree|Myroxylon balsamum|Myroxylon toluiferum,Q15290525
12571962-n,tree of South and Central America yielding an aromatic balsam,i102866,Peruvian balsam|Myroxylon pereirae|Myroxylon balsamum pereirae,Q2412565
12573398-n,European woody plant having pink flowers and unifoliate leaves and long tough roots; spreads by underground runners,i102872,restharrow|rest-harrow|Ononis repens,Q161749
12574247-n,small tree of West Indies and northeastern Venezuela having large oblong pointed leaflets and panicles of purple flowers; seeds are black or scarlet with black spots,i102876,bead tree|jumby bean|jumby tree|Ormosia monosperma,Q15481216
12574534-n,West Indian tree similar to Ormosia monosperma but larger and having smaller leaflets and smaller seeds,i102877,jumby bead|jumbie bead|Ormosia coarctata,Q15486044
12575760-n,Central American twining plant with edible roots and pods; large tubers are eaten raw or cooked especially when young and young pods must be thoroughly cooked; pods and seeds also yield rotenone and oils,i102883,yam bean|Pachyrhizus erosus,Q517283
12579549-n,spiny evergreen xerophytic shrub having showy rose and purple flowers and forming dense thickets; of dry rocky mountain slopes of California,i102902,chaparral pea|stingaree-bush|Pickeringia montana,Q7190834
12580023-n,small tree of West Indies and Florida having large odd-pinnate leaves and panicles of red-striped purple to white flowers followed by decorative curly winged seedpods; yields fish poisons,i102904,Jamaica dogwood|fish fuddle|Piscidia piscipula|Piscidia erythrina,Q50851235
12582402-n,evergreen shrub having almost heart-shaped foliage and bright yellow pea-like flowers followed by flat pods with flat wings; Australia and Tasmania,i102916,flat pea|Platylobium formosum,Q7202647
12583290-n,large tree of Trinidad and Guyana having odd-pinnate leaves and violet-scented axillary racemes of yellow flowers and long smooth pods; grown as a specimen in parks and large gardens,i102920,roble|Platymiscium trinitatis,Q15542195
12583550-n,large erect shrub of Colombia having large odd-pinnate leaves with large leaflets and axillary racemes of fragrant yellow flowers,i102921,Panama redwood tree|Panama redwood|Platymiscium pinnatum,Q15541090
12584207-n,evergreen Asiatic tree having glossy pinnate leaves and racemose creamy-white scented flowers; used as a shade tree,i102925,Indian beech|Pongamia glabra,Q50851433
12585873-n,tree native to southeastern Asia having reddish wood with a mottled or striped black grain,i102932,padauk|padouk|amboyna|Pterocarpus indicus,Q979014
12586235-n,tree of India and Burma yielding a wood resembling mahogany,i102934,Burma padauk|Burmese rosewood|Pterocarpus macrocarpus,Q310157
12586417-n,East Indian tree yielding a resin or extract often used medicinally and in e.g. tanning,i102935,kino|Pterocarpus marsupium,Q2385259
12587459-n,fast-growing vine from eastern Asia having tuberous starchy roots and hairy trifoliate leaves and racemes of purple flowers followed by long hairy pods containing many seeds; grown for fodder and forage and root starch; widespread in the southern United States,i102940,kudzu|kudzu vine|Pueraria lobata,Q65946511
12588691-n,large thorny tree of eastern and central United States having pinnately compound leaves and drooping racemes of white flowers; widely naturalized in many varieties in temperate regions,i102945,black locust|yellow locust|Robinia pseudoacacia,Q157417
12590121-n,tall-growing annual of southwestern United States widely grown as green manure; yields a strong tough bast fiber formerly used by Indians for cordage,i102952,Colorado River hemp|Sesbania exaltata,Q21297263
12590356-n,a softwood tree with lax racemes of usually red or pink flowers; tropical Australia and Asia; naturalized in southern Florida and West Indies,i102953,scarlet wisteria tree|vegetable hummingbird|Sesbania grandiflora,Q947251
12591208-n,shrub or small tree having pinnate leaves poisonous to livestock and dense racemes of intensely fragrant blue flowers and red beans,i102956,mescal bean|coral bean|frijolito|frijolillo|Sophora secundiflora,Q59282651
12591477-n,shrub or small tree of New Zealand and Chile having pendulous racemes of tubular golden-yellow flowers; yields a hard strong wood,i102957,kowhai|Sophora tetraptera,Q7563134
12591835-n,tall thornless shrub having pale yellow flowers and flexible rushlike twigs used in basketry; of southwestern Europe and Mediterranean; naturalized in California,i102959,Spanish broom|weaver's broom|Spartium junceum,Q910358
12592693-n,Australian shrub having simple obovate leaves and brilliant scarlet flowers,i102963,coral bush|flame bush|Templetonia retusa,Q15543573
12593363-n,perennial subshrub of eastern North America having downy leaves yellowish and rose flowers and; source of rotenone,i102967,catgut|goat's rue|wild sweet pea|Tephrosia virginiana,Q13956906
12594152-n,eastern United States bush pea,i102971,Carolina lupine|Thermopsis villosa,Q12070907
12594825-n,Old World herb related to fenugreek,i102975,bird's foot trefoil|Trigonella ornithopodioides,Q15552843
12596317-n,common perennial climber of temperate regions of Eurasia and North America having dense elongate clusters of flowers,i102982,tufted vetch|bird vetch|Calnada pea|Vicia cracca,Q147159
12596956-n,European perennial toxic vetch,i102985,Vicia orobus|bitter vetch,Q159825
12597867-n,East Indian legume having hairy foliage and small yellow flowers followed by cylindrical pods; used especially in India for food and forage and as a soil conditioner; sometimes placed in genus Phaseolus,i102990,moth bean|Vigna aconitifolia|Phaseolus aconitifolius,Q511249
12598191-n,bushy annual widely grown in China and Japan for the flour made from its seeds,i102991,adzuki bean|adsuki bean|Vigna angularis|Phaseolus angularis,Q380279
12598400-n,perennial tropical American vine cultivated for its racemes of showy yellow and purple flowers having the corolla keel coiled like a snail shell; sometimes placed in genus Phaseolus,i102992,snailflower|snail-flower|snail flower|snail bean|corkscrew flower|Vigna caracalla|Phaseolus caracalla,Q1313429
12600152-n,Australian leafless shrub resembling broom and having small yellow flowers,i102998,swamp oak|Viminaria juncea|Viminaria denudata,Q50878244
12600570-n,tree with odd-pinnate leaves and racemes of fragrant pink to purple flowers,i103000,keurboom|Virgilia capensis|Virgilia oroboides,Q13035160
12600760-n,fast-growing roundheaded tree with fragrant white to deep rose flowers; planted as an ornamental,i103001,keurboom|Virgilia divaricata,Q15529056
12601402-n,having flowers of pink to mauve or violet-blue,i103004,Japanese wistaria|Wisteria floribunda,Q1329209
12601644-n,an eastern United States native resembling the cultivated Japanese wisteria having pale purple-lilac flowers,i103006,American wisteria|Wisteria frutescens,Q8027753
12604429-n,tropical American palm having edible nuts and yielding a useful fiber,i103016,coyol|coyol palm|Acrocomia vinifera,Q22110820
12605898-n,"Brazilian palm yielding fibers used in making ropes, mats, and brushes",i103024,piassava palm|pissaba palm|Bahia piassava|bahia coquilla|Attalea funifera,Q379397
12606390-n,tall fan palm of Africa and India and Malaysia yielding a hard wood and sweet sap that is a source of palm wine and sugar; leaves used for thatching and weaving,i103027,palmyra|palmyra palm|toddy palm|wine palm|lontar|longar palm|Borassus flabellifer,Q500857
12607260-n,climbing palm of Sri Lanka and southern India remarkable for the great length of the stems which are used for malacca canes,i103031,rattan|rattan palm|Calamus rotang,Q416369
12607893-n,fishtail palm of India to Malay Peninsula; sap yields a brown sugar (jaggery) and trunk pith yields sago,i103035,wine palm|jaggery palm|kitul|kittul|kitul tree|toddy palm|Caryota urens,Q766995
12608248-n,palm of the Andes yielding a resinous wax which is mixed with tallow to make candles,i103037,wax palm|Ceroxylon andicola|Ceroxylon alpinum,Q87614666
12609541-n,South American palm yielding a wax similar to carnauba wax,i103044,caranday|caranda|caranda palm|wax palm|Copernicia australis|Copernicia alba,Q50831532
12610219-n,large-leaved palm of Malay to Philippines and northern Australia; leaves used for thatching or plaiting into containers,i103048,gebang palm|Corypha utan|Corypha gebanga,Q50831918
12610602-n,tall palm of southern India and Sri Lanka with gigantic leaves used as umbrellas and fans or cut into strips for writing paper,i103050,talipot|talipot palm|Corypha umbraculifera,Q856001
12612819-n,any creeping semiaquatic feather palm of the genus Nipa found in mangrove swamps and tidal estuaries; its sap is used for a liquor; leaves are used for thatch; fruit has edible seeds,i103063,nipa palm|Nipa fruticans,Q85192860
12613305-n,tall feather palm of northern Brazil with hard-shelled nuts yielding valuable oil and a kind of vegetable ivory,i103065,babassu|babassu palm|coco de macao|Orbignya phalerata|Orbignya spesiosa|Orbignya martiana,Q50846904
12613883-n,tropical American feather palm whose large nuts yield valuable oil and a kind of vegetable ivory,i103068,cohune palm|Orbignya cohune|cohune,Q67193150
12614755-n,tall tropical feather palm tree native to Syria bearing sweet edible fruit,i103073,date palm|Phoenix dactylifera,Q25292
12618227-n,small hardy clump-forming spiny palm of southern United States,i103092,saw palmetto|scrub palmetto|Serenoa repens,Q927607
12618788-n,small stocky fan palm of southern Florida and Cuba,i103095,key palm|silvertop palmetto|silver thatch|Thrinax microcarpa|Thrinax morrisii|Thrinax keyensis,Q55965298
12619946-n,an Old World plantain with long narrow ribbed leaves widely established in temperate regions,i103100,English plantain|narrow-leaved plantain|ribgrass|ribwort|ripple-grass|buckthorn|Plantago lanceolata,Q157408
12620196-n,common European perennial naturalized worldwide; a troublesome weed,i103101,broad-leaved plantain|common plantain|white-man's foot|whiteman's foot|cart-track plant|Plantago major,Q157154
12620422-n,widely distributed Old World perennial naturalized in North America having finely hairy leaves and inconspicuous white fragrant flowers,i103102,hoary plantain|Plantago media,Q157272
12620635-n,plantain of Mediterranean regions whose seeds swell and become gelatinous when moist and are used as a mild laxative,i103103,fleawort|psyllium|Spanish psyllium|Plantago psyllium,Q21876280
12620856-n,North American plantain having reddish leafstalks and broad leaves,i103104,rugel's plantain|broad-leaved plantain|Plantago rugelii,Q7201575
12622255-n,a member of the genus Fagopyrum; annual Asian plant with clusters of small pinkish white flowers and small edible triangular seeds which are used whole or ground into flour,i103111,buckwheat|Polygonum fagopyrum|Fagopyrum esculentum,Q21876809
12623195-n,late blooming perennial plant of shale barrens of Virginia having flowers in flat-topped clusters,i103115,umbrella plant|Eriogonum allenii,Q15592785
12624034-n,Asian herb (Himalayas),i103119,Himalayan rhubarb|Indian rhubarb|red-veined pie plant|Rheum australe|Rheum emodi,Q15247758
12625400-n,European dock with broad obtuse leaves and bitter rootstock common as a weed in North America,i103126,bitter dock|broad-leaved dock|yellow dock|Rumex obtusifolius,Q162800
12625606-n,low perennial with small silvery-green ovate to hastate leaves,i103127,French sorrel|garden sorrel|Rumex scutatus,Q1735396
12626633-n,of Australia,i103132,tall yellow-eye|Xyris operculata,Q15478297
12627449-n,a variety of spiderwort,i103137,St.-Bruno's-lily|Paradisea liliastrum,Q660341
12628888-n,dense festoons of greenish-grey hairlike flexuous strands anchored to tree trunks and branches by sparse wiry roots; southeastern United States and West Indies to South America,i103144,Spanish moss|old man's beard|black moss|long moss|Tillandsia usneoides,Q311524
12630729-n,American plant having spikes of blue flowers and growing in shallow water of streams and ponds,i103153,pickerelweed|pickerel weed|wampee|Pontederia cordata,Q621050
12631089-n,a tropical floating aquatic plant having spikes of large blue flowers; troublesome in clogging waterways especially in southern United States,i103155,water hyacinth|water orchid|Eichhornia crassipes|Eichhornia spesiosa,Q690645
12631501-n,grassy-leaved North American aquatic plant with yellow star-shaped blossoms,i103157,water star grass|mud plantain|Heteranthera dubia,Q15296490
12634467-n,submersed plant with whorled lanceolate leaves and solitary axillary flowers; Old World plant naturalized in southern United States and clogging Florida's waterways,i103173,hydrilla|Hydrilla verticillata,Q164181
12635524-n,aquatic plant with deep green foliage useful to oxygenate an aquarium; sometimes placed in genus Egeria,i103179,dense-leaved elodea|Elodea densa|Egeria densa,Q50839363
12637009-n,European herb naturalized in the eastern United States and California,i103186,curled leaf pondweed|curly pondweed|Potamogeton crispus,Q157863
12638320-n,tufted perennial found in shallow water or marshland; sometimes poisons livestock,i103193,arrow grass|Triglochin maritima,Q157862
12639488-n,submerged marine plant with very long narrow leaves found in abundance along North Atlantic coasts,i103199,eelgrass|grass wrack|sea wrack|Zostera marina,Q21128
12641871-n,prickly wild rose with delicate pink or white scentless flowers; native to Europe,i103208,dog rose|Rosa canina,Q146066
12642171-n,large hardy very fragrant pink rose; cultivated in Asia Minor as source of attar of roses; parent of many hybrids,i103210,damask rose|summer damask rose|Rosa damascena,Q578904
12642380-n,Eurasian rose with prickly stems and fragrant leaves and bright pink flowers followed by scarlet hips,i103211,sweetbrier|sweetbriar|brier|briar|eglantine|Rosa eglanteria,Q161146
12642706-n,Chinese climbing rose with fragrant white blossoms,i103213,Cherokee rose|Rosa laevigata,Q1070309
12643058-n,rose native to Mediterranean region having curved or climbing branches and loose clusters of musky-scented flowers,i103215,musk rose|Rosa moschata,Q141182
12643972-n,fragrant European perennial herb found at woodland margins on moist soils,i103220,fragrant agrimony|Agrimonia procera,Q953646
12644579-n,shrub or small tree of northwestern North America having fragrant creamy white flowers and small waxy purple-red fruits,i103223,alderleaf Juneberry|alder-leaved serviceberry|Amelanchier alnifolia,Q164158
12644816-n,open-growing shrub of eastern North America having pure white flowers and small waxy almost black fruits,i103224,Bartram juneberry|Amelanchier bartramiana,Q693732
12645764-n,small tropical American tree bearing edible plumlike fruit,i103230,coco plum|coco plum tree|cocoa plum|icaco|Chrysobalanus icaco,Q577669
12647435-n,southern United States hawthorn with pinnately lobed leaves,i103237,parsley haw|parsley-leaved thorn|Crataegus apiifolia|Crataegus marshallii,Q5182573
12647880-n,erect and almost thornless American hawthorn with somewhat pear-shaped berries,i103239,blackthorn|pear haw|pear hawthorn|Crataegus calpodendron|Crataegus tomentosa,Q21872902
12648108-n,eastern United States hawthorn with long straight thorns,i103240,cockspur thorn|cockspur hawthorn|Crataegus crus-galli,Q916961
12649117-n,American red-fruited hawthorn with stems and leaves densely covered with short woolly hairs,i103244,red haw|downy haw|Crataegus mollis|Crataegus coccinea mollis,Q2671022
12649340-n,evergreen hawthorn of southeastern Europe,i103245,evergreen thorn|Crataegus oxyacantha,Q3780432
12652693-n,hairy yellow-flowered plant of eastern Asia and North America,i103263,yellow avens|Geum macrophyllum,Q2917893
12653096-n,North American perennial with hairy basal pinnate leaves and purple flowers and plume-tipped fruits,i103265,prairie smoke|purple avens|Geum triflorum,Q2709956
12653287-n,hairy Eurasian plant with small yellow flowers and an astringent root formerly used medicinally,i103266,herb bennet|cloveroot|clover-root|wood avens|Geum urbanum,Q157407
12653822-n,ornamental evergreen treelike shrub of the Pacific coast of the United States having large white flowers and red berrylike fruits; often placed in genus Photinia,i103269,toyon|tollon|Christmasberry|Christmas berry|Heteromeles arbutifolia|Photinia arbutifolia,Q21546397
12655495-n,Asian wild crab apple cultivated in many varieties for it small acid usually red fruit used for preserving,i103276,Siberian crab|Siberian crab apple|cherry apple|cherry crab|Malus baccata,Q1743596
12658246-n,European garden herb with purple-tinged flowers and leaves that are sometimes used for salads,i103290,salad burnet|burnet bloodwort|pimpernel|Poterium sanguisorba,Q21877146
12659725-n,wild plum trees of eastern and central North America having red-orange fruit with yellow flesh,i103295,American red plum|August plum|goose plum|Prunus americana,Q469524
12659929-n,small native American shrubby tree bearing small edible yellow to reddish fruit,i103296,chickasaw plum|hog plum|hog plum bush|Prunus angustifolia,Q3010229
12661045-n,small tree native to northeastern North America having oblong orange-red fruit,i103302,Canada plum|Prunus nigra,Q2724971
12661600-n,Japanese ornamental tree with fragrant white or pink blossoms and small yellow fruits,i103305,Japanese apricot|mei|Prunus mume,Q157763
12662961-n,large Eurasian tree producing small dark bitter fruit in the wild but edible sweet fruit under cultivation,i103312,sweet cherry|Prunus avium,Q165137
12664074-n,small Asiatic tree bearing edible red or yellow fruit,i103318,cherry plum|myrobalan|myrobalan plum|Prunus cerasifera,Q146951
12667158-n,California evergreen wild plum with spiny leathery leaves and white flowers,i103333,holly-leaved cherry|holly-leaf cherry|evergreen cherry|islay|Prunus ilicifolia,Q2114443
12667366-n,shrubby Japanese cherry tree having pale pink blossoms,i103334,fuji|fuji cherry|Prunus incisa,Q3269605
12667501-n,woody oriental plant with smooth unfurrowed red fruit grown especially for its white or pale pink blossoms,i103335,flowering almond|oriental bush cherry|Prunus japonica,Q1771825
12667992-n,evergreen shrub or small tree found on Catalina Island (California),i103337,Catalina cherry|Prunus lyonii,Q17235505
12669454-n,small tree of China and Japan bearing large yellow to red plums usually somewhat inferior to European plums in flavor,i103345,Japanese plum|Prunus salicina,Q1250033
12670300-n,ornamental tree with inedible fruit widely cultivated in many varieties for its pink blossoms,i103349,Japanese flowering cherry|Prunus sieboldii,Q21297628
12670627-n,shrub of the Pacific coast of the United States bearing small red insipid fruit,i103351,Sierra plum|Pacific plum|Prunus subcordata,Q2725382
12670990-n,Asiatic shrub cultivated for its rosy red flowers,i103353,Russian almond|dwarf Russian almond|Prunus tenella,Q160019
12671676-n,chokecherry of western United States,i103357,western chokecherry|Prunus virginiana demissa|Prunus demissa,Q85199002
12674773-n,the true blackberry of Europe as well as any of numerous varieties having sweet edible black or dark purple berries,i103369,true blackberry|Rubus fruticosus,Q13541716
12674988-n,stiff shrubby blackberry of the eastern United States (Connecticut to Florida),i103370,sand blackberry|Rubus cuneifolius,Q15547003
12676006-n,North American dewberry,i103375,American dewberry|Rubus canadensis,Q3446528
12676259-n,of southern North America,i103377,Southern dewberry|Rubus trivialis,Q15526136
12679825-n,European tree bearing edible small speckled brown fruit,i103397,wild service tree|Sorbus torminalis,Q147459
12680300-n,shrub having copious small white flowers in spring,i103400,bridal wreath|bridal-wreath|Saint Peter's wreath|St. Peter's wreath|Spiraea prunifolia,Q1055383
12681806-n,perennial East Indian creeping or climbing herb used for dye in the orient,i103405,Indian madder|munjeet|Rubia cordifolia,Q3237818
12682835-n,source of a tough elastic wood,i103411,dagame|lemonwood tree|Calycophyllum candidissimum,Q5741578
12683140-n,evergreen climbing shrub of southern Florida and West Indies grown for its racemes of fragrant white to creamy flowers followed by globose white succulent berries,i103413,blolly|West Indian snowberry|Chiococca alba,Q5101397
12683784-n,shrubby tree of northeastern tropical Africa widely cultivated in tropical or near tropical regions for its seed which form most of the commercial coffee,i103416,Arabian coffee|Coffea arabica,Q47685
12684015-n,small tree of West Africa,i103417,Liberian coffee|Coffea liberica,Q47718
12684766-n,Colombian tree; source of Cartagena bark (a cinchona bark),i103421,Cartagena bark|Cinchona cordifolia|Cinchona lancifolia,Q8346201
12685230-n,small tree of Ecuador and Peru having very large glossy leaves and large panicles of fragrant pink flowers; cultivated for its medicinal bark,i103423,cinchona tree|Cinchona pubescens,Q164574
12686811-n,bedstraw with sweetish roots,i103430,wild licorice|Galium lanceolatum,Q15450805
12687130-n,Eurasian herb with ample panicles of small white flowers; naturalized in North America,i103432,wild madder|white madder|white bedstraw|infant's-breath|false baby's breath|Galium mollugo,Q159744
12687726-n,evergreen shrub widely cultivated for its large fragrant waxlike white flowers and glossy leaves,i103435,cape jasmine|cape jessamine|Gardenia jasminoides|Gardenia augusta,Q50841247
12689678-n,large African forest tree yielding a strong hard yellow to golden brown lumber; sometimes placed in genus Sarcocephalus,i103445,opepe|Nauclea diderrichii|Sarcocephalus diderrichii,Q1331299
12690123-n,ornamental shrub or small tree of swampy areas in southwestern United States having large pink or white sepals and yielding Georgia bark for treating fever,i103447,fever tree|Georgia bark|bitter-bark|Pinckneya pubens,Q50851113
12690564-n,South African evergreen having hard tough wood,i103449,lemonwood|lemon-wood|lemonwood tree|lemon-wood tree|Psychotria capensis,Q13034769
12691095-n,a stout spreading or semi-climbing tropical shrub with round brownish-red warty fruit; Africa,i103452,negro peach|Sarcocephalus latifolius|Sarcocephalus esculentus,Q15446164
12691723-n,shrubby tree of Madagascar occasionally cultivated for its edible apple-shaped fruit,i103455,Spanish tamarind|Vangueria madagascariensis,Q2710367
12693773-n,shrub honeysuckle with drooping spikes of purplish flowers,i103465,Himalaya honeysuckle|Leycesteria formosa,Q252391
12695245-n,bushy honeysuckle with twining branches and white or yellow-white flowers; southern United States,i103471,white honeysuckle|Lonicera albiflora,Q15399529
12695446-n,erect deciduous North American shrub with yellow-white flowers,i103472,American fly honeysuckle|fly honeysuckle|Lonicera canadensis,Q2078064
12695861-n,twining deciduous shrub with clusters of purple-tinged yellow-green flowers; northeastern America,i103474,yellow honeysuckle|Lonicera dioica,Q17435084
12696060-n,climbing deciduous shrub with fragrant yellow (later orange) flowers in terminal whorls; southeastern United States,i103475,yellow honeysuckle|Lonicera flava,Q15395421
12696276-n,twining deciduous shrub with hairy leaves and spikes of yellow-orange flowers; northeastern America,i103476,hairy honeysuckle|Lonicera hirsuta,Q16121253
12697464-n,evergreen North American honeysuckle vine having coral-red or orange flowers,i103482,trumpet honeysuckle|coral honeysuckle|trumpet flower|trumpet vine|Lonicera sempervirens,Q161352
12697701-n,a honeysuckle shrub of southern Russia to central Asia,i103483,bush honeysuckle|Tartarian honeysuckle|Lonicera tatarica,Q158546
12697881-n,cultivated Eurasian shrub with twin yellowish-white flowers and scarlet fruit,i103484,European fly honeysuckle|European honeysuckle|Lonicera xylosteum,Q162760
12699555-n,shrub or small tree of western United States having white flowers and blue berries; fruit used in wines and jellies,i103492,blue elder|blue elderberry|Sambucus caerulea,Q12210846
12700354-n,Eurasian shrub,i103496,European red elder|red-berried elder|Sambucus racemosa,Q157276
12701163-n,deciduous North American shrub or small tree having three-lobed leaves and red berries,i103500,cranberry bush|cranberry tree|American cranberry bush|highbush cranberry|Viburnum trilobum,Q50877103
12702137-n,closely related to southern arrow wood; grows in the eastern United States from Maine to Ohio and Georgia,i103504,arrow wood|Viburnum recognitum,Q17434696
12702340-n,upright deciduous shrub having frosted dark-blue fruit; east and east central North America,i103505,black haw|Viburnum prunifolium,Q678294
12702654-n,deciduous shrub widely cultivated for its white or pink or red flowers,i103507,weigela|Weigela florida,Q164323
12703857-n,European teasel with white to pink flowers; naturalized in United States,i103513,wild teasel|Dipsacus sylvestris,Q17465474
12704552-n,perennial having bluish-lilac flowers; introduced in the eastern United States,i103517,field scabious|Scabiosa arvensis,Q21877308
12705140-n,North American annual plant with usually yellow or orange flowers; grows chiefly on wet rather acid soil,i103520,jewelweed|lady's earrings|orange balsam|celandine|touch-me-not|Impatiens capensis,Q2462343
12706838-n,common wild geranium of eastern North America with deeply parted leaves and rose-purple flowers,i103526,wild geranium|spotted cranesbill|Geranium maculatum,Q5549871
12707035-n,tall perennial cranesbill with paired violet-blue axillary flowers; native to northern parts of Old World and naturalized in North America,i103527,meadow cranesbill|Geranium pratense,Q157585
12708223-n,any of several southern African geraniums having fragrant three-lobed to five-lobed leaves and pink flowers,i103533,rose geranium|sweet-scented geranium|Pelargonium graveolens,Q164306
12708948-n,geranium with round fragrant leaves and small white flowers,i103536,apple geranium|nutmeg geranium|Pelargonium odoratissimum,Q149880
12710066-n,low annual European herb naturalized in America; similar to alfilaria,i103541,musk clover|muskus grass|white-stemmed filaree|Erodium moschatum,Q159800
12710252-n,of prairies and desert areas of southwestern United States and Mexico,i103542,Texas storksbill|Erodium texanum,Q425661
12712189-n,small tree or shrub of the southwestern United States having a spicy odor and odd-pinnate leaves and small clusters of white flowers,i103551,elephant tree|Bursera microphylla,Q2367282
12712785-n,tree yielding an aromatic gum resin burned as incense,i103554,Boswellia carteri,Q50829154
12712921-n,East Indian tree yielding a resin used medicinally and burned as incense,i103555,salai|Boswellia serrata,Q2367334
12713475-n,tree of eastern Africa and Asia yielding myrrh,i103558,myrrh tree|Commiphora myrrha,Q164609
12714005-n,"tropical American tree harvested by locals for resin, food, wood, and other medical uses",i103561,Protium heptaphyllum,Q9063301
12714113-n,tropical American tree with a girth often exceeding ten feet,i103562,Protium guianense,Q15544906
12716736-n,tree of northern India and China having purple blossoms and small inedible yellow fruits; naturalized in the southern United States as a shade tree,i103575,chinaberry|chinaberry tree|China tree|Persian lilac|pride-of-India|azederach|azedarach|Melia azederach|Melia azedarach,Q15546527
12717913-n,tropical American tree yielding fragrant wood used especially for boxes,i103580,Spanish cedar|Spanish cedar tree|Cedrela odorata,Q163004
12718275-n,East Indian tree with valuable hard lustrous yellowish wood,i103582,satinwood|satinwood tree|Chloroxylon swietenia,Q2229595
12718787-n,African tree having rather lightweight cedar-scented wood varying in color from pink to reddish brown,i103585,African scented mahogany|cedar mahogany|sapele mahogany|Entandrophragma cylindricum,Q286236
12719358-n,tall Australian timber tree yielding tough hard wood used for staves etc,i103588,native beech|flindosa|flindosy|Flindersia australis,Q1605767
12719534-n,Australian timber tree whose bark yields a poison,i103589,bunji-bunji|Flindersia schottiana,Q5433092
12720378-n,tropical African timber tree with wood that resembles mahogany,i103595,African walnut|Lovoa klaineana,Q49437079
12722884-n,large Costa Rican tree having light-colored wood suitable for cabinetry; similar to the African lepidobotrys in wood structure as well as in fruit and flowers and leaves and seeds; often classified in other families,i103609,caracolito|Ruptiliocarpon caracolito,Q17250335
12723950-n,Eurasian plant with heart-shaped trifoliate leaves and white purple-veined flowers,i103613,common wood sorrel|cuckoo bread|shamrock|Oxalis acetosella,Q158576
12724317-n,creeping much-branched mat-forming weed; cosmopolitan,i103615,creeping oxalis|creeping wood sorrel|Oxalis corniculata,Q162795
12724476-n,short-stemmed South African plant with bluish flowers,i103616,goatsfoot|goat's foot|Oxalis caprina,Q18010135
12725980-n,perennial bushy herb of central and southern United States having white flowers with green centers and often purple crest; similar to Seneca snakeroot,i103625,senega|Polygala alba,Q15577754
12726218-n,bog plant of pine barrens of southeastern United States having spikes of irregular yellow-orange flowers,i103626,orange milkwort|yellow milkwort|candyweed|yellow bachelor's button|Polygala lutea,Q17468845
12726738-n,eastern North American plant having a terminal cluster of small white flowers and medicinal roots,i103628,Seneca snakeroot|Seneka snakeroot|senga root|senega root|senega snakeroot|Polygala senega,Q3395566
12727170-n,"small European perennial with numerous branches having racemes of blue, pink or white flowers; formerly reputed to promote human lactation",i103630,common milkwort|gand flower|Polygala vulgaris,Q162905
12729863-n,southeastern Asian tree producing large fruits resembling grapefruits,i103640,pomelo|pomelo tree|pummelo|shaddock|Citrus maxima|Citrus grandis|Citrus decumana,Q21004587
12730448-n,citrus tree bearing large round edible fruit having a thick yellow rind and juicy somewhat acid pulp,i103643,grapefruit|Citrus paradisi,Q41350
12731677-n,large citrus tree having large sweet deep orange fruit that is easily peeled; widely cultivated in Florida,i103649,temple orange|temple orange tree|tangor|king orange|Citrus nobilis,Q67192697
12734626-n,deciduous tree of China and Manchuria having a turpentine aroma and handsome compound leaves turning yellow in autumn and deeply fissured corky bark,i103664,cork tree|Phellodendron amurense,Q481711
12735014-n,small fast-growing spiny deciduous Chinese orange tree bearing sweetly scented flowers and decorative but inedible fruit: used as a stock in grafting and for hedges,i103666,trifoliate orange|trifoliata|wild orange|Poncirus trifoliata,Q859433
12737354-n,medium to large tree of tropical North and South America having odd-pinnate leaves and long panicles of small pale yellow flowers followed by scarlet fruits,i103676,paradise tree|bitterwood|Simarouba glauca,Q19690498
12737984-n,deciduous rapidly growing tree of China with foliage like sumac and sweetish fetid flowers; widely planted in United States as a street tree because of its resistance to pollution,i103679,tree of heaven|tree of the gods|Ailanthus altissima,Q159570
12738834-n,small African deciduous tree with spreading crown having leaves clustered toward ends of branches and clusters of creamy flowers resembling lilacs,i103683,pepper tree|Kirkia wilmsii,Q18076323
12739243-n,West Indian tree yielding the drug Jamaica quassia,i103685,Jamaica quassia|bitterwood|Picrasma excelsa|Picrasma excelsum,Q5462032
12740960-n,annual with deep yellow flowers smaller than the common garden nasturtium,i103693,bush nasturtium|Tropaeolum minus,Q161283
12742831-n,"small evergreen tree of Caribbean and southern Central America to northern South America; a source of lignum vitae wood, hardest of commercial timbers, and a medicinal resin",i103702,lignum vitae|Guaiacum officinale,Q2051175
12743327-n,small evergreen tree of the southern United States and West Indies a source of lignum vitae wood,i103704,bastard lignum vitae|Guaiacum sanctum,Q2248958
12743822-n,desert shrub of southwestern United States and New Mexico having persistent resinous aromatic foliage and small yellow flowers,i103707,creosote bush|coville|hediondilla|Larrea tridentata,Q965954
12747662-n,hybrid willow usually not strongly weeping in habit,i103722,Wisconsin weeping willow|Salix pendulina|Salix blanda|Salix pendulina blanda,Q17561914
12747861-n,small willow of eastern North America having greyish leaves and silky catkins that come before the leaves,i103723,pussy willow|Salix discolor,Q3124760
12748924-n,North American shrub with whitish canescent leaves,i103728,hoary willow|sage willow|Salix candida,Q7404892
12749268-n,slender shrubby willow of dry areas of North America,i103730,prairie willow|Salix humilis,Q3469829
12749624-n,Eurasian shrubby willow with whitish tomentose twigs,i103732,grey willow|gray willow|Salix cinerea,Q157540
12749783-n,shrubby willow of the western United States,i103733,arroyo willow|Salix lasiolepis,Q5240848
12749924-n,common North American shrub with shiny lanceolate leaves,i103734,shining willow|Salix lucida,Q159412
12750075-n,North American shrubby willow having dark bark and linear leaves growing close to streams and lakes,i103735,swamp willow|black willow|Salix nigra,Q469220
12750281-n,European willow tree with shining leathery leaves; widely naturalized in the eastern United States,i103736,bay willow|laurel willow|Salix pentandra,Q158912
12750489-n,Eurasian osier having reddish or purple twigs and bark rich in tannin,i103737,purple willow|red willow|red osier|basket willow|purple osier|Salix purpurea,Q39708
12750710-n,small shrubby tree of eastern North America having leaves exuding an odor of balsam when crushed,i103738,balsam willow|Salix pyrifolia,Q805516
12751536-n,dwarf prostrate mat-forming shrub of Arctic and alpine regions of North America and Greenland having deep green elliptic leaves that taper toward the base,i103742,bearberry willow|Salix uva-ursi,Q17562974
12753251-n,large European poplar,i103750,black poplar|Populus nigra,Q147064
12753726-n,a common poplar of eastern and central United States; cultivated in United States for its rapid growth and luxuriant foliage and in Europe for timber,i103753,Eastern cottonwood|necklace poplar|Populus deltoides,Q149319
12753978-n,cottonwood of western North America with dark green leaves shining above and rusty or silvery beneath,i103754,black cottonwood|Western balsam poplar|Populus trichocarpa,Q149382
12754830-n,slender aspen native to North America,i103758,American quaking aspen|American aspen|Populus tremuloides,Q469576
12754975-n,aspen with a narrow crown; eastern North America,i103759,Canadian aspen|bigtooth aspen|bigtoothed aspen|big-toothed aspen|large-toothed aspen|large tooth aspen|Populus grandidentata,Q1536353
12755920-n,"parasitic tree of Indonesia and Malaysia having fragrant close-grained yellowish heartwood with insect repelling properties and used, e.g., for making chests",i103763,sandalwood tree|true sandalwood|Santalum album,Q210858
12757363-n,Australian tree with edible flesh and edible nutlike seed,i103770,quandong|quandang|quandong tree|Eucarya acuminata|Fusanus acuminatus,Q87643137
12757759-n,shrub of southeastern United States parasitic on roots of hemlocks having sparse spikes of greenish flowers and pulpy drupes,i103772,rabbitwood|buffalo nut|Pyrularia pubera,Q18076760
12758658-n,"shrub of central and southeastern Europe; partially parasitic on beeches, chestnuts and oaks",i103776,mistletoe|Loranthus europaeus,Q164391
12759019-n,small herb with scalelike leaves on reddish-brown stems and berrylike fruits; parasitic on spruce and larch trees,i103778,American mistletoe|Arceuthobium pusillum,Q15379241
12760726-n,the traditional mistletoe of Christmas in America: grows on deciduous trees and can severely weaken the host plant,i103786,American mistletoe|Phoradendron serotinum|Phoradendron flavescens,Q15392705
12762346-n,deciduous tree of southwestern United States having pulpy fruit containing saponin,i103793,wild China tree|Sapindus marginatus|Sapindus drummondii,Q22112311
12763638-n,herbaceous vine of tropical America and Africa,i103799,heartseed|Cardiospermum grandiflorum,Q15547168
12764736-n,fast-growing tree of India and East Indies yielding a wood used especially for building,i103805,harpulla|Harpullia cupanioides,Q10888557
12766324-n,East Indian fruit tree bearing fruit similar to but sweeter than that of the rambutan,i103813,pulasan|pulassan|pulasan tree|Nephelium mutabile,Q50849806
12767013-n,large slow-growing evergreen shrub or small tree with multiple stems; extensively used for hedges or borders and topiary figures,i103817,common box|European box|Buxus sempervirens,Q27344
12767880-n,low semi-evergreen perennial herb having small spikes of white or pinkish flowers; native to southern United States but grown elsewhere,i103821,Allegheny spurge|Allegheny mountain spurge|Pachysandra procumbens,Q160280
12768131-n,slow-growing Japanese evergreen subshrub having terminal spikes of white flowers; grown as a ground cover,i103822,Japanese spurge|Pachysandra terminalis,Q159315
12770049-n,small erect deciduous shrub having tough white wood and cathartic bark and fruit,i103830,common spindle tree|Euonymus europaeus,Q161379
12770612-n,upright deciduous plant with crimson pods and seeds; the eastern United States from New York to Florida and Texas,i103833,strawberry bush|wahoo|Euonymus americanus,Q4117758
12771066-n,shrubs and trees with leathery leaves and small white flowers in racemes: genera Cyrilla and Cliftonia,i103835,Cyrilliaceae|family Cyrilliaceae|cyrilla family|titi family,Q132989
12771527-n,shrub or small tree of southeastern United States to West Indies and Brazil; grown for the slender racemes of white flowers and orange and crimson foliage,i103837,cyrilla|leatherwood|white titi|Cyrilla racemiflora,Q140549
12774763-n,maple of western North America having large 5-lobed leaves orange in autumn,i103852,Oregon maple|big-leaf maple|Acer macrophyllum,Q599523
12774934-n,small maple of northwestern North America,i103853,dwarf maple|Rocky-mountain maple|Acer glabrum,Q540650
12775408-n,shrubby Eurasian maple often used as a hedge,i103856,hedge maple|field maple|Acer campestre,Q158785
12775541-n,a large Eurasian maple tree naturalized in North America; five-lobed leaves yellow in autumn; cultivated in many varieties,i103857,Norway maple|Acer platanoides,Q26745
12776319-n,small shrubby Japanese plant with leaves having 5 to 7 acuminate lobes; yellow in autumn,i103861,pointed-leaf maple|Acer argutum,Q357629
12776487-n,leaves deeply incised and bright red in autumn; Japan,i103862,Japanese maple|full moon maple|Acer japonicum,Q149269
12777875-n,dense rounded evergreen shrub of China having spiny leaves; widely cultivated as an ornamental,i103868,Chinese holly|Ilex cornuta,Q1074050
12778218-n,evergreen holly of eastern North America with oblong leathery leaves and small black berries,i103870,inkberry|gallberry|gall-berry|evergreen winterberry|Ilex glabra,Q5997676
12780033-n,tropical American evergreen tree bearing kidney-shaped nuts that are edible only when roasted,i103884,cashew|cashew tree|Anacardium occidentale,Q34007
12781635-n,small aromatic evergreen shrub of California having paniculate leaves and whitish berries; in some classifications included in genus Rhus,i103892,laurel sumac|Malosma laurina|Rhus laurina,Q15544644
12782044-n,large evergreen tropical tree cultivated for its large oval fruit,i103894,mango|mango tree|Mangifera indica,Q3919027
12783165-n,evergreen of Australia yielding a dark yellow wood,i103900,Australian sumac|Rhodosphaera rhodanthema|Rhus rhodanthema,Q7321221
12784962-n,deciduous shrubby tree or eastern North America with compound leaves that turn brilliant red in fall and dense panicles of greenish yellow flowers followed by crimson acidic berries,i103908,staghorn sumac|velvet sumac|Virginian sumac|vinegar tree|Rhus typhina,Q148986
12785738-n,small resinous tree or shrub of Brazil,i103911,aroeira blanca|Schinus chichita|Brazilian pepper tree|Schinus terebinthifolia,Q899313
12785875-n,small Peruvian evergreen with broad rounded head and slender pendant branches with attractive clusters of greenish flowers followed by clusters of rose-pink fruits,i103912,pepper tree|molle|Peruvian mastic tree|Schinus molle,Q855896
12786803-n,common tropical American shrub or small tree with purplish fruit,i103916,mombin|mombin tree|jocote|Spondias purpurea,Q1424396
12787355-n,smooth American swamp shrub with pinnate leaves and greenish flowers followed by greenish white berries; yields an irritating oil,i103918,poison ash|poison dogwood|poison sumac|Toxicodendron vernix|Rhus vernix,Q7002291
12787629-n,climbing plant common in eastern and central United States with ternate leaves and greenish flowers followed by white berries; yields an irritating oil that causes a rash on contact,i103919,poison ivy|markweed|poison oak|Toxicodendron radicans|Rhus radicans,Q7218532
12788183-n,poisonous shrub of southeastern United States causing a rash on contact,i103921,eastern poison oak|Toxicodendron quercifolium|Rhus quercifolia|Rhus toxicodenedron,Q15525575
12788408-n,small Asiatic tree yielding a toxic exudate from which lacquer is obtained,i103922,varnish tree|lacquer tree|Chinese lacquer tree|Japanese lacquer tree|Japanese varnish tree|Japanese sumac|Toxicodendron vernicifluum|Rhus verniciflua,Q28933284
12789129-n,tree having palmate leaves and large clusters of white to red flowers followed by brown shiny inedible seeds,i103925,horse chestnut|buckeye|Aesculus hippocastanum,Q26899
12791289-n,tropical tree of southern Asia having hard dark-colored heartwood used in cabinetwork,i103937,ebony|ebony tree|Diospyros ebenum,Q5279626
12791652-n,large Asiatic tree having hard marbled zebrawood,i103939,marblewood|marble-wood|Andaman marble|Diospyros kurzii,Q15340072
12792357-n,medium-sized tree of dry woodlands in the southern and eastern United States bearing yellow or orange very astringent fruit that is edible when fully ripe,i103943,American persimmon|possumwood|Diospyros virginiana,Q158356
12792650-n,an Asiatic persimmon tree cultivated for its small yellow or purplish-black edible fruit much valued by Afghan tribes,i103944,date plum|Diospyros lotus,Q771101
12793668-n,shrubby thorny deciduous tree of southeastern United States with white flowers and small black drupaceous fruit,i103949,southern buckthorn|shittimwood|shittim|mock orange|Bumelia lycioides,Q59922235
12793902-n,deciduous tree of southeastern United States and Mexico,i103950,false buckthorn|chittamwood|chittimwood|shittimwood|black haw|Bumelia lanuginosa,Q85194128
12795830-n,one of several East Indian trees yielding gutta-percha of the getah taban merah or getah taban sutra variety (Palaquium gutta),i103960,gutta-percha tree|Palaquium gutta,Q160029
12799158-n,medium-sized tree of West Virginia to Florida and Texas,i103979,silver-bell tree|silverbell tree|snowdrop tree|opossum wood|Halesia carolina|Halesia tetraptera,Q3125935
12800611-n,perennial bog herb having dark red flowers and decumbent broadly winged pitchers forming a rosette; of northeastern North America and naturalized in Europe especially Ireland,i103985,common pitcher plant|huntsman's cup|huntsman's cups|Sarracenia purpurea,Q1927560
12801323-n,pitcher plant of southeastern United States having erect yellow trumpet-shaped pitchers with wide mouths and erect lids,i103988,huntsman's horn|huntsman's horns|yellow trumpet|yellow pitcher plant|trumpets|Sarracenia flava,Q1499289
12801767-n,marsh or bog herb having solitary pendulous yellow-green flowers and somewhat twisted pitchers with broad wings below,i103990,California pitcher plant|Darlingtonia californica,Q1138945
12804490-n,"perennial of dry habitats whose leaves have glandular hairs that secrete adhesive and digestive fluid for capture and digestion of insects; Portugal, southern Spain and Morocco",i104004,Drosophyllum lusitanicum,Q736307
12805649-n,a carnivorous perennial herb having a green pitcher and hinged lid both with red edges; western Australia,i104010,Australian pitcher plant|Cephalotus follicularis,Q140898
12807033-n,Eurasian mountain plant with fleshy pink-tipped leaves and a cluster of yellow flowers,i104017,rose-root|midsummer-men|Sedum rosea,Q50862450
12807596-n,perennial subshrub of Tenerife having leaves in rosettes resembling pinwheels,i104020,pinwheel|Aeonium haworthii,Q511569
12808124-n,Australian tree or shrub with red flowers; often used in Christmas decoration,i104023,Christmas bush|Christmas tree|Ceratopetalum gummiferum,Q2946376
12809247-n,deciduous climber with aerial roots having white to creamy flowers in fairly flat heads,i104027,climbing hydrangea|Hydrangea anomala,Q148137
12809814-n,deciduous shrub or small tree with pyramidal flower clusters,i104030,fall-blooming hydrangea|Hydrangea paniculata,Q158443
12809986-n,deciduous climber with aerial roots having large flat flower heads,i104031,climbing hydrangea|Hydrangea petiolaris,Q159332
12814254-n,rosette-forming perennial having compact panicles of white flowers; Europe,i104048,meadow saxifrage|fair-maids-of-France|Saxifraga granulata,Q133867
12814455-n,tufted or mat-forming perennial of mountains of Europe; cultivated for its white flowers,i104049,mossy saxifrage|Saxifraga hypnoides,Q5397333
12814646-n,saxifrage having loose clusters of white flowers on hairy stems growing from a cluster of basal leaves; moist slopes of western North America,i104050,western saxifrage|Saxifraga occidentalis,Q39924421
12815328-n,eastern Asiatic saxifrage with racemes of small red-and-white flowers; spreads by numerous creeping stolons,i104053,strawberry geranium|strawberry saxifrage|mother-of-thousands|Saxifraga stolonifera|Saxifraga sarmentosam,Q159002
12815969-n,North American astilbe with panicles of creamy white flowers,i104056,false goatsbeard|Astilbe biternata,Q15605463
12817785-n,aquatic herb with yellowish flowers; central and western United States,i104065,water carpet|water mat|Chrysosplenium americanum,Q15604950
12818128-n,rhizomatous perennial herb with large dramatic peltate leaves and white to bright pink flowers in round heads on leafless stems; colonizes stream banks in the Sierra Nevada in California,i104067,umbrella plant|Indian rhubarb|Darmera peltata|Peltiphyllum peltatum,Q1537045
12819392-n,plant with leathery heart-shaped leaf blades clustered at base of long stalks with greenish-white flowers clustered along the upper part; western North America,i104073,poker alumroot|poker heuchera|Heuchera cylindrica,Q17780590
12819670-n,perennial plant of the western United States having bright red flowers in feathery spikes; used as an ornamental,i104074,coralbells|Heuchera sanguinea,Q12332586
12820536-n,California perennial herb cultivated for its racemose white flowers with widely spreading petals; sometimes placed in genus Tellima,i104078,woodland star|Lithophragma affine|Lithophragma affinis|Tellima affinis,Q6648091
12822726-n,bog plant with broadly heart-shaped basal leaves and cream-colored or white saucer-shaped flowers with fringed petals; west of Rocky Mountains from Alaska to New Mexico,i104087,fringed grass of Parnassus|Parnassia fimbriata,Q7139267
12823986-n,plant growing in clumps with mostly basal leaves and cream-colored or pale pink fringed flowers in several long racemes; Alaska to coastal central California and east to Idaho,i104092,false alumroot|fringe cups|Tellima grandiflora,Q847750
12824514-n,stoloniferous white-flowered spring-blooming woodland plant,i104094,foamflower|coolwart|false miterwort|false mitrewort|Tiarella cordifolia,Q11891603
12824718-n,plant with tiny white flowers hanging in loose clusters on leafy stems; moist woods from Alaska to central California and east to Montana,i104095,false miterwort|false mitrewort|Tiarella unifoliata,Q110570693
12825112-n,vigorous perennial herb with flowers in erect racemes and having young plants develop at the junction of a leaf blade and the leafstalk,i104097,pickaback plant|piggyback plant|youth-on-age|Tolmiea menziesii,Q1422351
12826522-n,garden currant bearing small white berries,i104103,white currant|Ribes sativum,Q15441838
12828384-n,large tree of southeastern Europe to Asia Minor,i104112,oriental plane|Platanus orientalis,Q161105
12828533-n,tall tree of Baja California having deciduous bark and large alternate palmately lobed leaves and ball-shaped clusters of flowers,i104113,California sycamore|Platanus racemosa,Q164301
12828767-n,medium-sized tree of Arizona and adjacent regions having deeply lobed leaves and collective fruits in groups of 3 to 5,i104114,Arizona sycamore|Platanus wrightii,Q4115345
12830767-n,perennial erect herb with white flowers; circumboreal,i104122,northern Jacob's ladder|Polemonium boreale,Q1796649
12833238-n,widely cultivated southern European acanthus with whitish purple-veined flowers,i104134,bear's breech|bear's breeches|sea holly|Acanthus mollis,Q136648
12833561-n,tropical Old World shrub having purple or red tubular flowers and leaf markings resembling the profile of a human face,i104136,caricature plant|Graptophyllum pictum,Q2649413
12836428-n,tropical American evergreen that produces large round gourds,i104151,calabash|calabash tree|Crescentia cujete,Q214542
12837702-n,annual of western United States with coiled spikes of yellow-orange coiled flowers,i104157,common amsinckia|Amsinckia intermedia,Q21083612
12838615-n,anchusa of southern Africa having blue flowers with white throats,i104162,cape forget-me-not|Anchusa capensis,Q15574107
12838764-n,anchusa of southern Africa having blue to red-purple flowers,i104163,cape forget-me-not|Anchusa riparia,Q21244137
12839106-n,large tropical American tree of the genus Cordia grown for its abundant creamy white flowers and valuable wood,i104165,Spanish elm|salmwood|cypre|princewood|Cordia alliodora|Ecuador laurel,Q3303753
12839361-n,tropical American timber tree,i104166,princewood|Spanish elm|Cordia gerascanthus,Q15290191
12839901-n,biennial shrub of Europe and western Asia having coarse tongue-shaped leaves and dark reddish-purple flowers,i104169,hound's-tongue|Cynoglossum officinale,Q381584
12841429-n,European perennial branching plant; occurs in hedgerows and at the edge of woodlands,i104177,gromwell|Lithospermum officinale,Q515267
12841808-n,perennial North American plant with greyish hairy foliage yielding a red or yellow pigment,i104179,hoary puccoon|Indian paint|Lithospermum canescens,Q6648182
12842265-n,smooth erect herb of eastern North America having entire leaves and showy blue flowers that are pink in bud,i104181,Virginia bluebell|Virginia cowslip|Mertensia virginica,Q12901028
12842655-n,"small biennial to perennial herb of Europe, northern Africa and western Asia having blue, purple or white flowers",i104183,garden forget-me-not|Myosotis sylvatica,Q149464
12845049-n,twining plant of Asia Minor having cream-colored to purple flowers and long thick roots yielding a cathartic resin,i104195,scammony|Convolvulus scammonia,Q310388
12846481-n,leafless parasitic vine with dense clusters of small white bell-shaped flowers on orange-yellow stems that twine around clover or flax,i104203,love vine|Cuscuta gronovii,Q1547364
12846903-n,a creeping perennial herb with hairy stems and orbicular to reniform leaves and small white to greenish flowers; used as a grass substitute in warm regions,i104205,dichondra|Dichondra micrantha,Q17464870
12847828-n,annual or perennial climbing herb of Central America having sky-blue flowers; most commonly cultivated morning glory,i104209,common morning glory|Ipomoea tricolor,Q159698
12848297-n,pantropical climber having white fragrant nocturnal flowers,i104211,moonflower|belle de nuit|Ipomoea alba,Q133294
12849280-n,tropical American morning glory,i104216,scammony|Ipomoea orizabensis,Q15484739
12849737-n,hybrid from Ipomoea nil,i104219,imperial Japanese morning glory|Ipomoea imperialis,Q110703232
12851901-n,low-growing creeping perennial of Central America having deeply fringed white flowers; sometimes placed in genus Episcia,i104230,lace-flower vine|Alsobia dianthiflora|Episcia dianthiflora,Q17683027
12853298-n,herb of Colombia to Peru having pale purple flowers,i104237,Canterbury bell|Gloxinia perennis,Q5572270
12854286-n,South American herb cultivated in many varieties as a houseplant for its large handsome leaves and large variously colored bell-shaped flowers,i104243,florist's gloxinia|Sinningia speciosa|Gloxinia speciosa,Q163267
12855698-n,showy perennial herb with white flowers; leaves sometimes used as edible greens in southeastern United States,i104250,Virginia waterleaf|Shawnee salad|shawny|Indian salad|John's cabbage|Hydrophyllum virginianum,Q5955321
12856526-n,viscid evergreen shrub of western United States with white to deep lilac flowers; the sticky aromatic leaves are used in treating bronchial and pulmonary illnesses,i104254,yerba santa|Eriodictyon californicum,Q3056647
12857097-n,delicate California annual having blue flowers marked with dark spots,i104257,baby blue-eyes|Nemophila menziesii,Q4838435
12857268-n,California annual having white flowers with a deep purple blotch on each petal,i104258,five-spot|Nemophila maculata,Q10860459
12858019-n,desert plant of southern California with blue or violet tubular flowers in terminal racemes,i104262,California bluebell|whitlavia|Phacelia minor|Phacelia whitlavia,Q428718
12858563-n,straggling California annual herb with deep purple or violet flowers; sometimes placed in genus Nemophila,i104265,fiesta flower|Pholistoma auritum|Nemophila aurita,Q7187098
12860334-n,fragrant European mint having clusters of small violet-and-white flowers; naturalized especially in eastern North America,i104269,basil thyme|basil balm|mother of thyme|Acinos arvensis|Satureja acinos,Q157947
12860928-n,erect perennial with stout stems and yellow-green flowers; southern Canada and southeastern United States,i104272,yellow giant hyssop|Agastache nepetoides,Q15339634
12861262-n,erect perennial of Mexico having rose to crimson flowers,i104274,Mexican hyssop|Agastache mexicana,Q1897366
12861767-n,low rhizomatous European carpeting plant having spikes of blue flowers; naturalized in parts of United States,i104277,creeping bugle|Ajuga reptans,Q157249
12862114-n,European evergreen carpeting perennial,i104279,pyramid bugle|Ajuga pyramidalis,Q159714
12862632-n,ill-smelling European herb with rugose leaves and whorls of dark purple flowers,i104282,black horehound|black archangel|fetid horehound|stinking horehound|Ballota nigra,Q157878
12863279-n,"a variety of wood mint with flowers light blue, pale purple or white with purple spots (Blephilia hirsuta)",i104285,hairy wood mint|Blephilia hirsuta,Q4926162
12864076-n,"aromatic herb with large pink flowers; native to southern and southeastern Europe, Anatolia, northern Iran",i104290,large-flowered calamint|Calamintha grandiflora|Clinopodium grandiflorum|Satureja grandiflora,Q2629469
12864317-n,low-growing strongly aromatic perennial herb of southern Europe to Great Britain; naturalized in United States,i104291,lesser calamint|field balm|Calamintha nepeta|Calamintha nepeta glantulosa|Satureja nepeta|Satureja calamintha glandulosa,Q164271
12864730-n,"aromatic herb having heads of small pink or whitish flowers; widely distributed in United States, Europe and Asia",i104293,wild basil|cushion calamint|Clinopodium vulgare|Satureja vulgaris,Q163952
12866173-n,perennial aromatic herb of southeastern Asia having large usually bright-colored or blotched leaves and spikes of blue-violet flowers; sometimes placed in genus Solenostemon,i104299,painted nettle|Joseph's coat|Coleus blumei|Solenostemon blumei|Solenostemon scutellarioides,Q50838949
12866668-n,small shrub of Apalachicola River area in southeastern United States having highly aromatic pinkish flowers; a threatened species,i104301,Apalachicola rosemary|Conradina glabra,Q5162656
12867768-n,coarse bristly Eurasian plant with white or reddish flowers and foliage resembling that of a nettle; common as a weed in United States,i104307,hemp nettle|dead nettle|Galeopsis tetrahit,Q157684
12869259-n,a European mint with aromatic and pungent leaves used in perfumery and as a seasoning in cookery; often cultivated as a remedy for bruises; yields hyssop oil,i104314,hyssop|Hyssopus officinalis,Q137931
12870039-n,European dead nettle with white flowers,i104318,white dead nettle|Lamium album,Q157626
12870928-n,shrubby greyish lavender of southwestern Europe having usually reddish-purple flowers,i104323,French lavender|Lavandula stoechas,Q1342976
12871854-n,pantropical herb having whorls of striking lipped flowers; naturalized in United States,i104328,lion's-ear|Leonotis nepetaefolia|Leonotis nepetifolia,Q104996230
12872620-n,California plant with woolly stems and leaves and large white flowers,i104332,pitcher sage|Lepechinia calycina|Sphacele calycina,Q6527334
12874466-n,dwarf aromatic shrub of Crete,i104342,dittany of crete|cretan dittany|crete dittany|hop marjoram|winter sweet|Origanum dictamnus,Q1227336
12874953-n,European aromatic herb with hairy leaves and numerous white flowers in axillary cymes; leaves yield a bitter extract use medicinally and as flavoring,i104345,common horehound|white horehound|Marrubium vulgare,Q157631
12876125-n,European mint naturalized in United States,i104350,corn mint|field mint|Mentha arvensis,Q160585
12876254-n,a European mint that thrives in wet places; has a perfume like that of the bergamot orange; naturalized in eastern North America,i104351,water-mint|water mint|Mentha aquatica,Q161232
12876851-n,herb with downy leaves and small purple or white flowers that yields a pungent oil used as a flavoring,i104354,peppermint|Mentha piperita,Q102165594
12877964-n,trailing perennial evergreen herb of northwestern United States with small white flowers; used medicinally,i104360,yerba buena|Micromeria chamissonis|Micromeria douglasii|Satureja douglasii,Q110069657
12878216-n,dwarf aromatic shrub of Mediterranean regions,i104361,savory|Micromeria juliana,Q15342450
12879378-n,tall erect perennial or annual having lanceolate leaves and heads of purple-spotted creamy flowers; many subspecies grown from eastern to southwestern United States and in Mexico,i104367,horsemint|Monarda punctata,Q1760733
12880032-n,perennial herb of North America (New York to Illinois and mountains of Alaska) having aromatic leaves and clusters of yellowish-pink balls,i104371,basil balm|Monarda clinopodia,Q15342522
12882301-n,a spreading subshrub of Mediterranean regions cultivated for dense axillary whorls of purple or yellow flowers,i104383,Jerusalem sage|Phlomis fruticosa,Q1322796
12884579-n,perennial herb of the eastern United States having inconspicuous greenish flowers and narrow leaves that are very aromatic when bruised,i104395,basil mint|Pycnanthemum virginianum,Q7262902
12884920-n,widely cultivated for its fragrant grey-green leaves used in cooking and in perfumery,i104397,rosemary|Rosmarinus officinalis,Q122679
12887093-n,California erect and sparsely branched perennial,i104409,pitcher sage|Salvia spathacea,Q7406901
12887219-n,an herb from Oaxaca that has a powerful hallucinogenic effect; the active ingredient is salvinorin,i104410,Mexican mint|Salvia divinorum,Q320584
12887944-n,erect annual herb with oval leaves and pink flowers; used to flavor e.g. meats or soups or salads; southeastern Europe and naturalized elsewhere,i104414,summer savory|Satureja hortensis|Satureia hortensis,Q157283
12888209-n,erect perennial subshrub having pink or white flowers and leathery leaves with a flavor of thyme; southern Europe,i104415,winter savory|Satureja montana|Satureia montana,Q160186
12890428-n,subshrub with serrate leaves and cream-colored to pink or purple flowers in spikelike racemes; North America,i104426,American germander|wood sage|Teucrium canadense,Q15370692
12890808-n,Mediterranean germander having small hairy leaves and reddish purple flowers; attractive to cats,i104428,cat thyme|marum|Teucrium marum,Q2701046
12891442-n,common aromatic garden perennial native to the western Mediterranean; used in seasonings and formerly as medicine,i104432,common thyme|Thymus vulgaris,Q148668
12891651-n,aromatic dwarf shrub common on banks and hillsides in Europe; naturalized in United States,i104433,wild thyme|creeping thyme|Thymus serpyllum,Q147251
12892456-n,aromatic plant of western United States,i104437,turpentine camphor weed|camphorweed|vinegarweed|Trichostema lanceolatum,Q7841022
12896029-n,annual of southern United States to Mexico having large whitish or yellowish flowers mottled with purple and a long curving beak,i104454,common unicorn plant|devil's claw|common devil's claw|elephant-tusk|proboscis flower|ram's horn|Proboscidea louisianica,Q2111569
12896457-n,alternatively placed in genus Martynia,i104456,sand devil's claw|Proboscidea arenaria|Martynia arenaria,Q112115808
12896621-n,a herbaceous plant of the genus Proboscidea,i104457,sweet unicorn plant|Proboscidea fragrans|Martynia fragrans,Q65946234
12899085-n,small pale plant with dense spikes of pale bluish-violet flowers; of high cold meadows from Wyoming and Utah to New Mexico,i104468,Alpine besseya|Besseya alpina,Q15349558
12899544-n,multi-stemmed North American annual having solitary axillary dark golden-yellow flowers resembling those of the foxglove; sometimes placed in genus Gerardia,i104470,false foxglove|Aureolaria pedicularia|Gerardia pedicularia,Q15347219
12899828-n,sparsely branched North American perennial with terminal racemes of bright yellow flowers resembling those of the foxglove; sometimes placed in genus Gerardia,i104471,false foxglove|Aureolaria virginica|Gerardia virginica,Q15344264
12901559-n,plant of moist highland meadows having ragged clusters of pale yellow flowers,i104479,sulfur paintbrush|Castilleja sulphurea,Q15348639
12902391-n,white and lavender to pale-blue flowers grow in perfect rings of widely spaced bands around the stems forming a kind of pagoda; California,i104483,purple chinese houses|innocense|Collinsia bicolor|Collinsia heterophylla,Q5147432
12902918-n,eastern United States plant with whorls of blue-and-white flowers,i104485,blue-eyed Mary|Collinsia verna,Q5147442
12904860-n,North American plant having racemes of blue-violet flowers,i104495,blue toadflax|old-field toadflax|Linaria canadensis,Q50844254
12905020-n,common European perennial having showy yellow and orange flowers; a naturalized weed in North America,i104496,toadflax|butter-and-eggs|wild snapdragon|devil's flax|Linaria vulgaris,Q157078
12906025-n,plant with bright red tubular flowers in long narrow clusters near tips of erect stems; coastal ranges from central California southward,i104499,scarlet bugler|Penstemon centranthifolius,Q7164841
12906514-n,erect plant with blue-violet flowers in rings near tips of stems; Idaho to Utah and Wyoming,i104501,Platte River penstemon|Penstemon cyananthus,Q17739470
12906716-n,mat-forming plant with blue and lavender flowers clustered on short erect stems; British Columbia to northern California,i104502,Davidson's penstemon|Penstemon davidsonii,Q17514283
12907162-n,low plant with light blue and violet flowers in short clusters near tips of stems; Nevada to Utah,i104504,Jones' penstemon|Penstemon dolius,Q3374845
12907360-n,low bushy plant with large showy pale lavender or blue-violet flowers in narrow clusters at ends of stems,i104505,shrubby penstemon|lowbush penstemon|Penstemon fruticosus,Q15352492
12907825-n,mat-forming plant with deep pink flowers on short erect leafy stems; rocky places at high elevations from Oregon to California,i104507,mountain pride|Penstemon newberryi,Q7164872
12908053-n,fragrant puffed-up white to reddish-pink flowers in long narrow clusters on erect stems; Arizona to New Mexico and Utah,i104508,balloon flower|scented penstemon|Penstemon palmeri,Q2716749
12908292-n,erect stems with pinkish-lavender flowers in long interrupted clusters; Arizona,i104509,Parry's penstemon|Penstemon parryi,Q7164874
12908776-n,plant with whorls of small dark blue-violet flowers; Washington to Wyoming and south to California and Colorado,i104511,Rydberg's penstemon|Penstemon rydbergii,Q17739134
12908994-n,whorls of deep blue to dark purple flowers at tips of erect leafy stems; moist places from British Columbia to Oregon,i104512,cascade penstemon|Penstemon serrulatus,Q17514290
12909217-n,wine and lavender to purple and black flowers in several clusters on the upper half of leafy stems; Montana south through the Rocky Mountains to Arizona and New Mexico,i104513,Whipple's penstemon|Penstemon whippleanus,Q17741157
12909979-n,European mullein with smooth leaves and large yellow or purplish flowers; naturalized as a weed in North America,i104516,moth mullein|Verbascum blattaria,Q159450
12910172-n,densely hairy Eurasian herb with racemose white flowers; naturalized in North America,i104517,white mullein|Verbascum lychnitis,Q158889
12910339-n,Eurasian mullein with showy purple or pink flowers,i104518,purple mullein|Verbascum phoeniceum,Q159104
12911250-n,European plant with minute axillary blue flowers on long stalks; widely naturalized in America,i104522,field speedwell|Veronica agrestis,Q159120
12911688-n,erect or procumbent blue-flowered annual found in waste places of Europe and America,i104524,corn speedwell|Veronica arvensis,Q157903
12912065-n,Old World plant with axillary racemes of blue-and-white flowers,i104526,germander speedwell|bird's eye|Veronica chamaedrys,Q157343
12912229-n,plant of wet places in Eurasia and America,i104527,water speedwell|Veronica michauxii|Veronica anagallis-aquatica,Q15373683
12912773-n,perennial decumbent herb having small opposite leaves and racemes of blue flowers; throughout Eurasia and the New World,i104530,thyme-leaved speedwell|Veronica serpyllifolia,Q159724
12914753-n,coarse prickly weed having pale yellow flowers and yellow berrylike fruit; common throughout southern and eastern United States,i104535,horse nettle|ball nettle|bull nettle|ball nightshade|Solanum carolinense,Q1044376
12915007-n,hardy climbing shrub of Chile grown as an ornamental for its fragrant flowers; not a true potato,i104536,potato tree|Solanum crispum,Q145597
12915198-n,South American potato vine,i104537,Uruguay potato|Uruguay potato vine|Solanum commersonii,Q3489179
12915690-n,weedy nightshade with silvery foliage and violet or blue or white flowers; roundish berry widely used to curdle milk; central United States to South America,i104539,trompillo|white horse nettle|prairie berry|purple nightshade|silverleaf nightshade|silver-leaved nightshade|silver-leaved nettle|Solanum elaeagnifolium,Q2716800
12916058-n,"woolly-stemmed biennial arborescent shrub of tropical Africa and southern Asia having silvery-white prickly branches, clusters of blue or white flowers, and bright red berries resembling holly berries",i104540,African holly|Solanum giganteum,Q15535391
12917622-n,small South American shrub cultivated as a houseplant for its abundant ornamental but poisonous red or yellow cherry-sized fruit,i104546,Jerusalem cherry|winter cherry|Madeira winter cherry|Solanum pseudocapsicum,Q1475749
12918548-n,vine of Costa Rica sparsely armed with hooklike spines and having large lilac-blue flowers,i104550,potato vine|giant potato creeper|Solanum wendlandii,Q1764686
12918759-n,South American shrub or small tree widely cultivated in the tropics; not a true potato,i104551,potato tree|Brazilian potato tree|Solanum wrightii|Solanum macranthum,Q3489192
12919926-n,West Indian shrub with fragrant showy yellowish-white flowers,i104557,lady-of-the-night|Brunfelsia americana,Q992604
12920297-n,a South American plant that is cultivated for its large fragrant trumpet-shaped flowers,i104559,angel's trumpet|maikoa|Brugmansia arborea|Datura arborea,Q134360
12920512-n,South American plant cultivated for its very large nocturnally fragrant trumpet-shaped flowers,i104560,angel's trumpet|Brugmansia suaveolens|Datura suaveolens,Q3314772
12922484-n,plant bearing very small and very hot oblong red fruits; includes wild forms native to tropical America; thought to be ancestral to the sweet pepper and many hot peppers,i104568,bird pepper|Capsicum frutescens baccatum|Capsicum baccatum,Q132263
12922781-n,plant bearing very hot medium-sized oblong red peppers; grown principally in the Gulf Coast states for production of hot sauce,i104569,tabasco pepper|hot pepper|tabasco plant|Capsicum frutescens,Q311426
12923226-n,West Indian evergreen shrub having clusters of funnel-shaped white flowers that are fragrant by day,i104571,day jessamine|Cestrum diurnum,Q1057574
12924263-n,"intensely poisonous tall coarse annual tropical weed having rank-smelling foliage, large white or violet trumpet-shaped flowers and prickly fruits",i104577,jimsonweed|jimson weed|Jamestown weed|common thorn apple|apple of Peru|Datura stramonium,Q30959
12925322-n,poisonous herb whose leaves are a source of hyoscyamine,i104582,Egyptian henbane|Hyoscyamus muticus,Q254080
12925895-n,deciduous erect or spreading shrub with spiny branches and violet-purple flowers followed by orange-red berries; southeastern Europe to China,i104585,common matrimony vine|Duke of Argyll's tea tree|Lycium barbarum|Lycium halimifolium,Q50844764
12926172-n,spiny evergreen shrub of southeastern United States having spreading branches usually blue or mauve flowers and red berries,i104586,Christmasberry|Christmas berry|Lycium carolinianum,Q1878512
12926577-n,native to South America; widely cultivated in many varieties,i104588,tomato|love apple|tomato plant|Lycopersicon esculentum,Q15530945
12928990-n,evergreen South American shrub naturalized in United States; occasionally responsible for poisoning livestock,i104601,tree tobacco|mustard tree|Nicotiana glauca,Q882908
12929828-n,shrubby Chilean herb having bluish-white tubular flowers used as an ornamental,i104605,tall cupflower|Nierembergia frutescens,Q17400389
12931635-n,Old World perennial cultivated for its ornamental inflated papery orange-red calyx,i104614,Chinese lantern plant|winter cherry|bladder cherry|Physalis alkekengi,Q161780
12933034-n,weedy vine of Argentina having solitary white flowers followed by egg-shaped white or yellow fruit,i104621,cock's eggs|Salpichroa organifolia|Salpichroa rhomboidea,Q50864821
12934284-n,herb that is a source of scopolamine,i104628,Scopolia carniolica,Q1786332
12934551-n,Mexican evergreen climbing plant having large solitary funnel-shaped fragrant yellow flowers with purple-brown ridges in the throat,i104630,chalice vine|trumpet flower|cupflower|Solandra guttata,Q15539874
12936328-n,a mangrove of the West Indies and the southern Florida coast; occurs in dense thickets and has numerous short roots that bend up from the ground,i104639,black mangrove|Avicennia marina,Q312094
12936571-n,a small to medium-sized tree growing in brackish water especially along the shores of the southwestern Pacific,i104640,white mangrove|Avicennia officinalis,Q150558
12936939-n,an Australian tree resembling the black mangrove of the West Indies and Florida,i104642,black mangrove|Aegiceras majus,Q65930392
12939369-n,not unattractive European weed whose flowers turn toward the sun,i104650,sun spurge|wartweed|wartwort|devil's milk|Euphorbia helioscopia,Q148889
12939570-n,an Old World spurge introduced as a weed in the eastern United States,i104651,petty spurge|devil's milk|Euphorbia peplus,Q148924
12939751-n,African dwarf succulent perennial shrub with numerous slender drooping branches,i104652,medusa's head|Euphorbia medusae|Euphorbia caput-medusae,Q8846349
12941886-n,wax-coated shrub of northern Mexico and southwestern United States,i104662,candelilla|Euphorbia antisyphilitica,Q143244
12942075-n,European erect or depressed annual weedy spurge adventive in northeastern United States,i104663,dwarf spurge|Euphorbia exigua,Q149723
12943218-n,weedy herb of eastern North America,i104669,three-seeded mercury|Acalypha virginica,Q2822480
12943523-n,tropical Asiatic shrub; source of croton oil,i104671,croton|Croton tiglium,Q2089847
12943868-n,West Indian shrub with aromatic bark,i104673,cascarilla|Croton eluteria,Q135671
12944796-n,"Eurafrican annual naturalized in America as a weed; formerly dried for use as a purgative, diuretic or antisyphilitic",i104678,herb mercury|herbs mercury|boys-and-girls|Mercurialis annua,Q163949
12945044-n,European perennial weedy plant with greenish flowers,i104679,dog's mercury|dog mercury|Mercurialis perennis,Q158132
12947954-n,South American plant with roots used as a vegetable and herbage used for stock feed,i104692,sweet cassava|Manihot dulcis,Q87632945
12949067-n,wax-coated Mexican shrub related to Euphorbia antisyphilitica,i104698,candelilla|Pedilanthus bracteatus|Pedilanthus pavonis,Q50859233
12949251-n,low tropical American shrub having powerful emetic properties,i104699,Jewbush|Jew-bush|Jew bush|redbird cactus|redbird flower|Pedilanthus tithymaloides,Q24852279
12950360-n,greenhouse shrub with glossy green leaves and showy fragrant rose-like flowers; cultivated in many varieties,i104705,japonica|Camellia japonica,Q160121
12953125-n,European herb with compound leaves and white flowers; adventive on Cape Breton Island,i104717,wild angelica|Angelica sylvestris,Q958823
12954934-n,European herb with aromatic roots and leaves in a basal tuft and showy compound umbels of white to rosy flowers,i104727,greater masterwort|Astrantia major,Q158066
12956915-n,a common European plant having edible tubers with the flavor of roasted chestnuts,i104737,earthnut|Conopodium denudatum,Q17136675
12958953-n,European evergreen eryngo with twisted spiny leaves naturalized on United States east coast; roots formerly used as an aphrodisiac,i104748,sea holly|sea holm|sea eryngium|Eryngium maritimum,Q21110
12959205-n,coarse prickly perennial eryngo with aromatic roots; southeastern United States; often confused with rattlesnake master,i104749,button snakeroot|Eryngium aquaticum,Q5396287
12960239-n,grown especially for its edible aromatic bulbous stem base,i104754,Florence fennel|Foeniculum dulce|Foeniculum vulgare dulce,Q17132698
12960634-n,tall coarse plant having thick stems and cluster of white to purple flowers,i104756,cow parsnip|hogweed|Heracleum sphondylium,Q752675
12961699-n,"European poisonous herb having tuberous roots, yellow juice that stains the skin, yellow flowers and foliage resembling celery; all parts extremely poisonous",i104762,water dropwort|hemlock water dropwort|Oenanthe crocata,Q1818309
12961980-n,European poisonous herb with fibrous roots,i104763,water fennel|Oenanthe aquatica,Q1549096
12968073-n,deciduous tree; celebrated for its large white or pink bracts and stunning autumn color that is followed by red berries,i104795,common white dogwood|eastern flowering dogwood|Cornus florida,Q887221
12969255-n,deciduous European shrub or small tree having bright red fruit,i104801,cornelian cherry|Cornus mas,Q158642
12969920-n,South American shrub or small tree having long shining evergreen leaves and panicles of green or yellow flowers,i104805,puka|Griselinia lucida,Q15536178
12971556-n,widely cultivated as a salad crop and pot herb; often a weed,i104814,common corn salad|lamb's lettuce|Valerianella olitoria|Valerianella locusta,Q22111834
12975113-n,New Zealand with pinnate fronds and a densely woolly stalks; sometimes included in genus Todea,i104833,crape fern|Prince-of-Wales fern|Prince-of-Wales feather|Prince-of-Wales plume|Leptopteris superba|Todea superba,Q16984393
12975559-n,fern of rain forests of tropical Australia and New Zealand and South Africa,i104835,crepe fern|king fern|Todea barbara,Q2206381
12976174-n,rare small fern of northeastern North America having numerous slender spiraling fronds and forming dense tufts,i104838,curly grass|curly grass fern|Schizaea pusilla,Q16749685
12976600-n,fern of Florida and West Indies and Central America with rhizome densely clad in grown hairs,i104840,pine fern|Anemia adiantifolia,Q17043127
12977127-n,delicate fern of the eastern United States having a twining stem and palmately-lobed sterile fronds and forked fertile fronds,i104843,creeping fern|Hartford fern|Lygodium palmatum,Q6707803
12977682-n,sweetly scented African fern with narrow bipinnate fronds,i104846,scented fern|Mohria caffrorum,Q17256610
12978684-n,water fern of Europe and Asia and the eastern United States distinguished by four leaflets resembling clover leaves,i104852,water clover|Marsilea quadrifolia,Q1332525
12981312-n,epiphytic fern with straplike usually twisted fronds of tropical Asia and Polynesia and America,i104867,ribbon fern|Ophioglossum pendulum,Q17120363
12982002-n,of North America and Eurasia,i104871,daisyleaf grape fern|daisy-leaved grape fern|Botrychium matricariifolium,Q2247460
12982296-n,American fern whose clustered sporangia resemble a snake's rattle,i104873,rattlesnake fern|Botrychium virginianum,Q17258002
12982639-n,Australasian fern with clusters of sporangia on stems of fertile fronds,i104875,flowering fern|Helminthostachys zeylanica,Q3235483
12990185-n,an earthball fungus that is a dingy brownish yellow and a dark purplish interior; the peridium is covered with a pattern of small warts,i104918,Scleroderma citrinum|Scleroderma aurantium,Q104096695
12992564-n,a large whitish Rhizopogon that becomes greyish brown in maturity,i104930,Rhizopogon idahoensis,Q108322658
12992896-n,a fungus with a round yellow to orange fruiting body that is found on the surface of the ground or partially buried; has a distinctive sterile column extending into the spore-bearing tissue,i104932,Truncocolumella citrina,Q10705333
12994697-n,a mold of the genus Rhizopus,i104941,bread mold|Rhizopus nigricans,Q7320783
12994822-n,fungus causing soft watery rot in fruits and vegetables and rings of dry rot around roots of sweet potatoes,i104942,leak fungus|ring rot fungus|Rhizopus stolonifer,Q1500736
13000589-n,a fungus that attacks living fish and tadpoles and spawn causing white fungus disease: a coating of white hyphae on especially peripheral parts (as fins),i104970,white fungus|Saprolegnia ferax,Q49439977
13002061-n,fungus causing a downy mildew on onions,i104977,onion mildew|Peronospora destructor,Q3900048
13002203-n,fungus causing a downy mildew on growing tobacco,i104978,tobacco mildew|Peronospora hyoscyami,Q107460144
13003675-n,causes brown rot gummosis in citrus fruits,i104987,Phytophthora citrophthora,Q3901761
13010698-n,greenish grey pendulous lichen growing on trees,i105028,beard lichen|beard moss|Usnea barbata,Q3552691
13012937-n,lichen with branched flattened partly erect thallus that grows in mountainous and Arctic regions; used as a medicine or food for humans and livestock; a source of glycerol,i105040,Iceland moss|Iceland lichen|Cetraria islandica,Q582664
13022690-n,edible east Asian mushroom having a golden or dark brown to blackish cap and an inedible stipe,i105068,shiitake|shiitake mushroom|Chinese black mushroom|golden oak mushroom|Oriental black mushroom|Lentinus edodes,Q105057495
13022969-n,a fungus with a scaly cap and white flesh and a ring on the stalk (with scales below the ring); odor reminiscent of licorice,i105069,scaly lentinus|Lentinus lepideus,Q105057518
13023685-n,agaric often confused with the death cup,i105072,false deathcap|Amanita mappa,Q105049199
13025586-n,an edible agaric with a brown fruiting body that is often compound,i105083,pig's ears|Cantharellus clavatus,Q107546750
13026089-n,a large poisonous agaric with orange caps and narrow clustered stalks; the gills are luminescent,i105086,jack-o-lantern fungus|jack-o-lantern|jack-a-lantern|Omphalotus illudens,Q7090729
13026744-n,having a cap that melts into an inky fluid after spores have matured,i105089,inky cap|inky-cap mushroom|Coprinus atramentarius,Q62921457
13027654-n,mushroom that grows in a fairy ring,i105094,fairy-ring mushroom|Marasmius oreades,Q752492
13028177-n,edible agaric with a soft greyish cap growing in shelving masses on dead wood,i105097,oyster mushroom|oyster fungus|oyster agaric|Pleurotus ostreatus,Q186451
13028917-n,a fungus with a smooth orange cap and yellow gills and pale yellow stalk,i105100,Pholiota astragalina,Q10658810
13029075-n,a beautiful yellow gilled fungus found from Alaska south along the coast,i105101,Pholiota aurea|golden pholiota,Q108181442
13029245-n,a large fungus with whitish scales on the cap and remnants of the veil hanging from the cap; the stalk is thick and hard,i105102,Pholiota destruens,Q108182176
13029599-n,a fungus that grows in clusters on the ground; cap is brownish orange with a surface that is smooth and slightly sticky; whitish gills and a cylindrical brown stalk,i105104,Pholiota flavida,Q10628047
13030416-n,a pale buff fungus with tawny scales,i105108,Pholiota squarrosoides,Q10549618
13031711-n,a gilled fungus with a large slimy purple or olive cap; gills become purple with age; the stalk is long and richly decorated with pieces of the white sheath that extends up to a ring,i105114,Stropharia hornemannii,Q334957
13031981-n,a large gilled fungus with a broad cap and a long stalk; the cap is dark brown; the white gills turn dark purplish brown with age; edible and choice,i105115,Stropharia rugoso-annulata,Q84822961
13033013-n,a deadly poisonous agaric; a large cap that is first white (livid or lead-colored) and then turns yellowish or tan,i105121,Entoloma lividum|Entoloma sinuatum,Q1424216
13033229-n,an agaric with a dark brown conical cap; fruits in early spring,i105122,Entoloma aprile,Q10575514
13034524-n,edible long-stalked mushroom with white flesh and gills and spores; found in open woodlands in autumn,i105128,parasol mushroom|Lepiota procera,Q100459857
13034857-n,an agaric with greyish white fruiting body and gills that change from pink to dingy red,i105130,Lepiota naucina,Q105057768
13035025-n,an agaric with a large cap with brown scales and a thick stalk,i105131,Lepiota rhacodes,Q105057780
13035169-n,an agaric with a pallid cap and a stalk that is enlarged near the base,i105132,American parasol|Lepiota americana,Q107975442
13035501-n,an agaric with a ragged stalk and a soft floccose cap,i105134,Lepiota clypeolaria,Q300967
13035639-n,a white agaric that tends to cluster and has a club-shaped base,i105135,onion stem|Lepiota cepaestipes,Q105057662
13036448-n,fungus causing bottom rot in lettuce,i105139,bottom rot fungus|Corticium solani,Q107596533
13036836-n,fungus causing a disease in potatoes characterized by black scurfy spots on the tubers,i105141,potato fungus|Pellicularia filamentosa|Rhizoctinia solani,Q105060226
13037862-n,edible agaric that is pale lilac when young; has a smooth moist cap,i105145,blewits|Clitocybe nuda,Q105050987
13038000-n,an edible agaric that fruits in great clusters (especially in sandy soil under cottonwood trees),i105146,sandy mushroom|Tricholoma populinum,Q9284015
13038549-n,an edible agaric with yellow gills and a viscid yellow cap that has a brownish center,i105149,man-on-a-horse|Tricholoma flavovirens,Q54357581
13038848-n,a poisonous agaric having a pale cap with fine grey fibrils,i105151,Tricholoma pardinum,Q1928462
13038992-n,an agaric with a cap that is densely covered with reddish fibrils and pale gills and stalk,i105152,Tricholoma vaccinum,Q3506262
13039666-n,a parasite on various trees,i105156,Volvaria bombycina,Q105068900
13040256-n,an agaric with a brilliant scarlet cap and a slender stalk,i105159,Pluteus aurantiorugosus,Q4365937
13040403-n,an edible agaric found in piles of hardwood sawdust; the caps are black and coarsely wrinkled,i105160,Pluteus magnus|sawdust mushroom,Q96358654
13040595-n,a small edible agaric with a slender stalk; usually found on rotting hardwoods,i105161,deer mushroom|Pluteus cervinus,Q790598
13040951-n,small tropical and subtropical edible mushroom having a white cap and long stem; an expensive delicacy in China and other Asian countries where it is grown commercially,i105163,straw mushroom|Chinese mushroom|Volvariella volvacea,Q641656
13041241-n,a mushroom with a dry yellowish to white fibrillose cap,i105164,Volvariella bombycina,Q1654979
13042092-n,a fungus with a cap that is creamy grey when young and turns brown with age and a whitish stalk that stains yellow when handled,i105168,Clitocybe inornata,Q10659009
13042449-n,an edible agaric with large silky white caps and thick stalks,i105170,Clitocybe irina|Tricholoma irinum|Lepista irina,Q107573793
13042970-n,an edible agaric that is available in early spring or late fall when few other mushrooms are; has a viscid smooth orange to brown cap and a velvety stalk that turns black in maturity and pallid gills; often occur in clusters,i105173,winter mushroom|Flammulina velutipes,Q372893
13048317-n,a mold causing aspergillosis in birds and man,i105198,Aspergillus fumigatus,Q134359
13048639-n,fungus causing brown root rot in plants of the pea and potato and cucumber families,i105200,brown root rot fungus|Thielavia basicola,Q10696724
13049882-n,a discomycete that is 3-8 cm high with an orange to yellow fertile portion and white or pinkish stalks often half in and half out of the water,i105205,Mitrula elegans,Q49550443
13050086-n,a discomycete that is a harbinger of spring; the fruiting body is thin and tough and saucer-shaped (about the size of quarter to a half dollar) with a deep bright red upper surface and a whitish exterior,i105206,Sarcoscypha coccinea|scarlet cup,Q937345
13050370-n,an early spring variety of discomycete with yellow to orange yellow lining of the cup,i105207,Caloscypha fulgens,Q3915690
13050520-n,a discomycete with bright orange cup-shaped or saucer-shaped fruiting bodies and pale orange exteriors,i105208,Aleuria aurantia|orange peel fungus,Q1251715
13051612-n,a scarlet European fungus with cup-shaped ascocarp,i105214,blood cup|fairy cup|Peziza coccinea,Q115669659
13052234-n,the fruiting bodies of this discomycete have a firm texture and long retain their cup shape; the pale brown interior blends with the color of dead leaves,i105218,Jafnea semitosta,Q107823751
13054156-n,a morel with a fertile portion that has a relatively smooth surface; the stalk is fragile,i105226,Verpa conica|conic Verpa,Q1417061
13054639-n,a delicious morel with a conic fertile portion having deep and irregular pits,i105228,Morchella crassipes|thick-footed morel,Q3323803
13055315-n,a fungus composed of several apothecia that look like elongated rabbit ears; the sterile surface is dark brown and warty; the fertile surface is smooth and pinkish orange,i105232,Wynnea americana,Q8040214
13055548-n,a fungus with a long solid stalk embedded in soil and a yellow-brown head shaped like a cauliflower,i105233,Wynnea sparassoides,Q108478445
13056876-n,a helvella with a cup-shaped fertile body having a brown interior; the stalk is creamy white and heavily ribbed,i105240,Helvella acetabulum,Q3388167
13058345-n,a gyromitra with a brown puffed up fertile part and a thick fluted stalk; found under conifers in California,i105247,Gyromitra californica|California false morel,Q65048944
13058565-n,a gyromitra with a brown puffed up fertile part and a rosy pink fluted stalk and smooth round spores; found on hardwood slash east of the Great Plains,i105248,Gyromitra sphaerospora|round-spored gyromitra,Q10546447
13059136-n,a poisonous fungus; saddle-shaped and dull yellow to brown fertile part is relatively even,i105250,Gyromitra infula|saddled-shaped false morel,Q3495445
13061556-n,this stinkhorn has a cap with a granulose surface at the apex and smells like decaying flesh,i105260,Phallus ravenelii,Q7180345
13062072-n,a stinkhorn having a stalk without a cap; the slimy gleba is simply plastered on its surface near the apex where winged insects can find it,i105263,dog stinkhorn|Mutinus caninus,Q1500672
13062703-n,a gasteromycete with a leathery stalk and a fruiting body that is globose and has a pale yellow spore case,i105266,Calostoma lutescens,Q4239132
13063076-n,a gasteromycete with a leathery stalk and a fruiting body with a thin gelatinous spore case and elliptical spores,i105268,Calostoma ravenelii,Q4239130
13065970-n,an earthstar with a bluish spore sac and a purplish brown gleba; at maturity the outer layer splits into rays that bend backward and elevate the spore sac,i105282,Geastrum coronatum,Q5223629
13066354-n,a fungus similar to an earthstar except that it does not open up; the spore mass is brown at maturity with a column of sterile tissue extending up into it,i105284,Radiigera fuscogleba,Q10648361
13068622-n,a species of Gastrocybe fungus that has a conic cap and a thin stalk; at first the stalk is upright but as it matures the stalk bends over and then downward; the cap then gelatinizes and a slimy mass containing the spores falls to the ground as the stalk collapses,i105296,Gastrocybe lateritia,Q62749601
13069865-n,a fungus with a cap that can vary from red to dark brown; superficially resembles a bolete,i105301,Gastroboletus turbinatus,Q10503311
13071465-n,a rare fungus having a large (up to 14 inches wide) yellow fruiting body with multiple individual caps and a broad central stalk and a fragrant odor,i105307,Albatrellus dispansus,Q103817214
13071700-n,a fungus with a whitish often circular cap and a white pore surface and small pores and a white central stalk; found under conifers; edible but not popular,i105308,Albatrellus ovinus|sheep polypore,Q331465
13072106-n,a gilled polypore with a large cap (up to 15 inches in diameter) and a broad stalk; edible when young and tender,i105310,Neolentinus ponderosus,Q10597380
13072454-n,a woody pore fungus with a dark brown to red brown cap and spore surface and small pores,i105312,Nigroporus vinosus,Q10600684
13072774-n,a pore fungus with a whitish cottony soft cap found on conifer logs in forests at high elevation in the western United States and adjacent Canada,i105314,Oligoporus leucospongia,Q108117910
13073008-n,a fungus with a whitish kidney-shaped cap and elongated pores; causes white rot in dead hardwoods,i105315,Polyporus tenuiculus,Q15224043
13073430-n,large greyish-brown edible fungus forming a mass of overlapping caps that somewhat resembles a hen at the base of trees,i105317,hen-of-the-woods|hen of the woods|Polyporus frondosus|Grifola frondosa,Q105065411
13074833-n,fungus used in the preparation of punk for fuses,i105323,agaric|Fomes igniarius,Q24956240
13076895-n,a fungus that is edible when young and fresh; has a dark brown convex cap with a yellow to greenish under surface and reddish stalk,i105331,Boletus mirabilis,Q107526353
13078399-n,an edible and choice fungus that has a brown cap with greenish yellow under surface and a stalk that become dull red with age,i105338,Boletus zelleri,Q107527263
13078797-n,an edible fungus with a pinkish purple cap and stalk and a pore surface that is yellow with large angular pores that become like gills in maturity,i105340,Fuscoboletinus paluster,Q107687272
13079032-n,an edible fungus with a broadly convex brown cap and a whitish pore surface and stalk,i105341,Fuscoboletinus serotinus,Q107687273
13080058-n,a short squat edible fungus with a reddish brown cap and white stalk; fruits under pines in the spring,i105347,Suillus albivelatus,Q108416552
13080417-n,edible mild-tasting mushroom found in coniferous woodlands of eastern North America,i105349,old-man-of-the-woods|Strobilomyces floccopus,Q105067577
13080777-n,a fungus with a long coarsely shaggy reticulate stalk and a rimose areolate cap surface,i105351,Boletellus russellii,Q4939325
13081932-n,popular in China and Japan and Taiwan; gelatinous mushrooms; most are dried,i105356,snow mushroom|Tremella fuciformis,Q1309195
13082108-n,a yellow jelly fungus,i105357,witches' butter|Tremella lutescens,Q11122055
13082464-n,a jelly fungus with an erect whitish fruiting body and a highly variable shape (sometimes resembling coral fungi),i105359,Tremella reticulata,Q49415723
13083181-n,widely distributed edible fungus shaped like a human ear and growing on decaying wood,i105363,Jew's-ear|Jew's-ears|ear fungus|Auricularia auricula,Q81165435
13084871-n,fungus causing flax rust,i105372,flax rust|flax rust fungus|Melampsora lini,Q3813701
13085217-n,fungus causing white pine blister rust and having a complex life cycle requiring a plant of genus Ribes as alternate host,i105374,blister rust|Cronartium ribicola,Q2301438
13085849-n,rust fungus that attacks wheat,i105377,wheat rust|Puccinia graminis,Q1342327
13086274-n,rust fungus causing rust spots on apples and pears etc,i105379,apple rust|cedar-apple rust|Gymnosporangium juniperi-virginianae,Q5625087
13088292-n,genus of smut fungus,i105389,Sphacelotheca|genus Sphacelotheca,Q10674930
13089015-n,fungus that destroys kernels of wheat by replacing them with greasy masses of smelly spores,i105393,bunt|Tilletia caries,Q1634854
13089194-n,similar to Tilletia caries,i105394,bunt|stinking smut|Tilletia foetida,Q108430036
13089495-n,smut fungus causing blackish blisters on scales and leaves of onions; especially destructive to seedlings,i105396,onion smut|Urocystis cepulae,Q14950172
13089984-n,fungus affecting leaves and stems of wheat,i105398,wheat flag smut|Urocystis tritici,Q15643666
13091635-n,a fungus having an acutely conic cap and dry stalks,i105405,Hygrocybe acutoconica|conic waxycap,Q2255842
13092313-n,a fungus with a broadly convex cap that is cream color with a tint of blue over the margin; waxy gills are bluish green to blue-grey; a short stalk tapers abruptly at the base,i105408,Hygrophorus caeruleus,Q15637409
13092575-n,a fungus with a drab squamulose cap and grey-brown squamules over the white background of the stalk and waxy grey-white gills,i105409,Hygrophorus inocybiformis,Q10670895
13092791-n,a fungus with a slightly viscid cap; cap and gills are reddish brown and the stalk is grey,i105410,Hygrophorus kauffmanii,Q107750823
13093110-n,a fungus with a viscid purplish red cap and stalk; found under spruce and other conifers,i105412,Hygrophorus purpurascens,Q76836
13093466-n,an edible fungus with a large white cap and a dry stalk and white gills,i105414,Hygrophorus sordidus,Q127326824
13093623-n,a fungus having a brownish sticky cap with a white margin and white gills and an odor of raw potatoes,i105415,Hygrophorus tennesseensis,Q107751568
13093815-n,a small fungus with orange cap and yellow gills found in sphagnum bogs,i105416,Hygrophorus turundus,Q107751585
13094140-n,a small grey-brown fungus with an unpleasant odor of mothballs,i105418,Hygrotrama foetens,Q107751646
13094463-n,a fungus with a small brown convex cap with a depressed disc; waxy wine-colored gills and a brown stalk; fruits in or near melting snow banks in the western mountains of North America,i105420,Neohygrophorus angelesianus,Q10597324
13095379-n,a fungus with large tawny caps and pale cinnamon gills and a red band of veil around the stalk; usually found near birch trees,i105424,Cortinarius armillatus,Q1517961
13095574-n,an edible fungus with a slimy viscid cap that is initially yellow but turns olive and then tawny; flesh is lavender,i105425,Cortinarius atkinsonianus,Q107596835
13095780-n,a fungus with a viscid wrinkled tawny cap; the stalk has a basal bulb that diminishes as the stalk elongates; the gills are dark violet at first but soon turn brown,i105426,Cortinarius corrugatus,Q49414038
13096201-n,a fungus with a reddish purple cap having a smooth slimy surface; close violet gills; all parts stain dark purple when bruised,i105428,Cortinarius mutabilis|purple-staining Cortinarius,Q49425514
13097165-n,a fungus with a brownish orange fruiting body and a ring near the top of the stalk; the taste is bitter and the flesh contains psilocybin and psilocin,i105433,Gymnopilus spectabilis,Q103817247
13097591-n,a giant fungus of the Pacific Northwest; has a very thick stalk and the cortina leaves a ring high up on the stalk,i105435,Gymnopilus ventricosus,Q5625037
13100327-n,a parasitic fungus that can infect the mouth or the skin or the intestines or the vagina,i105448,Candida albicans|Monilia albicans,Q310443
13101989-n,fungus causing green smut in rice,i105457,green smut fungus|Ustilaginoidea virens,Q3278240
13163157-n,small tree common in Europe,i105710,alder buckthorn|alder dogwood|Rhamnus frangula,Q11122869
13164535-n,thorny Eurasian shrub with dry woody winged fruit,i105718,Christ's-thorn|Jerusalem thorn|Paliurus spina-christi,Q660414
13165817-n,native grape of northeastern United States; origin of many cultivated varieties e.g. Concord grapes,i105724,fox grape|Vitis labrusca,Q311720
13166221-n,common European grape cultivated in many varieties; chief source of Old World wine and table grapes,i105726,vinifera|vinifera grape|common grape vine|Vitis vinifera,Q30046
13168991-n,Asiatic vine with three-lobed leaves and purple berries,i105743,Boston ivy|Japanese ivy|Parthenocissus tricuspidata,Q157979
13170612-n,slender tropical climber of the eastern Himalayas,i105750,long pepper|Piper longum,Q685336
13170753-n,Asian pepper plant whose leaves are chewed with betel nut (seed of the betel palm) by southeast Asians,i105751,betel|betel pepper|Piper betel,Q67193257
13171859-n,grown as a houseplant for its silvery striped fleshy foliage; South America,i105757,watermelon begonia|Peperomia argyreia|Peperomia sandersii,Q15248654
13172752-n,North American herbaceous perennial of wet places having slender curled racemes of small white flowers,i105762,lizard's-tail|swamp lily|water dragon|Saururus cernuus,Q162365
13173116-n,stoloniferous herb of southwestern United States and Mexico having a pungent rootstock and small spicate flowers with white bracts suggesting an anemone,i105764,yerba mansa|Anemopsis californica,Q4761678
13191738-n,large scrambling fern forming large patches to 18 feet high; Pacific region and China,i105870,giant scrambling fern|Diplopterygium longissimum,Q17041888
13192108-n,large Australasian fern with fanlike repeatedly forked fronds; sometimes placed in genus Gleichenia,i105872,umbrella fern|fan fern|Sticherus flabellatus|Gleichenia flabellata,Q7616161
13192695-n,aquatic fern of tropical America often used in aquariums,i105875,floating fern|water sprite|Ceratopteris pteridioides,Q17197299
13194157-n,fern growing on rocks or tree trunks and having fronds greyish and scurfy below; Americas and South Africa,i105881,grey polypody|gray polypody|resurrection fern|Polypodium polypodioides,Q17169503
13196580-n,giant epiphytic or lithophytic fern; Asia to Polynesia and Australia,i105893,basket fern|Drynaria rigidula,Q15251254
13197261-n,epiphytic ferns with long rhizomes; tropical America,i105897,snake polypody|Microgramma piloselloides,Q15334451
13197946-n,tropical American fern with brown scaly rhizomes cultivated for its large deeply lobed deep bluish-green fronds; sometimes placed in genus Polypodium,i105901,golden polypody|serpent fern|rabbit's-foot fern|Phlebodium aureum|Polypodium aureum,Q1231082
13199182-n,east Asian fern having fronds shaped like tongues; sometimes placed in genus Cyclophorus,i105907,felt fern|tongue fern|Pyrrosia lingua|Cyclophorus lingua,Q3281617
13199605-n,small epiphytic fern of South America with tuberous swellings along rhizomes,i105909,potato fern|Solanopteris bifrons,Q15347014
13200702-n,epiphytic fern found in lowland forests of tropical America,i105915,grass fern|ribbon fern|Vittaria lineata,Q17117515
13201773-n,spleenwort of Europe and Africa and Asia having pinnate fronds and yielding an astringent,i105919,black spleenwort|Asplenium adiantum-nigrum,Q923786
13203062-n,a small fern with slim green fronds; widely distributed in cool parts of Northern Hemisphere,i105926,green spleenwort|Asplenium viride,Q1552374
13203560-n,a spleenwort of eastern to southern United States,i105929,Bradley's spleenwort|Asplenium bradleyi,Q4808119
13203835-n,a spleenwort of western Europe,i105931,lanceolate spleenwort|Asplenium billotii,Q862916
13204899-n,a fern of the genus Schaffneria,i105937,Schaffneria nigripes|Asplenium nigripes|Scolopendrium nigripes,Q15609645
13206167-n,fern with erect fronds of Europe and western North America; often cultivated for deer browse,i105943,deer fern|Blechnum spicant,Q925696
13207444-n,"North American fern, also known by the name woodwardie de virginie (Woodwardia virginica)",i105950,Virginia chain fern|Woodwardia virginica,Q8033594
13208265-n,a showy tree fern of New Zealand and Australia having a crown of pinnated fronds with whitish undersides,i105954,silver tree fern|sago fern|black tree fern|Cyathea medullaris,Q5197621
13210326-n,fern of eastern North America with pale green fronds and an aroma like hay,i105964,hay-scented|hay-scented fern|scented fern|boulder fern|Dennstaedtia punctilobula,Q2863582
13212518-n,"resembles Pteridium aquilinum; of Queensland, Australia",i105974,false bracken|Culcita dubia,Q65935500
13215110-n,a fern of the genus Dryopteris,i105986,mountain male fern|Dryopteris oreades,Q15547977
13215656-n,a lady fern with deeply cut leaf segments; found in the Rocky Mountains,i105989,Alpine lady fern|Athyrium distentifolium,Q674547
13215816-n,North American fern with narrow fronds on yellowish leafstalks,i105990,silvery spleenwort|glade fern|narrow-leaved spleenwort|Athyrium pycnocarpon|Diplazium pycnocarpon,Q16034617
13218172-n,bright blue-green fern widely distributed especially in damp acid woodlands of temperate Northern Hemisphere,i106002,oak fern|Gymnocarpium dryopteris|Thelypteris dryopteris,Q1301661
13218405-n,yellow-green fern of rocky areas of Northern Hemisphere,i106003,limestone fern|northern oak fern|Gymnocarpium robertianum,Q2092520
13219380-n,tropical American terrestrial fern with leathery lanceolate fronds; sometimes placed in genus Polybotrya,i106008,hart's-tongue|hart's-tongue fern|Olfersia cervina|Polybotrya cervina|Polybotria cervina,Q15602670
13219812-n,beautiful spreading fern of eastern North America and eastern Asia naturalized in western Europe; pinnately divided fronds show a slight tendency to fold when touched; pinnules enclose groups of sori in beadlike lobes,i106010,sensitive fern|bead fern|Onoclea sensibilis,Q718312
13220615-n,North American evergreen fern having pinnate leaves and dense clusters of lance-shaped fronds,i106013,Christmas fern|canker brake|dagger fern|evergreen wood fern|Polystichum acrostichoides,Q7226975
13221091-n,North American fern whose more or less evergreen leathery fronds are covered with pale brown chafflike scales,i106015,Braun's holly fern|prickly shield fern|Polystichum braunii,Q2654918
13221309-n,evergreen European fern widely cultivated,i106016,northern holly fern|Polystichum lonchitis,Q542735
13221440-n,"North American fern, also known by the names mountain holly fern and rock sword fern (Polystichum scopulinum)",i106017,western holly fern|Polystichum scopulinum,Q7226986
13221549-n,European shield fern cultivated in many varieties,i106018,soft shield fern|Polystichum setiferum,Q2018810
13221884-n,widely distributed fern of tropical Southern Hemisphere having leathery pinnatifid fronds,i106020,leather fern|leatherleaf fern|ten-day fern|Rumohra adiantiformis|Polystichum adiantiformis,Q7379334
13222321-n,Jamaican fern having round buttonlike bulbils,i106022,button fern|Tectaria cicutaria,Q7692800
13222464-n,fern of tropical Asia having round buttonlike bulbils,i106023,Indian button fern|Tectaria macrodonta,Q17169090
13223023-n,a common rock-inhabiting fern of northern temperate regions having rusty-brown stipes and lanceolate pinnate fronds,i106026,rusty woodsia|fragrant woodsia|oblong woodsia|Woodsia ilvensis,Q2233063
13223253-n,slender fern of northern North America with shining chestnut-colored stipes and bipinnate fronds with usually distinct marginal sori,i106027,Alpine woodsia|northern woodsia|flower-cup fern|Woodsia alpina,Q661822
13225174-n,tropical fern having leathery fronds resembling oleander; found from Asia to Polynesia,i106038,oleander fern|Oleandra neriiformis|Oleandra mollis,Q17264116
13226147-n,tropical American fern cultivated for its finely divided greyish-green foliage; West Indies and southern Mexico to Peru and Brazil,i106043,basket fern|toothed sword fern|Nephrolepis pectinata,Q17048243
13229200-n,small short-lived fern of Central and South America,i106056,annual fern|Jersey fern|Anogramma leptophylla,Q946400
13230168-n,small North American evergreen fern whose stipes and lower frond surfaces are densely wooly,i106061,wooly lip fern|hairy lip fern|Cheilanthes lanosa,Q15611266
13230706-n,fast-growing sturdy Japanese fern; cultivated for their attractive broad dark-green pinnate fronds,i106064,bamboo fern|Coniogramme japonica,Q10896043
13231248-n,rock-inhabiting fern of northern North America growing in massive tufts and having fronds resembling parsley,i106067,American rock brake|American parsley fern|Cryptogramma acrostichoides,Q5190926
13231918-n,tropical American fern with coarsely lobed to palmatifid fronds,i106070,hand fern|Doryopteris pedata,Q15612866
13233277-n,cliff brake of California and Baja California having purple-brown leafstalks,i106077,bird's-foot fern|Pellaea mucronata|Pellaea ornithopus,Q7161518
13233457-n,fern of New Zealand and Australia having trailing fronds with dark green buttonlike leaflets,i106078,button fern|Pellaea rotundifolia,Q7161522
13233964-n,fern of southern tropical Africa having fronds with white undersides,i106080,silver fern|Pityrogramma argentea,Q15613078
13234133-n,tropical American fern having fronds with white undersides,i106081,silver fern|Pityrogramma calomelanos,Q15246986
13234475-n,fern of West Indies and South America having fronds with bright golden-yellow undersides,i106083,gold fern|Pityrogramma chrysophylla,Q15605233
13235115-n,cultivated in many varieties as houseplants,i106086,Pteris cretica,Q2050113
13235238-n,Asiatic fern introduced in America,i106087,spider brake|spider fern|Pteris multifida,Q5872213
13235383-n,fern of North Africa and Azores and Canary Islands,i106088,ribbon fern|spider fern|Pteris serrulata,Q11799266
13237903-n,"pantropical epiphytic or terrestrial whisk fern with usually dull yellow branches and minute leaves; native to America, Japan, Australia",i106101,skeleton fork fern|Psilotum nudum,Q1197925
13240874-n,Eurasia; northern North America to Virginia,i106116,swamp horsetail|water horsetail|Equisetum fluviatile,Q948839
13241020-n,evergreen erect horsetail with rough-edged stems; formerly used for scouring utensils,i106117,scouring rush|rough horsetail|Equisetum hyemale|Equisetum hyemale robustum|Equisetum robustum,Q17259785
13241253-n,scouring-rush horsetail widely distributed in wet or boggy areas of Northern Hemisphere,i106118,marsh horsetail|Equisetum palustre,Q21122
13245820-n,spikemoss forming dense mats; eastern North America,i106142,meadow spikemoss|basket spikemoss|Selaginella apoda,Q3545396
13246142-n,prostrate spikemoss; California,i106144,desert selaginella|Selaginella eremophila,Q7447413
13250849-n,slender shield fern of moist woods of eastern North America; sometimes placed in genus Dryopteris,i106169,New York fern|Parathelypteris novae-boracensis|Dryopteris noveboracensis,Q17180450
13251088-n,delicate feathery shield fern of the eastern United States; sometimes placed in genus Thelypteris,i106170,Massachusetts fern|Parathelypteris simulata|Thelypteris simulata,Q17196458
13252817-n,fungus with a brown cap and white gills and a membranous ring halfway up the stalk,i106178,Armillaria caligata|booted armillaria,Q105049465
13253677-n,a honey-colored edible mushroom commonly associated with the roots of trees in late summer and fall; do not eat raw,i106182,honey mushroom|honey fungus|Armillariella mellea,Q105049488
13255191-n,tropical herb having orange-red flowers followed by pods suggesting a swallow with outspread wings; a weed throughout the tropics,i106188,blood flower|swallowwort|Asclepias curassavica,Q939991
13255755-n,milkweed of central North America; a threatened species,i106191,Mead's milkweed|Asclepias meadii|Asclepia meadii,Q723084
13255909-n,perennial of eastern North America having pink-purple flowers,i106192,purple silkweed|Asclepias purpurascens,Q310133
13256057-n,milkweed of southern North America having large starry purple and pink flowers,i106193,showy milkweed|Asclepias speciosa,Q311150
13256217-n,milkweed of southwestern United States and Mexico; poisonous to livestock,i106194,poison milkweed|horsetail milkweed|Asclepias subverticillata,Q2866403
13258086-n,succulent climber of southern Asia with umbels of pink and white star-shaped flowers,i106204,wax plant|Hoya carnosa,Q134347
13258406-n,deciduous climber for arches and fences having ill-scented but interesting flowers and poisonous yellow fruits; cultivated for its dark shining foliage; southeastern Europe to Asia Minor,i106206,silk vine|Periploca graeca,Q632142
13258886-n,leafless East Indian vine; its sour milky juice formerly used to make an intoxicating drink,i106208,soma|haoma|Sarcostemma acidum,Q3950495
13260634-n,twining vine with hairy foliage and dark purplish-brown flowers,i106216,negro vine|Vincetoxicum hirsutum|Vincetoxicum negrum,Q124757631
83131879-n,"a deciduous conifer of the genus Taxodium, native to North America",,pond cypress|bald cypress|Taxodium ascendens,Q759873
84172907-n,cypress tree of river valleys of Mexican highlands,,Montezuma cypress|Mexican swamp cypress|Taxodium mucronatum,Q1429751
86402365-n,"a species of perennial, herbaceous plant that is native to Europe",,Euphorbia villosa,Q160026
89535166-n,a tax based on the value of the goods collected by the end retailer,,value-added tax|VAT|goods and service tax|GST,Q128635
92416394-n,an exchange rate for a currency where the government has decided to link the value to some valuable commodity like gold; a fixed exchange rate does not change according to market conditions.,,fixed exchange rate,Q66143
13578654-n,a process involved in the formation of groups of persons,i107954,social process,Q2305441
92440968-n,a thermodynamic process during which the volume of the closed system undergoing such a process remains constant.,,constant-volume process|isometric process|isovolumetric process|isochoric process,Q208388
92406064-n,the minimum share of the vote which a political party requires to secure any representation.,,election threshold,Q217032
92412942-n,"a unit of area measurement equivalent to 1 centimeter in length multiplied by 1 centimeter in width, where one centimeter equals 0.3937 inch.",,square centimetre|square centimeter,Q2489298
92439490-n,"the currency of eight independent states in West Africa: Benin, Burkina Faso, Guinea-Bissau, Ivory Coast, Mali, Niger, Senegal and Togo.",,West African CFA franc,Q861690
92439491-n,"the currency of six independent states in central Africa: Cameroon, Central African Republic, Chad, Republic of the Congo, Equatorial Guinea and Gabon.",,Central African CFA franc,Q847739
92467769-n,a unit of area measurement equivalent to 1 millimeter in length multiplied by 1 millimeter in width.,,square millimeter|square millimetre,Q2737347
92417111-n,a measure of a company's total debt to its total assets.,,debt ratio,Q2234049
92438977-n,a mathematical function that is an onto mapping.,,surjective function|onto function|surjection,Q229102
92439903-n,the ratio of the heat capacity at constant pressure (C_P) to heat capacity at constant volume (C_V).,,heat capacity ratio|adiabatic index,Q503869
13883813-n,"a geometric representation of the complex numbers established by the real axis and the orthogonal imaginary axis; it can be thought of as a modified Cartesian plane, with the real part of a complex number represented by a displacement along the x-axis, and the imaginary part by a displacement along the y-axis",,complex plane,Q328998
92438963-n,"In microeconomic theory, a graph showing different bundles of goods between which a consumer is indifferent.",,indifference curve,Q467092
92438964-n,"In economics, the graph depicting the relationship between the price of a certain commodity and the amount of it that consumers are willing and able to purchase at that given price.",,demand curve,Q8981416
92439239-n,the angle between two planes.,,dihedral angle|torsion angle,Q911907
14268208-n,leukemia characterized by the proliferation of monocytes and monoblasts in the blood,i111775,monocytic leukemia|monocytic leukaemia|monoblastic leukemia|monoblastic leukaemia|histiocytic leukemia|histiocytic leukaemia,Q6901506
14362624-n,a chronic bacterial infection of the endocardium and heart valves; symptoms develop slowly,i112309,subacute bacterial endocarditis,Q2271749
14454897-n,rank in a military organization,i112840,military rank|military rating|paygrade|rating,Q56019
91001591-n,A discomfort or a fear when a person is in a social interaction that involves a concern of being judged or evaluated by others.,,social anxiety,Q3557657
92468294-n,fear of magic properties of the number 666,,hexakosioihexekontahexaphobia,Q420724
15097852-n,a nucleoside component of DNA; composed of guanine and deoxyribose,i116398,deoxyguanosine,Q422488
82691705-n,a nucleoside component of RNA; composed of cytosine and a ribose ring,,cytidine,Q422538
92406518-n,"a chemical compound with chemical formula BN, consisting of equal numbers of boron and nitrogen atoms.",,boron nitride,Q410193
92407420-n,a chemical compound with the formula H2SeO3.,,selenious acid|selenous acid,Q413722
92424129-n,a herbicide and a plant growth regulator.,,maleic hydrazide,Q677933
92424810-n,The name ‘ecdysteroid’ refers to the insect moulting and sex hormones which include ecdysone and its homologues such as 20-hydroxyecdysone.,,ecdysteroid,Q138983
92430963-n,"a chemical compound that contains carbon-carbon double bonds or triple bonds, such as those found in alkenes or alkynes, respectively.",,unsaturated compound,Q899851
92431175-n,"a lightweight, precast, concrete building material invented in the mid-1920s that simultaneously provides structure, insulation, and fire- and mold-resistance.",,autoclaved concrete|autoclaved aerated concrete|porous concrete|autoclaved lightweight concrete|autoclaved cellular concrete|AAC,Q916964
15186678-n,a day designated for feasting,i116888,feast day|fete day,P841