batch_id,index,operation,status,error,message,entity_id,raw_input
47826,0,set_statement,Done,,,Q187668,"Q187668|P8814|""00056907-n"""
47826,1,set_statement,Done,,,Q187668,"Q187668|P5063|""i35700"""
47826,2,set_statement,Done,,,Q366,"Q366|P8814|""00160216-n"""
47826,3,set_statement,Done,,,Q366,"Q366|P5063|""i36249"""
47826,4,set_statement,Done,,,Q946865,"Q946865|P8814|""00213054-n"""
47826,5,set_statement,Done,,,Q946865,"Q946865|P5063|""i36519"""
47826,6,set_statement,Done,,,Q2736,"Q2736|P8814|""00479273-n"""
47826,7,set_statement,Done,,,Q2736,"Q2736|P5063|""i37904"""
47826,8,set_statement,Done,,,Q11030,"Q11030|P8814|""00612961-n"""
47826,9,set_statement,Done,,,Q11030,"Q11030|P5063|""i38640"""
47826,10,set_statement,Done,,,Q36389,"Q36389|P8814|""00828342-n"""
47826,11,set_statement,Done,,,Q36389,"Q36389|P5063|""i39748"""
47826,12,set_statement,Done,,,Q2223653,"Q2223653|P8814|""01249244-n"""
47826,13,set_statement,Done,,,Q2223653,"Q2223653|P5063|""i41928"""
47826,14,set_statement,Done,,,Q1806636,"Q1806636|P8814|""01333493-n"""
47826,15,set_statement,Done,,,Q1806636,"Q1806636|P5063|""i42344"""
47826,16,set_statement,Done,,,Q158856,"Q158856|P8814|""01335581-n"""
47826,17,set_statement,Done,,,Q158856,"Q158856|P5063|""i42357"""
47826,18,set_statement,Done,,,Q614156,"Q614156|P8814|""01352867-n"""
47826,19,set_statement,Done,,,Q614156,"Q614156|P5063|""i42424"""
47826,20,set_statement,Done,,,Q10424114,"Q10424114|P8814|""01353126-n"""
47826,21,set_statement,Done,,,Q10424114,"Q10424114|P5063|""i42425"""
47826,22,set_statement,Done,,,Q153875,"Q153875|P8814|""01353342-n"""
47826,23,set_statement,Done,,,Q153875,"Q153875|P5063|""i42426"""
47826,24,set_statement,Done,,,Q22112649,"Q22112649|P8814|""01363754-n"""
47826,25,set_statement,Done,,,Q22112649,"Q22112649|P5063|""i42470"""
47826,26,set_statement,Done,,,Q129574636,"Q129574636|P8814|""01367113-n"""
47826,27,set_statement,Done,,,Q129574636,"Q129574636|P5063|""i42491"""
47826,28,set_statement,Done,,,Q62643569,"Q62643569|P8814|""01367763-n"""
47826,29,set_statement,Done,,,Q62643569,"Q62643569|P5063|""i42494"""
47826,30,set_statement,Done,,,Q3246268,"Q3246268|P8814|""01368115-n"""
47826,31,set_statement,Done,,,Q3246268,"Q3246268|P5063|""i42496"""
47826,32,set_statement,Done,,,Q25419,"Q25419|P8814|""01370979-n"""
47826,33,set_statement,Done,,,Q25419,"Q25419|P5063|""i42510"""
47826,34,set_statement,Done,,,Q22111431,"Q22111431|P8814|""01372125-n"""
47826,35,set_statement,Done,,,Q22111431,"Q22111431|P5063|""i42517"""
47826,36,set_statement,Done,,,Q265094,"Q265094|P8814|""01373106-n"""
47826,37,set_statement,Done,,,Q265094,"Q265094|P5063|""i42522"""
47826,38,set_statement,Done,,,Q62869749,"Q62869749|P8814|""01375585-n"""
47826,39,set_statement,Done,,,Q62869749,"Q62869749|P5063|""i42537"""
47826,40,set_statement,Done,,,Q7623385,"Q7623385|P8814|""01379184-n"""
47826,41,set_statement,Done,,,Q7623385,"Q7623385|P5063|""i42557"""
47826,42,set_statement,Done,,,Q12321467,"Q12321467|P8814|""01379288-n"""
47826,43,set_statement,Done,,,Q12321467,"Q12321467|P5063|""i42558"""
47826,44,set_statement,Done,,,Q130971,"Q130971|P8814|""01379919-n"""
47826,45,set_statement,Done,,,Q130971,"Q130971|P5063|""i42562"""
47826,46,set_statement,Done,,,Q155891,"Q155891|P8814|""01380445-n"""
47826,47,set_statement,Done,,,Q155891,"Q155891|P5063|""i42567"""
47826,48,set_statement,Done,,,Q132644,"Q132644|P8814|""01382939-n"""
47826,49,set_statement,Done,,,Q132644,"Q132644|P5063|""i42579"""
47826,50,set_statement,Done,,,Q68189616,"Q68189616|P8814|""01408499-n"""
47826,51,set_statement,Done,,,Q68189616,"Q68189616|P5063|""i42715"""
47826,52,set_statement,Done,,,Q4963539,"Q4963539|P8814|""01417274-n"""
47826,53,set_statement,Done,,,Q4963539,"Q4963539|P5063|""i42763"""
47826,54,set_statement,Done,,,Q104919807,"Q104919807|P8814|""01417780-n"""
47826,55,set_statement,Done,,,Q104919807,"Q104919807|P5063|""i42766"""
47826,56,set_statement,Done,,,Q104912737,"Q104912737|P8814|""01420315-n"""
47826,57,set_statement,Done,,,Q104912737,"Q104912737|P5063|""i42778"""
47826,58,set_statement,Done,,,Q524818,"Q524818|P8814|""01421139-n"""
47826,59,set_statement,Done,,,Q524818,"Q524818|P5063|""i42783"""
47826,60,set_statement,Done,,,Q144534,"Q144534|P8814|""01443108-n"""
47826,61,set_statement,Done,,,Q144534,"Q144534|P5063|""i42859"""
47826,62,set_statement,Done,,,Q1979063,"Q1979063|P8814|""01444383-n"""
47826,63,set_statement,Done,,,Q1979063,"Q1979063|P5063|""i42867"""
47826,64,set_statement,Done,,,Q106388817,"Q106388817|P8814|""01444551-n"""
47826,65,set_statement,Done,,,Q106388817,"Q106388817|P5063|""i42868"""
47826,66,set_statement,Done,,,Q214278,"Q214278|P8814|""01445613-n"""
47826,67,set_statement,Done,,,Q214278,"Q214278|P5063|""i42876"""
47826,68,set_statement,Done,,,Q136536,"Q136536|P8814|""01448234-n"""
47826,69,set_statement,Done,,,Q136536,"Q136536|P5063|""i42892"""
47826,70,set_statement,Done,,,Q3764682,"Q3764682|P8814|""01448498-n"""
47826,71,set_statement,Done,,,Q3764682,"Q3764682|P5063|""i42894"""
47826,72,set_statement,Done,,,Q2186171,"Q2186171|P8814|""01449972-n"""
47826,73,set_statement,Done,,,Q2186171,"Q2186171|P5063|""i42902"""
47826,74,set_statement,Done,,,Q106378315,"Q106378315|P8814|""01453591-n"""
47826,75,set_statement,Done,,,Q106378315,"Q106378315|P5063|""i42923"""
47826,76,set_statement,Done,,,Q106378251,"Q106378251|P8814|""01453756-n"""
47826,77,set_statement,Done,,,Q106378251,"Q106378251|P5063|""i42924"""
47826,78,set_statement,Done,,,Q106377954,"Q106377954|P8814|""01454986-n"""
47826,79,set_statement,Done,,,Q106377954,"Q106377954|P5063|""i42932"""
47826,80,set_statement,Done,,,Q1278796,"Q1278796|P8814|""01456116-n"""
47826,81,set_statement,Done,,,Q1278796,"Q1278796|P5063|""i42940"""
47826,82,set_statement,Done,,,Q203572,"Q203572|P8814|""01457958-n"""
47826,83,set_statement,Done,,,Q203572,"Q203572|P5063|""i42950"""
47826,84,set_statement,Done,,,Q106436344,"Q106436344|P8814|""01458778-n"""
47826,85,set_statement,Done,,,Q106436344,"Q106436344|P5063|""i42955"""
47826,86,set_statement,Done,,,Q2380746,"Q2380746|P8814|""01459095-n"""
47826,87,set_statement,Done,,,Q2380746,"Q2380746|P5063|""i42957"""
47826,88,set_statement,Done,,,Q1966255,"Q1966255|P8814|""01460493-n"""
47826,89,set_statement,Done,,,Q1966255,"Q1966255|P5063|""i42966"""
47826,90,set_statement,Done,,,Q385764,"Q385764|P8814|""01480516-n"""
47826,91,set_statement,Done,,,Q385764,"Q385764|P5063|""i43068"""
47826,92,set_statement,Done,,,Q780327,"Q780327|P8814|""01481610-n"""
47826,93,set_statement,Done,,,Q780327,"Q780327|P5063|""i43073"""
47826,94,set_statement,Done,,,Q1160972,"Q1160972|P8814|""01484139-n"""
47826,95,set_statement,Done,,,Q1160972,"Q1160972|P5063|""i43089"""
47826,96,set_statement,Done,,,Q312293,"Q312293|P8814|""01485662-n"""
47826,97,set_statement,Done,,,Q312293,"Q312293|P5063|""i43095"""
47826,98,set_statement,Done,,,Q207630,"Q207630|P8814|""01487088-n"""
47826,99,set_statement,Done,,,Q207630,"Q207630|P5063|""i43104"""
47826,100,set_statement,Done,,,Q185260,"Q185260|P8814|""01488120-n"""
47826,101,set_statement,Done,,,Q185260,"Q185260|P5063|""i43110"""
47826,102,set_statement,Done,,,Q756859,"Q756859|P8814|""01489479-n"""
47826,103,set_statement,Done,,,Q756859,"Q756859|P5063|""i43118"""
47826,104,set_statement,Done,,,Q625161,"Q625161|P8814|""01490147-n"""
47826,105,set_statement,Done,,,Q625161,"Q625161|P5063|""i43121"""
47826,106,set_statement,Done,,,Q190469,"Q190469|P8814|""01492142-n"""
47826,107,set_statement,Done,,,Q190469,"Q190469|P5063|""i43130"""
47826,108,set_statement,Done,,,Q304539,"Q304539|P8814|""01492350-n"""
47826,109,set_statement,Done,,,Q304539,"Q304539|P5063|""i43131"""
47826,110,set_statement,Done,,,Q206495,"Q206495|P8814|""01493311-n"""
47826,111,set_statement,Done,,,Q206495,"Q206495|P5063|""i43136"""
47826,112,set_statement,Done,,,Q26337,"Q26337|P8814|""01493647-n"""
47826,113,set_statement,Done,,,Q26337,"Q26337|P5063|""i43138"""
47826,114,set_statement,Done,,,Q260097,"Q260097|P8814|""01495210-n"""
47826,115,set_statement,Done,,,Q260097,"Q260097|P5063|""i43147"""
47826,116,set_statement,Done,,,Q941962,"Q941962|P8814|""01495349-n"""
47826,117,set_statement,Done,,,Q941962,"Q941962|P5063|""i43148"""
47826,118,set_statement,Done,,,Q2619358,"Q2619358|P8814|""01495501-n"""
47826,119,set_statement,Done,,,Q2619358,"Q2619358|P5063|""i43149"""
47826,120,set_statement,Done,,,Q212694,"Q212694|P8814|""01496470-n"""
47826,121,set_statement,Done,,,Q212694,"Q212694|P5063|""i43155"""
47826,122,set_statement,Done,,,Q1150019,"Q1150019|P8814|""01497523-n"""
47826,123,set_statement,Done,,,Q1150019,"Q1150019|P5063|""i43161"""
47826,124,set_statement,Done,,,Q655565,"Q655565|P8814|""01502037-n"""
47826,125,set_statement,Done,,,Q655565,"Q655565|P5063|""i43186"""
47826,126,set_statement,Done,,,Q10360338,"Q10360338|P8814|""01502373-n"""
47826,127,set_statement,Done,,,Q10360338,"Q10360338|P5063|""i43188"""
47826,128,set_statement,Done,,,Q4548397,"Q4548397|P8814|""01503495-n"""
47826,129,set_statement,Done,,,Q4548397,"Q4548397|P5063|""i43194"""
47826,130,set_statement,Done,,,Q106445006,"Q106445006|P8814|""01504282-n"""
47826,131,set_statement,Done,,,Q106445006,"Q106445006|P5063|""i43198"""
47826,132,set_statement,Done,,,Q17592,"Q17592|P8814|""01521519-n"""
47826,133,set_statement,Done,,,Q17592,"Q17592|P5063|""i43235"""
47826,134,set_statement,Done,,,Q192044,"Q192044|P8814|""01524040-n"""
47826,135,set_statement,Done,,,Q192044,"Q192044|P5063|""i43249"""
47826,136,set_statement,Done,,,Q25006711,"Q25006711|P8814|""01524397-n"""
47826,137,set_statement,Done,,,Q25006711,"Q25006711|P5063|""i43251"""
47826,138,set_statement,Done,,,Q26956,"Q26956|P8814|""01531486-n"""
47826,139,set_statement,Done,,,Q26956,"Q26956|P5063|""i43285"""
47826,140,set_statement,Done,,,Q25418,"Q25418|P8814|""01533819-n"""
47826,141,set_statement,Done,,,Q25418,"Q25418|P5063|""i43293"""
47826,142,set_statement,Done,,,Q26034,"Q26034|P8814|""01533985-n"""
47826,143,set_statement,Done,,,Q26034,"Q26034|P5063|""i43294"""
47826,144,set_statement,Done,,,Q168881,"Q168881|P8814|""01534153-n"""
47826,145,set_statement,Done,,,Q168881,"Q168881|P5063|""i43295"""
47826,146,set_statement,Done,,,Q206701,"Q206701|P8814|""01534452-n"""
47826,147,set_statement,Done,,,Q206701,"Q206701|P5063|""i43297"""
47826,148,set_statement,Done,,,Q391412,"Q391412|P8814|""01534612-n"""
47826,149,set_statement,Done,,,Q391412,"Q391412|P5063|""i43298"""
47826,150,set_statement,Done,,,Q26847063,"Q26847063|P8814|""01535152-n"""
47826,151,set_statement,Done,,,Q26847063,"Q26847063|P5063|""i43301"""
47826,152,set_statement,Done,,,Q525818,"Q525818|P8814|""01537223-n"""
47826,153,set_statement,Done,,,Q525818,"Q525818|P5063|""i43315"""
47826,154,set_statement,Done,,,Q776555,"Q776555|P8814|""01537781-n"""
47826,155,set_statement,Done,,,Q776555,"Q776555|P5063|""i43318"""
47826,156,set_statement,Done,,,Q686673,"Q686673|P8814|""01538331-n"""
47826,157,set_statement,Done,,,Q686673,"Q686673|P5063|""i43321"""
47826,158,set_statement,Done,,,Q645203,"Q645203|P8814|""01538676-n"""
47826,159,set_statement,Done,,,Q645203,"Q645203|P5063|""i43323"""
47826,160,set_statement,Done,,,Q842599,"Q842599|P8814|""01539285-n"""
47826,161,set_statement,Done,,,Q842599,"Q842599|P5063|""i43327"""
47826,162,set_statement,Done,,,Q335535,"Q335535|P8814|""01541003-n"""
47826,163,set_statement,Done,,,Q335535,"Q335535|P5063|""i43337"""
47826,164,set_statement,Done,,,Q14683,"Q14683|P8814|""01542566-n"""
47826,165,set_statement,Done,,,Q14683,"Q14683|P5063|""i43347"""
47826,166,set_statement,Done,,,Q25167830,"Q25167830|P8814|""01543207-n"""
47826,167,set_statement,Done,,,Q25167830,"Q25167830|P5063|""i43351"""
47826,168,set_statement,Done,,,Q214571,"Q214571|P8814|""01543743-n"""
47826,169,set_statement,Done,,,Q214571,"Q214571|P5063|""i43355"""
47826,170,set_statement,Done,,,Q500278,"Q500278|P8814|""01546273-n"""
47826,171,set_statement,Done,,,Q500278,"Q500278|P5063|""i43372"""
47826,172,set_statement,Done,,,Q652466,"Q652466|P8814|""01553721-n"""
47826,173,set_statement,Done,,,Q652466,"Q652466|P5063|""i43414"""
47826,174,set_statement,Done,,,Q2469246,"Q2469246|P8814|""01554974-n"""
47826,175,set_statement,Done,,,Q2469246,"Q2469246|P5063|""i43422"""
47826,176,set_statement,Done,,,Q26641,"Q26641|P8814|""01561406-n"""
47826,177,set_statement,Done,,,Q26641,"Q26641|P5063|""i43457"""
47826,178,set_statement,Error,combining_failed,The next command failed,Q40658797,"Q40658797|P8814|""01563434-n"""
47826,179,set_statement,Error,api_user_error,Error 409 ('redirected-item'): Item Q40658797 has been redirected to Q1315689.,Q40658797,"Q40658797|P5063|""i43470"""
47826,180,set_statement,Done,,,Q40654550,"Q40654550|P8814|""01565092-n"""
47826,181,set_statement,Done,,,Q40654550,"Q40654550|P5063|""i43482"""
47826,182,set_statement,Done,,,Q576050,"Q576050|P8814|""01566858-n"""
47826,183,set_statement,Done,,,Q576050,"Q576050|P5063|""i43492"""
47826,184,set_statement,Done,,,Q110257516,"Q110257516|P8814|""01567555-n"""
47826,185,set_statement,Done,,,Q110257516,"Q110257516|P5063|""i43496"""
47826,186,set_statement,Done,,,Q206089,"Q206089|P8814|""01567719-n"""
47826,187,set_statement,Done,,,Q206089,"Q206089|P5063|""i43497"""
47826,188,set_statement,Done,,,Q27075477,"Q27075477|P8814|""01567986-n"""
47826,189,set_statement,Done,,,Q27075477,"Q27075477|P5063|""i43499"""
47826,190,set_statement,Done,,,Q795556,"Q795556|P8814|""01568848-n"""
47826,191,set_statement,Done,,,Q795556,"Q795556|P5063|""i43505"""
47826,192,set_statement,Done,,,Q1146827,"Q1146827|P8814|""01570520-n"""
47826,193,set_statement,Done,,,Q1146827,"Q1146827|P5063|""i43513"""
47826,194,set_statement,Done,,,Q1586243,"Q1586243|P8814|""01571361-n"""
47826,195,set_statement,Done,,,Q1586243,"Q1586243|P5063|""i43518"""
47826,196,set_statement,Done,,,Q40654149,"Q40654149|P8814|""01571903-n"""
47826,197,set_statement,Done,,,Q40654149,"Q40654149|P5063|""i43521"""
47826,198,set_statement,Done,,,Q787047,"Q787047|P8814|""01572612-n"""
47826,199,set_statement,Done,,,Q787047,"Q787047|P5063|""i43526"""
47826,200,set_statement,Done,,,Q40659522,"Q40659522|P8814|""01572908-n"""
47826,201,set_statement,Done,,,Q40659522,"Q40659522|P5063|""i43528"""
47826,202,set_statement,Done,,,Q1368136,"Q1368136|P8814|""01576001-n"""
47826,203,set_statement,Done,,,Q1368136,"Q1368136|P5063|""i43547"""
47826,204,set_statement,Done,,,Q599898,"Q599898|P8814|""01576268-n"""
47826,205,set_statement,Done,,,Q599898,"Q599898|P5063|""i43549"""
47826,206,set_statement,Done,,,Q1424486,"Q1424486|P8814|""01577201-n"""
47826,207,set_statement,Done,,,Q1424486,"Q1424486|P5063|""i43555"""
47826,208,set_statement,Done,,,Q20823352,"Q20823352|P8814|""01580099-n"""
47826,209,set_statement,Done,,,Q20823352,"Q20823352|P5063|""i43573"""
47826,210,set_statement,Done,,,Q116667,"Q116667|P8814|""01580582-n"""
47826,211,set_statement,Done,,,Q116667,"Q116667|P5063|""i43576"""
47826,212,set_statement,Done,,,Q199758,"Q199758|P8814|""01583511-n"""
47826,213,set_statement,Done,,,Q199758,"Q199758|P5063|""i43595"""
47826,214,set_statement,Done,,,Q80858,"Q80858|P8814|""01583807-n"""
47826,215,set_statement,Done,,,Q80858,"Q80858|P5063|""i43597"""
47826,216,set_statement,Done,,,Q1142785,"Q1142785|P8814|""01584625-n"""
47826,217,set_statement,Done,,,Q1142785,"Q1142785|P5063|""i43602"""
47826,218,set_statement,Done,,,Q25307,"Q25307|P8814|""01585039-n"""
47826,219,set_statement,Done,,,Q25307,"Q25307|P5063|""i43605"""
47826,220,set_statement,Done,,,Q25740,"Q25740|P8814|""01587336-n"""
47826,221,set_statement,Done,,,Q25740,"Q25740|P5063|""i43618"""
47826,222,set_statement,Done,,,Q746317,"Q746317|P8814|""01588063-n"""
47826,223,set_statement,Done,,,Q746317,"Q746317|P5063|""i43623"""
47826,224,set_statement,Done,,,Q935880,"Q935880|P8814|""01588356-n"""
47826,225,set_statement,Done,,,Q935880,"Q935880|P5063|""i43625"""
47826,226,set_statement,Done,,,Q1585636,"Q1585636|P8814|""01588661-n"""
47826,227,set_statement,Done,,,Q1585636,"Q1585636|P5063|""i43627"""
47826,228,set_statement,Done,,,Q1587047,"Q1587047|P8814|""01589919-n"""
47826,229,set_statement,Done,,,Q1587047,"Q1587047|P5063|""i43634"""
47826,230,set_statement,Done,,,Q135589,"Q135589|P8814|""01591366-n"""
47826,231,set_statement,Done,,,Q135589,"Q135589|P5063|""i43643"""
47826,232,set_statement,Done,,,Q646366,"Q646366|P8814|""01591637-n"""
47826,233,set_statement,Done,,,Q646366,"Q646366|P5063|""i43645"""
47826,234,set_statement,Done,,,Q490294,"Q490294|P8814|""01592359-n"""
47826,235,set_statement,Done,,,Q490294,"Q490294|P5063|""i43649"""
47826,236,set_statement,Done,,,Q156767,"Q156767|P8814|""01593646-n"""
47826,237,set_statement,Done,,,Q156767,"Q156767|P5063|""i43656"""
47826,238,set_statement,Done,,,Q1048896,"Q1048896|P8814|""01595923-n"""
47826,239,set_statement,Done,,,Q1048896,"Q1048896|P5063|""i43670"""
47826,240,set_statement,Done,,,Q40654079,"Q40654079|P8814|""01598615-n"""
47826,241,set_statement,Done,,,Q40654079,"Q40654079|P5063|""i43686"""
47826,242,set_statement,Done,,,Q25909,"Q25909|P8814|""01598914-n"""
47826,243,set_statement,Done,,,Q25909,"Q25909|P5063|""i43688"""
47826,244,set_statement,Done,,,Q1062485,"Q1062485|P8814|""01599249-n"""
47826,245,set_statement,Done,,,Q1062485,"Q1062485|P5063|""i43690"""
47826,246,set_statement,Done,,,Q1078246,"Q1078246|P8814|""01600715-n"""
47826,247,set_statement,Done,,,Q1078246,"Q1078246|P5063|""i43699"""
47826,248,set_statement,Done,,,Q184508,"Q184508|P8814|""01601800-n"""
47826,249,set_statement,Done,,,Q184508,"Q184508|P5063|""i43705"""
47826,250,set_statement,Done,,,Q31874734,"Q31874734|P8814|""01601910-n"""
47826,251,set_statement,Done,,,Q31874734,"Q31874734|P5063|""i43706"""
47826,252,set_statement,Done,,,Q27075292,"Q27075292|P8814|""01602982-n"""
47826,253,set_statement,Done,,,Q27075292,"Q27075292|P5063|""i43713"""
47826,254,set_statement,Done,,,Q585670,"Q585670|P8814|""01603709-n"""
47826,255,set_statement,Done,,,Q585670,"Q585670|P5063|""i43717"""
47826,256,set_statement,Done,,,Q107055630,"Q107055630|P8814|""01604721-n"""
47826,257,set_statement,Done,,,Q107055630,"Q107055630|P5063|""i43723"""
47826,258,set_statement,Done,,,Q912010,"Q912010|P8814|""01604850-n"""
47826,259,set_statement,Done,,,Q912010,"Q912010|P5063|""i43724"""
47826,260,set_statement,Done,,,Q1586476,"Q1586476|P8814|""01605641-n"""
47826,261,set_statement,Done,,,Q1586476,"Q1586476|P5063|""i43729"""
47826,262,set_statement,Done,,,Q25353,"Q25353|P8814|""01609163-n"""
47826,263,set_statement,Done,,,Q25353,"Q25353|P5063|""i43745"""
47826,264,set_statement,Done,,,Q25380,"Q25380|P8814|""01609313-n"""
47826,265,set_statement,Done,,,Q25380,"Q25380|P5063|""i43746"""
47826,266,set_statement,Done,,,Q26407,"Q26407|P8814|""01610241-n"""
47826,267,set_statement,Done,,,Q26407,"Q26407|P5063|""i43752"""
47826,268,set_statement,Done,,,Q170466,"Q170466|P8814|""01610906-n"""
47826,269,set_statement,Done,,,Q170466,"Q170466|P5063|""i43756"""
47826,270,set_statement,Done,,,Q430540,"Q430540|P8814|""01611703-n"""
47826,271,set_statement,Done,,,Q430540,"Q430540|P5063|""i43761"""
47826,272,set_statement,Done,,,Q26431,"Q26431|P8814|""01612597-n"""
47826,273,set_statement,Done,,,Q26431,"Q26431|P5063|""i43766"""
47826,274,set_statement,Done,,,Q26574,"Q26574|P8814|""01612741-n"""
47826,275,set_statement,Done,,,Q26574,"Q26574|P5063|""i43767"""
47826,276,set_statement,Done,,,Q25572,"Q25572|P8814|""01612867-n"""
47826,277,set_statement,Done,,,Q25572,"Q25572|P5063|""i43768"""
47826,278,set_statement,Done,,,Q26490,"Q26490|P8814|""01614610-n"""
47826,279,set_statement,Done,,,Q26490,"Q26490|P5063|""i43777"""
47826,280,set_statement,Done,,,Q131918,"Q131918|P8814|""01614916-n"""
47826,281,set_statement,Done,,,Q131918,"Q131918|P5063|""i43779"""
47826,282,set_statement,Done,,,Q40657867,"Q40657867|P8814|""01615818-n"""
47826,283,set_statement,Done,,,Q40657867,"Q40657867|P5063|""i43784"""
47826,284,set_statement,Done,,,Q41181,"Q41181|P8814|""01616984-n"""
47826,285,set_statement,Done,,,Q41181,"Q41181|P5063|""i43791"""
47826,286,set_statement,Done,,,Q374141,"Q374141|P8814|""01617197-n"""
47826,287,set_statement,Done,,,Q374141,"Q374141|P5063|""i43792"""
47826,288,set_statement,Done,,,Q269896,"Q269896|P8814|""01617944-n"""
47826,289,set_statement,Done,,,Q269896,"Q269896|P5063|""i43797"""
47826,290,set_statement,Done,,,Q13428438,"Q13428438|P8814|""01619192-n"""
47826,291,set_statement,Done,,,Q13428438,"Q13428438|P5063|""i43804"""
47826,292,set_statement,Done,,,Q177856,"Q177856|P8814|""01619736-n"""
47826,293,set_statement,Done,,,Q177856,"Q177856|P5063|""i43807"""
47826,294,set_statement,Done,,,Q126167,"Q126167|P8814|""01620084-n"""
47826,295,set_statement,Done,,,Q126167,"Q126167|P5063|""i43809"""
47826,296,set_statement,Done,,,Q33504,"Q33504|P8814|""01620407-n"""
47826,297,set_statement,Done,,,Q33504,"Q33504|P5063|""i43811"""
47826,298,set_statement,Done,,,Q168748,"Q168748|P8814|""01621144-n"""
47826,299,set_statement,Done,,,Q168748,"Q168748|P5063|""i43816"""
47826,300,set_statement,Done,,,Q194314,"Q194314|P8814|""01622776-n"""
47826,301,set_statement,Done,,,Q194314,"Q194314|P5063|""i43825"""
47826,302,set_statement,Done,,,Q213366,"Q213366|P8814|""01623055-n"""
47826,303,set_statement,Done,,,Q213366,"Q213366|P5063|""i43827"""
47826,304,set_statement,Done,,,Q129958,"Q129958|P8814|""01624761-n"""
47826,305,set_statement,Done,,,Q129958,"Q129958|P5063|""i43835"""
47826,306,set_statement,Done,,,Q25756,"Q25756|P8814|""01625600-n"""
47826,307,set_statement,Done,,,Q25756,"Q25756|P5063|""i43841"""
47826,308,set_statement,Done,,,Q40657257,"Q40657257|P8814|""01626066-n"""
47826,309,set_statement,Done,,,Q40657257,"Q40657257|P5063|""i43844"""
47826,310,set_statement,Done,,,Q748921,"Q748921|P8814|""01626521-n"""
47826,311,set_statement,Done,,,Q748921,"Q748921|P5063|""i43847"""
47826,312,set_statement,Done,,,Q171563,"Q171563|P8814|""01626756-n"""
47826,313,set_statement,Done,,,Q171563,"Q171563|P5063|""i43848"""
47826,314,set_statement,Done,,,Q1260390,"Q1260390|P8814|""01626853-n"""
47826,315,set_statement,Done,,,Q1260390,"Q1260390|P5063|""i43849"""
47826,316,set_statement,Done,,,Q193192,"Q193192|P8814|""01627178-n"""
47826,317,set_statement,Done,,,Q193192,"Q193192|P5063|""i43852"""
47826,318,set_statement,Done,,,Q25317,"Q25317|P8814|""01628203-n"""
47826,319,set_statement,Done,,,Q25317,"Q25317|P5063|""i43859"""
47826,320,set_statement,Done,,,Q259425,"Q259425|P8814|""01632789-n"""
47826,321,set_statement,Done,,,Q259425,"Q259425|P5063|""i43875"""
47826,322,set_statement,Done,,,Q50407527,"Q50407527|P8814|""01633311-n"""
47826,323,set_statement,Done,,,Q50407527,"Q50407527|P5063|""i43878"""
47826,324,set_statement,Done,,,Q1552306,"Q1552306|P8814|""01633542-n"""
47826,325,set_statement,Done,,,Q1552306,"Q1552306|P5063|""i43880"""
47826,326,set_statement,Done,,,Q1358580,"Q1358580|P8814|""01634153-n"""
47826,327,set_statement,Done,,,Q1358580,"Q1358580|P5063|""i43884"""
47826,328,set_statement,Done,,,Q786946,"Q786946|P8814|""01638121-n"""
47826,329,set_statement,Done,,,Q786946,"Q786946|P5063|""i43909"""
47826,330,set_statement,Done,,,Q1092717,"Q1092717|P8814|""01638993-n"""
47826,331,set_statement,Done,,,Q1092717,"Q1092717|P5063|""i43913"""
47826,332,set_statement,Done,,,Q2510325,"Q2510325|P8814|""01639151-n"""
47826,333,set_statement,Done,,,Q2510325,"Q2510325|P5063|""i43914"""
47826,334,set_statement,Done,,,Q308239,"Q308239|P8814|""01640970-n"""
47826,335,set_statement,Done,,,Q308239,"Q308239|P5063|""i43925"""
47826,336,set_statement,Done,,,Q2136945,"Q2136945|P8814|""01646537-n"""
47826,337,set_statement,Done,,,Q2136945,"Q2136945|P5063|""i43953"""
47826,338,set_statement,Done,,,Q13165156,"Q13165156|P8814|""01649029-n"""
47826,339,set_statement,Done,,,Q13165156,"Q13165156|P5063|""i43967"""
47826,340,set_statement,Done,,,Q694496,"Q694496|P8814|""01649443-n"""
47826,341,set_statement,Done,,,Q694496,"Q694496|P5063|""i43970"""
47826,342,set_statement,Done,,,Q21245936,"Q21245936|P8814|""01649543-n"""
47826,343,set_statement,Done,,,Q21245936,"Q21245936|P5063|""i43971"""
47826,344,set_statement,Done,,,Q28032645,"Q28032645|P8814|""01649944-n"""
47826,345,set_statement,Done,,,Q28032645,"Q28032645|P5063|""i43974"""
47826,346,set_statement,Done,,,Q372267,"Q372267|P8814|""01651261-n"""
47826,347,set_statement,Done,,,Q372267,"Q372267|P5063|""i43982"""
47826,348,set_statement,Done,,,Q2673608,"Q2673608|P8814|""01654282-n"""
47826,349,set_statement,Done,,,Q2673608,"Q2673608|P5063|""i43998"""
47826,350,set_statement,Done,,,Q2720420,"Q2720420|P8814|""01655667-n"""
47826,351,set_statement,Done,,,Q2720420,"Q2720420|P5063|""i44006"""
47826,352,set_statement,Done,,,Q2181155,"Q2181155|P8814|""01655864-n"""
47826,353,set_statement,Done,,,Q2181155,"Q2181155|P5063|""i44007"""
47826,354,set_statement,Done,,,Q192095,"Q192095|P8814|""01666706-n"""
47826,355,set_statement,Done,,,Q192095,"Q192095|P5063|""i44042"""
47826,356,set_statement,Done,,,Q282385,"Q282385|P8814|""01667315-n"""
47826,357,set_statement,Done,,,Q282385,"Q282385|P5063|""i44046"""
47826,358,set_statement,Done,,,Q120043,"Q120043|P8814|""01668182-n"""
47826,359,set_statement,Done,,,Q120043,"Q120043|P5063|""i44051"""
47826,360,set_statement,Done,,,Q2302528,"Q2302528|P8814|""01672013-n"""
47826,361,set_statement,Done,,,Q2302528,"Q2302528|P5063|""i44073"""
47826,362,set_statement,Done,,,Q199203,"Q199203|P8814|""01672295-n"""
47826,363,set_statement,Done,,,Q199203,"Q199203|P5063|""i44075"""
47826,364,set_statement,Done,,,Q504549,"Q504549|P8814|""01673176-n"""
47826,365,set_statement,Done,,,Q504549,"Q504549|P5063|""i44079"""
47826,366,set_statement,Done,,,Q914356,"Q914356|P8814|""01674120-n"""
47826,367,set_statement,Done,,,Q914356,"Q914356|P5063|""i44085"""
47826,368,set_statement,Done,,,Q106449030,"Q106449030|P8814|""01675073-n"""
47826,369,set_statement,Done,,,Q106449030,"Q106449030|P5063|""i44090"""
47826,370,set_statement,Done,,,Q106449022,"Q106449022|P8814|""01675252-n"""
47826,371,set_statement,Done,,,Q106449022,"Q106449022|P5063|""i44091"""
47826,372,set_statement,Done,,,Q169498,"Q169498|P8814|""01681298-n"""
47826,373,set_statement,Done,,,Q169498,"Q169498|P5063|""i44119"""
47826,374,set_statement,Done,,,Q1414026,"Q1414026|P8814|""01683969-n"""
47826,375,set_statement,Done,,,Q1414026,"Q1414026|P5063|""i44135"""
47826,376,set_statement,Done,,,Q748410,"Q748410|P8814|""01684813-n"""
47826,377,set_statement,Done,,,Q748410,"Q748410|P5063|""i44140"""
47826,378,set_statement,Done,,,Q18324831,"Q18324831|P8814|""01688685-n"""
47826,379,set_statement,Done,,,Q18324831,"Q18324831|P5063|""i44163"""
47826,380,set_statement,Done,,,Q5085972,"Q5085972|P8814|""01688861-n"""
47826,381,set_statement,Done,,,Q5085972,"Q5085972|P5063|""i44164"""
47826,382,set_statement,Done,,,Q43306334,"Q43306334|P8814|""01689044-n"""
47826,383,set_statement,Done,,,Q43306334,"Q43306334|P5063|""i44165"""
47826,384,set_statement,Done,,,Q43308270,"Q43308270|P8814|""01689449-n"""
47826,385,set_statement,Done,,,Q43308270,"Q43308270|P5063|""i44167"""
47826,386,set_statement,Error,combining_failed,The next command failed,Q320665,"Q320665|P8814|""01691722-n"""
47826,387,set_statement,Error,api_server_error,"The server failed to process the request: {'code': 'unexpected-error', 'message': 'Unexpected error'}",Q320665,"Q320665|P5063|""i44181"""
47826,388,set_statement,Done,,,Q183660,"Q183660|P8814|""01692790-n"""
47826,389,set_statement,Done,,,Q183660,"Q183660|P5063|""i44187"""
47826,390,set_statement,Done,,,Q148595,"Q148595|P8814|""01695816-n"""
47826,391,set_statement,Done,,,Q148595,"Q148595|P5063|""i44205"""
47826,392,set_statement,Done,,,Q307047,"Q307047|P8814|""01695975-n"""
47826,393,set_statement,Done,,,Q307047,"Q307047|P5063|""i44206"""
47826,394,set_statement,Done,,,Q737896,"Q737896|P8814|""01697596-n"""
47826,395,set_statement,Done,,,Q737896,"Q737896|P5063|""i44215"""
47826,396,set_statement,Done,,,Q182599,"Q182599|P8814|""01700252-n"""
47826,397,set_statement,Done,,,Q182599,"Q182599|P5063|""i44228"""
47826,398,set_statement,Done,,,Q194422,"Q194422|P8814|""01701423-n"""
47826,399,set_statement,Done,,,Q194422,"Q194422|P5063|""i44236"""
47826,400,set_statement,Done,,,Q107333250,"Q107333250|P8814|""01701895-n"""
47826,401,set_statement,Done,,,Q107333250,"Q107333250|P5063|""i44239"""
47826,402,set_statement,Done,,,Q17134,"Q17134|P8814|""01702316-n"""
47826,403,set_statement,Done,,,Q17134,"Q17134|P5063|""i44242"""
47826,404,set_statement,Done,,,Q426062,"Q426062|P8814|""01732948-n"""
47826,405,set_statement,Done,,,Q426062,"Q426062|P5063|""i44405"""
47826,406,set_statement,Done,,,Q43373908,"Q43373908|P8814|""01734405-n"""
47826,407,set_statement,Done,,,Q43373908,"Q43373908|P5063|""i44415"""
47826,408,set_statement,Done,,,Q22915197,"Q22915197|P8814|""01735255-n"""
47826,409,set_statement,Done,,,Q22915197,"Q22915197|P5063|""i44420"""
47826,410,set_statement,Done,,,Q18324838,"Q18324838|P8814|""01735430-n"""
47826,411,set_statement,Done,,,Q18324838,"Q18324838|P5063|""i44421"""
47826,412,set_statement,Done,,,Q670937,"Q670937|P8814|""01736107-n"""
47826,413,set_statement,Done,,,Q670937,"Q670937|P5063|""i44426"""
47826,414,set_statement,Done,,,Q1663774,"Q1663774|P8814|""01736598-n"""
47826,415,set_statement,Done,,,Q1663774,"Q1663774|P5063|""i44429"""
47826,416,set_statement,Done,,,Q1257513,"Q1257513|P8814|""01737449-n"""
47826,417,set_statement,Done,,,Q1257513,"Q1257513|P5063|""i44434"""
47826,418,set_statement,Done,,,Q2565456,"Q2565456|P8814|""01738369-n"""
47826,419,set_statement,Done,,,Q2565456,"Q2565456|P5063|""i44439"""
47826,420,set_statement,Done,,,Q2156927,"Q2156927|P8814|""01738673-n"""
47826,421,set_statement,Done,,,Q2156927,"Q2156927|P5063|""i44441"""
47826,422,set_statement,Done,,,Q3021047,"Q3021047|P8814|""01739016-n"""
47826,423,set_statement,Done,,,Q3021047,"Q3021047|P5063|""i44443"""
47826,424,set_statement,Done,,,Q3019094,"Q3019094|P8814|""01739437-n"""
47826,425,set_statement,Done,,,Q3019094,"Q3019094|P5063|""i44446"""
47826,426,set_statement,Done,,,Q2163958,"Q2163958|P8814|""01740113-n"""
47826,427,set_statement,Done,,,Q2163958,"Q2163958|P5063|""i44450"""
47826,428,set_statement,Done,,,Q170713,"Q170713|P8814|""01740516-n"""
47826,429,set_statement,Done,,,Q170713,"Q170713|P5063|""i44452"""
47826,430,set_statement,Done,,,Q1541871,"Q1541871|P8814|""01740706-n"""
47826,431,set_statement,Done,,,Q1541871,"Q1541871|P5063|""i44453"""
47826,432,set_statement,Done,,,Q922205,"Q922205|P8814|""01742772-n"""
47826,433,set_statement,Done,,,Q922205,"Q922205|P5063|""i44467"""
47826,434,set_statement,Done,,,Q3014273,"Q3014273|P8814|""01743873-n"""
47826,435,set_statement,Done,,,Q3014273,"Q3014273|P5063|""i44474"""
47826,436,set_statement,Done,,,Q207347,"Q207347|P8814|""01745727-n"""
47826,437,set_statement,Done,,,Q207347,"Q207347|P5063|""i44485"""
47826,438,set_statement,Done,,,Q216136,"Q216136|P8814|""01746741-n"""
47826,439,set_statement,Done,,,Q216136,"Q216136|P5063|""i44491"""
47826,440,set_statement,Done,,,Q245183,"Q245183|P8814|""01746911-n"""
47826,441,set_statement,Done,,,Q245183,"Q245183|P5063|""i44492"""
47826,442,set_statement,Done,,,Q764797,"Q764797|P8814|""01747042-n"""
47826,443,set_statement,Done,,,Q764797,"Q764797|P5063|""i44493"""
47826,444,set_statement,Done,,,Q1513945,"Q1513945|P8814|""01748543-n"""
47826,445,set_statement,Done,,,Q1513945,"Q1513945|P5063|""i44499"""
47826,446,set_statement,Done,,,Q167912,"Q167912|P8814|""01748832-n"""
47826,447,set_statement,Done,,,Q167912,"Q167912|P5063|""i44501"""
47826,448,set_statement,Done,,,Q1285063,"Q1285063|P8814|""01749593-n"""
47826,449,set_statement,Done,,,Q1285063,"Q1285063|P5063|""i44506"""
47826,450,set_statement,Done,,,Q192754,"Q192754|P8814|""01750905-n"""
47826,451,set_statement,Done,,,Q192754,"Q192754|P5063|""i44514"""
47826,452,set_statement,Done,,,Q386619,"Q386619|P8814|""01751327-n"""
47826,453,set_statement,Done,,,Q386619,"Q386619|P5063|""i44517"""
47826,454,set_statement,Done,,,Q622805,"Q622805|P8814|""01752383-n"""
47826,455,set_statement,Done,,,Q622805,"Q622805|P5063|""i44523"""
47826,456,set_statement,Done,,,Q1454860,"Q1454860|P8814|""01752808-n"""
47826,457,set_statement,Done,,,Q1454860,"Q1454860|P5063|""i44526"""
47826,458,set_statement,Done,,,Q1520949,"Q1520949|P8814|""01753078-n"""
47826,459,set_statement,Done,,,Q1520949,"Q1520949|P5063|""i44528"""
47826,460,set_statement,Done,,,Q2005433,"Q2005433|P8814|""01753384-n"""
47826,461,set_statement,Done,,,Q2005433,"Q2005433|P5063|""i44530"""
47826,462,set_statement,Done,,,Q40581,"Q40581|P8814|""01753856-n"""
47826,463,set_statement,Done,,,Q40581,"Q40581|P5063|""i44533"""
47826,464,set_statement,Done,,,Q2321476,"Q2321476|P8814|""01754113-n"""
47826,465,set_statement,Done,,,Q2321476,"Q2321476|P5063|""i44535"""
47826,466,set_statement,Done,,,Q369667,"Q369667|P8814|""01755673-n"""
47826,467,set_statement,Done,,,Q369667,"Q369667|P5063|""i44544"""
47826,468,set_statement,Done,,,Q371183,"Q371183|P8814|""01755821-n"""
47826,469,set_statement,Done,,,Q371183,"Q371183|P5063|""i44545"""
47826,470,set_statement,Done,,,Q1515347,"Q1515347|P8814|""01758730-n"""
47826,471,set_statement,Done,,,Q1515347,"Q1515347|P5063|""i44559"""
47826,472,set_statement,Done,,,Q222287,"Q222287|P8814|""01759149-n"""
47826,473,set_statement,Done,,,Q222287,"Q222287|P5063|""i44561"""
47826,474,set_statement,Done,,,Q646391,"Q646391|P8814|""01759374-n"""
47826,475,set_statement,Done,,,Q646391,"Q646391|P5063|""i44562"""
47826,476,set_statement,Done,,,Q617863,"Q617863|P8814|""01759557-n"""
47826,477,set_statement,Done,,,Q617863,"Q617863|P5063|""i44563"""
47826,478,set_statement,Done,,,Q1498023,"Q1498023|P8814|""01759984-n"""
47826,479,set_statement,Done,,,Q1498023,"Q1498023|P5063|""i44565"""
47826,480,set_statement,Done,,,Q113297,"Q113297|P8814|""01777025-n"""
47826,481,set_statement,Done,,,Q113297,"Q113297|P5063|""i44613"""
47826,482,set_statement,Done,,,Q129496515,"Q129496515|P8814|""01779945-n"""
47826,483,set_statement,Done,,,Q129496515,"Q129496515|P5063|""i44628"""
47826,484,set_statement,Done,,,Q2714455,"Q2714455|P8814|""01780290-n"""
47826,485,set_statement,Done,,,Q2714455,"Q2714455|P5063|""i44630"""
47826,486,set_statement,Done,,,Q1497962,"Q1497962|P8814|""01780550-n"""
47826,487,set_statement,Done,,,Q1497962,"Q1497962|P5063|""i44631"""
47826,488,set_statement,Done,,,Q10538610,"Q10538610|P8814|""01781262-n"""
47826,489,set_statement,Done,,,Q10538610,"Q10538610|P5063|""i44634"""
47826,490,set_statement,Done,,,Q10538746,"Q10538746|P8814|""01781442-n"""
47826,491,set_statement,Done,,,Q10538746,"Q10538746|P5063|""i44635"""
47826,492,set_statement,Done,,,Q640085,"Q640085|P8814|""01785157-n"""
47826,493,set_statement,Done,,,Q640085,"Q640085|P5063|""i44658"""
47826,494,set_statement,Done,,,Q6497995,"Q6497995|P8814|""01786347-n"""
47826,495,set_statement,Done,,,Q6497995,"Q6497995|P5063|""i44664"""
47826,496,set_statement,Done,,,Q367643,"Q367643|P8814|""01788308-n"""
47826,497,set_statement,Done,,,Q367643,"Q367643|P5063|""i44674"""
47826,498,set_statement,Done,,,Q19105,"Q19105|P8814|""01789832-n"""
47826,499,set_statement,Done,,,Q19105,"Q19105|P5063|""i44682"""
47826,500,set_statement,Done,,,Q184774,"Q184774|P8814|""01794266-n"""
47826,501,set_statement,Done,,,Q184774,"Q184774|P5063|""i44707"""
47826,502,set_statement,Done,,,Q845408,"Q845408|P8814|""01798541-n"""
47826,503,set_statement,Done,,,Q845408,"Q845408|P5063|""i44735"""
47826,504,set_statement,Done,,,Q40655821,"Q40655821|P8814|""01799160-n"""
47826,505,set_statement,Done,,,Q40655821,"Q40655821|P5063|""i44740"""
47826,506,set_statement,Done,,,Q117253054,"Q117253054|P8814|""01799948-n"""
47826,507,set_statement,Done,,,Q117253054,"Q117253054|P5063|""i44746"""
47826,508,set_statement,Done,,,Q19630,"Q19630|P8814|""01801347-n"""
47826,509,set_statement,Done,,,Q19630,"Q19630|P5063|""i44755"""
47826,510,set_statement,Done,,,Q901228,"Q901228|P8814|""01804120-n"""
47826,511,set_statement,Done,,,Q901228,"Q901228|P5063|""i44772"""
47826,512,set_statement,Done,,,Q632066,"Q632066|P8814|""01804517-n"""
47826,513,set_statement,Done,,,Q632066,"Q632066|P5063|""i44775"""
47826,514,set_statement,Done,,,Q25432,"Q25432|P8814|""01806003-n"""
47826,515,set_statement,Done,,,Q25432,"Q25432|P5063|""i44782"""
47826,516,set_statement,Done,,,Q338996,"Q338996|P8814|""01806282-n"""
47826,517,set_statement,Done,,,Q338996,"Q338996|P5063|""i44784"""
47826,518,set_statement,Done,,,Q28358,"Q28358|P8814|""01807711-n"""
47826,519,set_statement,Done,,,Q28358,"Q28358|P5063|""i44794"""
47826,520,set_statement,Done,,,Q26106,"Q26106|P8814|""01810469-n"""
47826,521,set_statement,Done,,,Q26106,"Q26106|P5063|""i44813"""
47826,522,set_statement,Done,,,Q492684,"Q492684|P8814|""01810932-n"""
47826,523,set_statement,Done,,,Q492684,"Q492684|P5063|""i44816"""
47826,524,set_statement,Done,,,Q42326,"Q42326|P8814|""01815303-n"""
47826,525,set_statement,Done,,,Q42326,"Q42326|P5063|""i44841"""
47826,526,set_statement,Done,,,Q168514,"Q168514|P8814|""01816173-n"""
47826,527,set_statement,Done,,,Q168514,"Q168514|P5063|""i44846"""
47826,528,set_statement,Done,,,Q191968,"Q191968|P8814|""01817911-n"""
47826,529,set_statement,Done,,,Q191968,"Q191968|P5063|""i44859"""
47826,530,set_statement,Done,,,Q127884,"Q127884|P8814|""01818658-n"""
47826,531,set_statement,Done,,,Q127884,"Q127884|P5063|""i44863"""
47826,532,set_statement,Done,,,Q753741,"Q753741|P8814|""01818781-n"""
47826,533,set_statement,Done,,,Q753741,"Q753741|P5063|""i44864"""
47826,534,set_statement,Done,,,Q128002,"Q128002|P8814|""01819115-n"""
47826,535,set_statement,Done,,,Q128002,"Q128002|P5063|""i44866"""
47826,536,set_statement,Done,,,Q220328,"Q220328|P8814|""01820594-n"""
47826,537,set_statement,Done,,,Q220328,"Q220328|P5063|""i44873"""
47826,538,set_statement,Done,,,Q207107,"Q207107|P8814|""01821954-n"""
47826,539,set_statement,Done,,,Q207107,"Q207107|P5063|""i44882"""
47826,540,set_statement,Done,,,Q1809222,"Q1809222|P8814|""01823717-n"""
47826,541,set_statement,Done,,,Q1809222,"Q1809222|P5063|""i44894"""
47826,542,set_statement,Done,,,Q208060,"Q208060|P8814|""01824941-n"""
47826,543,set_statement,Done,,,Q208060,"Q208060|P5063|""i44901"""
47826,544,set_statement,Done,,,Q767112,"Q767112|P8814|""01827390-n"""
47826,545,set_statement,Done,,,Q767112,"Q767112|P5063|""i44916"""
47826,546,set_statement,Done,,,Q369680,"Q369680|P8814|""01827503-n"""
47826,547,set_statement,Done,,,Q369680,"Q369680|P5063|""i44917"""
47826,548,set_statement,Done,,,Q179367,"Q179367|P8814|""01829321-n"""
47826,549,set_statement,Done,,,Q179367,"Q179367|P5063|""i44927"""
47826,550,set_statement,Done,,,Q25247,"Q25247|P8814|""01832683-n"""
47826,551,set_statement,Done,,,Q25247,"Q25247|P5063|""i44948"""
47826,552,set_statement,Done,,,Q41214676,"Q41214676|P8814|""01835753-n"""
47826,553,set_statement,Done,,,Q41214676,"Q41214676|P5063|""i44967"""
47826,554,set_statement,Done,,,Q834843,"Q834843|P8814|""01836818-n"""
47826,555,set_statement,Done,,,Q834843,"Q834843|P5063|""i44973"""
47826,556,set_statement,Done,,,Q26717,"Q26717|P8814|""01838410-n"""
47826,557,set_statement,Done,,,Q26717,"Q26717|P5063|""i44982"""
47826,558,set_statement,Done,,,Q166171,"Q166171|P8814|""01841727-n"""
47826,559,set_statement,Done,,,Q166171,"Q166171|P5063|""i45000"""
47826,560,set_statement,Done,,,Q16819,"Q16819|P8814|""01842391-n"""
47826,561,set_statement,Done,,,Q16819,"Q16819|P5063|""i45005"""
47826,562,set_statement,Done,,,Q934735,"Q934735|P8814|""01843929-n"""
47826,563,set_statement,Done,,,Q934735,"Q934735|P5063|""i45014"""
47826,564,set_statement,Done,,,Q845292,"Q845292|P8814|""01850619-n"""
47826,565,set_statement,Done,,,Q845292,"Q845292|P5063|""i45053"""
47826,566,set_statement,Done,,,Q369767,"Q369767|P8814|""01853194-n"""
47826,567,set_statement,Done,,,Q369767,"Q369767|P5063|""i45070"""
47826,568,set_statement,Done,,,Q692192,"Q692192|P8814|""01853848-n"""
47826,569,set_statement,Done,,,Q692192,"Q692192|P5063|""i45074"""
47826,570,set_statement,Done,,,Q322159,"Q322159|P8814|""01854783-n"""
47826,571,set_statement,Done,,,Q322159,"Q322159|P5063|""i45080"""
47826,572,set_statement,Done,,,Q200339,"Q200339|P8814|""01855041-n"""
47826,573,set_statement,Done,,,Q200339,"Q200339|P5063|""i45082"""
47826,574,set_statement,Done,,,Q27434,"Q27434|P8814|""01856307-n"""
47826,575,set_statement,Done,,,Q27434,"Q27434|P5063|""i45090"""
47826,576,set_statement,Done,,,Q26597,"Q26597|P8814|""01856511-n"""
47826,577,set_statement,Done,,,Q26597,"Q26597|P5063|""i45092"""
47826,578,set_statement,Done,,,Q241349,"Q241349|P8814|""01858117-n"""
47826,579,set_statement,Done,,,Q241349,"Q241349|P5063|""i45101"""
47826,580,set_statement,Done,,,Q31354,"Q31354|P8814|""01859021-n"""
47826,581,set_statement,Done,,,Q31354,"Q31354|P5063|""i45106"""
47826,582,set_statement,Done,,,Q26603,"Q26603|P8814|""01862137-n"""
47826,583,set_statement,Done,,,Q26603,"Q26603|P5063|""i45126"""
47826,584,set_statement,Done,,,Q732753,"Q732753|P8814|""01863505-n"""
47826,585,set_statement,Done,,,Q732753,"Q732753|P5063|""i45134"""
47826,586,set_statement,Done,,,Q602961,"Q602961|P8814|""01863971-n"""
47826,587,set_statement,Done,,,Q602961,"Q602961|P5063|""i45137"""
47826,588,set_statement,Done,,,Q194663,"Q194663|P8814|""01877954-n"""
47826,589,set_statement,Done,,,Q194663,"Q194663|P5063|""i45164"""
47826,590,set_statement,Done,,,Q371667,"Q371667|P8814|""01879308-n"""
47826,591,set_statement,Done,,,Q371667,"Q371667|P5063|""i45172"""
47826,592,set_statement,Done,,,Q270098,"Q270098|P8814|""01880247-n"""
47826,593,set_statement,Done,,,Q270098,"Q270098|P5063|""i45176"""
47826,594,set_statement,Done,,,Q732477,"Q732477|P8814|""01884498-n"""
47826,595,set_statement,Done,,,Q732477,"Q732477|P5063|""i45203"""
47826,596,set_statement,Done,,,Q36101,"Q36101|P8814|""01885355-n"""
47826,597,set_statement,Done,,,Q36101,"Q36101|P5063|""i45209"""
47826,598,set_statement,Done,,,Q194516,"Q194516|P8814|""01886844-n"""
47826,599,set_statement,Done,,,Q194516,"Q194516|P5063|""i45217"""
47826,600,set_statement,Done,,,Q547663,"Q547663|P8814|""01892490-n"""
47826,601,set_statement,Done,,,Q547663,"Q547663|P5063|""i45246"""
47826,602,set_statement,Done,,,Q1470645,"Q1470645|P8814|""01892785-n"""
47826,603,set_statement,Done,,,Q1470645,"Q1470645|P5063|""i45248"""
47826,604,set_statement,Done,,,Q1767402,"Q1767402|P8814|""01893654-n"""
47826,605,set_statement,Done,,,Q1767402,"Q1767402|P5063|""i45254"""
47826,606,set_statement,Done,,,Q591450,"Q591450|P8814|""01894671-n"""
47826,607,set_statement,Done,,,Q591450,"Q591450|P5063|""i45260"""
47826,608,set_statement,Done,,,Q469038,"Q469038|P8814|""01894786-n"""
47826,609,set_statement,Done,,,Q469038,"Q469038|P5063|""i45261"""
47826,610,set_statement,Done,,,Q1766543,"Q1766543|P8814|""01895026-n"""
47826,611,set_statement,Done,,,Q1766543,"Q1766543|P5063|""i45263"""
47826,612,set_statement,Done,,,Q2043191,"Q2043191|P8814|""01895385-n"""
47826,613,set_statement,Done,,,Q2043191,"Q2043191|P5063|""i45265"""
47826,614,set_statement,Done,,,Q465986,"Q465986|P8814|""01895662-n"""
47826,615,set_statement,Done,,,Q465986,"Q465986|P5063|""i45267"""
47826,616,set_statement,Done,,,Q613721,"Q613721|P8814|""01895805-n"""
47826,617,set_statement,Done,,,Q613721,"Q613721|P5063|""i45268"""
47826,618,set_statement,Done,,,Q1764011,"Q1764011|P8814|""01896040-n"""
47826,619,set_statement,Done,,,Q1764011,"Q1764011|P5063|""i45270"""
47826,620,set_statement,Done,,,Q6145,"Q6145|P8814|""01896466-n"""
47826,621,set_statement,Done,,,Q6145,"Q6145|P5063|""i45273"""
47826,622,set_statement,Done,,,Q852769,"Q852769|P8814|""01897163-n"""
47826,623,set_statement,Done,,,Q852769,"Q852769|P5063|""i45277"""
47826,624,set_statement,Done,,,Q474780,"Q474780|P8814|""01897597-n"""
47826,625,set_statement,Done,,,Q474780,"Q474780|P5063|""i45280"""
47826,626,set_statement,Done,,,Q2118900,"Q2118900|P8814|""01914044-n"""
47826,627,set_statement,Done,,,Q2118900,"Q2118900|P5063|""i45378"""
47826,628,set_statement,Done,,,Q2469009,"Q2469009|P8814|""01923700-n"""
47826,629,set_statement,Done,,,Q2469009,"Q2469009|P5063|""i45436"""
47826,630,set_statement,Done,,,Q334149,"Q334149|P8814|""01929020-n"""
47826,631,set_statement,Done,,,Q334149,"Q334149|P5063|""i45462"""
47826,632,set_statement,Done,,,Q3503323,"Q3503323|P8814|""01933781-n"""
47826,633,set_statement,Done,,,Q3503323,"Q3503323|P5063|""i45489"""
47826,634,set_statement,Done,,,Q1368890,"Q1368890|P8814|""01934792-n"""
47826,635,set_statement,Done,,,Q1368890,"Q1368890|P5063|""i45496"""
47826,636,set_statement,Done,,,Q30041,"Q30041|P8814|""01941095-n"""
47826,637,set_statement,Done,,,Q30041,"Q30041|P5063|""i45529"""
47826,638,set_statement,Done,,,Q1552190,"Q1552190|P8814|""01945728-n"""
47826,639,set_statement,Done,,,Q1552190,"Q1552190|P5063|""i45545"""
47826,640,set_statement,Done,,,Q245314,"Q245314|P8814|""01947453-n"""
47826,641,set_statement,Done,,,Q245314,"Q245314|P5063|""i45555"""
47826,642,set_statement,Done,,,Q40470822,"Q40470822|P8814|""01947981-n"""
47826,643,set_statement,Done,,,Q40470822,"Q40470822|P5063|""i45558"""
47826,644,set_statement,Done,,,Q3173997,"Q3173997|P8814|""01949468-n"""
47826,645,set_statement,Done,,,Q3173997,"Q3173997|P5063|""i45567"""
47826,646,set_statement,Done,,,Q182258,"Q182258|P8814|""01951726-n"""
47826,647,set_statement,Done,,,Q182258,"Q182258|P5063|""i45582"""
47826,648,set_statement,Done,,,Q3739561,"Q3739561|P8814|""01952140-n"""
47826,649,set_statement,Done,,,Q3739561,"Q3739561|P5063|""i45585"""
47826,650,set_statement,Done,,,Q1434354,"Q1434354|P8814|""01952614-n"""
47826,651,set_statement,Done,,,Q1434354,"Q1434354|P5063|""i45588"""
47826,652,set_statement,Done,,,Q520464,"Q520464|P8814|""01953915-n"""
47826,653,set_statement,Done,,,Q520464,"Q520464|P5063|""i45594"""
47826,654,set_statement,Done,,,Q522625,"Q522625|P8814|""01954254-n"""
47826,655,set_statement,Done,,,Q522625,"Q522625|P5063|""i45596"""
47826,656,set_statement,Done,,,Q11176238,"Q11176238|P8814|""01956235-n"""
47826,657,set_statement,Done,,,Q11176238,"Q11176238|P5063|""i45608"""
47826,658,set_statement,Done,,,Q204259,"Q204259|P8814|""01965147-n"""
47826,659,set_statement,Done,,,Q204259,"Q204259|P5063|""i45659"""
47826,660,set_statement,Done,,,Q27855,"Q27855|P8814|""01966912-n"""
47826,661,set_statement,Done,,,Q27855,"Q27855|P5063|""i45670"""
47826,662,set_statement,Done,,,Q752130,"Q752130|P8814|""01968170-n"""
47826,663,set_statement,Done,,,Q752130,"Q752130|P5063|""i45678"""
47826,664,set_statement,Done,,,Q106066216,"Q106066216|P8814|""01969227-n"""
47826,665,set_statement,Done,,,Q106066216,"Q106066216|P5063|""i45683"""
47826,666,set_statement,Done,,,Q39514,"Q39514|P8814|""01973308-n"""
47826,667,set_statement,Done,,,Q39514,"Q39514|P5063|""i45707"""
47826,668,set_statement,Done,,,Q5461759,"Q5461759|P8814|""01980126-n"""
47826,669,set_statement,Done,,,Q5461759,"Q5461759|P5063|""i45739"""
47826,670,set_statement,Done,,,Q590283,"Q590283|P8814|""01981096-n"""
47826,671,set_statement,Done,,,Q590283,"Q590283|P5063|""i45745"""
47826,672,set_statement,Done,,,Q844839,"Q844839|P8814|""01982515-n"""
47826,673,set_statement,Done,,,Q844839,"Q844839|P5063|""i45754"""
47826,674,set_statement,Done,,,Q40628380,"Q40628380|P8814|""01983471-n"""
47826,675,set_statement,Done,,,Q40628380,"Q40628380|P5063|""i45760"""
47826,676,set_statement,Done,,,Q273655,"Q273655|P8814|""01984988-n"""
47826,677,set_statement,Done,,,Q273655,"Q273655|P5063|""i45769"""
47826,678,set_statement,Done,,,Q40481921,"Q40481921|P8814|""01986470-n"""
47826,679,set_statement,Done,,,Q40481921,"Q40481921|P5063|""i45777"""
47826,680,set_statement,Done,,,Q551915,"Q551915|P8814|""01986886-n"""
47826,681,set_statement,Done,,,Q551915,"Q551915|P5063|""i45780"""
47826,682,set_statement,Done,,,Q992625,"Q992625|P8814|""01991510-n"""
47826,683,set_statement,Done,,,Q992625,"Q992625|P5063|""i45808"""
47826,684,set_statement,Done,,,Q1135229,"Q1135229|P8814|""01998340-n"""
47826,685,set_statement,Done,,,Q1135229,"Q1135229|P5063|""i45849"""
47826,686,set_statement,Done,,,Q40982388,"Q40982388|P8814|""02001395-n"""
47826,687,set_statement,Done,,,Q40982388,"Q40982388|P5063|""i45867"""
47826,688,set_statement,Done,,,Q15896367,"Q15896367|P8814|""02001840-n"""
47826,689,set_statement,Done,,,Q15896367,"Q15896367|P5063|""i45870"""
47826,690,set_statement,Done,,,Q25398,"Q25398|P8814|""02005378-n"""
47826,691,set_statement,Done,,,Q25398,"Q25398|P5063|""i45885"""
47826,692,set_statement,Done,,,Q18700,"Q18700|P8814|""02008053-n"""
47826,693,set_statement,Done,,,Q18700,"Q18700|P5063|""i45901"""
47826,694,set_statement,Done,,,Q11844301,"Q11844301|P8814|""02008717-n"""
47826,695,set_statement,Done,,,Q11844301,"Q11844301|P5063|""i45905"""
47826,696,set_statement,Done,,,Q107333222,"Q107333222|P8814|""02009938-n"""
47826,697,set_statement,Done,,,Q107333222,"Q107333222|P5063|""i45913"""
47826,698,set_statement,Done,,,Q110257447,"Q110257447|P8814|""02011297-n"""
47826,699,set_statement,Done,,,Q110257447,"Q110257447|P5063|""i45920"""
47826,700,set_statement,Done,,,Q371028,"Q371028|P8814|""02011883-n"""
47826,701,set_statement,Done,,,Q371028,"Q371028|P5063|""i45923"""
47826,702,set_statement,Done,,,Q25664280,"Q25664280|P8814|""02012404-n"""
47826,703,set_statement,Done,,,Q25664280,"Q25664280|P5063|""i45927"""
47826,704,set_statement,Done,,,Q764282,"Q764282|P8814|""02013670-n"""
47826,705,set_statement,Done,,,Q764282,"Q764282|P5063|""i45935"""
47826,706,set_statement,Done,,,Q210341,"Q210341|P8814|""02013935-n"""
47826,707,set_statement,Done,,,Q210341,"Q210341|P5063|""i45937"""
47826,708,set_statement,Done,,,Q25709,"Q25709|P8814|""02014597-n"""
47826,709,set_statement,Done,,,Q25709,"Q25709|P5063|""i45941"""
47826,710,set_statement,Done,,,Q469586,"Q469586|P8814|""02014839-n"""
47826,711,set_statement,Done,,,Q469586,"Q469586|P5063|""i45943"""
47826,712,set_statement,Done,,,Q903662,"Q903662|P8814|""02016891-n"""
47826,713,set_statement,Done,,,Q903662,"Q903662|P5063|""i45954"""
47826,714,set_statement,Done,,,Q933531,"Q933531|P8814|""02017178-n"""
47826,715,set_statement,Done,,,Q933531,"Q933531|P5063|""i45956"""
47826,716,set_statement,Done,,,Q194024,"Q194024|P8814|""02018720-n"""
47826,717,set_statement,Done,,,Q194024,"Q194024|P5063|""i45965"""
47826,718,set_statement,Done,,,Q18847,"Q18847|P8814|""02019470-n"""
47826,719,set_statement,Done,,,Q18847,"Q18847|P5063|""i45969"""
47826,720,set_statement,Done,,,Q187902,"Q187902|P8814|""02019867-n"""
47826,721,set_statement,Done,,,Q187902,"Q187902|P5063|""i45972"""
47826,722,set_statement,Done,,,Q40642457,"Q40642457|P8814|""02020129-n"""
47826,723,set_statement,Done,,,Q40642457,"Q40642457|P5063|""i45974"""
47826,724,set_statement,Done,,,Q50407554,"Q50407554|P8814|""02022873-n"""
47826,725,set_statement,Done,,,Q50407554,"Q50407554|P5063|""i45991"""
47826,726,set_statement,Done,,,Q665606,"Q665606|P8814|""02023232-n"""
47826,727,set_statement,Done,,,Q665606,"Q665606|P5063|""i45994"""
47826,728,set_statement,Done,,,Q618751,"Q618751|P8814|""02028043-n"""
47826,729,set_statement,Done,,,Q618751,"Q618751|P5063|""i46017"""
47826,730,set_statement,Done,,,Q18850,"Q18850|P8814|""02029602-n"""
47826,731,set_statement,Done,,,Q18850,"Q18850|P5063|""i46023"""
47826,732,set_statement,Done,,,Q106447283,"Q106447283|P8814|""02030146-n"""
47826,733,set_statement,Done,,,Q106447283,"Q106447283|P5063|""i46027"""
47826,734,set_statement,Done,,,Q28000,"Q28000|P8814|""02031105-n"""
47826,735,set_statement,Done,,,Q28000,"Q28000|P5063|""i46033"""
47826,736,set_statement,Done,,,Q107333207,"Q107333207|P8814|""02032032-n"""
47826,737,set_statement,Done,,,Q107333207,"Q107333207|P5063|""i46039"""
47826,738,set_statement,Done,,,Q530194,"Q530194|P8814|""02032360-n"""
47826,739,set_statement,Done,,,Q530194,"Q530194|P5063|""i46041"""
47826,740,set_statement,Done,,,Q1265652,"Q1265652|P8814|""02033222-n"""
47826,741,set_statement,Done,,,Q1265652,"Q1265652|P5063|""i46047"""
47826,742,set_statement,Done,,,Q25664334,"Q25664334|P8814|""02033491-n"""
47826,743,set_statement,Done,,,Q25664334,"Q25664334|P5063|""i46049"""
47826,744,set_statement,Done,,,Q25692,"Q25692|P8814|""02034876-n"""
47826,745,set_statement,Done,,,Q25692,"Q25692|P5063|""i46057"""
47826,746,set_statement,Done,,,Q476350,"Q476350|P8814|""02035978-n"""
47826,747,set_statement,Done,,,Q476350,"Q476350|P5063|""i46065"""
47826,748,set_statement,Done,,,Q280358,"Q280358|P8814|""02037625-n"""
47826,749,set_statement,Done,,,Q280358,"Q280358|P5063|""i46075"""
47826,750,set_statement,Done,,,Q178821,"Q178821|P8814|""02037864-n"""
47826,751,set_statement,Done,,,Q178821,"Q178821|P5063|""i46076"""
47826,752,set_statement,Done,,,Q45696,"Q45696|P8814|""02041120-n"""
47826,753,set_statement,Done,,,Q45696,"Q45696|P5063|""i46095"""
47826,754,set_statement,Done,,,Q219199,"Q219199|P8814|""02042151-n"""
47826,755,set_statement,Done,,,Q219199,"Q219199|P5063|""i46101"""
47826,756,set_statement,Done,,,Q835119,"Q835119|P8814|""02042434-n"""
47826,757,set_statement,Done,,,Q835119,"Q835119|P5063|""i46103"""
47826,758,set_statement,Done,,,Q184834,"Q184834|P8814|""02042920-n"""
47826,759,set_statement,Done,,,Q184834,"Q184834|P5063|""i46106"""
47826,760,set_statement,Done,,,Q28236,"Q28236|P8814|""02044700-n"""
47826,761,set_statement,Done,,,Q28236,"Q28236|P5063|""i46115"""
47826,762,set_statement,Done,,,Q723064,"Q723064|P8814|""02045126-n"""
47826,763,set_statement,Done,,,Q723064,"Q723064|P5063|""i46118"""
47826,764,set_statement,Done,,,Q18875,"Q18875|P8814|""02045987-n"""
47826,765,set_statement,Done,,,Q18875,"Q18875|P5063|""i46124"""
47826,766,set_statement,Done,,,Q203053,"Q203053|P8814|""02047171-n"""
47826,767,set_statement,Done,,,Q203053,"Q203053|P5063|""i46131"""
47826,768,set_statement,Done,,,Q26685,"Q26685|P8814|""02050629-n"""
47826,769,set_statement,Done,,,Q26685,"Q26685|P5063|""i46154"""
47826,770,set_statement,Done,,,Q855367,"Q855367|P8814|""02050769-n"""
47826,771,set_statement,Done,,,Q855367,"Q855367|P5063|""i46155"""
47826,772,set_statement,Done,,,Q50726540,"Q50726540|P8814|""02051007-n"""
47826,773,set_statement,Done,,,Q50726540,"Q50726540|P5063|""i46157"""
47826,774,set_statement,Done,,,Q179919,"Q179919|P8814|""02053096-n"""
47826,775,set_statement,Done,,,Q179919,"Q179919|P5063|""i46169"""
47826,776,set_statement,Done,,,Q185183,"Q185183|P8814|""02053240-n"""
47826,777,set_statement,Done,,,Q185183,"Q185183|P5063|""i46170"""
47826,778,set_statement,Done,,,Q735190,"Q735190|P8814|""02054858-n"""
47826,779,set_statement,Done,,,Q735190,"Q735190|P5063|""i46179"""
47826,780,set_statement,Done,,,Q199427,"Q199427|P8814|""02055019-n"""
47826,781,set_statement,Done,,,Q199427,"Q199427|P5063|""i46180"""
47826,782,set_statement,Done,,,Q106447807,"Q106447807|P8814|""02056079-n"""
47826,783,set_statement,Done,,,Q106447807,"Q106447807|P5063|""i46187"""
47826,784,set_statement,Done,,,Q469940,"Q469940|P8814|""02057365-n"""
47826,785,set_statement,Done,,,Q469940,"Q469940|P5063|""i46195"""
47826,786,set_statement,Done,,,Q187958,"Q187958|P8814|""02058882-n"""
47826,787,set_statement,Done,,,Q187958,"Q187958|P5063|""i46204"""
47826,788,set_statement,Done,,,Q244813,"Q244813|P8814|""02059689-n"""
47826,789,set_statement,Done,,,Q244813,"Q244813|P5063|""i46209"""
47826,790,set_statement,Done,,,Q208682,"Q208682|P8814|""02061248-n"""
47826,791,set_statement,Done,,,Q208682,"Q208682|P5063|""i46218"""
47826,792,set_statement,Done,,,Q276206,"Q276206|P8814|""02062194-n"""
47826,793,set_statement,Done,,,Q276206,"Q276206|P5063|""i46223"""
47826,794,set_statement,Done,,,Q26896,"Q26896|P8814|""02062786-n"""
47826,795,set_statement,Done,,,Q26896,"Q26896|P5063|""i46227"""
47826,796,set_statement,Done,,,Q607024,"Q607024|P8814|""02064213-n"""
47826,797,set_statement,Done,,,Q607024,"Q607024|P5063|""i46236"""
47826,798,set_statement,Done,,,Q42196,"Q42196|P8814|""02067469-n"""
47826,799,set_statement,Done,,,Q42196,"Q42196|P5063|""i46252"""
47826,800,set_statement,Done,,,Q185097,"Q185097|P8814|""02067916-n"""
47826,801,set_statement,Done,,,Q185097,"Q185097|P5063|""i46254"""
47826,802,set_statement,Done,,,Q201808,"Q201808|P8814|""02068060-n"""
47826,803,set_statement,Done,,,Q201808,"Q201808|P5063|""i46255"""
47826,804,set_statement,Done,,,Q19829408,"Q19829408|P8814|""02069893-n"""
47826,805,set_statement,Done,,,Q19829408,"Q19829408|P5063|""i46265"""
47826,806,set_statement,Done,,,Q244300,"Q244300|P8814|""02070256-n"""
47826,807,set_statement,Done,,,Q244300,"Q244300|P5063|""i46267"""
47826,808,set_statement,Done,,,Q300949,"Q300949|P8814|""02071194-n"""
47826,809,set_statement,Done,,,Q300949,"Q300949|P5063|""i46272"""
47826,810,set_statement,Done,,,Q174199,"Q174199|P8814|""02072626-n"""
47826,811,set_statement,Done,,,Q174199,"Q174199|P5063|""i46279"""
47826,812,set_statement,Done,,,Q27027,"Q27027|P8814|""02073276-n"""
47826,813,set_statement,Done,,,Q27027,"Q27027|P5063|""i46283"""
47826,814,set_statement,Done,,,Q159426,"Q159426|P8814|""02075145-n"""
47826,815,set_statement,Done,,,Q159426,"Q159426|P5063|""i46295"""
47826,816,set_statement,Done,,,Q40261,"Q40261|P8814|""02076483-n"""
47826,817,set_statement,Done,,,Q40261,"Q40261|P5063|""i46303"""
47826,818,set_statement,Done,,,Q187484,"Q187484|P8814|""02077378-n"""
47826,819,set_statement,Done,,,Q187484,"Q187484|P5063|""i46308"""
47826,820,set_statement,Done,,,Q221088,"Q221088|P8814|""02080036-n"""
47826,821,set_statement,Done,,,Q221088,"Q221088|P5063|""i46320"""
47826,822,set_statement,Done,,,Q7966,"Q7966|P8814|""02080439-n"""
47826,823,set_statement,Done,,,Q7966,"Q7966|P5063|""i46323"""
47826,824,set_statement,Done,,,Q28174380,"Q28174380|P8814|""02080944-n"""
47826,825,set_statement,Done,,,Q28174380,"Q28174380|P5063|""i46326"""
47826,826,set_statement,Done,,,Q379732,"Q379732|P8814|""02081226-n"""
47826,827,set_statement,Done,,,Q379732,"Q379732|P5063|""i46328"""
47826,828,set_statement,Done,,,Q26913,"Q26913|P8814|""02082503-n"""
47826,829,set_statement,Done,,,Q26913,"Q26913|P5063|""i46335"""
47826,830,set_statement,Done,,,Q149405,"Q149405|P8814|""02083365-n"""
47826,831,set_statement,Done,,,Q149405,"Q149405|P5063|""i46341"""
47826,832,set_statement,Done,,,Q214287,"Q214287|P8814|""02083712-n"""
47826,833,set_statement,Done,,,Q214287,"Q214287|P5063|""i46343"""
47826,834,set_statement,Done,,,Q18498,"Q18498|P8814|""02117019-n"""
47826,835,set_statement,Done,,,Q18498,"Q18498|P5063|""i46550"""
47826,836,set_statement,Done,,,Q28196316,"Q28196316|P8814|""02117364-n"""
47826,837,set_statement,Done,,,Q28196316,"Q28196316|P5063|""i46552"""
47826,838,set_statement,Done,,,Q132585,"Q132585|P8814|""02118565-n"""
47826,839,set_statement,Done,,,Q132585,"Q132585|P5063|""i46559"""
47826,840,set_statement,Done,,,Q173651,"Q173651|P8814|""02119390-n"""
47826,841,set_statement,Done,,,Q173651,"Q173651|P5063|""i46565"""
47826,842,set_statement,Done,,,Q188657,"Q188657|P8814|""02120164-n"""
47826,843,set_statement,Done,,,Q188657,"Q188657|P5063|""i46569"""
47826,844,set_statement,Done,,,Q8332,"Q8332|P8814|""02121674-n"""
47826,845,set_statement,Done,,,Q8332,"Q8332|P5063|""i46579"""
47826,846,set_statement,Done,,,Q263706,"Q263706|P8814|""02122286-n"""
47826,847,set_statement,Done,,,Q263706,"Q263706|P5063|""i46583"""
47826,848,set_statement,Done,,,Q23729171,"Q23729171|P8814|""02122731-n"""
47826,849,set_statement,Done,,,Q23729171,"Q23729171|P5063|""i46586"""
47826,850,set_statement,Done,,,Q215250,"Q215250|P8814|""02123157-n"""
47826,851,set_statement,Done,,,Q215250,"Q215250|P5063|""i46589"""
47826,852,set_statement,Done,,,Q43576,"Q43576|P8814|""02127733-n"""
47826,853,set_statement,Done,,,Q43576,"Q43576|P5063|""i46617"""
47826,854,set_statement,Done,,,Q47450946,"Q47450946|P8814|""02128524-n"""
47826,855,set_statement,Done,,,Q47450946,"Q47450946|P5063|""i46621"""
47826,856,set_statement,Done,,,Q23907,"Q23907|P8814|""02132960-n"""
47826,857,set_statement,Done,,,Q23907,"Q23907|P5063|""i46651"""
47826,858,set_statement,Done,,,Q122783,"Q122783|P8814|""02135813-n"""
47826,859,set_statement,Done,,,Q122783,"Q122783|P5063|""i46666"""
47826,860,set_statement,Done,,,Q145016,"Q145016|P8814|""02137070-n"""
47826,861,set_statement,Done,,,Q145016,"Q145016|P5063|""i46673"""
47826,862,set_statement,Done,,,Q757265,"Q757265|P8814|""02138262-n"""
47826,863,set_statement,Done,,,Q757265,"Q757265|P5063|""i46678"""
47826,864,set_statement,Done,,,Q125705855,"Q125705855|P8814|""02138496-n"""
47826,865,set_statement,Done,,,Q125705855,"Q125705855|P5063|""i46680"""
47826,866,set_statement,Done,,,Q141424,"Q141424|P8814|""02138937-n"""
47826,867,set_statement,Done,,,Q141424,"Q141424|P5063|""i46683"""
47826,868,set_statement,Done,,,Q649306,"Q649306|P8814|""02140540-n"""
47826,869,set_statement,Done,,,Q649306,"Q649306|P5063|""i46694"""
47826,870,set_statement,Done,,,Q583116,"Q583116|P8814|""02142920-n"""
47826,871,set_statement,Done,,,Q583116,"Q583116|P5063|""i46708"""
47826,872,set_statement,Done,,,Q1340212,"Q1340212|P8814|""02143510-n"""
47826,873,set_statement,Done,,,Q1340212,"Q1340212|P5063|""i46712"""
47826,874,set_statement,Done,,,Q1834586,"Q1834586|P8814|""02145059-n"""
47826,875,set_statement,Done,,,Q1834586,"Q1834586|P5063|""i46719"""
47826,876,set_statement,Done,,,Q1548283,"Q1548283|P8814|""02145550-n"""
47826,877,set_statement,Done,,,Q1548283,"Q1548283|P5063|""i46722"""
47826,878,set_statement,Done,,,Q309117,"Q309117|P8814|""02145794-n"""
47826,879,set_statement,Done,,,Q309117,"Q309117|P5063|""i46724"""
47826,880,set_statement,Done,,,Q232644,"Q232644|P8814|""02148562-n"""
47826,881,set_statement,Done,,,Q232644,"Q232644|P5063|""i46739"""
47826,882,set_statement,Done,,,Q301708,"Q301708|P8814|""02148853-n"""
47826,883,set_statement,Done,,,Q301708,"Q301708|P5063|""i46741"""
47826,884,set_statement,Done,,,Q301254,"Q301254|P8814|""02149825-n"""
47826,885,set_statement,Done,,,Q301254,"Q301254|P5063|""i46747"""
47826,886,set_statement,Done,,,Q301105,"Q301105|P8814|""02150243-n"""
47826,887,set_statement,Done,,,Q301105,"Q301105|P5063|""i46750"""
47826,888,set_statement,Done,,,Q176901,"Q176901|P8814|""02150599-n"""
47826,889,set_statement,Done,,,Q176901,"Q176901|P5063|""i46752"""
47826,890,set_statement,Done,,,Q478631,"Q478631|P8814|""02150740-n"""
47826,891,set_statement,Done,,,Q478631,"Q478631|P5063|""i46753"""
47826,892,set_statement,Done,,,Q786179,"Q786179|P8814|""02150897-n"""
47826,893,set_statement,Done,,,Q786179,"Q786179|P5063|""i46754"""
47826,894,set_statement,Done,,,Q300981,"Q300981|P8814|""02153537-n"""
47826,895,set_statement,Done,,,Q300981,"Q300981|P5063|""i46770"""
47826,896,set_statement,Done,,,Q717028,"Q717028|P8814|""02153882-n"""
47826,897,set_statement,Done,,,Q717028,"Q717028|P5063|""i46772"""
47826,898,set_statement,Done,,,Q233024,"Q233024|P8814|""02168529-n"""
47826,899,set_statement,Done,,,Q233024,"Q233024|P5063|""i46848"""
47826,900,set_statement,Done,,,Q1563577,"Q1563577|P8814|""02168881-n"""
47826,901,set_statement,Done,,,Q1563577,"Q1563577|P5063|""i46850"""
47826,902,set_statement,Done,,,Q156954,"Q156954|P8814|""02172626-n"""
47826,903,set_statement,Done,,,Q156954,"Q156954|P5063|""i46874"""
47826,904,set_statement,Done,,,Q1683382,"Q1683382|P8814|""02176025-n"""
47826,905,set_statement,Done,,,Q1683382,"Q1683382|P5063|""i46894"""
47826,906,set_statement,Done,,,Q6093621,"Q6093621|P8814|""02179399-n"""
47826,907,set_statement,Done,,,Q6093621,"Q6093621|P5063|""i46913"""
47826,908,set_statement,Done,,,Q217336,"Q217336|P8814|""02181369-n"""
47826,909,set_statement,Done,,,Q217336,"Q217336|P5063|""i46925"""
47826,910,set_statement,Done,,,Q1310545,"Q1310545|P8814|""02185007-n"""
47826,911,set_statement,Done,,,Q1310545,"Q1310545|P5063|""i46946"""
47826,912,set_statement,Done,,,Q312378,"Q312378|P8814|""02185748-n"""
47826,913,set_statement,Done,,,Q312378,"Q312378|P5063|""i46951"""
47826,914,set_statement,Done,,,Q50405403,"Q50405403|P8814|""02187241-n"""
47826,915,set_statement,Done,,,Q50405403,"Q50405403|P5063|""i46959"""
47826,916,set_statement,Done,,,Q11777384,"Q11777384|P8814|""02188466-n"""
47826,917,set_statement,Done,,,Q11777384,"Q11777384|P5063|""i46967"""
47826,918,set_statement,Done,,,Q989263,"Q989263|P8814|""02189369-n"""
47826,919,set_statement,Done,,,Q989263,"Q989263|P5063|""i46972"""
47826,920,set_statement,Done,,,Q1736901,"Q1736901|P8814|""02189931-n"""
47826,921,set_statement,Done,,,Q1736901,"Q1736901|P5063|""i46976"""
47826,922,set_statement,Done,,,Q5332402,"Q5332402|P8814|""02190552-n"""
47826,923,set_statement,Done,,,Q5332402,"Q5332402|P5063|""i46980"""
47826,924,set_statement,Done,,,Q1615814,"Q1615814|P8814|""02192322-n"""
47826,925,set_statement,Done,,,Q1615814,"Q1615814|P5063|""i46986"""
47826,926,set_statement,Done,,,Q3098874,"Q3098874|P8814|""02196317-n"""
47826,927,set_statement,Done,,,Q3098874,"Q3098874|P5063|""i47010"""
47826,928,set_statement,Done,,,Q2213119,"Q2213119|P8814|""02197402-n"""
47826,929,set_statement,Done,,,Q2213119,"Q2213119|P5063|""i47017"""
47826,930,set_statement,Done,,,Q250269,"Q250269|P8814|""02199837-n"""
47826,931,set_statement,Done,,,Q250269,"Q250269|P5063|""i47032"""
47826,932,set_statement,Done,,,Q130888,"Q130888|P8814|""02200341-n"""
47826,933,set_statement,Done,,,Q130888,"Q130888|P5063|""i47035"""
47826,934,set_statement,Done,,,Q3125657,"Q3125657|P8814|""02202154-n"""
47826,935,set_statement,Done,,,Q3125657,"Q3125657|P5063|""i47046"""
47826,936,set_statement,Done,,,Q27958,"Q27958|P8814|""02204658-n"""
47826,937,set_statement,Done,,,Q27958,"Q27958|P5063|""i47059"""
47826,938,set_statement,Done,,,Q2184225,"Q2184225|P8814|""02213573-n"""
47826,939,set_statement,Done,,,Q2184225,"Q2184225|P5063|""i47110"""
47826,940,set_statement,Done,,,Q30258,"Q30258|P8814|""02215891-n"""
47826,941,set_statement,Done,,,Q30258,"Q30258|P5063|""i47123"""
47826,942,set_statement,Done,,,Q260482,"Q260482|P8814|""02216195-n"""
47826,943,set_statement,Done,,,Q260482,"Q260482|P5063|""i47125"""
47826,944,set_statement,Done,,,Q5330640,"Q5330640|P8814|""02216440-n"""
47826,945,set_statement,Done,,,Q5330640,"Q5330640|P5063|""i47127"""
47826,946,set_statement,Done,,,Q252363,"Q252363|P8814|""02217312-n"""
47826,947,set_statement,Done,,,Q252363,"Q252363|P5063|""i47133"""
47826,948,set_statement,Done,,,Q14452991,"Q14452991|P8814|""02221667-n"""
47826,949,set_statement,Done,,,Q14452991,"Q14452991|P5063|""i47160"""
47826,950,set_statement,Done,,,Q6652659,"Q6652659|P8814|""02222877-n"""
47826,951,set_statement,Done,,,Q6652659,"Q6652659|P5063|""i47165"""
47826,952,set_statement,Done,,,Q1543905,"Q1543905|P8814|""02224367-n"""
47826,953,set_statement,Done,,,Q1543905,"Q1543905|P5063|""i47175"""
47826,954,set_statement,Done,,,Q456474,"Q456474|P8814|""02225234-n"""
47826,955,set_statement,Done,,,Q456474,"Q456474|P5063|""i47181"""
47826,956,set_statement,Done,,,Q135349,"Q135349|P8814|""02227365-n"""
47826,957,set_statement,Done,,,Q135349,"Q135349|P5063|""i47193"""
47826,958,set_statement,Done,,,Q13582607,"Q13582607|P8814|""02228450-n"""
47826,959,set_statement,Done,,,Q13582607,"Q13582607|P5063|""i47199"""
47826,960,set_statement,Done,,,Q1059580,"Q1059580|P8814|""02229899-n"""
47826,961,set_statement,Done,,,Q1059580,"Q1059580|P5063|""i47207"""
47826,962,set_statement,Done,,,Q2789177,"Q2789177|P8814|""02231349-n"""
47826,963,set_statement,Done,,,Q2789177,"Q2789177|P5063|""i47215"""
47826,964,set_statement,Done,,,Q10678932,"Q10678932|P8814|""02231808-n"""
47826,965,set_statement,Done,,,Q10678932,"Q10678932|P5063|""i47218"""
47826,966,set_statement,Done,,,Q5153638,"Q5153638|P8814|""02234455-n"""
47826,967,set_statement,Done,,,Q5153638,"Q5153638|P5063|""i47233"""
47826,968,set_statement,Done,,,Q267996,"Q267996|P8814|""02237007-n"""
47826,969,set_statement,Done,,,Q267996,"Q267996|P5063|""i47246"""
47826,970,set_statement,Done,,,Q7686422,"Q7686422|P8814|""02241010-n"""
47826,971,set_statement,Done,,,Q7686422,"Q7686422|P5063|""i47269"""
47826,972,set_statement,Done,,,Q10603680,"Q10603680|P8814|""02243660-n"""
47826,973,set_statement,Done,,,Q10603680,"Q10603680|P5063|""i47287"""
47826,974,set_statement,Done,,,Q2685673,"Q2685673|P8814|""02249593-n"""
47826,975,set_statement,Done,,,Q2685673,"Q2685673|P5063|""i47321"""
47826,976,set_statement,Done,,,Q581988,"Q581988|P8814|""02249868-n"""
47826,977,set_statement,Done,,,Q581988,"Q581988|P5063|""i47323"""
47826,978,set_statement,Done,,,Q1303946,"Q1303946|P8814|""02250307-n"""
47826,979,set_statement,Done,,,Q1303946,"Q1303946|P5063|""i47326"""
47826,980,set_statement,Done,,,Q12868312,"Q12868312|P8814|""02251786-n"""
47826,981,set_statement,Done,,,Q12868312,"Q12868312|P5063|""i47335"""
47826,982,set_statement,Done,,,Q10642695,"Q10642695|P8814|""02253885-n"""
47826,983,set_statement,Done,,,Q10642695,"Q10642695|P5063|""i47348"""
47826,984,set_statement,Done,,,Q206556,"Q206556|P8814|""02254245-n"""
47826,985,set_statement,Done,,,Q206556,"Q206556|P5063|""i47350"""
47826,986,set_statement,Done,,,Q618315,"Q618315|P8814|""02256565-n"""
47826,987,set_statement,Done,,,Q618315,"Q618315|P5063|""i47364"""
47826,988,set_statement,Done,,,Q10639210,"Q10639210|P8814|""02256898-n"""
47826,989,set_statement,Done,,,Q10639210,"Q10639210|P5063|""i47366"""
47826,990,set_statement,Done,,,Q1382443,"Q1382443|P8814|""02257553-n"""
47826,991,set_statement,Done,,,Q1382443,"Q1382443|P5063|""i47370"""
47826,992,set_statement,Done,,,Q7195442,"Q7195442|P8814|""02257675-n"""
47826,993,set_statement,Done,,,Q7195442,"Q7195442|P5063|""i47371"""
47826,994,set_statement,Done,,,Q10631887,"Q10631887|P8814|""02257922-n"""
47826,995,set_statement,Done,,,Q10631887,"Q10631887|P5063|""i47373"""
47826,996,set_statement,Done,,,Q1949538,"Q1949538|P8814|""02259936-n"""
47826,997,set_statement,Done,,,Q1949538,"Q1949538|P5063|""i47386"""
47826,998,set_statement,Done,,,Q13430039,"Q13430039|P8814|""02261281-n"""
47826,999,set_statement,Done,,,Q13430039,"Q13430039|P5063|""i47394"""
47826,1000,set_statement,Done,,,Q4224702,"Q4224702|P8814|""02264071-n"""
47826,1001,set_statement,Done,,,Q4224702,"Q4224702|P5063|""i47411"""
47826,1002,set_statement,Done,,,Q10717185,"Q10717185|P8814|""02264409-n"""
47826,1003,set_statement,Done,,,Q10717185,"Q10717185|P5063|""i47413"""
47826,1004,set_statement,Done,,,Q1316279,"Q1316279|P8814|""02269516-n"""
47826,1005,set_statement,Done,,,Q1316279,"Q1316279|P5063|""i47442"""
47826,1006,set_statement,Done,,,Q10498532,"Q10498532|P8814|""02274938-n"""
47826,1007,set_statement,Done,,,Q10498532,"Q10498532|P5063|""i47475"""
47826,1008,set_statement,Done,,,Q503989,"Q503989|P8814|""02278212-n"""
47826,1009,set_statement,Done,,,Q503989,"Q503989|P5063|""i47489"""
47826,1010,set_statement,Done,,,Q1590841,"Q1590841|P8814|""02278730-n"""
47826,1011,set_statement,Done,,,Q1590841,"Q1590841|P5063|""i47492"""
47826,1012,set_statement,Done,,,Q2661300,"Q2661300|P8814|""02279554-n"""
47826,1013,set_statement,Done,,,Q2661300,"Q2661300|P5063|""i47497"""
47826,1014,set_statement,Done,,,Q13575510,"Q13575510|P8814|""02279746-n"""
47826,1015,set_statement,Done,,,Q13575510,"Q13575510|P5063|""i47498"""
47826,1016,set_statement,Done,,,Q310832,"Q310832|P8814|""02279920-n"""
47826,1017,set_statement,Done,,,Q310832,"Q310832|P5063|""i47499"""
47826,1018,set_statement,Done,,,Q97378644,"Q97378644|P8814|""02281909-n"""
47826,1019,set_statement,Done,,,Q97378644,"Q97378644|P5063|""i47513"""
47826,1020,set_statement,Done,,,Q27653,"Q27653|P8814|""02283667-n"""
47826,1021,set_statement,Done,,,Q27653,"Q27653|P5063|""i47522"""
47826,1022,set_statement,Done,,,Q123966317,"Q123966317|P8814|""02285205-n"""
47826,1023,set_statement,Done,,,Q123966317,"Q123966317|P5063|""i47531"""
47826,1024,set_statement,Done,,,Q3021949,"Q3021949|P8814|""02285729-n"""
47826,1025,set_statement,Done,,,Q3021949,"Q3021949|P5063|""i47534"""
47826,1026,set_statement,Done,,,Q13394225,"Q13394225|P8814|""02287536-n"""
47826,1027,set_statement,Done,,,Q13394225,"Q13394225|P5063|""i47544"""
47826,1028,set_statement,Done,,,Q59155163,"Q59155163|P8814|""02287831-n"""
47826,1029,set_statement,Done,,,Q59155163,"Q59155163|P5063|""i47546"""
47826,1030,set_statement,Done,,,Q45532,"Q45532|P8814|""02288741-n"""
47826,1031,set_statement,Done,,,Q45532,"Q45532|P5063|""i47551"""
47826,1032,set_statement,Done,,,Q15657825,"Q15657825|P8814|""02289077-n"""
47826,1033,set_statement,Done,,,Q15657825,"Q15657825|P5063|""i47553"""
47826,1034,set_statement,Done,,,Q7127086,"Q7127086|P8814|""02290004-n"""
47826,1035,set_statement,Done,,,Q7127086,"Q7127086|P5063|""i47558"""
47826,1036,set_statement,Done,,,Q1370141,"Q1370141|P8814|""02290274-n"""
47826,1037,set_statement,Done,,,Q1370141,"Q1370141|P5063|""i47560"""
47826,1038,set_statement,Done,,,Q1945889,"Q1945889|P8814|""02295053-n"""
47826,1039,set_statement,Done,,,Q1945889,"Q1945889|P5063|""i47587"""
47826,1040,set_statement,Done,,,Q666035,"Q666035|P8814|""02296749-n"""
47826,1041,set_statement,Done,,,Q666035,"Q666035|P5063|""i47598"""
47826,1042,set_statement,Done,,,Q3038703,"Q3038703|P8814|""02297059-n"""
47826,1043,set_statement,Done,,,Q3038703,"Q3038703|P5063|""i47600"""
47826,1044,set_statement,Done,,,Q581524,"Q581524|P8814|""02298673-n"""
47826,1045,set_statement,Done,,,Q581524,"Q581524|P5063|""i47608"""
47826,1046,set_statement,Done,,,Q1258221,"Q1258221|P8814|""02298928-n"""
47826,1047,set_statement,Done,,,Q1258221,"Q1258221|P5063|""i47610"""
47826,1048,set_statement,Done,,,Q13466120,"Q13466120|P8814|""02299564-n"""
47826,1049,set_statement,Done,,,Q13466120,"Q13466120|P5063|""i47614"""
47826,1050,set_statement,Done,,,Q17294983,"Q17294983|P8814|""02299946-n"""
47826,1051,set_statement,Done,,,Q17294983,"Q17294983|P5063|""i47616"""
47826,1052,set_statement,Done,,,Q1366539,"Q1366539|P8814|""02301691-n"""
47826,1053,set_statement,Done,,,Q1366539,"Q1366539|P5063|""i47626"""
47826,1054,set_statement,Done,,,Q1303141,"Q1303141|P8814|""02302030-n"""
47826,1055,set_statement,Done,,,Q1303141,"Q1303141|P5063|""i47628"""
47826,1056,set_statement,Done,,,Q41524,"Q41524|P8814|""02302498-n"""
47826,1057,set_statement,Done,,,Q41524,"Q41524|P5063|""i47631"""
47826,1058,set_statement,Done,,,Q30964,"Q30964|P8814|""02304587-n"""
47826,1059,set_statement,Done,,,Q30964,"Q30964|P5063|""i47640"""
47826,1060,set_statement,Done,,,Q1935887,"Q1935887|P8814|""02304896-n"""
47826,1061,set_statement,Done,,,Q1935887,"Q1935887|P5063|""i47642"""
47826,1062,set_statement,Done,,,Q135289,"Q135289|P8814|""02305621-n"""
47826,1063,set_statement,Done,,,Q135289,"Q135289|P5063|""i47646"""
47826,1064,set_statement,Done,,,Q13475800,"Q13475800|P8814|""02306237-n"""
47826,1065,set_statement,Done,,,Q13475800,"Q13475800|P5063|""i47650"""
47826,1066,set_statement,Done,,,Q1766445,"Q1766445|P8814|""02306688-n"""
47826,1067,set_statement,Done,,,Q1766445,"Q1766445|P5063|""i47653"""
47826,1068,set_statement,Done,,,Q1758845,"Q1758845|P8814|""02307084-n"""
47826,1069,set_statement,Done,,,Q1758845,"Q1758845|P5063|""i47655"""
47826,1070,set_statement,Done,,,Q1074174,"Q1074174|P8814|""02307309-n"""
47826,1071,set_statement,Done,,,Q1074174,"Q1074174|P5063|""i47656"""
47826,1072,set_statement,Done,,,Q1852236,"Q1852236|P8814|""02307449-n"""
47826,1073,set_statement,Done,,,Q1852236,"Q1852236|P5063|""i47657"""
47826,1074,set_statement,Done,,,Q13810025,"Q13810025|P8814|""02309828-n"""
47826,1075,set_statement,Done,,,Q13810025,"Q13810025|P5063|""i47670"""
47826,1076,set_statement,Done,,,Q2121239,"Q2121239|P8814|""02310167-n"""
47826,1077,set_statement,Done,,,Q2121239,"Q2121239|P5063|""i47672"""
47826,1078,set_statement,Done,,,Q3545270,"Q3545270|P8814|""02321339-n"""
47826,1079,set_statement,Done,,,Q3545270,"Q3545270|P5063|""i47733"""
47826,1080,set_statement,Done,,,Q2305882,"Q2305882|P8814|""02324699-n"""
47826,1081,set_statement,Done,,,Q2305882,"Q2305882|P5063|""i47755"""
47826,1082,set_statement,Done,,,Q583901,"Q583901|P8814|""02328536-n"""
47826,1083,set_statement,Done,,,Q583901,"Q583901|P5063|""i47775"""
47826,1084,set_statement,Done,,,Q138169,"Q138169|P8814|""02328726-n"""
47826,1085,set_statement,Done,,,Q138169,"Q138169|P5063|""i47776"""
47826,1086,set_statement,Done,,,Q26838,"Q26838|P8814|""02329514-n"""
47826,1087,set_statement,Done,,,Q26838,"Q26838|P5063|""i47780"""
47826,1088,set_statement,Done,,,Q640645,"Q640645|P8814|""02330087-n"""
47826,1089,set_statement,Done,,,Q640645,"Q640645|P5063|""i47783"""
47826,1090,set_statement,Done,,,Q231625,"Q231625|P8814|""02330308-n"""
47826,1091,set_statement,Done,,,Q231625,"Q231625|P5063|""i47784"""
47826,1092,set_statement,Done,,,Q469908,"Q469908|P8814|""02331472-n"""
47826,1093,set_statement,Done,,,Q469908,"Q469908|P5063|""i47791"""
47826,1094,set_statement,Done,,,Q83310,"Q83310|P8814|""02334808-n"""
47826,1095,set_statement,Done,,,Q83310,"Q83310|P5063|""i47803"""
47826,1096,set_statement,Done,,,Q212185,"Q212185|P8814|""02335842-n"""
47826,1097,set_statement,Done,,,Q212185,"Q212185|P5063|""i47809"""
47826,1098,set_statement,Done,,,Q649836,"Q649836|P8814|""02339653-n"""
47826,1099,set_statement,Done,,,Q649836,"Q649836|P5063|""i47832"""
47826,1100,set_statement,Done,,,Q959378,"Q959378|P8814|""02339984-n"""
47826,1101,set_statement,Done,,,Q959378,"Q959378|P5063|""i47834"""
47826,1102,set_statement,Done,,,Q306168,"Q306168|P8814|""02340250-n"""
47826,1103,set_statement,Done,,,Q306168,"Q306168|P5063|""i47836"""
47826,1104,set_statement,Done,,,Q941564,"Q941564|P8814|""02341374-n"""
47826,1105,set_statement,Done,,,Q941564,"Q941564|P5063|""i47844"""
47826,1106,set_statement,Done,,,Q1017409,"Q1017409|P8814|""02342574-n"""
47826,1107,set_statement,Done,,,Q1017409,"Q1017409|P5063|""i47849"""
47826,1108,set_statement,Done,,,Q1763729,"Q1763729|P8814|""02342838-n"""
47826,1109,set_statement,Done,,,Q1763729,"Q1763729|P5063|""i47850"""
47826,1110,set_statement,Done,,,Q1092084,"Q1092084|P8814|""02343292-n"""
47826,1111,set_statement,Done,,,Q1092084,"Q1092084|P5063|""i47853"""
47826,1112,set_statement,Done,,,Q1095135,"Q1095135|P8814|""02344268-n"""
47826,1113,set_statement,Done,,,Q1095135,"Q1095135|P5063|""i47859"""
47826,1114,set_statement,Done,,,Q208077,"Q208077|P8814|""02345710-n"""
47826,1115,set_statement,Done,,,Q208077,"Q208077|P5063|""i47868"""
47826,1116,set_statement,Done,,,Q819985,"Q819985|P8814|""02347570-n"""
47826,1117,set_statement,Done,,,Q819985,"Q819985|P5063|""i47880"""
47826,1118,set_statement,Done,,,Q1769625,"Q1769625|P8814|""02347730-n"""
47826,1119,set_statement,Done,,,Q1769625,"Q1769625|P5063|""i47881"""
47826,1120,set_statement,Done,,,Q1768611,"Q1768611|P8814|""02348426-n"""
47826,1121,set_statement,Done,,,Q1768611,"Q1768611|P5063|""i47886"""
47826,1122,set_statement,Done,,,Q1367837,"Q1367837|P8814|""02348649-n"""
47826,1123,set_statement,Done,,,Q1367837,"Q1367837|P5063|""i47888"""
47826,1124,set_statement,Done,,,Q1762848,"Q1762848|P8814|""02348822-n"""
47826,1125,set_statement,Done,,,Q1762848,"Q1762848|P5063|""i47889"""
47826,1126,set_statement,Done,,,Q40712760,"Q40712760|P8814|""02350225-n"""
47826,1127,set_statement,Done,,,Q40712760,"Q40712760|P5063|""i47897"""
47826,1128,set_statement,Done,,,Q115792,"Q115792|P8814|""02352499-n"""
47826,1129,set_statement,Done,,,Q115792,"Q115792|P5063|""i47909"""
47826,1130,set_statement,Done,,,Q306215,"Q306215|P8814|""02352757-n"""
47826,1131,set_statement,Done,,,Q306215,"Q306215|P5063|""i47911"""
47826,1132,set_statement,Done,,,Q1761993,"Q1761993|P8814|""02353995-n"""
47826,1133,set_statement,Done,,,Q1761993,"Q1761993|P5063|""i47918"""
47826,1134,set_statement,Done,,,Q920382,"Q920382|P8814|""02354942-n"""
47826,1135,set_statement,Done,,,Q920382,"Q920382|P5063|""i47924"""
47826,1136,set_statement,Done,,,Q147128,"Q147128|P8814|""02355584-n"""
47826,1137,set_statement,Done,,,Q147128,"Q147128|P5063|""i47928"""
47826,1138,set_statement,Done,,,Q207148,"Q207148|P8814|""02355824-n"""
47826,1139,set_statement,Done,,,Q207148,"Q207148|P5063|""i47930"""
47826,1140,set_statement,Done,,,Q1767114,"Q1767114|P8814|""02356972-n"""
47826,1141,set_statement,Done,,,Q1767114,"Q1767114|P5063|""i47937"""
47826,1142,set_statement,Done,,,Q1497037,"Q1497037|P8814|""02357273-n"""
47826,1143,set_statement,Done,,,Q1497037,"Q1497037|P5063|""i47939"""
47826,1144,set_statement,Done,,,Q1071837,"Q1071837|P8814|""02359264-n"""
47826,1145,set_statement,Done,,,Q1071837,"Q1071837|P5063|""i47947"""
47826,1146,set_statement,Done,,,Q326976,"Q326976|P8814|""02360053-n"""
47826,1147,set_statement,Done,,,Q326976,"Q326976|P5063|""i47952"""
47826,1148,set_statement,Done,,,Q40653494,"Q40653494|P8814|""02361236-n"""
47826,1149,set_statement,Done,,,Q40653494,"Q40653494|P5063|""i47958"""
47826,1150,set_statement,Done,,,Q247142,"Q247142|P8814|""02362208-n"""
47826,1151,set_statement,Done,,,Q247142,"Q247142|P5063|""i47964"""
47826,1152,set_statement,Done,,,Q936978,"Q936978|P8814|""02362319-n"""
47826,1153,set_statement,Done,,,Q936978,"Q936978|P5063|""i47965"""
47826,1154,set_statement,Done,,,Q913350,"Q913350|P8814|""02363585-n"""
47826,1155,set_statement,Done,,,Q913350,"Q913350|P5063|""i47973"""
47826,1156,set_statement,Done,,,Q1094722,"Q1094722|P8814|""02363742-n"""
47826,1157,set_statement,Done,,,Q1094722,"Q1094722|P5063|""i47974"""
47826,1158,set_statement,Done,,,Q838113,"Q838113|P8814|""02364502-n"""
47826,1159,set_statement,Done,,,Q838113,"Q838113|P5063|""i47979"""
47826,1160,set_statement,Done,,,Q181191,"Q181191|P8814|""02365897-n"""
47826,1161,set_statement,Done,,,Q181191,"Q181191|P5063|""i47987"""
47826,1162,set_statement,Done,,,Q81056,"Q81056|P8814|""02366003-n"""
47826,1163,set_statement,Done,,,Q81056,"Q81056|P5063|""i47988"""
47826,1164,set_statement,Done,,,Q503813,"Q503813|P8814|""02366648-n"""
47826,1165,set_statement,Done,,,Q503813,"Q503813|P5063|""i47992"""
47826,1166,set_statement,Done,,,Q122453942,"Q122453942|P8814|""02367325-n"""
47826,1167,set_statement,Done,,,Q122453942,"Q122453942|P5063|""i47996"""
47826,1168,set_statement,Done,,,Q194313,"Q194313|P8814|""02367760-n"""
47826,1169,set_statement,Done,,,Q194313,"Q194313|P5063|""i47999"""
47826,1170,set_statement,Done,,,Q40654026,"Q40654026|P8814|""02368654-n"""
47826,1171,set_statement,Done,,,Q40654026,"Q40654026|P5063|""i48005"""
47826,1172,set_statement,Done,,,Q33936,"Q33936|P8814|""02368953-n"""
47826,1173,set_statement,Done,,,Q33936,"Q33936|P5063|""i48007"""
47826,1174,set_statement,Done,,,Q1162447,"Q1162447|P8814|""02370768-n"""
47826,1175,set_statement,Done,,,Q1162447,"Q1162447|P5063|""i48019"""
47826,1176,set_statement,Done,,,Q323847,"Q323847|P8814|""02375604-n"""
47826,1177,set_statement,Done,,,Q323847,"Q323847|P5063|""i48048"""
47826,1178,set_statement,Done,,,Q19829417,"Q19829417|P8814|""02392211-n"""
47826,1179,set_statement,Done,,,Q19829417,"Q19829417|P5063|""i48163"""
47826,1180,set_statement,Done,,,Q219565,"Q219565|P8814|""02394160-n"""
47826,1181,set_statement,Done,,,Q219565,"Q219565|P5063|""i48178"""
47826,1182,set_statement,Done,,,Q245305,"Q245305|P8814|""02394269-n"""
47826,1183,set_statement,Done,,,Q245305,"Q245305|P5063|""i48179"""
47826,1184,set_statement,Done,,,Q47910,"Q47910|P8814|""02395086-n"""
47826,1185,set_statement,Done,,,Q47910,"Q47910|P5063|""i48183"""
47826,1186,set_statement,Done,,,Q159918,"Q159918|P8814|""02395476-n"""
47826,1187,set_statement,Done,,,Q159918,"Q159918|P5063|""i48186"""
47826,1188,set_statement,Done,,,Q95036,"Q95036|P8814|""02395813-n"""
47826,1189,set_statement,Done,,,Q95036,"Q95036|P5063|""i48188"""
47826,1190,set_statement,Done,,,Q220271,"Q220271|P8814|""02396459-n"""
47826,1191,set_statement,Done,,,Q220271,"Q220271|P5063|""i48192"""
47826,1192,set_statement,Done,,,Q629015,"Q629015|P8814|""02399448-n"""
47826,1193,set_statement,Done,,,Q629015,"Q629015|P5063|""i48208"""
47826,1194,set_statement,Done,,,Q24251467,"Q24251467|P8814|""02400396-n"""
47826,1195,set_statement,Done,,,Q24251467,"Q24251467|P5063|""i48214"""
47826,1196,set_statement,Done,,,Q19610691,"Q19610691|P8814|""02405077-n"""
47826,1197,set_statement,Done,,,Q19610691,"Q19610691|P5063|""i48233"""
47826,1198,set_statement,Done,,,Q20747726,"Q20747726|P8814|""02407225-n"""
47826,1199,set_statement,Done,,,Q20747726,"Q20747726|P5063|""i48246"""
47826,1200,set_statement,Done,,,Q13408062,"Q13408062|P8814|""02407954-n"""
47826,1201,set_statement,Done,,,Q13408062,"Q13408062|P5063|""i48249"""
47826,1202,set_statement,Done,,,Q122849001,"Q122849001|P8814|""02411684-n"""
47826,1203,set_statement,Done,,,Q122849001,"Q122849001|P5063|""i48276"""
47826,1204,set_statement,Done,,,Q82728,"Q82728|P8814|""02413348-n"""
47826,1205,set_statement,Done,,,Q82728,"Q82728|P5063|""i48286"""
47826,1206,set_statement,Done,,,Q184004,"Q184004|P8814|""02413852-n"""
47826,1207,set_statement,Done,,,Q184004,"Q184004|P5063|""i48289"""
47826,1208,set_statement,Done,,,Q29350771,"Q29350771|P8814|""02415777-n"""
47826,1209,set_statement,Done,,,Q29350771,"Q29350771|P5063|""i48303"""
47826,1210,set_statement,Done,,,Q24145539,"Q24145539|P8814|""02418475-n"""
47826,1211,set_statement,Done,,,Q24145539,"Q24145539|P5063|""i48320"""
47826,1212,set_statement,Done,,,Q45320358,"Q45320358|P8814|""02419716-n"""
47826,1213,set_statement,Done,,,Q45320358,"Q45320358|P5063|""i48329"""
47826,1214,set_statement,Done,,,Q545071,"Q545071|P8814|""02425037-n"""
47826,1215,set_statement,Done,,,Q545071,"Q545071|P5063|""i48361"""
47826,1216,set_statement,Done,,,Q460977,"Q460977|P8814|""02426008-n"""
47826,1217,set_statement,Done,,,Q460977,"Q460977|P5063|""i48367"""
47826,1218,set_statement,Done,,,Q622882,"Q622882|P8814|""02427235-n"""
47826,1219,set_statement,Done,,,Q622882,"Q622882|P5063|""i48374"""
47826,1220,set_statement,Done,,,Q239381,"Q239381|P8814|""02428533-n"""
47826,1221,set_statement,Done,,,Q239381,"Q239381|P5063|""i48382"""
47826,1222,set_statement,Done,,,Q695736,"Q695736|P8814|""02429829-n"""
47826,1223,set_statement,Done,,,Q695736,"Q695736|P5063|""i48390"""
47826,1224,set_statement,Done,,,Q215887,"Q215887|P8814|""02434937-n"""
47826,1225,set_statement,Done,,,Q215887,"Q215887|P5063|""i48420"""
47826,1226,set_statement,Done,,,Q122069,"Q122069|P8814|""02436177-n"""
47826,1227,set_statement,Done,,,Q122069,"Q122069|P5063|""i48428"""
47826,1228,set_statement,Done,,,Q207906,"Q207906|P8814|""02438148-n"""
47826,1229,set_statement,Done,,,Q207906,"Q207906|P5063|""i48441"""
47826,1230,set_statement,Done,,,Q1059263,"Q1059263|P8814|""02438855-n"""
47826,1231,set_statement,Done,,,Q1059263,"Q1059263|P5063|""i48445"""
47826,1232,set_statement,Done,,,Q256572,"Q256572|P8814|""02439276-n"""
47826,1233,set_statement,Done,,,Q256572,"Q256572|P5063|""i48448"""
47826,1234,set_statement,Done,,,Q15083,"Q15083|P8814|""02441664-n"""
47826,1235,set_statement,Done,,,Q15083,"Q15083|P5063|""i48463"""
47826,1236,set_statement,Done,,,Q121504864,"Q121504864|P8814|""02445077-n"""
47826,1237,set_statement,Done,,,Q121504864,"Q121504864|P5063|""i48479"""
47826,1238,set_statement,Done,,,Q25311,"Q25311|P8814|""02445203-n"""
47826,1239,set_statement,Done,,,Q25311,"Q25311|P5063|""i48480"""
47826,1240,set_statement,Done,,,Q852756,"Q852756|P8814|""02446590-n"""
47826,1241,set_statement,Done,,,Q852756,"Q852756|P5063|""i48489"""
47826,1242,set_statement,Done,,,Q61885243,"Q61885243|P8814|""02447635-n"""
47826,1243,set_statement,Done,,,Q61885243,"Q61885243|P5063|""i48496"""
47826,1244,set_statement,Done,,,Q41407,"Q41407|P8814|""02448025-n"""
47826,1245,set_statement,Done,,,Q41407,"Q41407|P5063|""i48499"""
47826,1246,set_statement,Done,,,Q368495,"Q368495|P8814|""02448837-n"""
47826,1247,set_statement,Done,,,Q368495,"Q368495|P5063|""i48503"""
47826,1248,set_statement,Done,,,Q307105,"Q307105|P8814|""02449652-n"""
47826,1249,set_statement,Done,,,Q307105,"Q307105|P5063|""i48508"""
47826,1250,set_statement,Done,,,Q26046,"Q26046|P8814|""02452926-n"""
47826,1251,set_statement,Done,,,Q26046,"Q26046|P5063|""i48529"""
47826,1252,set_statement,Done,,,Q322145,"Q322145|P8814|""02453192-n"""
47826,1253,set_statement,Done,,,Q322145,"Q322145|P5063|""i48531"""
47826,1254,set_statement,Done,,,Q111846,"Q111846|P8814|""02457766-n"""
47826,1255,set_statement,Done,,,Q111846,"Q111846|P5063|""i48558"""
47826,1256,set_statement,Done,,,Q1768774,"Q1768774|P8814|""02458059-n"""
47826,1257,set_statement,Done,,,Q1768774,"Q1768774|P5063|""i48560"""
47826,1258,set_statement,Done,,,Q846337,"Q846337|P8814|""02458906-n"""
47826,1259,set_statement,Done,,,Q846337,"Q846337|P5063|""i48566"""
47826,1260,set_statement,Done,,,Q142715,"Q142715|P8814|""02460039-n"""
47826,1261,set_statement,Done,,,Q142715,"Q142715|P5063|""i48572"""
47826,1262,set_statement,Done,,,Q752691,"Q752691|P8814|""02460576-n"""
47826,1263,set_statement,Done,,,Q752691,"Q752691|P5063|""i48575"""
47826,1264,set_statement,Done,,,Q267514,"Q267514|P8814|""02463759-n"""
47826,1265,set_statement,Done,,,Q267514,"Q267514|P5063|""i48593"""
47826,1266,set_statement,Done,,,Q21446423,"Q21446423|P8814|""02476185-n"""
47826,1267,set_statement,Done,,,Q21446423,"Q21446423|P5063|""i48660"""
47826,1268,set_statement,Done,,,Q21447470,"Q21447470|P8814|""02476614-n"""
47826,1269,set_statement,Done,,,Q21447470,"Q21447470|P5063|""i48663"""
47826,1270,set_statement,Done,,,Q21446703,"Q21446703|P8814|""02476913-n"""
47826,1271,set_statement,Done,,,Q21446703,"Q21446703|P5063|""i48665"""
47826,1272,set_statement,Done,,,Q21448049,"Q21448049|P8814|""02479818-n"""
47826,1273,set_statement,Done,,,Q21448049,"Q21448049|P5063|""i48680"""
47826,1274,set_statement,Done,,,Q599672,"Q599672|P8814|""02483126-n"""
47826,1275,set_statement,Done,,,Q599672,"Q599672|P5063|""i48700"""
47826,1276,set_statement,Done,,,Q19537,"Q19537|P8814|""02485281-n"""
47826,1277,set_statement,Done,,,Q19537,"Q19537|P5063|""i48712"""
47826,1278,set_statement,Done,,,Q208043,"Q208043|P8814|""02485993-n"""
47826,1279,set_statement,Done,,,Q208043,"Q208043|P5063|""i48716"""
47826,1280,set_statement,Done,,,Q46679442,"Q46679442|P8814|""02486339-n"""
47826,1281,set_statement,Done,,,Q46679442,"Q46679442|P5063|""i48718"""
47826,1282,set_statement,Done,,,Q122311376,"Q122311376|P8814|""02487856-n"""
47826,1283,set_statement,Done,,,Q122311376,"Q122311376|P5063|""i48724"""
47826,1284,set_statement,Done,,,Q40652743,"Q40652743|P8814|""02488002-n"""
47826,1285,set_statement,Done,,,Q40652743,"Q40652743|P5063|""i48725"""
47826,1286,set_statement,Done,,,Q257670,"Q257670|P8814|""02489288-n"""
47826,1287,set_statement,Done,,,Q257670,"Q257670|P5063|""i48734"""
47826,1288,set_statement,Done,,,Q628239,"Q628239|P8814|""02491525-n"""
47826,1289,set_statement,Done,,,Q628239,"Q628239|P5063|""i48749"""
47826,1290,set_statement,Done,,,Q585189,"Q585189|P8814|""02494666-n"""
47826,1291,set_statement,Done,,,Q585189,"Q585189|P5063|""i48766"""
47826,1292,set_statement,Done,,,Q307153,"Q307153|P8814|""02494987-n"""
47826,1293,set_statement,Done,,,Q307153,"Q307153|P5063|""i48768"""
47826,1294,set_statement,Done,,,Q388032,"Q388032|P8814|""02496424-n"""
47826,1295,set_statement,Done,,,Q388032,"Q388032|P5063|""i48778"""
47826,1296,set_statement,Done,,,Q185385,"Q185385|P8814|""02500304-n"""
47826,1297,set_statement,Done,,,Q185385,"Q185385|P5063|""i48797"""
47826,1298,set_statement,Done,,,Q186778,"Q186778|P8814|""02500784-n"""
47826,1299,set_statement,Done,,,Q186778,"Q186778|P5063|""i48800"""
47826,1300,set_statement,Done,,,Q122830509,"Q122830509|P8814|""02501374-n"""
47826,1301,set_statement,Done,,,Q122830509,"Q122830509|P5063|""i48803"""
47826,1302,set_statement,Done,,,Q244239,"Q244239|P8814|""02501653-n"""
47826,1303,set_statement,Done,,,Q244239,"Q244239|P5063|""i48805"""
47826,1304,set_statement,Done,,,Q307262,"Q307262|P8814|""02503227-n"""
47826,1305,set_statement,Done,,,Q307262,"Q307262|P5063|""i48816"""
47826,1306,set_statement,Done,,,Q27334504,"Q27334504|P8814|""02504554-n"""
47826,1307,set_statement,Done,,,Q27334504,"Q27334504|P5063|""i48822"""
47826,1308,set_statement,Done,,,Q36557,"Q36557|P8814|""02507089-n"""
47826,1309,set_statement,Done,,,Q36557,"Q36557|P5063|""i48838"""
47826,1310,set_statement,Done,,,Q121439,"Q121439|P8814|""02510844-n"""
47826,1311,set_statement,Done,,,Q121439,"Q121439|P5063|""i48858"""
47826,1312,set_statement,Done,,,Q405403,"Q405403|P8814|""02510977-n"""
47826,1313,set_statement,Done,,,Q405403,"Q405403|P5063|""i48859"""
47826,1314,set_statement,Done,,,Q754992,"Q754992|P8814|""02512146-n"""
47826,1315,set_statement,Done,,,Q754992,"Q754992|P5063|""i48866"""
47826,1316,set_statement,Done,,,Q998380,"Q998380|P8814|""02521971-n"""
47826,1317,set_statement,Done,,,Q998380,"Q998380|P5063|""i48918"""
47826,1318,set_statement,Done,,,Q836957,"Q836957|P8814|""02522317-n"""
47826,1319,set_statement,Done,,,Q836957,"Q836957|P5063|""i48921"""
47826,1320,set_statement,Done,,,Q783575,"Q783575|P8814|""02525497-n"""
47826,1321,set_statement,Done,,,Q783575,"Q783575|P5063|""i48939"""
47826,1322,set_statement,Done,,,Q752683,"Q752683|P8814|""02526833-n"""
47826,1323,set_statement,Done,,,Q752683,"Q752683|P5063|""i48948"""
47826,1324,set_statement,Done,,,Q2554744,"Q2554744|P8814|""02527290-n"""
47826,1325,set_statement,Done,,,Q2554744,"Q2554744|P5063|""i48951"""
47826,1326,set_statement,Done,,,Q842406,"Q842406|P8814|""02527751-n"""
47826,1327,set_statement,Done,,,Q842406,"Q842406|P5063|""i48955"""
47826,1328,set_statement,Done,,,Q850056,"Q850056|P8814|""02528013-n"""
47826,1329,set_statement,Done,,,Q850056,"Q850056|P5063|""i48957"""
47826,1330,set_statement,Done,,,Q545697,"Q545697|P8814|""02533268-n"""
47826,1331,set_statement,Done,,,Q545697,"Q545697|P5063|""i48983"""
47826,1332,set_statement,Done,,,Q106383686,"Q106383686|P8814|""02536176-n"""
47826,1333,set_statement,Done,,,Q106383686,"Q106383686|P5063|""i49000"""
47826,1334,set_statement,Done,,,Q188879,"Q188879|P8814|""02538168-n"""
47826,1335,set_statement,Done,,,Q188879,"Q188879|P5063|""i49012"""
47826,1336,set_statement,Done,,,Q106428789,"Q106428789|P8814|""02540156-n"""
47826,1337,set_statement,Done,,,Q106428789,"Q106428789|P5063|""i49021"""
47826,1338,set_statement,Done,,,Q723654,"Q723654|P8814|""02540847-n"""
47826,1339,set_statement,Done,,,Q723654,"Q723654|P5063|""i49025"""
47826,1340,set_statement,Done,,,Q421047,"Q421047|P8814|""02541193-n"""
47826,1341,set_statement,Done,,,Q421047,"Q421047|P5063|""i49027"""
47826,1342,set_statement,Done,,,Q110577,"Q110577|P8814|""02542055-n"""
47826,1343,set_statement,Done,,,Q110577,"Q110577|P5063|""i49031"""
47826,1344,set_statement,Done,,,Q840795,"Q840795|P8814|""02543614-n"""
47826,1345,set_statement,Done,,,Q840795,"Q840795|P5063|""i49040"""
47826,1346,set_statement,Done,,,Q106392599,"Q106392599|P8814|""02548472-n"""
47826,1347,set_statement,Done,,,Q106392599,"Q106392599|P5063|""i49070"""
47826,1348,set_statement,Done,,,Q310390,"Q310390|P8814|""02549645-n"""
47826,1349,set_statement,Done,,,Q310390,"Q310390|P5063|""i49078"""
47826,1350,set_statement,Done,,,Q1524360,"Q1524360|P8814|""02551320-n"""
47826,1351,set_statement,Done,,,Q1524360,"Q1524360|P5063|""i49086"""
47826,1352,set_statement,Done,,,Q1886478,"Q1886478|P8814|""02554299-n"""
47826,1353,set_statement,Done,,,Q1886478,"Q1886478|P5063|""i49103"""
47826,1354,set_statement,Done,,,Q10540515,"Q10540515|P8814|""02559004-n"""
47826,1355,set_statement,Done,,,Q10540515,"Q10540515|P5063|""i49115"""
47826,1356,set_statement,Done,,,Q469754,"Q469754|P8814|""02559813-n"""
47826,1357,set_statement,Done,,,Q469754,"Q469754|P5063|""i49119"""
47826,1358,set_statement,Done,,,Q107329229,"Q107329229|P8814|""02560380-n"""
47826,1359,set_statement,Done,,,Q107329229,"Q107329229|P5063|""i49123"""
47826,1360,set_statement,Done,,,Q165278,"Q165278|P8814|""02564012-n"""
47826,1361,set_statement,Done,,,Q165278,"Q165278|P5063|""i49145"""
47826,1362,set_statement,Done,,,Q93675,"Q93675|P8814|""02564568-n"""
47826,1363,set_statement,Done,,,Q93675,"Q93675|P5063|""i49149"""
47826,1364,set_statement,Done,,,Q3006347,"Q3006347|P8814|""02565602-n"""
47826,1365,set_statement,Done,,,Q3006347,"Q3006347|P5063|""i49154"""
47826,1366,set_statement,Done,,,Q2093287,"Q2093287|P8814|""02567034-n"""
47826,1367,set_statement,Done,,,Q2093287,"Q2093287|P5063|""i49163"""
47826,1368,set_statement,Done,,,Q2337531,"Q2337531|P8814|""02569120-n"""
47826,1369,set_statement,Done,,,Q2337531,"Q2337531|P5063|""i49173"""
47826,1370,set_statement,Done,,,Q2181894,"Q2181894|P8814|""02569965-n"""
47826,1371,set_statement,Done,,,Q2181894,"Q2181894|P5063|""i49177"""
47826,1372,set_statement,Done,,,Q3542000,"Q3542000|P8814|""02570264-n"""
47826,1373,set_statement,Done,,,Q3542000,"Q3542000|P5063|""i49179"""
47826,1374,set_statement,Done,,,Q1562068,"Q1562068|P8814|""02571438-n"""
47826,1375,set_statement,Done,,,Q1562068,"Q1562068|P5063|""i49186"""
47826,1376,set_statement,Done,,,Q106418886,"Q106418886|P8814|""02571965-n"""
47826,1377,set_statement,Done,,,Q106418886,"Q106418886|P5063|""i49189"""
47826,1378,set_statement,Done,,,Q2605826,"Q2605826|P8814|""02572536-n"""
47826,1379,set_statement,Done,,,Q2605826,"Q2605826|P5063|""i49193"""
47826,1380,set_statement,Done,,,Q2912602,"Q2912602|P8814|""02572795-n"""
47826,1381,set_statement,Done,,,Q2912602,"Q2912602|P5063|""i49195"""
47826,1382,set_statement,Done,,,Q198572,"Q198572|P8814|""02575880-n"""
47826,1383,set_statement,Done,,,Q198572,"Q198572|P5063|""i49214"""
47826,1384,set_statement,Done,,,Q1807925,"Q1807925|P8814|""02580034-n"""
47826,1385,set_statement,Done,,,Q1807925,"Q1807925|P5063|""i49236"""
47826,1386,set_statement,Done,,,Q2802649,"Q2802649|P8814|""02580583-n"""
47826,1387,set_statement,Done,,,Q2802649,"Q2802649|P5063|""i49240"""
47826,1388,set_statement,Done,,,Q649336,"Q649336|P8814|""02580864-n"""
47826,1389,set_statement,Done,,,Q649336,"Q649336|P5063|""i49242"""
47826,1390,set_statement,Done,,,Q21297408,"Q21297408|P8814|""02581559-n"""
47826,1391,set_statement,Done,,,Q21297408,"Q21297408|P5063|""i49246"""
47826,1392,set_statement,Done,,,Q106413580,"Q106413580|P8814|""02581934-n"""
47826,1393,set_statement,Done,,,Q106413580,"Q106413580|P5063|""i49248"""
47826,1394,set_statement,Done,,,Q2601525,"Q2601525|P8814|""02582393-n"""
47826,1395,set_statement,Done,,,Q2601525,"Q2601525|P5063|""i49251"""
47826,1396,set_statement,Done,,,Q223289,"Q223289|P8814|""02582819-n"""
47826,1397,set_statement,Done,,,Q223289,"Q223289|P5063|""i49254"""
47826,1398,set_statement,Done,,,Q2626960,"Q2626960|P8814|""02583310-n"""
47826,1399,set_statement,Done,,,Q2626960,"Q2626960|P5063|""i49257"""
47826,1400,set_statement,Done,,,Q842956,"Q842956|P8814|""02583461-n"""
47826,1401,set_statement,Done,,,Q842956,"Q842956|P5063|""i49258"""
47826,1402,set_statement,Done,,,Q1964494,"Q1964494|P8814|""02584273-n"""
47826,1403,set_statement,Done,,,Q1964494,"Q1964494|P5063|""i49263"""
47826,1404,set_statement,Done,,,Q106405737,"Q106405737|P8814|""02588869-n"""
47826,1405,set_statement,Done,,,Q106405737,"Q106405737|P5063|""i49290"""
47826,1406,set_statement,Done,,,Q2542507,"Q2542507|P8814|""02590248-n"""
47826,1407,set_statement,Done,,,Q2542507,"Q2542507|P5063|""i49297"""
47826,1408,set_statement,Done,,,Q928985,"Q928985|P8814|""02590507-n"""
47826,1409,set_statement,Done,,,Q928985,"Q928985|P5063|""i49299"""
47826,1410,set_statement,Done,,,Q3758334,"Q3758334|P8814|""02591575-n"""
47826,1411,set_statement,Done,,,Q3758334,"Q3758334|P5063|""i49304"""
47826,1412,set_statement,Done,,,Q2482811,"Q2482811|P8814|""02591692-n"""
47826,1413,set_statement,Done,,,Q2482811,"Q2482811|P5063|""i49305"""
47826,1414,set_statement,Done,,,Q968535,"Q968535|P8814|""02591946-n"""
47826,1415,set_statement,Done,,,Q968535,"Q968535|P5063|""i49307"""
47826,1416,set_statement,Done,,,Q2700401,"Q2700401|P8814|""02594541-n"""
47826,1417,set_statement,Done,,,Q2700401,"Q2700401|P5063|""i49322"""
47826,1418,set_statement,Done,,,Q1870535,"Q1870535|P8814|""02595001-n"""
47826,1419,set_statement,Done,,,Q1870535,"Q1870535|P5063|""i49325"""
47826,1420,set_statement,Done,,,Q969159,"Q969159|P8814|""02595364-n"""
47826,1421,set_statement,Done,,,Q969159,"Q969159|P5063|""i49327"""
47826,1422,set_statement,Done,,,Q111127408,"Q111127408|P8814|""02595649-n"""
47826,1423,set_statement,Done,,,Q111127408,"Q111127408|P5063|""i49329"""
47826,1424,set_statement,Done,,,Q106420509,"Q106420509|P8814|""02595821-n"""
47826,1425,set_statement,Done,,,Q106420509,"Q106420509|P5063|""i49330"""
47826,1426,set_statement,Done,,,Q106417247,"Q106417247|P8814|""02597572-n"""
47826,1427,set_statement,Done,,,Q106417247,"Q106417247|P5063|""i49338"""
47826,1428,set_statement,Done,,,Q1497325,"Q1497325|P8814|""02597686-n"""
47826,1429,set_statement,Done,,,Q1497325,"Q1497325|P5063|""i49339"""
47826,1430,set_statement,Done,,,Q2514677,"Q2514677|P8814|""02597969-n"""
47826,1431,set_statement,Done,,,Q2514677,"Q2514677|P5063|""i49341"""
47826,1432,set_statement,Done,,,Q106417781,"Q106417781|P8814|""02598697-n"""
47826,1433,set_statement,Done,,,Q106417781,"Q106417781|P5063|""i49345"""
47826,1434,set_statement,Done,,,Q2177693,"Q2177693|P8814|""02600448-n"""
47826,1435,set_statement,Done,,,Q2177693,"Q2177693|P5063|""i49355"""
47826,1436,set_statement,Done,,,Q2765403,"Q2765403|P8814|""02600602-n"""
47826,1437,set_statement,Done,,,Q2765403,"Q2765403|P5063|""i49356"""
47826,1438,set_statement,Done,,,Q692017,"Q692017|P8814|""02600764-n"""
47826,1439,set_statement,Done,,,Q692017,"Q692017|P5063|""i49357"""
47826,1440,set_statement,Done,,,Q7119,"Q7119|P8814|""02602928-n"""
47826,1441,set_statement,Done,,,Q7119,"Q7119|P5063|""i49370"""
47826,1442,set_statement,Done,,,Q1941836,"Q1941836|P8814|""02603428-n"""
47826,1443,set_statement,Done,,,Q1941836,"Q1941836|P5063|""i49373"""
47826,1444,set_statement,Done,,,Q1818649,"Q1818649|P8814|""02604551-n"""
47826,1445,set_statement,Done,,,Q1818649,"Q1818649|P5063|""i49379"""
47826,1446,set_statement,Done,,,Q1911764,"Q1911764|P8814|""02604689-n"""
47826,1447,set_statement,Done,,,Q1911764,"Q1911764|P5063|""i49380"""
47826,1448,set_statement,Done,,,Q939626,"Q939626|P8814|""02605390-n"""
47826,1449,set_statement,Done,,,Q939626,"Q939626|P5063|""i49384"""
47826,1450,set_statement,Done,,,Q926234,"Q926234|P8814|""02609831-n"""
47826,1451,set_statement,Done,,,Q926234,"Q926234|P5063|""i49411"""
47826,1452,set_statement,Done,,,Q935046,"Q935046|P8814|""02610914-n"""
47826,1453,set_statement,Done,,,Q935046,"Q935046|P5063|""i49417"""
47826,1454,set_statement,Done,,,Q1884642,"Q1884642|P8814|""02613003-n"""
47826,1455,set_statement,Done,,,Q1884642,"Q1884642|P5063|""i49431"""
47826,1456,set_statement,Done,,,Q640454,"Q640454|P8814|""02617928-n"""
47826,1457,set_statement,Done,,,Q640454,"Q640454|P5063|""i49460"""
47826,1458,set_statement,Done,,,Q2584636,"Q2584636|P8814|""02620449-n"""
47826,1459,set_statement,Done,,,Q2584636,"Q2584636|P5063|""i49476"""
47826,1460,set_statement,Done,,,Q2355866,"Q2355866|P8814|""02624207-n"""
47826,1461,set_statement,Done,,,Q2355866,"Q2355866|P5063|""i49500"""
47826,1462,set_statement,Done,,,Q1817179,"Q1817179|P8814|""02624879-n"""
47826,1463,set_statement,Done,,,Q1817179,"Q1817179|P5063|""i49504"""
47826,1464,set_statement,Done,,,Q30153,"Q30153|P8814|""02627181-n"""
47826,1465,set_statement,Done,,,Q30153,"Q30153|P5063|""i49515"""
47826,1466,set_statement,Done,,,Q815837,"Q815837|P8814|""02627617-n"""
47826,1467,set_statement,Done,,,Q815837,"Q815837|P5063|""i49517"""
47826,1468,set_statement,Done,,,Q311047,"Q311047|P8814|""02628719-n"""
47826,1469,set_statement,Done,,,Q311047,"Q311047|P5063|""i49523"""
47826,1470,set_statement,Done,,,Q1796427,"Q1796427|P8814|""02628895-n"""
47826,1471,set_statement,Done,,,Q1796427,"Q1796427|P5063|""i49524"""
47826,1472,set_statement,Done,,,Q613384,"Q613384|P8814|""02629101-n"""
47826,1473,set_statement,Done,,,Q613384,"Q613384|P5063|""i49525"""
47826,1474,set_statement,Done,,,Q214415,"Q214415|P8814|""02629922-n"""
47826,1475,set_statement,Done,,,Q214415,"Q214415|P5063|""i49529"""
47826,1476,set_statement,Done,,,Q18560367,"Q18560367|P8814|""02630889-n"""
47826,1477,set_statement,Done,,,Q18560367,"Q18560367|P5063|""i49534"""
47826,1478,set_statement,Done,,,Q1064635,"Q1064635|P8814|""02633245-n"""
47826,1479,set_statement,Done,,,Q1064635,"Q1064635|P5063|""i49546"""
47826,1480,set_statement,Done,,,Q882668,"Q882668|P8814|""02633960-n"""
47826,1481,set_statement,Done,,,Q882668,"Q882668|P5063|""i49550"""
47826,1482,set_statement,Done,,,Q106426463,"Q106426463|P8814|""02634105-n"""
47826,1483,set_statement,Done,,,Q106426463,"Q106426463|P5063|""i49551"""
47826,1484,set_statement,Done,,,Q106426464,"Q106426464|P8814|""02634258-n"""
47826,1485,set_statement,Done,,,Q106426464,"Q106426464|P5063|""i49552"""
47826,1486,set_statement,Done,,,Q106426240,"Q106426240|P8814|""02634405-n"""
47826,1487,set_statement,Done,,,Q106426240,"Q106426240|P5063|""i49553"""
47826,1488,set_statement,Done,,,Q107330934,"Q107330934|P8814|""02636052-n"""
47826,1489,set_statement,Done,,,Q107330934,"Q107330934|P5063|""i49562"""
47826,1490,set_statement,Done,,,Q107330919,"Q107330919|P8814|""02636307-n"""
47826,1491,set_statement,Done,,,Q107330919,"Q107330919|P5063|""i49564"""
47826,1492,set_statement,Done,,,Q2168666,"Q2168666|P8814|""02639035-n"""
47826,1493,set_statement,Done,,,Q2168666,"Q2168666|P5063|""i49582"""
47826,1494,set_statement,Done,,,Q2462078,"Q2462078|P8814|""02639180-n"""
47826,1495,set_statement,Done,,,Q2462078,"Q2462078|P5063|""i49583"""
47826,1496,set_statement,Done,,,Q592876,"Q592876|P8814|""02643256-n"""
47826,1497,set_statement,Done,,,Q592876,"Q592876|P5063|""i49607"""
47826,1498,set_statement,Done,,,Q106373169,"Q106373169|P8814|""02643487-n"""
47826,1499,set_statement,Done,,,Q106373169,"Q106373169|P5063|""i49608"""
47826,1500,set_statement,Done,,,Q1431272,"Q1431272|P8814|""02644009-n"""
47826,1501,set_statement,Done,,,Q1431272,"Q1431272|P5063|""i49611"""
47826,1502,set_statement,Done,,,Q2197411,"Q2197411|P8814|""02645946-n"""
47826,1503,set_statement,Done,,,Q2197411,"Q2197411|P5063|""i49619"""
47826,1504,set_statement,Done,,,Q4847126,"Q4847126|P8814|""02647295-n"""
47826,1505,set_statement,Done,,,Q4847126,"Q4847126|P5063|""i49628"""
47826,1506,set_statement,Done,,,Q2125926,"Q2125926|P8814|""02649924-n"""
47826,1507,set_statement,Done,,,Q2125926,"Q2125926|P5063|""i49645"""
47826,1508,set_statement,Done,,,Q2045269,"Q2045269|P8814|""02653690-n"""
47826,1509,set_statement,Done,,,Q2045269,"Q2045269|P5063|""i49667"""
47826,1510,set_statement,Done,,,Q302151,"Q302151|P8814|""02656127-n"""
47826,1511,set_statement,Done,,,Q302151,"Q302151|P5063|""i49679"""
47826,1512,set_statement,Done,,,Q106443279,"Q106443279|P8814|""02657375-n"""
47826,1513,set_statement,Done,,,Q106443279,"Q106443279|P5063|""i49687"""
47826,1514,set_statement,Done,,,Q1328265,"Q1328265|P8814|""02658478-n"""
47826,1515,set_statement,Done,,,Q1328265,"Q1328265|P5063|""i49693"""
47826,1516,set_statement,Done,,,Q1329475,"Q1329475|P8814|""02658662-n"""
47826,1517,set_statement,Done,,,Q1329475,"Q1329475|P5063|""i49694"""
47826,1518,set_statement,Done,,,Q106441405,"Q106441405|P8814|""02659599-n"""
47826,1519,set_statement,Done,,,Q106441405,"Q106441405|P5063|""i49700"""
47826,1520,set_statement,Done,,,Q27098,"Q27098|P8814|""02661161-n"""
47826,1521,set_statement,Done,,,Q27098,"Q27098|P5063|""i49707"""
47826,1522,set_statement,Done,,,Q1499442,"Q1499442|P8814|""02661806-n"""
47826,1523,set_statement,Done,,,Q1499442,"Q1499442|P5063|""i49711"""
47826,1524,set_statement,Done,,,Q1071815,"Q1071815|P8814|""02662108-n"""
47826,1525,set_statement,Done,,,Q1071815,"Q1071815|P5063|""i49713"""
47826,1526,set_statement,Done,,,Q2536162,"Q2536162|P8814|""02664248-n"""
47826,1527,set_statement,Done,,,Q2536162,"Q2536162|P5063|""i49726"""
47826,1528,set_statement,Done,,,Q5904261,"Q5904261|P8814|""02665027-n"""
47826,1529,set_statement,Done,,,Q5904261,"Q5904261|P5063|""i49731"""
47826,1530,set_statement,Done,,,Q2045179,"Q2045179|P8814|""02665455-n"""
47826,1531,set_statement,Done,,,Q2045179,"Q2045179|P5063|""i49734"""
47826,1532,set_statement,Done,,,Q21097700,"Q21097700|P8814|""02665841-n"""
47826,1533,set_statement,Done,,,Q21097700,"Q21097700|P5063|""i49737"""
47826,1534,set_statement,Done,,,Q27773,"Q27773|P8814|""02666915-n"""
47826,1535,set_statement,Done,,,Q27773,"Q27773|P5063|""i49743"""
47826,1536,set_statement,Done,,,Q126890724,"Q126890724|P8814|""02667029-n"""
47826,1537,set_statement,Done,,,Q126890724,"Q126890724|P5063|""i49744"""
47826,1538,set_statement,Error,combining_failed,The next command failed,Q67183571,"Q67183571|P8814|""04420036-n"""
47826,1539,set_statement,Error,api_user_error,Error 409 ('redirected-item'): Item Q67183571 has been redirected to Q25635419.,Q67183571,"Q67183571|P5063|""i60131"""
47826,1540,set_statement,Error,combining_failed,The next command failed,Q17087190,"Q17087190|P8814|""04552265-n"""
47826,1541,set_statement,Error,api_user_error,Error 409 ('redirected-item'): Item Q17087190 has been redirected to Q3771516.,Q17087190,"Q17087190|P5063|""i60918"""
47826,1542,set_statement,Done,,,Q628858,"Q628858|P8814|""04609402-n"""
47826,1543,set_statement,Done,,,Q628858,"Q628858|P5063|""i61259"""
47826,1544,set_statement,Done,,,Q170537,"Q170537|P8814|""05924405-n"""
47826,1545,set_statement,Done,,,Q170537,"Q170537|P5063|""i67925"""
47826,1546,set_statement,Done,,,Q420,"Q420|P8814|""06047178-n"""
47826,1547,set_statement,Done,,,Q420,"Q420|P5063|""i68494"""
47826,1548,set_statement,Done,,,Q77590,"Q77590|P8814|""06137134-n"""
47826,1549,set_statement,Done,,,Q77590,"Q77590|P5063|""i68808"""
47826,1550,set_statement,Done,,,Q1130265,"Q1130265|P8814|""06137324-n"""
47826,1551,set_statement,Done,,,Q1130265,"Q1130265|P5063|""i68809"""
47826,1552,set_statement,Done,,,Q43035,"Q43035|P8814|""06137475-n"""
47826,1553,set_statement,Done,,,Q43035,"Q43035|P5063|""i68810"""
47826,1554,set_statement,Done,,,Q11661,"Q11661|P8814|""06143961-n"""
47826,1555,set_statement,Done,,,Q11661,"Q11661|P5063|""i68822"""
47826,1556,set_statement,Done,,,Q9418,"Q9418|P8814|""06145709-n"""
47826,1557,set_statement,Done,,,Q9418,"Q9418|P5063|""i68832"""
47826,1558,set_statement,Done,,,Q23404,"Q23404|P8814|""06152997-n"""
47826,1559,set_statement,Done,,,Q23404,"Q23404|P5063|""i68861"""
47826,1560,set_statement,Done,,,Q23498,"Q23498|P8814|""06153532-n"""
47826,1561,set_statement,Done,,,Q23498,"Q23498|P5063|""i68862"""
47826,1562,set_statement,Done,,,Q36442,"Q36442|P8814|""06157599-n"""
47826,1563,set_statement,Done,,,Q36442,"Q36442|P5063|""i68886"""
47826,1564,set_statement,Done,,,Q21201,"Q21201|P8814|""06161163-n"""
47826,1565,set_statement,Done,,,Q21201,"Q21201|P5063|""i68900"""
47826,1566,set_statement,Done,,,Q40634,"Q40634|P8814|""06180756-n"""
47826,1567,set_statement,Done,,,Q40634,"Q40634|P5063|""i68983"""
47826,1568,set_statement,Done,,,Q165580,"Q165580|P8814|""06241948-n"""
47826,1569,set_statement,Done,,,Q165580,"Q165580|P5063|""i69278"""
47826,1570,set_statement,Done,,,Q506858,"Q506858|P8814|""06277363-n"""
47826,1571,set_statement,Done,,,Q506858,"Q506858|P5063|""i69438"""
47826,1572,set_statement,Done,,,Q1058384,"Q1058384|P8814|""06352347-n"""
47826,1573,set_statement,Done,,,Q1058384,"Q1058384|P5063|""i69797"""
47826,1574,set_statement,Done,,,Q177053,"Q177053|P8814|""06352710-n"""
47826,1575,set_statement,Done,,,Q177053,"Q177053|P5063|""i69800"""
47826,1576,set_statement,Done,,,Q7553,"Q7553|P8814|""06548380-n"""
47826,1577,set_statement,Done,,,Q7553,"Q7553|P5063|""i70814"""
47826,1578,set_statement,Done,,,Q146491,"Q146491|P8814|""06551169-n"""
47826,1579,set_statement,Done,,,Q146491,"Q146491|P5063|""i70831"""
47826,1580,set_statement,Done,,,Q183065,"Q183065|P8814|""06588108-n"""
47826,1581,set_statement,Done,,,Q183065,"Q183065|P5063|""i71010"""
47826,1582,set_statement,Done,,,Q131212,"Q131212|P8814|""06588903-n"""
47826,1583,set_statement,Done,,,Q131212,"Q131212|P5063|""i71015"""
47826,1584,set_statement,Done,,,Q11424,"Q11424|P8814|""06626039-n"""
47826,1585,set_statement,Done,,,Q11424,"Q11424|P5063|""i71223"""
47826,1586,set_statement,Done,,,Q2875163,"Q2875163|P8814|""06692202-n"""
47826,1587,set_statement,Done,,,Q2875163,"Q2875163|P5063|""i71584"""
47826,1588,set_statement,Done,,,Q5287521,"Q5287521|P8814|""06716496-n"""
47826,1589,set_statement,Done,,,Q5287521,"Q5287521|P5063|""i71726"""
47826,1590,set_statement,Done,,,Q752297,"Q752297|P8814|""06716716-n"""
47826,1591,set_statement,Done,,,Q752297,"Q752297|P5063|""i71728"""
47826,1592,set_statement,Done,,,Q18127,"Q18127|P8814|""06864566-n"""
47826,1593,set_statement,Done,,,Q18127,"Q18127|P5063|""i72496"""
47826,1594,set_statement,Done,,,Q51739,"Q51739|P8814|""06919215-n"""
47826,1595,set_statement,Done,,,Q51739,"Q51739|P5063|""i72806"""
47826,1596,set_statement,Done,,,Q33392,"Q33392|P8814|""06919747-n"""
47826,1597,set_statement,Done,,,Q33392,"Q33392|P5063|""i72807"""
47826,1598,set_statement,Done,,,Q10975683,"Q10975683|P8814|""06920343-n"""
47826,1599,set_statement,Done,,,Q10975683,"Q10975683|P5063|""i72808"""
47826,1600,set_statement,Done,,,Q27475,"Q27475|P8814|""06920504-n"""
47826,1601,set_statement,Done,,,Q27475,"Q27475|P5063|""i72809"""
47826,1602,set_statement,Done,,,Q197936,"Q197936|P8814|""06920824-n"""
47826,1603,set_statement,Done,,,Q197936,"Q197936|P5063|""i72810"""
47826,1604,set_statement,Done,,,Q56696,"Q56696|P8814|""06922074-n"""
47826,1605,set_statement,Done,,,Q56696,"Q56696|P5063|""i72821"""
47826,1606,set_statement,Done,,,Q3217420,"Q3217420|P8814|""06922448-n"""
47826,1607,set_statement,Done,,,Q3217420,"Q3217420|P5063|""i72825"""
47826,1608,set_statement,Done,,,Q33537,"Q33537|P8814|""06922815-n"""
47826,1609,set_statement,Done,,,Q33537,"Q33537|P5063|""i72828"""
47826,1610,set_statement,Done,,,Q56523,"Q56523|P8814|""06922910-n"""
47826,1611,set_statement,Done,,,Q56523,"Q56523|P5063|""i72829"""
47826,1612,set_statement,Done,,,Q3183144,"Q3183144|P8814|""06923293-n"""
47826,1613,set_statement,Done,,,Q3183144,"Q3183144|P5063|""i72833"""
47826,1614,set_statement,Done,,,Q56519,"Q56519|P8814|""06923415-n"""
47826,1615,set_statement,Done,,,Q56519,"Q56519|P5063|""i72834"""
47826,1616,set_statement,Done,,,Q13321,"Q13321|P8814|""06923644-n"""
47826,1617,set_statement,Done,,,Q13321,"Q13321|P5063|""i72836"""
47826,1618,set_statement,Done,,,Q33875,"Q33875|P8814|""06924142-n"""
47826,1619,set_statement,Done,,,Q33875,"Q33875|P5063|""i72841"""
47826,1620,set_statement,Done,,,Q13316,"Q13316|P8814|""06925313-n"""
47826,1621,set_statement,Done,,,Q13316,"Q13316|P5063|""i72853"""
47826,1622,set_statement,Done,,,Q523014,"Q523014|P8814|""06925513-n"""
47826,1623,set_statement,Done,,,Q523014,"Q523014|P5063|""i72855"""
47826,1624,set_statement,Done,,,Q902978,"Q902978|P8814|""06926089-n"""
47826,1625,set_statement,Done,,,Q902978,"Q902978|P5063|""i72861"""
47826,1626,set_statement,Done,,,Q26986,"Q26986|P8814|""06926411-n"""
47826,1627,set_statement,Done,,,Q26986,"Q26986|P5063|""i72862"""
47826,1628,set_statement,Done,,,Q59899,"Q59899|P8814|""06926544-n"""
47826,1629,set_statement,Done,,,Q59899,"Q59899|P5063|""i72863"""
47826,1630,set_statement,Done,,,Q1073088,"Q1073088|P8814|""06926724-n"""
47826,1631,set_statement,Done,,,Q1073088,"Q1073088|P5063|""i72864"""
47826,1632,set_statement,Done,,,Q33985,"Q33985|P8814|""06926943-n"""
47826,1633,set_statement,Done,,,Q33985,"Q33985|P5063|""i72866"""
47826,1634,set_statement,Done,,,Q60069,"Q60069|P8814|""06927199-n"""
47826,1635,set_statement,Done,,,Q60069,"Q60069|P5063|""i72868"""
47826,1636,set_statement,Done,,,Q2640628,"Q2640628|P8814|""06927388-n"""
47826,1637,set_statement,Done,,,Q2640628,"Q2640628|P5063|""i72869"""
47826,1638,set_statement,Done,,,Q2992876,"Q2992876|P8814|""06927485-n"""
47826,1639,set_statement,Done,,,Q2992876,"Q2992876|P5063|""i72870"""
47826,1640,set_statement,Done,,,Q33811,"Q33811|P8814|""06927578-n"""
47826,1641,set_statement,Done,,,Q33811,"Q33811|P5063|""i72871"""
47826,1642,set_statement,Done,,,Q1025090,"Q1025090|P8814|""06928377-n"""
47826,1643,set_statement,Done,,,Q1025090,"Q1025090|P5063|""i72877"""
47826,1644,set_statement,Done,,,Q33623,"Q33623|P8814|""06929579-n"""
47826,1645,set_statement,Done,,,Q33623,"Q33623|P5063|""i72888"""
47826,1646,set_statement,Done,,,Q56944,"Q56944|P8814|""06930273-n"""
47826,1647,set_statement,Done,,,Q56944,"Q56944|P5063|""i72892"""
47826,1648,set_statement,Done,,,Q148610,"Q148610|P8814|""06930378-n"""
47826,1649,set_statement,Done,,,Q148610,"Q148610|P5063|""i72893"""
47826,1650,set_statement,Done,,,Q626753,"Q626753|P8814|""06930540-n"""
47826,1651,set_statement,Done,,,Q626753,"Q626753|P5063|""i72894"""
47826,1652,set_statement,Done,,,Q25946,"Q25946|P8814|""06930818-n"""
47826,1653,set_statement,Done,,,Q25946,"Q25946|P5063|""i72896"""
47826,1654,set_statement,Done,,,Q20736,"Q20736|P8814|""06930991-n"""
47826,1655,set_statement,Done,,,Q20736,"Q20736|P5063|""i72897"""
47826,1656,set_statement,Done,,,Q34073,"Q34073|P8814|""06931172-n"""
47826,1657,set_statement,Done,,,Q34073,"Q34073|P5063|""i72899"""
47826,1658,set_statement,Done,,,Q2393095,"Q2393095|P8814|""06931416-n"""
47826,1659,set_statement,Done,,,Q2393095,"Q2393095|P5063|""i72900"""
47826,1660,set_statement,Done,,,Q11965602,"Q11965602|P8814|""06931510-n"""
47826,1661,set_statement,Done,,,Q11965602,"Q11965602|P5063|""i72901"""
47826,1662,set_statement,Error,combining_failed,The next command failed,Q57982892,"Q57982892|P8814|""06931708-n"""
47826,1663,set_statement,Error,api_user_error,Error 409 ('redirected-item'): Item Q57982892 has been redirected to Q19877481.,Q57982892,"Q57982892|P5063|""i72903"""
47826,1664,set_statement,Done,,,Q36807,"Q36807|P8814|""06931799-n"""
47826,1665,set_statement,Done,,,Q36807,"Q36807|P5063|""i72904"""
47826,1666,set_statement,Done,,,Q33738,"Q33738|P8814|""06931991-n"""
47826,1667,set_statement,Done,,,Q33738,"Q33738|P5063|""i72906"""
47826,1668,set_statement,Done,,,Q27758,"Q27758|P8814|""06932210-n"""
47826,1669,set_statement,Done,,,Q27758,"Q27758|P5063|""i72907"""
47826,1670,set_statement,Done,,,Q13368,"Q13368|P8814|""06932325-n"""
47826,1671,set_statement,Done,,,Q13368,"Q13368|P5063|""i72908"""
47826,1672,set_statement,Done,,,Q28060,"Q28060|P8814|""06932407-n"""
47826,1673,set_statement,Done,,,Q28060,"Q28060|P5063|""i72909"""
47826,1674,set_statement,Done,,,Q34181,"Q34181|P8814|""06932906-n"""
47826,1675,set_statement,Done,,,Q34181,"Q34181|P5063|""i72914"""
47826,1676,set_statement,Done,,,Q386288,"Q386288|P8814|""06933274-n"""
47826,1677,set_statement,Done,,,Q386288,"Q386288|P5063|""i72915"""
47826,1678,set_statement,Done,,,Q33406,"Q33406|P8814|""06933533-n"""
47826,1679,set_statement,Done,,,Q33406,"Q33406|P5063|""i72917"""
47826,1680,set_statement,Done,,,Q2618420,"Q2618420|P8814|""06933963-n"""
47826,1681,set_statement,Done,,,Q2618420,"Q2618420|P5063|""i72920"""
47826,1682,set_statement,Done,,,Q36408,"Q36408|P8814|""06934077-n"""
47826,1683,set_statement,Done,,,Q36408,"Q36408|P5063|""i72921"""
47826,1684,set_statement,Done,,,Q1288440,"Q1288440|P8814|""06934283-n"""
47826,1685,set_statement,Done,,,Q1288440,"Q1288440|P5063|""i72923"""
47826,1686,set_statement,Done,,,Q2991735,"Q2991735|P8814|""06934370-n"""
47826,1687,set_statement,Done,,,Q2991735,"Q2991735|P5063|""i72924"""
47826,1688,set_statement,Done,,,Q56661,"Q56661|P8814|""06934532-n"""
47826,1689,set_statement,Done,,,Q56661,"Q56661|P5063|""i72925"""
47826,1690,set_statement,Done,,,Q579137,"Q579137|P8814|""06934822-n"""
47826,1691,set_statement,Done,,,Q579137,"Q579137|P5063|""i72928"""
47826,1692,set_statement,Done,,,Q56726,"Q56726|P8814|""06935166-n"""
47826,1693,set_statement,Done,,,Q56726,"Q56726|P5063|""i72929"""
47826,1694,set_statement,Done,,,Q3915551,"Q3915551|P8814|""06935262-n"""
47826,1695,set_statement,Done,,,Q3915551,"Q3915551|P5063|""i72930"""
47826,1696,set_statement,Done,,,Q33337,"Q33337|P8814|""06935554-n"""
47826,1697,set_statement,Done,,,Q33337,"Q33337|P5063|""i72933"""
47826,1698,set_statement,Done,,,Q4910139,"Q4910139|P8814|""06935652-n"""
47826,1699,set_statement,Done,,,Q4910139,"Q4910139|P5063|""i72934"""
47826,1700,set_statement,Done,,,Q20064941,"Q20064941|P8814|""06936060-n"""
47826,1701,set_statement,Done,,,Q20064941,"Q20064941|P5063|""i72938"""
47826,1702,set_statement,Done,,,Q3573199,"Q3573199|P8814|""06936269-n"""
47826,1703,set_statement,Done,,,Q3573199,"Q3573199|P5063|""i72940"""
47826,1704,set_statement,Done,,,Q131625885,"Q131625885|P8814|""06936481-n"""
47826,1705,set_statement,Done,,,Q131625885,"Q131625885|P5063|""i72942"""
47826,1706,set_statement,Done,,,Q115485,"Q115485|P8814|""06936657-n"""
47826,1707,set_statement,Done,,,Q115485,"Q115485|P5063|""i72944"""
47826,1708,set_statement,Done,,,Q1294259,"Q1294259|P8814|""06936991-n"""
47826,1709,set_statement,Done,,,Q1294259,"Q1294259|P5063|""i72945"""
47826,1710,set_statement,Done,,,Q56754,"Q56754|P8814|""06937245-n"""
47826,1711,set_statement,Done,,,Q56754,"Q56754|P5063|""i72947"""
47826,1712,set_statement,Done,,,Q2612570,"Q2612570|P8814|""06937337-n"""
47826,1713,set_statement,Done,,,Q2612570,"Q2612570|P5063|""i72948"""
47826,1714,set_statement,Done,,,Q578082,"Q578082|P8814|""06937567-n"""
47826,1715,set_statement,Done,,,Q578082,"Q578082|P5063|""i72950"""
47826,1716,set_statement,Done,,,Q1569040,"Q1569040|P8814|""06937880-n"""
47826,1717,set_statement,Done,,,Q1569040,"Q1569040|P5063|""i72953"""
47826,1718,set_statement,Done,,,Q940278,"Q940278|P8814|""06937991-n"""
47826,1719,set_statement,Done,,,Q940278,"Q940278|P5063|""i72954"""
47826,1720,set_statement,Done,,,Q35536,"Q35536|P8814|""06938520-n"""
47826,1721,set_statement,Done,,,Q35536,"Q35536|P5063|""i72959"""
47826,1722,set_statement,Done,,,Q13354,"Q13354|P8814|""06938694-n"""
47826,1723,set_statement,Done,,,Q13354,"Q13354|P5063|""i72961"""
47826,1724,set_statement,Done,,,Q36494,"Q36494|P8814|""06938797-n"""
47826,1725,set_statement,Done,,,Q36494,"Q36494|P5063|""i72962"""
47826,1726,set_statement,Done,,,Q35115,"Q35115|P8814|""06938889-n"""
47826,1727,set_statement,Done,,,Q35115,"Q35115|P5063|""i72963"""
47826,1728,set_statement,Done,,,Q37845,"Q37845|P8814|""06938989-n"""
47826,1729,set_statement,Done,,,Q37845,"Q37845|P5063|""i72964"""
47826,1730,set_statement,Done,,,Q34090,"Q34090|P8814|""06939235-n"""
47826,1731,set_statement,Done,,,Q34090,"Q34090|P5063|""i72965"""
47826,1732,set_statement,Done,,,Q13263,"Q13263|P8814|""06940263-n"""
47826,1733,set_statement,Done,,,Q13263,"Q13263|P5063|""i72972"""
47826,1734,set_statement,Done,,,Q34299,"Q34299|P8814|""06940422-n"""
47826,1735,set_statement,Done,,,Q34299,"Q34299|P5063|""i72973"""
47826,1736,set_statement,Done,,,Q9255,"Q9255|P8814|""06940513-n"""
47826,1737,set_statement,Done,,,Q9255,"Q9255|P5063|""i72974"""
47826,1738,set_statement,Done,,,Q36831,"Q36831|P8814|""06940824-n"""
47826,1739,set_statement,Done,,,Q36831,"Q36831|P5063|""i72977"""
47826,1740,set_statement,Done,,,Q34230,"Q34230|P8814|""06941207-n"""
47826,1741,set_statement,Done,,,Q34230,"Q34230|P5063|""i72979"""
47826,1742,set_statement,Done,,,Q33750,"Q33750|P8814|""06941616-n"""
47826,1743,set_statement,Done,,,Q33750,"Q33750|P5063|""i72982"""
47826,1744,set_statement,Done,,,Q6399808,"Q6399808|P8814|""06941785-n"""
47826,1745,set_statement,Done,,,Q6399808,"Q6399808|P5063|""i72983"""
47826,1746,set_statement,Done,,,Q56393,"Q56393|P8814|""06942236-n"""
47826,1747,set_statement,Done,,,Q56393,"Q56393|P5063|""i72986"""
47826,1748,set_statement,Done,,,Q33857,"Q33857|P8814|""06942395-n"""
47826,1749,set_statement,Done,,,Q33857,"Q33857|P5063|""i72987"""
47826,1750,set_statement,Done,,,Q727694,"Q727694|P8814|""06942870-n"""
47826,1751,set_statement,Done,,,Q727694,"Q727694|P5063|""i72989"""
47826,1752,set_statement,Done,,,Q34290,"Q34290|P8814|""06943075-n"""
47826,1753,set_statement,Done,,,Q34290,"Q34290|P5063|""i72990"""
47826,1754,set_statement,Done,,,Q7033959,"Q7033959|P8814|""06943204-n"""
47826,1755,set_statement,Done,,,Q7033959,"Q7033959|P5063|""i72991"""
47826,1756,set_statement,Done,,,Q56504,"Q56504|P8814|""06943410-n"""
47826,1757,set_statement,Done,,,Q56504,"Q56504|P5063|""i72992"""
47826,1758,set_statement,Done,,,Q45961,"Q45961|P8814|""06943711-n"""
47826,1759,set_statement,Done,,,Q45961,"Q45961|P5063|""i72994"""
47826,1760,set_statement,Done,,,Q34064,"Q34064|P8814|""06943976-n"""
47826,1761,set_statement,Done,,,Q34064,"Q34064|P5063|""i72995"""
47826,1762,set_statement,Done,,,Q1636765,"Q1636765|P8814|""06944276-n"""
47826,1763,set_statement,Done,,,Q1636765,"Q1636765|P5063|""i72996"""
47826,1764,set_statement,Done,,,Q1635712,"Q1635712|P8814|""06945042-n"""
47826,1765,set_statement,Done,,,Q1635712,"Q1635712|P5063|""i73001"""
47826,1766,set_statement,Done,,,Q37035,"Q37035|P8814|""06945314-n"""
47826,1767,set_statement,Done,,,Q37035,"Q37035|P5063|""i73003"""
47826,1768,set_statement,Done,,,Q17004185,"Q17004185|P8814|""06945580-n"""
47826,1769,set_statement,Done,,,Q17004185,"Q17004185|P5063|""i73005"""
47826,1770,set_statement,Done,,,Q1515454,"Q1515454|P8814|""06945799-n"""
47826,1771,set_statement,Done,,,Q1515454,"Q1515454|P5063|""i73008"""
47826,1772,set_statement,Done,,,Q33332,"Q33332|P8814|""06945962-n"""
47826,1773,set_statement,Done,,,Q33332,"Q33332|P5063|""i73009"""
47826,1774,set_statement,Done,,,Q832413,"Q832413|P8814|""06946056-n"""
47826,1775,set_statement,Done,,,Q832413,"Q832413|P5063|""i73010"""
47826,1776,set_statement,Done,,,Q11323745,"Q11323745|P8814|""06946206-n"""
47826,1777,set_statement,Done,,,Q11323745,"Q11323745|P5063|""i73011"""
47826,1778,set_statement,Done,,,Q4090000,"Q4090000|P8814|""06946466-n"""
47826,1779,set_statement,Done,,,Q4090000,"Q4090000|P5063|""i73013"""
47826,1780,set_statement,Done,,,Q3217538,"Q3217538|P8814|""06946601-n"""
47826,1781,set_statement,Done,,,Q3217538,"Q3217538|P5063|""i73014"""
47826,1782,set_statement,Done,,,Q33979,"Q33979|P8814|""06946797-n"""
47826,1783,set_statement,Done,,,Q33979,"Q33979|P5063|""i73016"""
47826,1784,set_statement,Done,,,Q34171,"Q34171|P8814|""06946909-n"""
47826,1785,set_statement,Done,,,Q34171,"Q34171|P5063|""i73017"""
47826,1786,set_statement,Done,,,Q1023641,"Q1023641|P8814|""06947086-n"""
47826,1787,set_statement,Done,,,Q1023641,"Q1023641|P5063|""i73018"""
47826,1788,set_statement,Done,,,Q749720,"Q749720|P8814|""06947166-n"""
47826,1789,set_statement,Done,,,Q749720,"Q749720|P5063|""i73019"""
47826,1790,set_statement,Done,,,Q7675751,"Q7675751|P8814|""06947625-n"""
47826,1791,set_statement,Done,,,Q7675751,"Q7675751|P5063|""i73020"""
47826,1792,set_statement,Done,,,Q7675773,"Q7675773|P8814|""06947710-n"""
47826,1793,set_statement,Done,,,Q7675773,"Q7675773|P5063|""i73021"""
47826,1794,set_statement,Done,,,Q36556,"Q36556|P8814|""06947888-n"""
47826,1795,set_statement,Done,,,Q36556,"Q36556|P5063|""i73023"""
47826,1796,set_statement,Done,,,Q36948,"Q36948|P8814|""06948091-n"""
47826,1797,set_statement,Done,,,Q36948,"Q36948|P5063|""i73025"""
47826,1798,set_statement,Done,,,Q565110,"Q565110|P8814|""06948194-n"""
47826,1799,set_statement,Done,,,Q565110,"Q565110|P5063|""i73026"""
47826,1800,set_statement,Done,,,Q56508,"Q56508|P8814|""06948600-n"""
47826,1801,set_statement,Done,,,Q56508,"Q56508|P5063|""i73030"""
47826,1802,set_statement,Done,,,Q2511476,"Q2511476|P8814|""06948688-n"""
47826,1803,set_statement,Done,,,Q2511476,"Q2511476|P5063|""i73031"""
47826,1804,set_statement,Done,,,Q72695,"Q72695|P8814|""06948767-n"""
47826,1805,set_statement,Done,,,Q72695,"Q72695|P5063|""i73032"""
47826,1806,set_statement,Done,,,Q33199,"Q33199|P8814|""06949397-n"""
47826,1807,set_statement,Done,,,Q33199,"Q33199|P5063|""i73039"""
47826,1808,set_statement,Done,,,Q33892,"Q33892|P8814|""06949600-n"""
47826,1809,set_statement,Done,,,Q33892,"Q33892|P5063|""i73040"""
47826,1810,set_statement,Done,,,Q337657,"Q337657|P8814|""06949725-n"""
47826,1811,set_statement,Done,,,Q337657,"Q337657|P5063|""i73041"""
47826,1812,set_statement,Done,,,Q3307894,"Q3307894|P8814|""06949875-n"""
47826,1813,set_statement,Done,,,Q3307894,"Q3307894|P5063|""i73042"""
47826,1814,set_statement,Done,,,Q49228,"Q49228|P8814|""06950308-n"""
47826,1815,set_statement,Done,,,Q49228,"Q49228|P5063|""i73046"""
47826,1816,set_statement,Done,,,Q143158,"Q143158|P8814|""06950545-n"""
47826,1817,set_statement,Done,,,Q143158,"Q143158|P5063|""i73047"""
47826,1818,set_statement,Done,,,Q940966,"Q940966|P8814|""06950762-n"""
47826,1819,set_statement,Done,,,Q940966,"Q940966|P5063|""i73048"""
47826,1820,set_statement,Done,,,Q34094,"Q34094|P8814|""06950967-n"""
47826,1821,set_statement,Done,,,Q34094,"Q34094|P5063|""i73049"""
47826,1822,set_statement,Done,,,Q2699398,"Q2699398|P8814|""06951506-n"""
47826,1823,set_statement,Done,,,Q2699398,"Q2699398|P5063|""i73054"""
47826,1824,set_statement,Done,,,Q12636082,"Q12636082|P8814|""06951664-n"""
47826,1825,set_statement,Done,,,Q12636082,"Q12636082|P5063|""i73055"""
47826,1826,set_statement,Done,,,Q33298,"Q33298|P8814|""06952518-n"""
47826,1827,set_statement,Done,,,Q33298,"Q33298|P5063|""i73061"""
47826,1828,set_statement,Done,,,Q715278,"Q715278|P8814|""06953463-n"""
47826,1829,set_statement,Done,,,Q715278,"Q715278|P5063|""i73067"""
47826,1830,set_statement,Done,,,Q716610,"Q716610|P8814|""06953616-n"""
47826,1831,set_statement,Done,,,Q716610,"Q716610|P5063|""i73068"""
47826,1832,set_statement,Done,,,Q716659,"Q716659|P8814|""06953731-n"""
47826,1833,set_statement,Done,,,Q716659,"Q716659|P5063|""i73069"""
47826,1834,set_statement,Done,,,Q11078043,"Q11078043|P8814|""06953803-n"""
47826,1835,set_statement,Done,,,Q11078043,"Q11078043|P5063|""i73070"""
47826,1836,set_statement,Done,,,Q236425,"Q236425|P8814|""06953877-n"""
47826,1837,set_statement,Done,,,Q236425,"Q236425|P5063|""i73071"""
47826,1838,set_statement,Done,,,Q33614,"Q33614|P8814|""06954103-n"""
47826,1839,set_statement,Done,,,Q33614,"Q33614|P5063|""i73072"""
47826,1840,set_statement,Done,,,Q13301,"Q13301|P8814|""06954241-n"""
47826,1841,set_statement,Done,,,Q13301,"Q13301|P5063|""i73073"""
47826,1842,set_statement,Done,,,Q19860,"Q19860|P8814|""06954406-n"""
47826,1843,set_statement,Done,,,Q19860,"Q19860|P5063|""i73074"""
47826,1844,set_statement,Done,,,Q37178,"Q37178|P8814|""06954856-n"""
47826,1845,set_statement,Done,,,Q37178,"Q37178|P5063|""i73075"""
47826,1846,set_statement,Done,,,Q181037,"Q181037|P8814|""06955181-n"""
47826,1847,set_statement,Done,,,Q181037,"Q181037|P5063|""i73077"""
47826,1848,set_statement,Done,,,Q180937,"Q180937|P8814|""06955312-n"""
47826,1849,set_statement,Done,,,Q180937,"Q180937|P5063|""i73078"""
47826,1850,set_statement,Done,,,Q35976,"Q35976|P8814|""06955636-n"""
47826,1851,set_statement,Done,,,Q35976,"Q35976|P5063|""i73080"""
47826,1852,set_statement,Done,,,Q36793,"Q36793|P8814|""06955983-n"""
47826,1853,set_statement,Done,,,Q36793,"Q36793|P5063|""i73082"""
47826,1854,set_statement,Done,,,Q36751,"Q36751|P8814|""06956140-n"""
47826,1855,set_statement,Done,,,Q36751,"Q36751|P5063|""i73083"""
47826,1856,set_statement,Done,,,Q147356,"Q147356|P8814|""06956320-n"""
47826,1857,set_statement,Done,,,Q147356,"Q147356|P5063|""i73084"""
47826,1858,set_statement,Done,,,Q23526,"Q23526|P8814|""06956533-n"""
47826,1859,set_statement,Done,,,Q23526,"Q23526|P5063|""i73085"""
47826,1860,set_statement,Done,,,Q33251,"Q33251|P8814|""06956918-n"""
47826,1861,set_statement,Done,,,Q33251,"Q33251|P5063|""i73086"""
47826,1862,set_statement,Done,,,Q9063,"Q9063|P8814|""06957772-n"""
47826,1863,set_statement,Done,,,Q9063,"Q9063|P5063|""i73093"""
47826,1864,set_statement,Done,,,Q33136,"Q33136|P8814|""06958441-n"""
47826,1865,set_statement,Done,,,Q33136,"Q33136|P5063|""i73098"""
47826,1866,set_statement,Done,,,Q35501,"Q35501|P8814|""06958779-n"""
47826,1867,set_statement,Done,,,Q35501,"Q35501|P5063|""i73099"""
47826,1868,set_statement,Done,,,Q21200,"Q21200|P8814|""06959259-n"""
47826,1869,set_statement,Done,,,Q21200,"Q21200|P5063|""i73102"""
47826,1870,set_statement,Done,,,Q26721,"Q26721|P8814|""06959585-n"""
47826,1871,set_statement,Done,,,Q26721,"Q26721|P5063|""i73103"""
47826,1872,set_statement,Done,,,Q48767245,"Q48767245|P8814|""06960420-n"""
47826,1873,set_statement,Done,,,Q48767245,"Q48767245|P5063|""i73106"""
47826,1874,set_statement,Done,,,Q653421,"Q653421|P8814|""06960911-n"""
47826,1875,set_statement,Done,,,Q653421,"Q653421|P5063|""i73108"""
47826,1876,set_statement,Done,,,Q36395,"Q36395|P8814|""06961523-n"""
47826,1877,set_statement,Done,,,Q36395,"Q36395|P5063|""i73111"""
47826,1878,set_statement,Done,,,Q42365,"Q42365|P8814|""06962353-n"""
47826,1879,set_statement,Done,,,Q42365,"Q42365|P5063|""i73118"""
47826,1880,set_statement,Done,,,Q2658603,"Q2658603|P8814|""06962524-n"""
47826,1881,set_statement,Done,,,Q2658603,"Q2658603|P5063|""i73119"""
47826,1882,set_statement,Done,,,Q121142917,"Q121142917|P8814|""06962614-n"""
47826,1883,set_statement,Done,,,Q121142917,"Q121142917|P5063|""i73120"""
47826,1884,set_statement,Done,,,Q11687485,"Q11687485|P8814|""06962708-n"""
47826,1885,set_statement,Done,,,Q11687485,"Q11687485|P5063|""i73121"""
47826,1886,set_statement,Done,,,Q5197377,"Q5197377|P8814|""06963162-n"""
47826,1887,set_statement,Done,,,Q5197377,"Q5197377|P5063|""i73124"""
47826,1888,set_statement,Done,,,Q22711,"Q22711|P8814|""06964877-n"""
47826,1889,set_statement,Done,,,Q22711,"Q22711|P5063|""i73129"""
47826,1890,set_statement,Done,,,Q505674,"Q505674|P8814|""06965242-n"""
47826,1891,set_statement,Done,,,Q505674,"Q505674|P5063|""i73132"""
47826,1892,set_statement,Done,,,Q1671294,"Q1671294|P8814|""06965794-n"""
47826,1893,set_statement,Done,,,Q1671294,"Q1671294|P5063|""i73136"""
47826,1894,set_statement,Done,,,Q35505,"Q35505|P8814|""06965907-n"""
47826,1895,set_statement,Done,,,Q35505,"Q35505|P5063|""i73137"""
47826,1896,set_statement,Done,,,Q34909,"Q34909|P8814|""06966072-n"""
47826,1897,set_statement,Done,,,Q34909,"Q34909|P5063|""i73138"""
47826,1898,set_statement,Done,,,Q25167,"Q25167|P8814|""06967201-n"""
47826,1899,set_statement,Done,,,Q25167,"Q25167|P5063|""i73144"""
47826,1900,set_statement,Done,,,Q37015,"Q37015|P8814|""06967380-n"""
47826,1901,set_statement,Done,,,Q37015,"Q37015|P5063|""i73145"""
47826,1902,set_statement,Done,,,Q27175,"Q27175|P8814|""06967982-n"""
47826,1903,set_statement,Done,,,Q27175,"Q27175|P5063|""i73149"""
47826,1904,set_statement,Done,,,Q108662,"Q108662|P8814|""06968300-n"""
47826,1905,set_statement,Done,,,Q108662,"Q108662|P5063|""i73151"""
47826,1906,set_statement,Done,,,Q728651,"Q728651|P8814|""06968671-n"""
47826,1907,set_statement,Done,,,Q728651,"Q728651|P5063|""i73153"""
47826,1908,set_statement,Done,,,Q34113,"Q34113|P8814|""06968869-n"""
47826,1909,set_statement,Done,,,Q34113,"Q34113|P5063|""i73154"""
47826,1910,set_statement,Done,,,Q79890,"Q79890|P8814|""06969027-n"""
47826,1911,set_statement,Done,,,Q79890,"Q79890|P5063|""i73155"""
47826,1912,set_statement,Done,,,Q33328,"Q33328|P8814|""06969284-n"""
47826,1913,set_statement,Done,,,Q33328,"Q33328|P5063|""i73156"""
47826,1914,set_statement,Done,,,Q161493,"Q161493|P8814|""06969636-n"""
47826,1915,set_statement,Done,,,Q161493,"Q161493|P5063|""i73158"""
47826,1916,set_statement,Done,,,Q627313,"Q627313|P8814|""06970143-n"""
47826,1917,set_statement,Done,,,Q627313,"Q627313|P5063|""i73162"""
47826,1918,set_statement,Done,,,Q33918,"Q33918|P8814|""06970918-n"""
47826,1919,set_statement,Done,,,Q33918,"Q33918|P5063|""i73167"""
47826,1920,set_statement,Done,,,Q156631,"Q156631|P8814|""06971355-n"""
47826,1921,set_statement,Done,,,Q156631,"Q156631|P5063|""i73171"""
47826,1922,set_statement,Done,,,Q163652,"Q163652|P8814|""06972001-n"""
47826,1923,set_statement,Done,,,Q163652,"Q163652|P5063|""i73175"""
47826,1924,set_statement,Done,,,Q56463,"Q56463|P8814|""06972167-n"""
47826,1925,set_statement,Done,,,Q56463,"Q56463|P5063|""i73176"""
47826,1926,set_statement,Done,,,Q34005,"Q34005|P8814|""06972324-n"""
47826,1927,set_statement,Done,,,Q34005,"Q34005|P5063|""i73177"""
47826,1928,set_statement,Done,,,Q56433,"Q56433|P8814|""06973306-n"""
47826,1929,set_statement,Done,,,Q56433,"Q56433|P5063|""i73183"""
47826,1930,set_statement,Done,,,Q35308,"Q35308|P8814|""06973688-n"""
47826,1931,set_statement,Done,,,Q35308,"Q35308|P5063|""i73185"""
47826,1932,set_statement,Done,,,Q36116,"Q36116|P8814|""06973773-n"""
47826,1933,set_statement,Done,,,Q36116,"Q36116|P5063|""i73186"""
47826,1934,set_statement,Done,,,Q156877,"Q156877|P8814|""06974139-n"""
47826,1935,set_statement,Done,,,Q156877,"Q156877|P5063|""i73189"""
47826,1936,set_statement,Done,,,Q36653,"Q36653|P8814|""06975090-n"""
47826,1937,set_statement,Done,,,Q36653,"Q36653|P5063|""i73196"""
47826,1938,set_statement,Done,,,Q515194,"Q515194|P8814|""06975194-n"""
47826,1939,set_statement,Done,,,Q515194,"Q515194|P5063|""i73197"""
47826,1940,set_statement,Done,,,Q253854,"Q253854|P8814|""06975822-n"""
47826,1941,set_statement,Done,,,Q253854,"Q253854|P5063|""i73200"""
47826,1942,set_statement,Done,,,Q1990745,"Q1990745|P8814|""06977530-n"""
47826,1943,set_statement,Done,,,Q1990745,"Q1990745|P5063|""i73210"""
47826,1944,set_statement,Done,,,Q33850,"Q33850|P8814|""06978478-n"""
47826,1945,set_statement,Done,,,Q33850,"Q33850|P5063|""i73215"""
47826,1946,set_statement,Done,,,Q35214,"Q35214|P8814|""06978614-n"""
47826,1947,set_statement,Done,,,Q35214,"Q35214|P5063|""i73216"""
47826,1948,set_statement,Done,,,Q2779185,"Q2779185|P8814|""06978970-n"""
47826,1949,set_statement,Done,,,Q2779185,"Q2779185|P5063|""i73219"""
47826,1950,set_statement,Done,,,Q8752,"Q8752|P8814|""06979369-n"""
47826,1951,set_statement,Done,,,Q8752,"Q8752|P5063|""i73222"""
47826,1952,set_statement,Done,,,Q2631909,"Q2631909|P8814|""06979859-n"""
47826,1953,set_statement,Done,,,Q2631909,"Q2631909|P5063|""i73224"""
47826,1954,set_statement,Done,,,Q36196,"Q36196|P8814|""06979956-n"""
47826,1955,set_statement,Done,,,Q36196,"Q36196|P5063|""i73225"""
47826,1956,set_statement,Done,,,Q616620,"Q616620|P8814|""06980102-n"""
47826,1957,set_statement,Done,,,Q616620,"Q616620|P5063|""i73226"""
47826,1958,set_statement,Done,,,Q515593,"Q515593|P8814|""06980384-n"""
47826,1959,set_statement,Done,,,Q515593,"Q515593|P5063|""i73228"""
47826,1960,set_statement,Done,,,Q35470,"Q35470|P8814|""06981128-n"""
47826,1961,set_statement,Done,,,Q35470,"Q35470|P5063|""i73233"""
47826,1962,set_statement,Done,,,Q37029,"Q37029|P8814|""06981381-n"""
47826,1963,set_statement,Done,,,Q37029,"Q37029|P5063|""i73235"""
47826,1964,set_statement,Done,,,Q2827041,"Q2827041|P8814|""06981583-n"""
47826,1965,set_statement,Done,,,Q2827041,"Q2827041|P5063|""i73236"""
47826,1966,set_statement,Done,,,Q13201,"Q13201|P8814|""06982496-n"""
47826,1967,set_statement,Done,,,Q13201,"Q13201|P5063|""i73240"""
47826,1968,set_statement,Done,,,Q135305,"Q135305|P8814|""06983184-n"""
47826,1969,set_statement,Done,,,Q135305,"Q135305|P5063|""i73244"""
47826,1970,set_statement,Done,,,Q12593391,"Q12593391|P8814|""06983319-n"""
47826,1971,set_statement,Done,,,Q12593391,"Q12593391|P5063|""i73245"""
47826,1972,set_statement,Done,,,Q33810,"Q33810|P8814|""06983797-n"""
47826,1973,set_statement,Done,,,Q33810,"Q33810|P5063|""i73248"""
47826,1974,set_statement,Done,,,Q58635,"Q58635|P8814|""06984279-n"""
47826,1975,set_statement,Done,,,Q58635,"Q58635|P5063|""i73251"""
47826,1976,set_statement,Done,,,Q33514,"Q33514|P8814|""06984532-n"""
47826,1977,set_statement,Done,,,Q33514,"Q33514|P5063|""i73253"""
47826,1978,set_statement,Done,,,Q33577,"Q33577|P8814|""06984750-n"""
47826,1979,set_statement,Done,,,Q33577,"Q33577|P5063|""i73254"""
47826,1980,set_statement,Done,,,Q161101,"Q161101|P8814|""06984971-n"""
47826,1981,set_statement,Done,,,Q161101,"Q161101|P5063|""i73255"""
47826,1982,set_statement,Done,,,Q36727,"Q36727|P8814|""06985994-n"""
47826,1983,set_statement,Done,,,Q36727,"Q36727|P5063|""i73262"""
47826,1984,set_statement,Done,,,Q33527,"Q33527|P8814|""06986270-n"""
47826,1985,set_statement,Done,,,Q33527,"Q33527|P5063|""i73264"""
47826,1986,set_statement,Done,,,Q135913439,"Q135913439|P8814|""06986707-n"""
47826,1987,set_statement,Done,,,Q135913439,"Q135913439|P5063|""i73266"""
47826,1988,set_statement,Done,,,Q33049,"Q33049|P8814|""06987347-n"""
47826,1989,set_statement,Done,,,Q33049,"Q33049|P5063|""i73271"""
47826,1990,set_statement,Done,,,Q32063,"Q32063|P8814|""06987506-n"""
47826,1991,set_statement,Done,,,Q32063,"Q32063|P5063|""i73272"""
47826,1992,set_statement,Done,,,Q33968,"Q33968|P8814|""06988028-n"""
47826,1993,set_statement,Done,,,Q33968,"Q33968|P5063|""i73275"""
47826,1994,set_statement,Done,,,Q749834,"Q749834|P8814|""06988129-n"""
47826,1995,set_statement,Done,,,Q749834,"Q749834|P5063|""i73276"""
47826,1996,set_statement,Done,,,Q147085,"Q147085|P8814|""06988254-n"""
47826,1997,set_statement,Done,,,Q147085,"Q147085|P5063|""i73277"""
47826,1998,set_statement,Done,,,Q35668,"Q35668|P8814|""06988562-n"""
47826,1999,set_statement,Done,,,Q35668,"Q35668|P5063|""i73278"""
47826,2000,set_statement,Done,,,Q2042538,"Q2042538|P8814|""06989052-n"""
47826,2001,set_statement,Done,,,Q2042538,"Q2042538|P5063|""i73283"""
47826,2002,set_statement,Done,,,Q35392,"Q35392|P8814|""06989493-n"""
47826,2003,set_statement,Done,,,Q35392,"Q35392|P5063|""i73285"""
47826,2004,set_statement,Done,,,Q35961,"Q35961|P8814|""06989619-n"""
47826,2005,set_statement,Done,,,Q35961,"Q35961|P5063|""i73286"""
47826,2006,set_statement,Done,,,Q107358,"Q107358|P8814|""06989988-n"""
47826,2007,set_statement,Done,,,Q107358,"Q107358|P5063|""i73289"""
47826,2008,set_statement,Done,,,Q11871956,"Q11871956|P8814|""06990270-n"""
47826,2009,set_statement,Done,,,Q11871956,"Q11871956|P5063|""i73291"""
47826,2010,set_statement,Done,,,Q406373,"Q406373|P8814|""06990460-n"""
47826,2011,set_statement,Done,,,Q406373,"Q406373|P5063|""i73292"""
47826,2012,set_statement,Done,,,Q285494,"Q285494|P8814|""06990728-n"""
47826,2013,set_statement,Done,,,Q285494,"Q285494|P5063|""i73294"""
47826,2014,set_statement,Done,,,Q858543,"Q858543|P8814|""06991187-n"""
47826,2015,set_statement,Done,,,Q858543,"Q858543|P5063|""i73297"""
47826,2016,set_statement,Done,,,Q5111,"Q5111|P8814|""06991316-n"""
47826,2017,set_statement,Done,,,Q5111,"Q5111|P5063|""i73298"""
47826,2018,set_statement,Done,,,Q36931,"Q36931|P8814|""06991564-n"""
47826,2019,set_statement,Done,,,Q36931,"Q36931|P5063|""i73300"""
47826,2020,set_statement,Done,,,Q33311,"Q33311|P8814|""06991674-n"""
47826,2021,set_statement,Done,,,Q33311,"Q33311|P5063|""i73301"""
47826,2022,set_statement,Done,,,Q128886618,"Q128886618|P8814|""06991909-n"""
47826,2023,set_statement,Done,,,Q128886618,"Q128886618|P5063|""i73302"""
47826,2024,set_statement,Done,,,Q33483,"Q33483|P8814|""06992305-n"""
47826,2025,set_statement,Done,,,Q33483,"Q33483|P5063|""i73304"""
47826,2026,set_statement,Done,,,Q12633975,"Q12633975|P8814|""06993125-n"""
47826,2027,set_statement,Done,,,Q12633975,"Q12633975|P5063|""i73311"""
47826,2028,set_statement,Done,,,Q13284,"Q13284|P8814|""06993497-n"""
47826,2029,set_statement,Done,,,Q13284,"Q13284|P5063|""i73313"""
47826,2030,set_statement,Done,,,Q56760,"Q56760|P8814|""06993847-n"""
47826,2031,set_statement,Done,,,Q56760,"Q56760|P5063|""i73316"""
47826,2032,set_statement,Done,,,Q33919,"Q33919|P8814|""06993949-n"""
47826,2033,set_statement,Done,,,Q33919,"Q33919|P5063|""i73317"""
47826,2034,set_statement,Done,,,Q12628823,"Q12628823|P8814|""06994158-n"""
47826,2035,set_statement,Done,,,Q12628823,"Q12628823|P5063|""i73319"""
47826,2036,set_statement,Done,,,Q56753,"Q56753|P8814|""06994580-n"""
47826,2037,set_statement,Done,,,Q56753,"Q56753|P5063|""i73322"""
47826,2038,set_statement,Done,,,Q12952433,"Q12952433|P8814|""06994785-n"""
47826,2039,set_statement,Done,,,Q12952433,"Q12952433|P5063|""i73324"""
47826,2040,set_statement,Done,,,Q16110967,"Q16110967|P8814|""06994881-n"""
47826,2041,set_statement,Done,,,Q16110967,"Q16110967|P5063|""i73325"""
47826,2042,set_statement,Done,,,Q33492,"Q33492|P8814|""06995051-n"""
47826,2043,set_statement,Done,,,Q33492,"Q33492|P5063|""i73326"""
47826,2044,set_statement,Done,,,Q33907,"Q33907|P8814|""06995147-n"""
47826,2045,set_statement,Done,,,Q33907,"Q33907|P5063|""i73327"""
47826,2046,set_statement,Done,,,Q33202,"Q33202|P8814|""06995241-n"""
47826,2047,set_statement,Done,,,Q33202,"Q33202|P5063|""i73328"""
47826,2048,set_statement,Done,,,Q35999,"Q35999|P8814|""06995649-n"""
47826,2049,set_statement,Done,,,Q35999,"Q35999|P5063|""i73331"""
47826,2050,set_statement,Done,,,Q1157129,"Q1157129|P8814|""06995774-n"""
47826,2051,set_statement,Done,,,Q1157129,"Q1157129|P5063|""i73332"""
47826,2052,set_statement,Done,,,Q3914431,"Q3914431|P8814|""06996076-n"""
47826,2053,set_statement,Done,,,Q3914431,"Q3914431|P5063|""i73335"""
47826,2054,set_statement,Done,,,Q2447774,"Q2447774|P8814|""06996181-n"""
47826,2055,set_statement,Done,,,Q2447774,"Q2447774|P5063|""i73336"""
47826,2056,set_statement,Done,,,Q56552,"Q56552|P8814|""06996555-n"""
47826,2057,set_statement,Done,,,Q56552,"Q56552|P5063|""i73338"""
47826,2058,set_statement,Done,,,Q56304,"Q56304|P8814|""06996657-n"""
47826,2059,set_statement,Done,,,Q56304,"Q56304|P5063|""i73339"""
47826,2060,set_statement,Done,,,Q2251547,"Q2251547|P8814|""06997613-n"""
47826,2061,set_statement,Done,,,Q2251547,"Q2251547|P5063|""i73348"""
47826,2062,set_statement,Done,,,Q942591,"Q942591|P8814|""06998233-n"""
47826,2063,set_statement,Done,,,Q942591,"Q942591|P5063|""i73352"""
47826,2064,set_statement,Done,,,Q3440403,"Q3440403|P8814|""06998382-n"""
47826,2065,set_statement,Done,,,Q3440403,"Q3440403|P5063|""i73353"""
47826,2066,set_statement,Done,,,Q2276221,"Q2276221|P8814|""06998552-n"""
47826,2067,set_statement,Done,,,Q2276221,"Q2276221|P5063|""i73355"""
47826,2068,set_statement,Done,,,Q2136092,"Q2136092|P8814|""06998760-n"""
47826,2069,set_statement,Done,,,Q2136092,"Q2136092|P5063|""i73356"""
47826,2070,set_statement,Done,,,Q25268,"Q25268|P8814|""06999218-n"""
47826,2071,set_statement,Done,,,Q25268,"Q25268|P5063|""i73358"""
47826,2072,set_statement,Done,,,Q34049,"Q34049|P8814|""06999554-n"""
47826,2073,set_statement,Done,,,Q34049,"Q34049|P5063|""i73359"""
47826,2074,set_statement,Done,,,Q8141,"Q8141|P8814|""07000069-n"""
47826,2075,set_statement,Done,,,Q8141,"Q8141|P5063|""i73361"""
47826,2076,set_statement,Done,,,Q164273,"Q164273|P8814|""07000185-n"""
47826,2077,set_statement,Done,,,Q164273,"Q164273|P5063|""i73362"""
47826,2078,set_statement,Done,,,Q35518,"Q35518|P8814|""07000319-n"""
47826,2079,set_statement,Done,,,Q35518,"Q35518|P5063|""i73363"""
47826,2080,set_statement,Done,,,Q28602,"Q28602|P8814|""07000967-n"""
47826,2081,set_statement,Done,,,Q28602,"Q28602|P5063|""i73366"""
47826,2082,set_statement,Done,,,Q33500,"Q33500|P8814|""07001468-n"""
47826,2083,set_statement,Done,,,Q33500,"Q33500|P5063|""i73369"""
47826,2084,set_statement,Done,,,Q747547,"Q747547|P8814|""07001806-n"""
47826,2085,set_statement,Done,,,Q747547,"Q747547|P5063|""i73371"""
47826,2086,set_statement,Done,,,Q535958,"Q535958|P8814|""07002317-n"""
47826,2087,set_statement,Done,,,Q535958,"Q535958|P5063|""i73374"""
47826,2088,set_statement,Done,,,Q518848,"Q518848|P8814|""07002529-n"""
47826,2089,set_statement,Done,,,Q518848,"Q518848|P5063|""i73376"""
47826,2090,set_statement,Done,,,Q25448,"Q25448|P8814|""07003204-n"""
47826,2091,set_statement,Done,,,Q25448,"Q25448|P5063|""i73380"""
47826,2092,set_statement,Done,,,Q34065,"Q34065|P8814|""07003401-n"""
47826,2093,set_statement,Done,,,Q34065,"Q34065|P5063|""i73381"""
47826,2094,set_statement,Done,,,Q33248,"Q33248|P8814|""07003496-n"""
47826,2095,set_statement,Done,,,Q33248,"Q33248|P5063|""i73382"""
47826,2096,set_statement,Done,,,Q33860,"Q33860|P8814|""07003777-n"""
47826,2097,set_statement,Done,,,Q33860,"Q33860|P5063|""i73384"""
47826,2098,set_statement,Done,,,Q3410697,"Q3410697|P8814|""07003937-n"""
47826,2099,set_statement,Done,,,Q3410697,"Q3410697|P5063|""i73385"""
47826,2100,set_statement,Done,,,Q1139349,"Q1139349|P8814|""07004282-n"""
47826,2101,set_statement,Done,,,Q1139349,"Q1139349|P5063|""i73386"""
47826,2102,set_statement,Done,,,Q33838,"Q33838|P8814|""07004424-n"""
47826,2103,set_statement,Done,,,Q33838,"Q33838|P5063|""i73387"""
47826,2104,set_statement,Done,,,Q33273,"Q33273|P8814|""07005260-n"""
47826,2105,set_statement,Done,,,Q33273,"Q33273|P5063|""i73389"""
47826,2106,set_statement,Done,,,Q4958328,"Q4958328|P8814|""07005369-n"""
47826,2107,set_statement,Done,,,Q4958328,"Q4958328|P5063|""i73390"""
47826,2108,set_statement,Done,,,Q33484,"Q33484|P8814|""07005589-n"""
47826,2109,set_statement,Done,,,Q33484,"Q33484|P5063|""i73392"""
47826,2110,set_statement,Done,,,Q3107606,"Q3107606|P8814|""07005768-n"""
47826,2111,set_statement,Done,,,Q3107606,"Q3107606|P5063|""i73394"""
47826,2112,set_statement,Done,,,Q33016,"Q33016|P8814|""07006105-n"""
47826,2113,set_statement,Done,,,Q33016,"Q33016|P5063|""i73397"""
47826,2114,set_statement,Done,,,Q34173,"Q34173|P8814|""07006530-n"""
47826,2115,set_statement,Done,,,Q34173,"Q34173|P5063|""i73401"""
47826,2116,set_statement,Done,,,Q35893,"Q35893|P8814|""07006749-n"""
47826,2117,set_statement,Done,,,Q35893,"Q35893|P5063|""i73403"""
47826,2118,set_statement,Done,,,Q10962737,"Q10962737|P8814|""07006817-n"""
47826,2119,set_statement,Done,,,Q10962737,"Q10962737|P5063|""i73404"""
47826,2120,set_statement,Done,,,Q961559,"Q961559|P8814|""07006989-n"""
47826,2121,set_statement,Done,,,Q961559,"Q961559|P5063|""i73406"""
47826,2122,set_statement,Done,,,Q35613,"Q35613|P8814|""07007148-n"""
47826,2123,set_statement,Done,,,Q35613,"Q35613|P5063|""i73407"""
47826,2124,set_statement,Done,,,Q7838,"Q7838|P8814|""07008452-n"""
47826,2125,set_statement,Done,,,Q7838,"Q7838|P5063|""i73418"""
47826,2126,set_statement,Done,,,Q34101,"Q34101|P8814|""07008689-n"""
47826,2127,set_statement,Done,,,Q34101,"Q34101|P5063|""i73419"""
47826,2128,set_statement,Done,,,Q33536,"Q33536|P8814|""07008820-n"""
47826,2129,set_statement,Done,,,Q33536,"Q33536|P5063|""i73420"""
47826,2130,set_statement,Done,,,Q771124,"Q771124|P8814|""07008969-n"""
47826,2131,set_statement,Done,,,Q771124,"Q771124|P5063|""i73421"""
47826,2132,set_statement,Done,,,Q33681,"Q33681|P8814|""07009672-n"""
47826,2133,set_statement,Done,,,Q33681,"Q33681|P5063|""i73425"""
47826,2134,set_statement,Done,,,Q34842,"Q34842|P8814|""07009828-n"""
47826,2135,set_statement,Done,,,Q34842,"Q34842|P5063|""i73426"""
47826,2136,set_statement,Done,,,Q33705,"Q33705|P8814|""07010357-n"""
47826,2137,set_statement,Done,,,Q33705,"Q33705|P5063|""i73430"""
47826,2138,set_statement,Done,,,Q1010922,"Q1010922|P8814|""07010598-n"""
47826,2139,set_statement,Done,,,Q1010922,"Q1010922|P5063|""i73431"""
47826,2140,set_statement,Done,,,Q513408,"Q513408|P8814|""07010768-n"""
47826,2141,set_statement,Done,,,Q513408,"Q513408|P5063|""i73432"""
47826,2142,set_statement,Done,,,Q35787,"Q35787|P8814|""07011120-n"""
47826,2143,set_statement,Done,,,Q35787,"Q35787|P5063|""i73435"""
47826,2144,set_statement,Done,,,Q1757661,"Q1757661|P8814|""07011190-n"""
47826,2145,set_statement,Done,,,Q1757661,"Q1757661|P5063|""i73436"""
47826,2146,set_statement,Done,,,Q505198,"Q505198|P8814|""07011291-n"""
47826,2147,set_statement,Done,,,Q505198,"Q505198|P5063|""i73437"""
47826,2148,set_statement,Done,,,Q180268,"Q180268|P8814|""07075374-n"""
47826,2149,set_statement,Done,,,Q180268,"Q180268|P5063|""i73793"""
47826,2150,set_statement,Done,,,Q133080,"Q133080|P8814|""07262593-n"""
47826,2151,set_statement,Done,,,Q133080,"Q133080|P5063|""i74760"""
47826,2152,set_statement,Done,,,Q1146822,"Q1146822|P8814|""07296871-n"""
47826,2153,set_statement,Done,,,Q1146822,"Q1146822|P5063|""i74961"""
47826,2154,set_statement,Done,,,Q2051651,"Q2051651|P8814|""07671686-n"""
47826,2155,set_statement,Done,,,Q2051651,"Q2051651|P5063|""i77141"""
47826,2156,set_statement,Done,,,Q6501447,"Q6501447|P8814|""08069626-n"""
47826,2157,set_statement,Done,,,Q6501447,"Q6501447|P5063|""i79527"""
47826,2158,set_statement,Done,,,Q6500733,"Q6500733|P8814|""08086463-n"""
47826,2159,set_statement,Done,,,Q6500733,"Q6500733|P5063|""i79620"""
47826,2160,set_statement,Done,,,Q164280,"Q164280|P8814|""08125593-n"""
47826,2161,set_statement,Done,,,Q164280,"Q164280|P5063|""i79797"""
47826,2162,set_statement,Done,,,Q36380,"Q36380|P8814|""08166480-n"""
47826,2163,set_statement,Done,,,Q36380,"Q36380|P5063|""i79982"""
47826,2164,set_statement,Done,,,Q11204,"Q11204|P8814|""08180172-n"""
47826,2165,set_statement,Done,,,Q11204,"Q11204|P5063|""i80050"""
47826,2166,set_statement,Done,,,Q207320,"Q207320|P8814|""08224130-n"""
47826,2167,set_statement,Done,,,Q207320,"Q207320|P5063|""i80230"""
47826,2168,set_statement,Done,,,Q205766,"Q205766|P8814|""08241605-n"""
47826,2169,set_statement,Done,,,Q205766,"Q205766|P5063|""i80331"""
47826,2170,set_statement,Done,,,Q46952,"Q46952|P8814|""08262093-n"""
47826,2171,set_statement,Done,,,Q46952,"Q46952|P5063|""i80451"""
47826,2172,set_statement,Done,,,Q1211427,"Q1211427|P8814|""08291844-n"""
47826,2173,set_statement,Done,,,Q1211427,"Q1211427|P5063|""i80627"""
47826,2174,set_statement,Done,,,Q4358176,"Q4358176|P8814|""08327879-n"""
47826,2175,set_statement,Done,,,Q4358176,"Q4358176|P5063|""i80810"""
47826,2176,set_statement,Done,,,Q58967,"Q58967|P8814|""08362540-n"""
47826,2177,set_statement,Done,,,Q58967,"Q58967|P5063|""i80971"""
47826,2178,set_statement,Done,,,Q11771944,"Q11771944|P8814|""08374185-n"""
47826,2179,set_statement,Done,,,Q11771944,"Q11771944|P5063|""i81026"""
47826,2180,set_statement,Done,,,Q9219,"Q9219|P8814|""08412422-n"""
47826,2181,set_statement,Done,,,Q9219,"Q9219|P5063|""i81219"""
47826,2182,set_statement,Done,,,Q72468,"Q72468|P8814|""08473738-n"""
47826,2183,set_statement,Done,,,Q72468,"Q72468|P5063|""i81498"""
47826,2184,set_statement,Done,,,Q3071701,"Q3071701|P8814|""09506868-n"""
47826,2185,set_statement,Done,,,Q3071701,"Q3071701|P5063|""i86463"""
47826,2186,set_statement,Done,,,Q1936706,"Q1936706|P8814|""09569901-n"""
47826,2187,set_statement,Done,,,Q1936706,"Q1936706|P5063|""i86832"""
47826,2188,set_statement,Done,,,Q414528,"Q414528|P8814|""09778832-n"""
47826,2189,set_statement,Done,,,Q414528,"Q414528|P5063|""i88040"""
47826,2190,set_statement,Done,,,Q4672747,"Q4672747|P8814|""09781176-n"""
47826,2191,set_statement,Done,,,Q4672747,"Q4672747|P5063|""i88052"""
47826,2192,set_statement,Done,,,Q4683600,"Q4683600|P8814|""09790166-n"""
47826,2193,set_statement,Done,,,Q4683600,"Q4683600|P5063|""i88083"""
47826,2194,set_statement,Done,,,Q132851,"Q132851|P8814|""09790627-n"""
47826,2195,set_statement,Done,,,Q132851,"Q132851|P5063|""i88085"""
47826,2196,set_statement,Done,,,Q160117,"Q160117|P8814|""09796453-n"""
47826,2197,set_statement,Done,,,Q160117,"Q160117|P5063|""i88113"""
47826,2198,set_statement,Error,combining_failed,The next command failed,Q2101433,"Q2101433|P8814|""09828217-n"""
47826,2199,set_statement,Error,api_user_error,Error 409 ('redirected-item'): Item Q2101433 has been redirected to Q1685165.,Q2101433,"Q2101433|P5063|""i88294"""
47826,2200,set_statement,Done,,,Q788514,"Q788514|P8814|""09843329-n"""
47826,2201,set_statement,Done,,,Q788514,"Q788514|P5063|""i88360"""
47826,2202,set_statement,Done,,,Q865935,"Q865935|P8814|""09860903-n"""
47826,2203,set_statement,Done,,,Q865935,"Q865935|P5063|""i88475"""
47826,2204,set_statement,Done,,,Q2692509,"Q2692509|P8814|""09864178-n"""
47826,2205,set_statement,Done,,,Q2692509,"Q2692509|P5063|""i88499"""
47826,2206,set_statement,Done,,,Q181217,"Q181217|P8814|""09871697-n"""
47826,2207,set_statement,Done,,,Q181217,"Q181217|P5063|""i88551"""
47826,2208,set_statement,Done,,,Q621613,"Q621613|P8814|""09888853-n"""
47826,2209,set_statement,Done,,,Q621613,"Q621613|P5063|""i88662"""
47826,2210,set_statement,Done,,,Q1308239,"Q1308239|P8814|""09904597-n"""
47826,2211,set_statement,Done,,,Q1308239,"Q1308239|P5063|""i88763"""
47826,2212,set_statement,Done,,,Q1027244,"Q1027244|P8814|""09908087-n"""
47826,2213,set_statement,Done,,,Q1027244,"Q1027244|P5063|""i88784"""
47826,2214,set_statement,Done,,,Q19100,"Q19100|P8814|""09912643-n"""
47826,2215,set_statement,Done,,,Q19100,"Q19100|P5063|""i88816"""
47826,2216,set_statement,Done,,,Q210970,"Q210970|P8814|""09918986-n"""
47826,2217,set_statement,Done,,,Q210970,"Q210970|P5063|""i88856"""
47826,2218,set_statement,Done,,,Q1056337,"Q1056337|P8814|""09924638-n"""
47826,2219,set_statement,Done,,,Q1056337,"Q1056337|P5063|""i88893"""
47826,2220,set_statement,Done,,,Q61061,"Q61061|P8814|""09926301-n"""
47826,2221,set_statement,Done,,,Q61061,"Q61061|P5063|""i88904"""
47826,2222,set_statement,Done,,,Q3242291,"Q3242291|P8814|""09935667-n"""
47826,2223,set_statement,Done,,,Q3242291,"Q3242291|P5063|""i88957"""
47826,2224,set_statement,Done,,,Q707492,"Q707492|P8814|""09936672-n"""
47826,2225,set_statement,Done,,,Q707492,"Q707492|P5063|""i88961"""
47826,2226,set_statement,Done,,,Q330679,"Q330679|P8814|""09939229-n"""
47826,2227,set_statement,Done,,,Q330679,"Q330679|P5063|""i88974"""
47826,2228,set_statement,Done,,,Q3290825,"Q3290825|P8814|""09942117-n"""
47826,2229,set_statement,Done,,,Q3290825,"Q3290825|P5063|""i88987"""
47826,2230,set_statement,Done,,,Q738142,"Q738142|P8814|""09947909-n"""
47826,2231,set_statement,Done,,,Q738142,"Q738142|P5063|""i89021"""
47826,2232,set_statement,Done,,,Q7358,"Q7358|P8814|""09950334-n"""
47826,2233,set_statement,Done,,,Q7358,"Q7358|P5063|""i89035"""
47826,2234,set_statement,Done,,,Q901222,"Q901222|P8814|""09950876-n"""
47826,2235,set_statement,Done,,,Q901222,"Q901222|P5063|""i89038"""
47826,2236,set_statement,Done,,,Q1221610,"Q1221610|P8814|""09951794-n"""
47826,2237,set_statement,Done,,,Q1221610,"Q1221610|P5063|""i89043"""
47826,2238,set_statement,Done,,,Q1861571,"Q1861571|P8814|""09954379-n"""
47826,2239,set_statement,Done,,,Q1861571,"Q1861571|P5063|""i89065"""
47826,2240,set_statement,Done,,,Q168559,"Q168559|P8814|""09962176-n"""
47826,2241,set_statement,Done,,,Q168559,"Q168559|P5063|""i89107"""
47826,2242,set_statement,Done,,,Q524778,"Q524778|P8814|""09963290-n"""
47826,2243,set_statement,Done,,,Q524778,"Q524778|P5063|""i89112"""
47826,2244,set_statement,Done,,,Q158852,"Q158852|P8814|""09972018-n"""
47826,2245,set_statement,Done,,,Q158852,"Q158852|P5063|""i89150"""
47826,2246,set_statement,Done,,,Q877558,"Q877558|P8814|""09978048-n"""
47826,2247,set_statement,Done,,,Q877558,"Q877558|P5063|""i89185"""
47826,2248,set_statement,Done,,,Q207978,"Q207978|P8814|""09979276-n"""
47826,2249,set_statement,Done,,,Q207978,"Q207978|P5063|""i89193"""
47826,2250,set_statement,Done,,,Q5166535,"Q5166535|P8814|""09982091-n"""
47826,2251,set_statement,Done,,,Q5166535,"Q5166535|P5063|""i89211"""
47826,2252,set_statement,Done,,,Q1155838,"Q1155838|P8814|""09986240-n"""
47826,2253,set_statement,Done,,,Q1155838,"Q1155838|P5063|""i89238"""
47826,2254,set_statement,Done,,,Q511878,"Q511878|P8814|""09991125-n"""
47826,2255,set_statement,Done,,,Q511878,"Q511878|P5063|""i89273"""
47826,2256,set_statement,Done,,,Q1690874,"Q1690874|P8814|""09993154-n"""
47826,2257,set_statement,Done,,,Q1690874,"Q1690874|P5063|""i89286"""
47826,2258,set_statement,Done,,,Q994779,"Q994779|P8814|""10020380-n"""
47826,2259,set_statement,Done,,,Q994779,"Q994779|P5063|""i89446"""
47826,2260,set_statement,Done,,,Q144075,"Q144075|P8814|""10023681-n"""
47826,2261,set_statement,Done,,,Q144075,"Q144075|P5063|""i89467"""
47826,2262,set_statement,Done,,,Q1055894,"Q1055894|P8814|""10025596-n"""
47826,2263,set_statement,Done,,,Q1055894,"Q1055894|P5063|""i89478"""
47826,2264,set_statement,Done,,,Q570755,"Q570755|P8814|""10037147-n"""
47826,2265,set_statement,Done,,,Q570755,"Q570755|P5063|""i89538"""
47826,2266,set_statement,Done,,,Q4618975,"Q4618975|P8814|""10041617-n"""
47826,2267,set_statement,Done,,,Q4618975,"Q4618975|P5063|""i89561"""
47826,2268,set_statement,Done,,,Q1650716,"Q1650716|P8814|""10046278-n"""
47826,2269,set_statement,Done,,,Q1650716,"Q1650716|P5063|""i89589"""
47826,2270,set_statement,Done,,,Q589298,"Q589298|P8814|""10064687-n"""
47826,2271,set_statement,Done,,,Q589298,"Q589298|P5063|""i89689"""
47826,2272,set_statement,Done,,,Q11051391,"Q11051391|P8814|""10080851-n"""
47826,2273,set_statement,Done,,,Q11051391,"Q11051391|P5063|""i89778"""
47826,2274,set_statement,Done,,,Q1785507,"Q1785507|P8814|""10082401-n"""
47826,2275,set_statement,Done,,,Q1785507,"Q1785507|P5063|""i89790"""
47826,2276,set_statement,Done,,,Q654437,"Q654437|P8814|""10090026-n"""
47826,2277,set_statement,Done,,,Q654437,"Q654437|P5063|""i89838"""
47826,2278,set_statement,Done,,,Q1150166,"Q1150166|P8814|""10095481-n"""
47826,2279,set_statement,Done,,,Q1150166,"Q1150166|P5063|""i89867"""
47826,2280,set_statement,Done,,,Q3282637,"Q3282637|P8814|""10108159-n"""
47826,2281,set_statement,Done,,,Q3282637,"Q3282637|P5063|""i89946"""
47826,2282,set_statement,Done,,,Q7614320,"Q7614320|P8814|""10109661-n"""
47826,2283,set_statement,Done,,,Q7614320,"Q7614320|P5063|""i89950"""
47826,2284,set_statement,Done,,,Q5451558,"Q5451558|P8814|""10111118-n"""
47826,2285,set_statement,Done,,,Q5451558,"Q5451558|P5063|""i89957"""
47826,2286,set_statement,Done,,,Q7330070,"Q7330070|P8814|""10123563-n"""
47826,2287,set_statement,Done,,,Q7330070,"Q7330070|P5063|""i90039"""
47826,2288,set_statement,Done,,,Q215279,"Q215279|P8814|""10130190-n"""
47826,2289,set_statement,Done,,,Q215279,"Q215279|P5063|""i90085"""
47826,2290,set_statement,Done,,,Q11682235,"Q11682235|P8814|""10139008-n"""
47826,2291,set_statement,Done,,,Q11682235,"Q11682235|P5063|""i90143"""
47826,2292,set_statement,Done,,,Q46961,"Q46961|P8814|""10139742-n"""
47826,2293,set_statement,Done,,,Q46961,"Q46961|P5063|""i90150"""
47826,2294,set_statement,Done,,,Q132050,"Q132050|P8814|""10159834-n"""
47826,2295,set_statement,Done,,,Q132050,"Q132050|P5063|""i90272"""
47826,2296,set_statement,Done,,,Q3274496,"Q3274496|P8814|""10167008-n"""
47826,2297,set_statement,Done,,,Q3274496,"Q3274496|P5063|""i90327"""
47826,2298,set_statement,Done,,,Q619851,"Q619851|P8814|""10171603-n"""
47826,2299,set_statement,Done,,,Q619851,"Q619851|P5063|""i90357"""
47826,2300,set_statement,Done,,,Q1934684,"Q1934684|P8814|""10209395-n"""
47826,2301,set_statement,Done,,,Q1934684,"Q1934684|P5063|""i90599"""
47826,2302,set_statement,Done,,,Q215548,"Q215548|P8814|""10240982-n"""
47826,2303,set_statement,Done,,,Q215548,"Q215548|P5063|""i90783"""
47826,2304,set_statement,Done,,,Q326358,"Q326358|P8814|""10243539-n"""
47826,2305,set_statement,Done,,,Q326358,"Q326358|P5063|""i90801"""
47826,2306,set_statement,Done,,,Q102083,"Q102083|P8814|""10258072-n"""
47826,2307,set_statement,Done,,,Q102083,"Q102083|P5063|""i90874"""
47826,2308,set_statement,Done,,,Q749813,"Q749813|P8814|""10260721-n"""
47826,2309,set_statement,Done,,,Q749813,"Q749813|P5063|""i90891"""
47826,2310,set_statement,Done,,,Q6484023,"Q6484023|P8814|""10264610-n"""
47826,2311,set_statement,Done,,,Q6484023,"Q6484023|P5063|""i90914"""
47826,2312,set_statement,Done,,,Q837582,"Q837582|P8814|""10279694-n"""
47826,2313,set_statement,Done,,,Q837582,"Q837582|P5063|""i91005"""
47826,2314,set_statement,Done,,,Q152951,"Q152951|P8814|""10279863-n"""
47826,2315,set_statement,Done,,,Q152951,"Q152951|P5063|""i91006"""
47826,2316,set_statement,Done,,,Q1516453,"Q1516453|P8814|""10280019-n"""
47826,2317,set_statement,Done,,,Q1516453,"Q1516453|P5063|""i91007"""
47826,2318,set_statement,Done,,,Q1766113,"Q1766113|P8814|""10281790-n"""
47826,2319,set_statement,Done,,,Q1766113,"Q1766113|P5063|""i91020"""
47826,2320,set_statement,Done,,,Q323081,"Q323081|P8814|""10283916-n"""
47826,2321,set_statement,Done,,,Q323081,"Q323081|P5063|""i91037"""
47826,2322,set_statement,Done,,,Q1068933,"Q1068933|P8814|""10309195-n"""
47826,2323,set_statement,Done,,,Q1068933,"Q1068933|P5063|""i91190"""
47826,2324,set_statement,Done,,,Q111837,"Q111837|P8814|""10315837-n"""
47826,2325,set_statement,Done,,,Q111837,"Q111837|P5063|""i91234"""
47826,2326,set_statement,Done,,,Q1436517,"Q1436517|P8814|""10319708-n"""
47826,2327,set_statement,Done,,,Q1436517,"Q1436517|P5063|""i91257"""
47826,2328,set_statement,Done,,,Q854905,"Q854905|P8814|""10349502-n"""
47826,2329,set_statement,Done,,,Q854905,"Q854905|P5063|""i91445"""
47826,2330,set_statement,Done,,,Q327591,"Q327591|P8814|""10357201-n"""
47826,2331,set_statement,Done,,,Q327591,"Q327591|P5063|""i91494"""
47826,2332,set_statement,Done,,,Q12859263,"Q12859263|P8814|""10400371-n"""
47826,2333,set_statement,Done,,,Q12859263,"Q12859263|P5063|""i91754"""
47826,2334,set_statement,Done,,,Q176637,"Q176637|P8814|""10429204-n"""
47826,2335,set_statement,Done,,,Q176637,"Q176637|P5063|""i91916"""
47826,2336,set_statement,Done,,,Q4197743,"Q4197743|P8814|""10459618-n"""
47826,2337,set_statement,Done,,,Q4197743,"Q4197743|P5063|""i92069"""
47826,2338,set_statement,Done,,,Q7259489,"Q7259489|P8814|""10474871-n"""
47826,2339,set_statement,Done,,,Q7259489,"Q7259489|P5063|""i92138"""
47826,2340,set_statement,Done,,,Q1825525,"Q1825525|P8814|""10475185-n"""
47826,2341,set_statement,Done,,,Q1825525,"Q1825525|P5063|""i92140"""
47826,2342,set_statement,Done,,,Q7241052,"Q7241052|P8814|""10486325-n"""
47826,2343,set_statement,Done,,,Q7241052,"Q7241052|P5063|""i92212"""
47826,2344,set_statement,Done,,,Q2747456,"Q2747456|P8814|""10492384-n"""
47826,2345,set_statement,Done,,,Q2747456,"Q2747456|P5063|""i92240"""
47826,2346,set_statement,Done,,,Q7245082,"Q7245082|P8814|""10494748-n"""
47826,2347,set_statement,Done,,,Q7245082,"Q7245082|P5063|""i92252"""
47826,2348,set_statement,Done,,,Q1058617,"Q1058617|P8814|""10496256-n"""
47826,2349,set_statement,Done,,,Q1058617,"Q1058617|P5063|""i92261"""
47826,2350,set_statement,Done,,,Q2114175,"Q2114175|P8814|""10506053-n"""
47826,2351,set_statement,Done,,,Q2114175,"Q2114175|P5063|""i92313"""
47826,2352,set_statement,Done,,,Q211346,"Q211346|P8814|""10507601-n"""
47826,2353,set_statement,Done,,,Q211346,"Q211346|P5063|""i92322"""
47826,2354,set_statement,Done,,,Q7260944,"Q7260944|P8814|""10513507-n"""
47826,2355,set_statement,Done,,,Q7260944,"Q7260944|P5063|""i92354"""
47826,2356,set_statement,Done,,,Q14290559,"Q14290559|P8814|""10582177-n"""
47826,2357,set_statement,Done,,,Q14290559,"Q14290559|P5063|""i92778"""
47826,2358,set_statement,Done,,,Q2611907,"Q2611907|P8814|""10600546-n"""
47826,2359,set_statement,Done,,,Q2611907,"Q2611907|P5063|""i92883"""
47826,2360,set_statement,Done,,,Q2235104,"Q2235104|P8814|""10609450-n"""
47826,2361,set_statement,Done,,,Q2235104,"Q2235104|P5063|""i92943"""
47826,2362,set_statement,Done,,,Q1455706,"Q1455706|P8814|""10616499-n"""
47826,2363,set_statement,Done,,,Q1455706,"Q1455706|P5063|""i92989"""
47826,2364,set_statement,Done,,,Q753110,"Q753110|P8814|""10643902-n"""
47826,2365,set_statement,Done,,,Q753110,"Q753110|P5063|""i93146"""
47826,2366,set_statement,Done,,,Q116,"Q116|P8814|""10648006-n"""
47826,2367,set_statement,Done,,,Q116,"Q116|P5063|""i93170"""
47826,2368,set_statement,Done,,,Q328325,"Q328325|P8814|""10678733-n"""
47826,2369,set_statement,Done,,,Q328325,"Q328325|P5063|""i93340"""
47826,2370,set_statement,Done,,,Q4405230,"Q4405230|P8814|""10685698-n"""
47826,2371,set_statement,Done,,,Q4405230,"Q4405230|P5063|""i93384"""
47826,2372,set_statement,Done,,,Q915830,"Q915830|P8814|""10694785-n"""
47826,2373,set_statement,Done,,,Q915830,"Q915830|P5063|""i93438"""
47826,2374,set_statement,Done,,,Q658371,"Q658371|P8814|""10696008-n"""
47826,2375,set_statement,Done,,,Q658371,"Q658371|P5063|""i93447"""
47826,2376,set_statement,Done,,,Q1339249,"Q1339249|P8814|""10706381-n"""
47826,2377,set_statement,Done,,,Q1339249,"Q1339249|P5063|""i93507"""
47826,2378,set_statement,Done,,,Q7691300,"Q7691300|P8814|""10714435-n"""
47826,2379,set_statement,Done,,,Q7691300,"Q7691300|P5063|""i93559"""
47826,2380,set_statement,Done,,,Q883211,"Q883211|P8814|""10738685-n"""
47826,2381,set_statement,Done,,,Q883211,"Q883211|P5063|""i93709"""
47826,2382,set_statement,Error,combining_failed,The next command failed,Q10384150,"Q10384150|P8814|""10745683-n"""
47826,2383,set_statement,Error,api_user_error,Error 409 ('redirected-item'): Item Q10384150 has been redirected to Q9304839.,Q10384150,"Q10384150|P5063|""i93755"""
47826,2384,set_statement,Done,,,Q388338,"Q388338|P8814|""10746908-n"""
47826,2385,set_statement,Done,,,Q388338,"Q388338|P5063|""i93763"""
47826,2386,set_statement,Done,,,Q1391362,"Q1391362|P8814|""10787187-n"""
47826,2387,set_statement,Done,,,Q1391362,"Q1391362|P5063|""i94031"""
47826,2388,set_statement,Done,,,Q2252144,"Q2252144|P8814|""11622542-n"""
47826,2389,set_statement,Done,,,Q2252144,"Q2252144|P5063|""i98357"""
47826,2390,set_statement,Done,,,Q3724957,"Q3724957|P8814|""11623913-n"""
47826,2391,set_statement,Done,,,Q3724957,"Q3724957|P5063|""i98364"""
47826,2392,set_statement,Done,,,Q145954,"Q145954|P8814|""11631684-n"""
47826,2393,set_statement,Done,,,Q145954,"Q145954|P5063|""i98398"""
47826,2394,set_statement,Done,,,Q147278,"Q147278|P8814|""11632469-n"""
47826,2395,set_statement,Done,,,Q147278,"Q147278|P5063|""i98402"""
47826,2396,set_statement,Done,,,Q147475,"Q147475|P8814|""11632800-n"""
47826,2397,set_statement,Done,,,Q147475,"Q147475|P5063|""i98404"""
47826,2398,set_statement,Done,,,Q157230,"Q157230|P8814|""11633670-n"""
47826,2399,set_statement,Done,,,Q157230,"Q157230|P5063|""i98407"""
47826,2400,set_statement,Done,,,Q2746153,"Q2746153|P8814|""11634143-n"""
47826,2401,set_statement,Done,,,Q2746153,"Q2746153|P5063|""i98409"""
47826,2402,set_statement,Done,,,Q761480,"Q761480|P8814|""11634490-n"""
47826,2403,set_statement,Done,,,Q761480,"Q761480|P5063|""i98411"""
47826,2404,set_statement,Done,,,Q460523,"Q460523|P8814|""11634871-n"""
47826,2405,set_statement,Done,,,Q460523,"Q460523|P5063|""i98413"""
47826,2406,set_statement,Done,,,Q251370,"Q251370|P8814|""11635164-n"""
47826,2407,set_statement,Done,,,Q251370,"Q251370|P5063|""i98414"""
47826,2408,set_statement,Done,,,Q165091,"Q165091|P8814|""11635477-n"""
47826,2409,set_statement,Done,,,Q165091,"Q165091|P5063|""i98415"""
47826,2410,set_statement,Done,,,Q368248,"Q368248|P8814|""11635838-n"""
47826,2411,set_statement,Done,,,Q368248,"Q368248|P5063|""i98417"""
47826,2412,set_statement,Done,,,Q3505749,"Q3505749|P8814|""11637303-n"""
47826,2413,set_statement,Done,,,Q3505749,"Q3505749|P5063|""i98424"""
47826,2414,set_statement,Done,,,Q748888,"Q748888|P8814|""11637541-n"""
47826,2415,set_statement,Done,,,Q748888,"Q748888|P5063|""i98425"""
47826,2416,set_statement,Done,,,Q936888,"Q936888|P8814|""11637723-n"""
47826,2417,set_statement,Done,,,Q936888,"Q936888|P5063|""i98426"""
47826,2418,set_statement,Done,,,Q3087592,"Q3087592|P8814|""11638082-n"""
47826,2419,set_statement,Done,,,Q3087592,"Q3087592|P5063|""i98427"""
47826,2420,set_statement,Done,,,Q854884,"Q854884|P8814|""11638741-n"""
47826,2421,set_statement,Done,,,Q854884,"Q854884|P5063|""i98430"""
47826,2422,set_statement,Done,,,Q734085,"Q734085|P8814|""11639678-n"""
47826,2423,set_statement,Done,,,Q734085,"Q734085|P5063|""i98435"""
47826,2424,set_statement,Done,,,Q576585,"Q576585|P8814|""11639906-n"""
47826,2425,set_statement,Done,,,Q576585,"Q576585|P5063|""i98436"""
47826,2426,set_statement,Done,,,Q1404234,"Q1404234|P8814|""11640138-n"""
47826,2427,set_statement,Done,,,Q1404234,"Q1404234|P5063|""i98437"""
47826,2428,set_statement,Done,,,Q146048,"Q146048|P8814|""11640296-n"""
47826,2429,set_statement,Done,,,Q146048,"Q146048|P5063|""i98438"""
47826,2430,set_statement,Done,,,Q1458175,"Q1458175|P8814|""11640840-n"""
47826,2431,set_statement,Done,,,Q1458175,"Q1458175|P5063|""i98441"""
47826,2432,set_statement,Done,,,Q146992,"Q146992|P8814|""11641998-n"""
47826,2433,set_statement,Done,,,Q146992,"Q146992|P5063|""i98447"""
47826,2434,set_statement,Done,,,Q1451343,"Q1451343|P8814|""11642635-n"""
47826,2435,set_statement,Done,,,Q1451343,"Q1451343|P5063|""i98450"""
47826,2436,set_statement,Done,,,Q147434,"Q147434|P8814|""11642819-n"""
47826,2437,set_statement,Done,,,Q147434,"Q147434|P5063|""i98451"""
47826,2438,set_statement,Done,,,Q978755,"Q978755|P8814|""11643042-n"""
47826,2439,set_statement,Done,,,Q978755,"Q978755|P5063|""i98452"""
47826,2440,set_statement,Done,,,Q623489,"Q623489|P8814|""11644643-n"""
47826,2441,set_statement,Done,,,Q623489,"Q623489|P5063|""i98461"""
47826,2442,set_statement,Done,,,Q165387,"Q165387|P8814|""11645842-n"""
47826,2443,set_statement,Done,,,Q165387,"Q165387|P5063|""i98467"""
47826,2444,set_statement,Done,,,Q218425,"Q218425|P8814|""11646255-n"""
47826,2445,set_statement,Done,,,Q218425,"Q218425|P5063|""i98469"""
47826,2446,set_statement,Done,,,Q1137607,"Q1137607|P8814|""11646461-n"""
47826,2447,set_statement,Done,,,Q1137607,"Q1137607|P5063|""i98470"""
47826,2448,set_statement,Done,,,Q146025,"Q146025|P8814|""11647036-n"""
47826,2449,set_statement,Done,,,Q146025,"Q146025|P5063|""i98473"""
47826,2450,set_statement,Done,,,Q469151,"Q469151|P8814|""11647277-n"""
47826,2451,set_statement,Done,,,Q469151,"Q469151|P5063|""i98474"""
47826,2452,set_statement,Done,,,Q1044374,"Q1044374|P8814|""11648165-n"""
47826,2453,set_statement,Done,,,Q1044374,"Q1044374|P5063|""i98479"""
47826,2454,set_statement,Done,,,Q156687,"Q156687|P8814|""11649244-n"""
47826,2455,set_statement,Done,,,Q156687,"Q156687|P5063|""i98485"""
47826,2456,set_statement,Done,,,Q1425070,"Q1425070|P8814|""11649498-n"""
47826,2457,set_statement,Done,,,Q1425070,"Q1425070|P5063|""i98486"""
47826,2458,set_statement,Done,,,Q147513,"Q147513|P8814|""11653070-n"""
47826,2459,set_statement,Done,,,Q147513,"Q147513|P5063|""i98501"""
47826,2460,set_statement,Done,,,Q12981787,"Q12981787|P8814|""11653735-n"""
47826,2461,set_statement,Done,,,Q12981787,"Q12981787|P5063|""i98505"""
47826,2462,set_statement,Done,,,Q87597486,"Q87597486|P8814|""11654314-n"""
47826,2463,set_statement,Done,,,Q87597486,"Q87597486|P5063|""i98508"""
47826,2464,set_statement,Done,,,Q2934277,"Q2934277|P8814|""11654450-n"""
47826,2465,set_statement,Done,,,Q2934277,"Q2934277|P5063|""i98509"""
47826,2466,set_statement,Done,,,Q87597525,"Q87597525|P8814|""11654694-n"""
47826,2467,set_statement,Done,,,Q87597525,"Q87597525|P5063|""i98510"""
47826,2468,set_statement,Done,,,Q1399164,"Q1399164|P8814|""11655187-n"""
47826,2469,set_statement,Done,,,Q1399164,"Q1399164|P5063|""i98513"""
47826,2470,set_statement,Done,,,Q1744650,"Q1744650|P8814|""11655603-n"""
47826,2471,set_statement,Done,,,Q1744650,"Q1744650|P5063|""i98515"""
47826,2472,set_statement,Done,,,Q161360,"Q161360|P8814|""11655884-n"""
47826,2473,set_statement,Done,,,Q161360,"Q161360|P5063|""i98516"""
47826,2474,set_statement,Done,,,Q15043561,"Q15043561|P8814|""11656281-n"""
47826,2475,set_statement,Done,,,Q15043561,"Q15043561|P5063|""i98518"""
47826,2476,set_statement,Done,,,Q147388,"Q147388|P8814|""11656655-n"""
47826,2477,set_statement,Done,,,Q147388,"Q147388|P5063|""i98520"""
47826,2478,set_statement,Done,,,Q822052,"Q822052|P8814|""11657933-n"""
47826,2479,set_statement,Done,,,Q822052,"Q822052|P5063|""i98526"""
47826,2480,set_statement,Done,,,Q577041,"Q577041|P8814|""11658110-n"""
47826,2481,set_statement,Done,,,Q577041,"Q577041|P5063|""i98527"""
47826,2482,set_statement,Done,,,Q41777820,"Q41777820|P8814|""11658261-n"""
47826,2483,set_statement,Done,,,Q41777820,"Q41777820|P5063|""i98528"""
47826,2484,set_statement,Done,,,Q148630,"Q148630|P8814|""11658442-n"""
47826,2485,set_statement,Done,,,Q148630,"Q148630|P5063|""i98529"""
47826,2486,set_statement,Done,,,Q121427,"Q121427|P8814|""11658976-n"""
47826,2487,set_statement,Done,,,Q121427,"Q121427|P5063|""i98532"""
47826,2488,set_statement,Done,,,Q311965,"Q311965|P8814|""11659149-n"""
47826,2489,set_statement,Done,,,Q311965,"Q311965|P5063|""i98533"""
47826,2490,set_statement,Done,,,Q50838983,"Q50838983|P8814|""11663473-n"""
47826,2491,set_statement,Done,,,Q50838983,"Q50838983|P5063|""i98553"""
47826,2492,set_statement,Done,,,Q147468,"Q147468|P8814|""11664677-n"""
47826,2493,set_statement,Done,,,Q147468,"Q147468|P5063|""i98559"""
47826,2494,set_statement,Done,,,Q87611094,"Q87611094|P8814|""11666795-n"""
47826,2495,set_statement,Done,,,Q87611094,"Q87611094|P5063|""i98570"""
47826,2496,set_statement,Done,,,Q17164898,"Q17164898|P8814|""11668319-n"""
47826,2497,set_statement,Done,,,Q17164898,"Q17164898|P5063|""i98578"""
47826,2498,set_statement,Done,,,Q1440975,"Q1440975|P8814|""11669601-n"""
47826,2499,set_statement,Done,,,Q1440975,"Q1440975|P5063|""i98585"""
47826,2500,set_statement,Done,,,Q5409426,"Q5409426|P8814|""11670758-n"""
47826,2501,set_statement,Done,,,Q5409426,"Q5409426|P5063|""i98591"""
47826,2502,set_statement,Done,,,Q5410614,"Q5410614|P8814|""11672668-n"""
47826,2503,set_statement,Done,,,Q5410614,"Q5410614|P5063|""i98600"""
47826,2504,set_statement,Done,,,Q5410640,"Q5410640|P8814|""11673029-n"""
47826,2505,set_statement,Done,,,Q5410640,"Q5410640|P5063|""i98602"""
47826,2506,set_statement,Done,,,Q164767,"Q164767|P8814|""11673204-n"""
47826,2507,set_statement,Done,,,Q164767,"Q164767|P5063|""i98603"""
47826,2508,set_statement,Done,,,Q164276,"Q164276|P8814|""11673577-n"""
47826,2509,set_statement,Done,,,Q164276,"Q164276|P5063|""i98605"""
47826,2510,set_statement,Done,,,Q3544675,"Q3544675|P8814|""11675603-n"""
47826,2511,set_statement,Done,,,Q3544675,"Q3544675|P5063|""i98615"""
47826,2512,set_statement,Done,,,Q3274110,"Q3274110|P8814|""11678036-n"""
47826,2513,set_statement,Done,,,Q3274110,"Q3274110|P5063|""i98627"""
47826,2514,set_statement,Done,,,Q50851707,"Q50851707|P8814|""11679160-n"""
47826,2515,set_statement,Done,,,Q50851707,"Q50851707|P5063|""i98633"""
47826,2516,set_statement,Done,,,Q20671985,"Q20671985|P8814|""11680078-n"""
47826,2517,set_statement,Done,,,Q20671985,"Q20671985|P5063|""i98638"""
47826,2518,set_statement,Done,,,Q161648,"Q161648|P8814|""11680751-n"""
47826,2519,set_statement,Done,,,Q161648,"Q161648|P5063|""i98641"""
47826,2520,set_statement,Done,,,Q1144815,"Q1144815|P8814|""11682822-n"""
47826,2521,set_statement,Done,,,Q1144815,"Q1144815|P5063|""i98650"""
47826,2522,set_statement,Done,,,Q136195,"Q136195|P8814|""11683714-n"""
47826,2523,set_statement,Done,,,Q136195,"Q136195|P5063|""i98655"""
47826,2524,set_statement,Done,,,Q158986,"Q158986|P8814|""11714769-n"""
47826,2525,set_statement,Done,,,Q158986,"Q158986|P5063|""i98800"""
47826,2526,set_statement,Done,,,Q24849787,"Q24849787|P8814|""11714938-n"""
47826,2527,set_statement,Done,,,Q24849787,"Q24849787|P5063|""i98801"""
47826,2528,set_statement,Done,,,Q2353550,"Q2353550|P8814|""11715754-n"""
47826,2529,set_statement,Done,,,Q2353550,"Q2353550|P5063|""i98805"""
47826,2530,set_statement,Done,,,Q15363939,"Q15363939|P8814|""11716919-n"""
47826,2531,set_statement,Done,,,Q15363939,"Q15363939|P5063|""i98812"""
47826,2532,set_statement,Done,,,Q1723503,"Q1723503|P8814|""11718271-n"""
47826,2533,set_statement,Done,,,Q1723503,"Q1723503|P5063|""i98819"""
47826,2534,set_statement,Done,,,Q158397,"Q158397|P8814|""11718714-n"""
47826,2535,set_statement,Done,,,Q158397,"Q158397|P5063|""i98821"""
47826,2536,set_statement,Done,,,Q2617435,"Q2617435|P8814|""11719540-n"""
47826,2537,set_statement,Done,,,Q2617435,"Q2617435|P5063|""i98825"""
47826,2538,set_statement,Done,,,Q158303,"Q158303|P8814|""11719911-n"""
47826,2539,set_statement,Done,,,Q158303,"Q158303|P5063|""i98827"""
47826,2540,set_statement,Done,,,Q647429,"Q647429|P8814|""11720220-n"""
47826,2541,set_statement,Done,,,Q647429,"Q647429|P5063|""i98828"""
47826,2542,set_statement,Done,,,Q1572090,"Q1572090|P8814|""11720527-n"""
47826,2543,set_statement,Done,,,Q1572090,"Q1572090|P5063|""i98830"""
47826,2544,set_statement,Done,,,Q2566375,"Q2566375|P8814|""11722167-n"""
47826,2545,set_statement,Done,,,Q2566375,"Q2566375|P5063|""i98838"""
47826,2546,set_statement,Done,,,Q158722,"Q158722|P8814|""11725089-n"""
47826,2547,set_statement,Done,,,Q158722,"Q158722|P5063|""i98852"""
47826,2548,set_statement,Done,,,Q12892282,"Q12892282|P8814|""11725260-n"""
47826,2549,set_statement,Done,,,Q12892282,"Q12892282|P5063|""i98853"""
47826,2550,set_statement,Done,,,Q4351742,"Q4351742|P8814|""11727411-n"""
47826,2551,set_statement,Done,,,Q4351742,"Q4351742|P5063|""i98864"""
47826,2552,set_statement,Done,,,Q584469,"Q584469|P8814|""11727698-n"""
47826,2553,set_statement,Done,,,Q584469,"Q584469|P5063|""i98866"""
47826,2554,set_statement,Done,,,Q990982,"Q990982|P8814|""11730862-n"""
47826,2555,set_statement,Done,,,Q990982,"Q990982|P5063|""i98880"""
47826,2556,set_statement,Done,,,Q158783,"Q158783|P8814|""11732751-n"""
47826,2557,set_statement,Done,,,Q158783,"Q158783|P5063|""i98889"""
47826,2558,set_statement,Done,,,Q5139267,"Q5139267|P8814|""11734232-n"""
47826,2559,set_statement,Done,,,Q5139267,"Q5139267|P5063|""i98896"""
47826,2560,set_statement,Done,,,Q2724976,"Q2724976|P8814|""11734851-n"""
47826,2561,set_statement,Done,,,Q2724976,"Q2724976|P5063|""i98899"""
47826,2562,set_statement,Done,,,Q161111,"Q161111|P8814|""11736279-n"""
47826,2563,set_statement,Done,,,Q161111,"Q161111|P5063|""i98905"""
47826,2564,set_statement,Done,,,Q87581437,"Q87581437|P8814|""11736636-n"""
47826,2565,set_statement,Done,,,Q87581437,"Q87581437|P5063|""i98907"""
47826,2566,set_statement,Done,,,Q16528,"Q16528|P8814|""11737868-n"""
47826,2567,set_statement,Done,,,Q16528,"Q16528|P5063|""i98914"""
47826,2568,set_statement,Done,,,Q468996,"Q468996|P8814|""11738046-n"""
47826,2569,set_statement,Done,,,Q468996,"Q468996|P5063|""i98915"""
47826,2570,set_statement,Done,,,Q786072,"Q786072|P8814|""11738765-n"""
47826,2571,set_statement,Done,,,Q786072,"Q786072|P5063|""i98918"""
47826,2572,set_statement,Done,,,Q10913294,"Q10913294|P8814|""11739150-n"""
47826,2573,set_statement,Done,,,Q10913294,"Q10913294|P5063|""i98920"""
47826,2574,set_statement,Done,,,Q19796483,"Q19796483|P8814|""11741806-n"""
47826,2575,set_statement,Done,,,Q19796483,"Q19796483|P5063|""i98930"""
47826,2576,set_statement,Done,,,Q161737,"Q161737|P8814|""11742111-n"""
47826,2577,set_statement,Done,,,Q161737,"Q161737|P5063|""i98931"""
47826,2578,set_statement,Done,,,Q4117731,"Q4117731|P8814|""11742313-n"""
47826,2579,set_statement,Done,,,Q4117731,"Q4117731|P5063|""i98932"""
47826,2580,set_statement,Done,,,Q213356,"Q213356|P8814|""11742935-n"""
47826,2581,set_statement,Done,,,Q213356,"Q213356|P5063|""i98936"""
47826,2582,set_statement,Done,,,Q1339284,"Q1339284|P8814|""11743090-n"""
47826,2583,set_statement,Done,,,Q1339284,"Q1339284|P5063|""i98937"""
47826,2584,set_statement,Done,,,Q159218,"Q159218|P8814|""11743696-n"""
47826,2585,set_statement,Done,,,Q159218,"Q159218|P5063|""i98940"""
47826,2586,set_statement,Done,,,Q116886712,"Q116886712|P8814|""11744832-n"""
47826,2587,set_statement,Done,,,Q116886712,"Q116886712|P5063|""i98946"""
47826,2588,set_statement,Done,,,Q148907,"Q148907|P8814|""11745129-n"""
47826,2589,set_statement,Done,,,Q148907,"Q148907|P5063|""i98948"""
47826,2590,set_statement,Done,,,Q15365673,"Q15365673|P8814|""11745780-n"""
47826,2591,set_statement,Done,,,Q15365673,"Q15365673|P5063|""i98951"""
47826,2592,set_statement,Done,,,Q4115564,"Q4115564|P8814|""11746092-n"""
47826,2593,set_statement,Done,,,Q4115564,"Q4115564|P5063|""i98953"""
47826,2594,set_statement,Done,,,Q2208329,"Q2208329|P8814|""11746442-n"""
47826,2595,set_statement,Done,,,Q2208329,"Q2208329|P5063|""i98955"""
47826,2596,set_statement,Done,,,Q4117342,"Q4117342|P8814|""11746902-n"""
47826,2597,set_statement,Done,,,Q4117342,"Q4117342|P5063|""i98958"""
47826,2598,set_statement,Done,,,Q159600,"Q159600|P8814|""11747176-n"""
47826,2599,set_statement,Done,,,Q159600,"Q159600|P5063|""i98960"""
47826,2600,set_statement,Done,,,Q2846008,"Q2846008|P8814|""11747827-n"""
47826,2601,set_statement,Done,,,Q2846008,"Q2846008|P5063|""i98963"""
47826,2602,set_statement,Done,,,Q22113514,"Q22113514|P8814|""11748009-n"""
47826,2603,set_statement,Done,,,Q22113514,"Q22113514|P5063|""i98964"""
47826,2604,set_statement,Done,,,Q148929,"Q148929|P8814|""11748207-n"""
47826,2605,set_statement,Done,,,Q148929,"Q148929|P5063|""i98965"""
47826,2606,set_statement,Done,,,Q19847498,"Q19847498|P8814|""11749238-n"""
47826,2607,set_statement,Done,,,Q19847498,"Q19847498|P5063|""i98970"""
47826,2608,set_statement,Done,,,Q19847513,"Q19847513|P8814|""11749414-n"""
47826,2609,set_statement,Done,,,Q19847513,"Q19847513|P5063|""i98971"""
47826,2610,set_statement,Done,,,Q10905072,"Q10905072|P8814|""11749611-n"""
47826,2611,set_statement,Done,,,Q10905072,"Q10905072|P5063|""i98972"""
47826,2612,set_statement,Done,,,Q15366837,"Q15366837|P8814|""11750329-n"""
47826,2613,set_statement,Done,,,Q15366837,"Q15366837|P5063|""i98975"""
47826,2614,set_statement,Done,,,Q5131214,"Q5131214|P8814|""11750674-n"""
47826,2615,set_statement,Done,,,Q5131214,"Q5131214|P5063|""i98977"""
47826,2616,set_statement,Done,,,Q5131225,"Q5131225|P8814|""11751071-n"""
47826,2617,set_statement,Done,,,Q5131225,"Q5131225|P5063|""i98980"""
47826,2618,set_statement,Done,,,Q15369316,"Q15369316|P8814|""11751219-n"""
47826,2619,set_statement,Done,,,Q15369316,"Q15369316|P5063|""i98981"""
47826,2620,set_statement,Done,,,Q15369586,"Q15369586|P8814|""11751402-n"""
47826,2621,set_statement,Done,,,Q15369586,"Q15369586|P5063|""i98982"""
47826,2622,set_statement,Done,,,Q160100,"Q160100|P8814|""11751880-n"""
47826,2623,set_statement,Done,,,Q160100,"Q160100|P5063|""i98984"""
47826,2624,set_statement,Done,,,Q110469357,"Q110469357|P8814|""11752128-n"""
47826,2625,set_statement,Done,,,Q110469357,"Q110469357|P5063|""i98985"""
47826,2626,set_statement,Done,,,Q85197594,"Q85197594|P8814|""11752521-n"""
47826,2627,set_statement,Done,,,Q85197594,"Q85197594|P5063|""i98987"""
47826,2628,set_statement,Done,,,Q50839091,"Q50839091|P8814|""11753036-n"""
47826,2629,set_statement,Done,,,Q50839091,"Q50839091|P5063|""i98989"""
47826,2630,set_statement,Done,,,Q937300,"Q937300|P8814|""11754962-n"""
47826,2631,set_statement,Done,,,Q937300,"Q937300|P5063|""i98999"""
47826,2632,set_statement,Done,,,Q149328,"Q149328|P8814|""11755167-n"""
47826,2633,set_statement,Done,,,Q149328,"Q149328|P5063|""i99000"""
47826,2634,set_statement,Done,,,Q110470586,"Q110470586|P8814|""11756446-n"""
47826,2635,set_statement,Done,,,Q110470586,"Q110470586|P5063|""i99006"""
47826,2636,set_statement,Done,,,Q15374155,"Q15374155|P8814|""11756831-n"""
47826,2637,set_statement,Done,,,Q15374155,"Q15374155|P5063|""i99008"""
47826,2638,set_statement,Done,,,Q158338,"Q158338|P8814|""11757320-n"""
47826,2639,set_statement,Done,,,Q158338,"Q158338|P5063|""i99011"""
47826,2640,set_statement,Done,,,Q4514226,"Q4514226|P8814|""11757478-n"""
47826,2641,set_statement,Done,,,Q4514226,"Q4514226|P5063|""i99012"""
47826,2642,set_statement,Done,,,Q160575,"Q160575|P8814|""11757594-n"""
47826,2643,set_statement,Done,,,Q160575,"Q160575|P5063|""i99013"""
47826,2644,set_statement,Done,,,Q149341,"Q149341|P8814|""11758221-n"""
47826,2645,set_statement,Done,,,Q149341,"Q149341|P5063|""i99016"""
47826,2646,set_statement,Done,,,Q17813765,"Q17813765|P8814|""11758532-n"""
47826,2647,set_statement,Done,,,Q17813765,"Q17813765|P5063|""i99017"""
47826,2648,set_statement,Done,,,Q17847344,"Q17847344|P8814|""11759466-n"""
47826,2649,set_statement,Done,,,Q17847344,"Q17847344|P5063|""i99022"""
47826,2650,set_statement,Done,,,Q775529,"Q775529|P8814|""11760447-n"""
47826,2651,set_statement,Done,,,Q775529,"Q775529|P5063|""i99027"""
47826,2652,set_statement,Done,,,Q5854145,"Q5854145|P8814|""11760883-n"""
47826,2653,set_statement,Done,,,Q5854145,"Q5854145|P5063|""i99029"""
47826,2654,set_statement,Done,,,Q161681,"Q161681|P8814|""11761644-n"""
47826,2655,set_statement,Done,,,Q161681,"Q161681|P5063|""i99033"""
47826,2656,set_statement,Done,,,Q161677,"Q161677|P8814|""11764241-n"""
47826,2657,set_statement,Done,,,Q161677,"Q161677|P5063|""i99046"""
47826,2658,set_statement,Done,,,Q159141,"Q159141|P8814|""11764480-n"""
47826,2659,set_statement,Done,,,Q159141,"Q159141|P5063|""i99047"""
47826,2660,set_statement,Done,,,Q159152,"Q159152|P8814|""11764577-n"""
47826,2661,set_statement,Done,,,Q159152,"Q159152|P5063|""i99048"""
47826,2662,set_statement,Done,,,Q161332,"Q161332|P8814|""11764720-n"""
47826,2663,set_statement,Done,,,Q161332,"Q161332|P5063|""i99049"""
47826,2664,set_statement,Done,,,Q37383,"Q37383|P8814|""11768970-n"""
47826,2665,set_statement,Done,,,Q37383,"Q37383|P5063|""i99063"""
47826,2666,set_statement,Done,,,Q10741417,"Q10741417|P8814|""11769581-n"""
47826,2667,set_statement,Done,,,Q10741417,"Q10741417|P5063|""i99066"""
47826,2668,set_statement,Done,,,Q15528519,"Q15528519|P8814|""11770072-n"""
47826,2669,set_statement,Done,,,Q15528519,"Q15528519|P5063|""i99069"""
47826,2670,set_statement,Done,,,Q901484,"Q901484|P8814|""11770389-n"""
47826,2671,set_statement,Done,,,Q901484,"Q901484|P5063|""i99071"""
47826,2672,set_statement,Done,,,Q7653034,"Q7653034|P8814|""11772443-n"""
47826,2673,set_statement,Done,,,Q7653034,"Q7653034|P5063|""i99082"""
47826,2674,set_statement,Done,,,Q65950237,"Q65950237|P8814|""11772637-n"""
47826,2675,set_statement,Done,,,Q65950237,"Q65950237|P5063|""i99083"""
47826,2676,set_statement,Done,,,Q159593,"Q159593|P8814|""11773267-n"""
47826,2677,set_statement,Done,,,Q159593,"Q159593|P5063|""i99086"""
47826,2678,set_statement,Done,,,Q161361,"Q161361|P8814|""11773612-n"""
47826,2679,set_statement,Done,,,Q161361,"Q161361|P5063|""i99088"""
47826,2680,set_statement,Done,,,Q15546026,"Q15546026|P8814|""11774031-n"""
47826,2681,set_statement,Done,,,Q15546026,"Q15546026|P5063|""i99090"""
47826,2682,set_statement,Done,,,Q148675,"Q148675|P8814|""11774169-n"""
47826,2683,set_statement,Done,,,Q148675,"Q148675|P5063|""i99091"""
47826,2684,set_statement,Done,,,Q5558576,"Q5558576|P8814|""11775579-n"""
47826,2685,set_statement,Done,,,Q5558576,"Q5558576|P5063|""i99096"""
47826,2686,set_statement,Done,,,Q148532,"Q148532|P8814|""11775788-n"""
47826,2687,set_statement,Done,,,Q148532,"Q148532|P5063|""i99097"""
47826,2688,set_statement,Done,,,Q15535916,"Q15535916|P8814|""11777659-n"""
47826,2689,set_statement,Done,,,Q15535916,"Q15535916|P5063|""i99105"""
47826,2690,set_statement,Done,,,Q750307,"Q750307|P8814|""11779873-n"""
47826,2691,set_statement,Done,,,Q750307,"Q750307|P5063|""i99116"""
47826,2692,set_statement,Done,,,Q15283786,"Q15283786|P8814|""11780322-n"""
47826,2693,set_statement,Done,,,Q15283786,"Q15283786|P5063|""i99118"""
47826,2694,set_statement,Done,,,Q138183,"Q138183|P8814|""11782305-n"""
47826,2695,set_statement,Done,,,Q138183,"Q138183|P5063|""i99127"""
47826,2696,set_statement,Done,,,Q15538172,"Q15538172|P8814|""11782487-n"""
47826,2697,set_statement,Done,,,Q15538172,"Q15538172|P5063|""i99128"""
47826,2698,set_statement,Done,,,Q65941858,"Q65941858|P8814|""11782902-n"""
47826,2699,set_statement,Done,,,Q65941858,"Q65941858|P5063|""i99130"""
47826,2700,set_statement,Done,,,Q15531794,"Q15531794|P8814|""11783611-n"""
47826,2701,set_statement,Done,,,Q15531794,"Q15531794|P5063|""i99133"""
47826,2702,set_statement,Done,,,Q15248750,"Q15248750|P8814|""11784947-n"""
47826,2703,set_statement,Done,,,Q15248750,"Q15248750|P5063|""i99140"""
47826,2704,set_statement,Done,,,Q2097212,"Q2097212|P8814|""11785283-n"""
47826,2705,set_statement,Done,,,Q2097212,"Q2097212|P5063|""i99141"""
47826,2706,set_statement,Done,,,Q109577313,"Q109577313|P8814|""11788577-n"""
47826,2707,set_statement,Done,,,Q109577313,"Q109577313|P5063|""i99154"""
47826,2708,set_statement,Done,,,Q4682225,"Q4682225|P8814|""11789645-n"""
47826,2709,set_statement,Done,,,Q4682225,"Q4682225|P5063|""i99159"""
47826,2710,set_statement,Done,,,Q135307,"Q135307|P8814|""11790725-n"""
47826,2711,set_statement,Done,,,Q135307,"Q135307|P5063|""i99164"""
47826,2712,set_statement,Done,,,Q11895343,"Q11895343|P8814|""11791616-n"""
47826,2713,set_statement,Done,,,Q11895343,"Q11895343|P5063|""i99168"""
47826,2714,set_statement,Done,,,Q12234248,"Q12234248|P8814|""11792215-n"""
47826,2715,set_statement,Done,,,Q12234248,"Q12234248|P5063|""i99171"""
47826,2716,set_statement,Done,,,Q87605530,"Q87605530|P8814|""11793348-n"""
47826,2717,set_statement,Done,,,Q87605530,"Q87605530|P5063|""i99176"""
47826,2718,set_statement,Done,,,Q10475326,"Q10475326|P8814|""11794097-n"""
47826,2719,set_statement,Done,,,Q10475326,"Q10475326|P5063|""i99179"""
47826,2720,set_statement,Done,,,Q155833,"Q155833|P8814|""11794456-n"""
47826,2721,set_statement,Done,,,Q155833,"Q155833|P5063|""i99181"""
47826,2722,set_statement,Done,,,Q50847406,"Q50847406|P8814|""11795264-n"""
47826,2723,set_statement,Done,,,Q50847406,"Q50847406|P5063|""i99184"""
47826,2724,set_statement,Done,,,Q4444247,"Q4444247|P8814|""11796703-n"""
47826,2725,set_statement,Done,,,Q4444247,"Q4444247|P5063|""i99191"""
47826,2726,set_statement,Done,,,Q104921330,"Q104921330|P8814|""11797549-n"""
47826,2727,set_statement,Done,,,Q104921330,"Q104921330|P5063|""i99195"""
47826,2728,set_statement,Done,,,Q161777,"Q161777|P8814|""11798561-n"""
47826,2729,set_statement,Done,,,Q161777,"Q161777|P5063|""i99200"""
47826,2730,set_statement,Done,,,Q161746,"Q161746|P8814|""11798726-n"""
47826,2731,set_statement,Done,,,Q161746,"Q161746|P5063|""i99201"""
47826,2732,set_statement,Done,,,Q2866021,"Q2866021|P8814|""11800893-n"""
47826,2733,set_statement,Done,,,Q2866021,"Q2866021|P5063|""i99208"""
47826,2734,set_statement,Done,,,Q4056964,"Q4056964|P8814|""11802127-n"""
47826,2735,set_statement,Done,,,Q4056964,"Q4056964|P5063|""i99215"""
47826,2736,set_statement,Done,,,Q41777258,"Q41777258|P8814|""11803631-n"""
47826,2737,set_statement,Done,,,Q41777258,"Q41777258|P5063|""i99222"""
47826,2738,set_statement,Done,,,Q50827206,"Q50827206|P8814|""11804966-n"""
47826,2739,set_statement,Done,,,Q50827206,"Q50827206|P5063|""i99228"""
47826,2740,set_statement,Done,,,Q2861311,"Q2861311|P8814|""11805294-n"""
47826,2741,set_statement,Done,,,Q2861311,"Q2861311|P5063|""i99229"""
47826,2742,set_statement,Done,,,Q1644587,"Q1644587|P8814|""11805745-n"""
47826,2743,set_statement,Done,,,Q1644587,"Q1644587|P5063|""i99231"""
47826,2744,set_statement,Done,,,Q10296092,"Q10296092|P8814|""11806344-n"""
47826,2745,set_statement,Done,,,Q10296092,"Q10296092|P5063|""i99234"""
47826,2746,set_statement,Done,,,Q15339700,"Q15339700|P8814|""11810558-n"""
47826,2747,set_statement,Done,,,Q15339700,"Q15339700|P5063|""i99257"""
47826,2748,set_statement,Done,,,Q2700676,"Q2700676|P8814|""11810859-n"""
47826,2749,set_statement,Done,,,Q2700676,"Q2700676|P5063|""i99259"""
47826,2750,set_statement,Done,,,Q13962206,"Q13962206|P8814|""11816657-n"""
47826,2751,set_statement,Done,,,Q13962206,"Q13962206|P5063|""i99289"""
47826,2752,set_statement,Done,,,Q15334855,"Q15334855|P8814|""11817042-n"""
47826,2753,set_statement,Done,,,Q15334855,"Q15334855|P5063|""i99291"""
47826,2754,set_statement,Done,,,Q2859483,"Q2859483|P8814|""11818191-n"""
47826,2755,set_statement,Done,,,Q2859483,"Q2859483|P5063|""i99296"""
47826,2756,set_statement,Done,,,Q3926761,"Q3926761|P8814|""11818450-n"""
47826,2757,set_statement,Done,,,Q3926761,"Q3926761|P5063|""i99297"""
47826,2758,set_statement,Done,,,Q4068485,"Q4068485|P8814|""11818739-n"""
47826,2759,set_statement,Done,,,Q4068485,"Q4068485|P5063|""i99298"""
47826,2760,set_statement,Done,,,Q284736,"Q284736|P8814|""11818965-n"""
47826,2761,set_statement,Done,,,Q284736,"Q284736|P5063|""i99299"""
47826,2762,set_statement,Done,,,Q26354,"Q26354|P8814|""11819447-n"""
47826,2763,set_statement,Done,,,Q26354,"Q26354|P5063|""i99302"""
47826,2764,set_statement,Done,,,Q5459044,"Q5459044|P8814|""11819800-n"""
47826,2765,set_statement,Done,,,Q5459044,"Q5459044|P5063|""i99304"""
47826,2766,set_statement,Done,,,Q10888482,"Q10888482|P8814|""11820201-n"""
47826,2767,set_statement,Done,,,Q10888482,"Q10888482|P5063|""i99306"""
47826,2768,set_statement,Done,,,Q134943,"Q134943|P8814|""11821034-n"""
47826,2769,set_statement,Done,,,Q134943,"Q134943|P5063|""i99310"""
47826,2770,set_statement,Done,,,Q15593811,"Q15593811|P8814|""11823055-n"""
47826,2771,set_statement,Done,,,Q15593811,"Q15593811|P5063|""i99320"""
47826,2772,set_statement,Done,,,Q110414985,"Q110414985|P8814|""11826688-n"""
47826,2773,set_statement,Done,,,Q110414985,"Q110414985|P5063|""i99334"""
47826,2774,set_statement,Done,,,Q110415161,"Q110415161|P8814|""11827148-n"""
47826,2775,set_statement,Done,,,Q110415161,"Q110415161|P5063|""i99337"""
47826,2776,set_statement,Done,,,Q937450,"Q937450|P8814|""11827283-n"""
47826,2777,set_statement,Done,,,Q937450,"Q937450|P5063|""i99338"""
47826,2778,set_statement,Done,,,Q1370878,"Q1370878|P8814|""11827836-n"""
47826,2779,set_statement,Done,,,Q1370878,"Q1370878|P5063|""i99341"""
47826,2780,set_statement,Done,,,Q110416287,"Q110416287|P8814|""11829906-n"""
47826,2781,set_statement,Done,,,Q110416287,"Q110416287|P5063|""i99352"""
47826,2782,set_statement,Done,,,Q159590,"Q159590|P8814|""11830063-n"""
47826,2783,set_statement,Done,,,Q159590,"Q159590|P5063|""i99353"""
47826,2784,set_statement,Done,,,Q162134,"Q162134|P8814|""11830827-n"""
47826,2785,set_statement,Done,,,Q162134,"Q162134|P5063|""i99358"""
47826,2786,set_statement,Done,,,Q59420260,"Q59420260|P8814|""11832563-n"""
47826,2787,set_statement,Done,,,Q59420260,"Q59420260|P5063|""i99367"""
47826,2788,set_statement,Done,,,Q12583230,"Q12583230|P8814|""11833379-n"""
47826,2789,set_statement,Done,,,Q12583230,"Q12583230|P5063|""i99370"""
47826,2790,set_statement,Done,,,Q1339103,"Q1339103|P8814|""11836190-n"""
47826,2791,set_statement,Done,,,Q1339103,"Q1339103|P5063|""i99383"""
47826,2792,set_statement,Done,,,Q27624,"Q27624|P8814|""11836805-n"""
47826,2793,set_statement,Done,,,Q27624,"Q27624|P5063|""i99386"""
47826,2794,set_statement,Done,,,Q951243,"Q951243|P8814|""11837118-n"""
47826,2795,set_statement,Done,,,Q951243,"Q951243|P5063|""i99387"""
47826,2796,set_statement,Done,,,Q951322,"Q951322|P8814|""11837298-n"""
47826,2797,set_statement,Done,,,Q951322,"Q951322|P5063|""i99388"""
47826,2798,set_statement,Done,,,Q162826,"Q162826|P8814|""11837629-n"""
47826,2799,set_statement,Done,,,Q162826,"Q162826|P5063|""i99390"""
47826,2800,set_statement,Done,,,Q1474695,"Q1474695|P8814|""11837970-n"""
47826,2801,set_statement,Done,,,Q1474695,"Q1474695|P5063|""i99392"""
47826,2802,set_statement,Done,,,Q1368577,"Q1368577|P8814|""11839978-n"""
47826,2803,set_statement,Done,,,Q1368577,"Q1368577|P5063|""i99401"""
47826,2804,set_statement,Done,,,Q161473,"Q161473|P8814|""11841653-n"""
47826,2805,set_statement,Done,,,Q161473,"Q161473|P5063|""i99409"""
47826,2806,set_statement,Done,,,Q28936712,"Q28936712|P8814|""11842769-n"""
47826,2807,set_statement,Done,,,Q28936712,"Q28936712|P5063|""i99415"""
47826,2808,set_statement,Done,,,Q159611,"Q159611|P8814|""11844615-n"""
47826,2809,set_statement,Done,,,Q159611,"Q159611|P5063|""i99423"""
47826,2810,set_statement,Done,,,Q2881023,"Q2881023|P8814|""11844813-n"""
47826,2811,set_statement,Done,,,Q2881023,"Q2881023|P5063|""i99424"""
47826,2812,set_statement,Done,,,Q161816,"Q161816|P8814|""11845680-n"""
47826,2813,set_statement,Done,,,Q161816,"Q161816|P5063|""i99428"""
47826,2814,set_statement,Done,,,Q4869290,"Q4869290|P8814|""11848010-n"""
47826,2815,set_statement,Done,,,Q4869290,"Q4869290|P5063|""i99440"""
47826,2816,set_statement,Done,,,Q158505,"Q158505|P8814|""11851569-n"""
47826,2817,set_statement,Done,,,Q158505,"Q158505|P5063|""i99457"""
47826,2818,set_statement,Done,,,Q4817592,"Q4817592|P8814|""11851766-n"""
47826,2819,set_statement,Done,,,Q4817592,"Q4817592|P5063|""i99458"""
47826,2820,set_statement,Done,,,Q4817590,"Q4817590|P8814|""11851990-n"""
47826,2821,set_statement,Done,,,Q4817590,"Q4817590|P5063|""i99459"""
47826,2822,set_statement,Done,,,Q15591153,"Q15591153|P8814|""11853842-n"""
47826,2823,set_statement,Done,,,Q15591153,"Q15591153|P5063|""i99469"""
47826,2824,set_statement,Done,,,Q15709475,"Q15709475|P8814|""11854218-n"""
47826,2825,set_statement,Done,,,Q15709475,"Q15709475|P5063|""i99471"""
47826,2826,set_statement,Done,,,Q17252862,"Q17252862|P8814|""11855720-n"""
47826,2827,set_statement,Done,,,Q17252862,"Q17252862|P5063|""i99479"""
47826,2828,set_statement,Done,,,Q17233520,"Q17233520|P8814|""11857489-n"""
47826,2829,set_statement,Done,,,Q17233520,"Q17233520|P5063|""i99487"""
47826,2830,set_statement,Done,,,Q2821956,"Q2821956|P8814|""11857673-n"""
47826,2831,set_statement,Done,,,Q2821956,"Q2821956|P5063|""i99488"""
47826,2832,set_statement,Done,,,Q2838315,"Q2838315|P8814|""11858882-n"""
47826,2833,set_statement,Done,,,Q2838315,"Q2838315|P5063|""i99494"""
47826,2834,set_statement,Done,,,Q13710,"Q13710|P8814|""11860292-n"""
47826,2835,set_statement,Done,,,Q13710,"Q13710|P5063|""i99501"""
47826,2836,set_statement,Done,,,Q2623355,"Q2623355|P8814|""11860945-n"""
47826,2837,set_statement,Done,,,Q2623355,"Q2623355|P5063|""i99504"""
47826,2838,set_statement,Done,,,Q85205625,"Q85205625|P8814|""11861233-n"""
47826,2839,set_statement,Done,,,Q85205625,"Q85205625|P5063|""i99505"""
47826,2840,set_statement,Done,,,Q15238862,"Q15238862|P8814|""11861716-n"""
47826,2841,set_statement,Done,,,Q15238862,"Q15238862|P5063|""i99507"""
47826,2842,set_statement,Done,,,Q41793383,"Q41793383|P8814|""11863910-n"""
47826,2843,set_statement,Done,,,Q41793383,"Q41793383|P5063|""i99514"""
47826,2844,set_statement,Done,,,Q41793280,"Q41793280|P8814|""11869336-n"""
47826,2845,set_statement,Done,,,Q41793280,"Q41793280|P5063|""i99541"""
47826,2846,set_statement,Done,,,Q287064,"Q287064|P8814|""11870990-n"""
47826,2847,set_statement,Done,,,Q287064,"Q287064|P5063|""i99550"""
47826,2848,set_statement,Done,,,Q134422,"Q134422|P8814|""11873000-n"""
47826,2849,set_statement,Done,,,Q134422,"Q134422|P5063|""i99561"""
47826,2850,set_statement,Done,,,Q104924393,"Q104924393|P8814|""11873825-n"""
47826,2851,set_statement,Done,,,Q104924393,"Q104924393|P5063|""i99565"""
47826,2852,set_statement,Done,,,Q15336358,"Q15336358|P8814|""11874948-n"""
47826,2853,set_statement,Done,,,Q15336358,"Q15336358|P5063|""i99570"""
47826,2854,set_statement,Done,,,Q886492,"Q886492|P8814|""11877042-n"""
47826,2855,set_statement,Done,,,Q886492,"Q886492|P5063|""i99580"""
47826,2856,set_statement,Done,,,Q2978736,"Q2978736|P8814|""11879744-n"""
47826,2857,set_statement,Done,,,Q2978736,"Q2978736|P5063|""i99592"""
47826,2858,set_statement,Done,,,Q671939,"Q671939|P8814|""11880206-n"""
47826,2859,set_statement,Done,,,Q671939,"Q671939|P5063|""i99594"""
47826,2860,set_statement,Done,,,Q4113860,"Q4113860|P8814|""11881024-n"""
47826,2861,set_statement,Done,,,Q4113860,"Q4113860|P5063|""i99597"""
47826,2862,set_statement,Done,,,Q111699640,"Q111699640|P8814|""11881707-n"""
47826,2863,set_statement,Done,,,Q111699640,"Q111699640|P5063|""i99600"""
47826,2864,set_statement,Done,,,Q98105970,"Q98105970|P8814|""11881956-n"""
47826,2865,set_statement,Done,,,Q98105970,"Q98105970|P5063|""i99601"""
47826,2866,set_statement,Done,,,Q6905917,"Q6905917|P8814|""11882110-n"""
47826,2867,set_statement,Done,,,Q6905917,"Q6905917|P5063|""i99602"""
47826,2868,set_statement,Done,,,Q65943855,"Q65943855|P8814|""11882322-n"""
47826,2869,set_statement,Done,,,Q65943855,"Q65943855|P5063|""i99603"""
47826,2870,set_statement,Done,,,Q32855932,"Q32855932|P8814|""11882769-n"""
47826,2871,set_statement,Done,,,Q32855932,"Q32855932|P5063|""i99605"""
47826,2872,set_statement,Done,,,Q112066025,"Q112066025|P8814|""11883936-n"""
47826,2873,set_statement,Done,,,Q112066025,"Q112066025|P5063|""i99609"""
47826,2874,set_statement,Done,,,Q112066004,"Q112066004|P8814|""11884186-n"""
47826,2875,set_statement,Done,,,Q112066004,"Q112066004|P5063|""i99610"""
47826,2876,set_statement,Done,,,Q50875909,"Q50875909|P8814|""11884583-n"""
47826,2877,set_statement,Done,,,Q50875909,"Q50875909|P5063|""i99612"""
47826,2878,set_statement,Done,,,Q5036113,"Q5036113|P8814|""11885745-n"""
47826,2879,set_statement,Done,,,Q5036113,"Q5036113|P5063|""i99617"""
47826,2880,set_statement,Done,,,Q15544693,"Q15544693|P8814|""11886043-n"""
47826,2881,set_statement,Done,,,Q15544693,"Q15544693|P5063|""i99619"""
47826,2882,set_statement,Done,,,Q50826504,"Q50826504|P8814|""11890887-n"""
47826,2883,set_statement,Done,,,Q50826504,"Q50826504|P5063|""i99636"""
47826,2884,set_statement,Done,,,Q158695,"Q158695|P8814|""11891965-n"""
47826,2885,set_statement,Done,,,Q158695,"Q158695|P5063|""i99642"""
47826,2886,set_statement,Done,,,Q164056,"Q164056|P8814|""11894314-n"""
47826,2887,set_statement,Done,,,Q164056,"Q164056|P5063|""i99654"""
47826,2888,set_statement,Done,,,Q504781,"Q504781|P8814|""11899102-n"""
47826,2889,set_statement,Done,,,Q504781,"Q504781|P5063|""i99678"""
47826,2890,set_statement,Done,,,Q50828168,"Q50828168|P8814|""11899760-n"""
47826,2891,set_statement,Done,,,Q50828168,"Q50828168|P5063|""i99681"""
47826,2892,set_statement,Done,,,Q589913,"Q589913|P8814|""11900880-n"""
47826,2893,set_statement,Done,,,Q589913,"Q589913|P5063|""i99687"""
47826,2894,set_statement,Done,,,Q163958,"Q163958|P8814|""11901260-n"""
47826,2895,set_statement,Done,,,Q163958,"Q163958|P5063|""i99689"""
47826,2896,set_statement,Done,,,Q27264,"Q27264|P8814|""11901658-n"""
47826,2897,set_statement,Done,,,Q27264,"Q27264|P5063|""i99691"""
47826,2898,set_statement,Done,,,Q27490,"Q27490|P8814|""11902543-n"""
47826,2899,set_statement,Done,,,Q27490,"Q27490|P5063|""i99695"""
47826,2900,set_statement,Done,,,Q244583,"Q244583|P8814|""11902706-n"""
47826,2901,set_statement,Done,,,Q244583,"Q244583|P5063|""i99696"""
47826,2902,set_statement,Done,,,Q2938024,"Q2938024|P8814|""11902895-n"""
47826,2903,set_statement,Done,,,Q2938024,"Q2938024|P5063|""i99697"""
47826,2904,set_statement,Done,,,Q15538152,"Q15538152|P8814|""11903105-n"""
47826,2905,set_statement,Done,,,Q15538152,"Q15538152|P5063|""i99698"""
47826,2906,set_statement,Done,,,Q5263816,"Q5263816|P8814|""11905436-n"""
47826,2907,set_statement,Done,,,Q5263816,"Q5263816|P5063|""i99709"""
47826,2908,set_statement,Done,,,Q159643,"Q159643|P8814|""11905761-n"""
47826,2909,set_statement,Done,,,Q159643,"Q159643|P5063|""i99711"""
47826,2910,set_statement,Done,,,Q3029029,"Q3029029|P8814|""11905993-n"""
47826,2911,set_statement,Done,,,Q3029029,"Q3029029|P5063|""i99712"""
47826,2912,set_statement,Done,,,Q5600924,"Q5600924|P8814|""11908219-n"""
47826,2913,set_statement,Done,,,Q5600924,"Q5600924|P5063|""i99722"""
47826,2914,set_statement,Done,,,Q1857886,"Q1857886|P8814|""11909269-n"""
47826,2915,set_statement,Done,,,Q1857886,"Q1857886|P5063|""i99727"""
47826,2916,set_statement,Done,,,Q15624085,"Q15624085|P8814|""11909674-n"""
47826,2917,set_statement,Done,,,Q15624085,"Q15624085|P5063|""i99729"""
47826,2918,set_statement,Done,,,Q240620,"Q240620|P8814|""11912010-n"""
47826,2919,set_statement,Done,,,Q240620,"Q240620|P5063|""i99742"""
47826,2920,set_statement,Done,,,Q30063,"Q30063|P8814|""11913286-n"""
47826,2921,set_statement,Done,,,Q30063,"Q30063|P5063|""i99748"""
47826,2922,set_statement,Done,,,Q42350193,"Q42350193|P8814|""11914385-n"""
47826,2923,set_statement,Done,,,Q42350193,"Q42350193|P5063|""i99754"""
47826,2924,set_statement,Done,,,Q28017,"Q28017|P8814|""11915027-n"""
47826,2925,set_statement,Done,,,Q28017,"Q28017|P5063|""i99757"""
47826,2926,set_statement,Done,,,Q15249950,"Q15249950|P8814|""11915941-n"""
47826,2927,set_statement,Done,,,Q15249950,"Q15249950|P5063|""i99762"""
47826,2928,set_statement,Done,,,Q15549014,"Q15549014|P8814|""11916610-n"""
47826,2929,set_statement,Done,,,Q15549014,"Q15549014|P5063|""i99765"""
47826,2930,set_statement,Done,,,Q87644934,"Q87644934|P8814|""11917191-n"""
47826,2931,set_statement,Done,,,Q87644934,"Q87644934|P5063|""i99768"""
47826,2932,set_statement,Done,,,Q164046,"Q164046|P8814|""11918740-n"""
47826,2933,set_statement,Done,,,Q164046,"Q164046|P5063|""i99776"""
47826,2934,set_statement,Done,,,Q5666712,"Q5666712|P8814|""11921921-n"""
47826,2935,set_statement,Done,,,Q5666712,"Q5666712|P5063|""i99790"""
47826,2936,set_statement,Done,,,Q149951,"Q149951|P8814|""11922066-n"""
47826,2937,set_statement,Done,,,Q149951,"Q149951|P5063|""i99791"""
47826,2938,set_statement,Done,,,Q5730997,"Q5730997|P8814|""11923802-n"""
47826,2939,set_statement,Done,,,Q5730997,"Q5730997|P5063|""i99800"""
47826,2940,set_statement,Done,,,Q156807,"Q156807|P8814|""11924140-n"""
47826,2941,set_statement,Done,,,Q156807,"Q156807|P5063|""i99802"""
47826,2942,set_statement,Done,,,Q111208575,"Q111208575|P8814|""11924743-n"""
47826,2943,set_statement,Done,,,Q111208575,"Q111208575|P5063|""i99805"""
47826,2944,set_statement,Done,,,Q157916,"Q157916|P8814|""11926218-n"""
47826,2945,set_statement,Done,,,Q157916,"Q157916|P5063|""i99813"""
47826,2946,set_statement,Done,,,Q1578328,"Q1578328|P8814|""11927569-n"""
47826,2947,set_statement,Done,,,Q1578328,"Q1578328|P5063|""i99820"""
47826,2948,set_statement,Done,,,Q15321448,"Q15321448|P8814|""11927874-n"""
47826,2949,set_statement,Done,,,Q15321448,"Q15321448|P5063|""i99822"""
47826,2950,set_statement,Done,,,Q3018989,"Q3018989|P8814|""11928158-n"""
47826,2951,set_statement,Done,,,Q3018989,"Q3018989|P5063|""i99824"""
47826,2952,set_statement,Done,,,Q2724394,"Q2724394|P8814|""11928546-n"""
47826,2953,set_statement,Done,,,Q2724394,"Q2724394|P5063|""i99826"""
47826,2954,set_statement,Done,,,Q25407894,"Q25407894|P8814|""11929018-n"""
47826,2955,set_statement,Done,,,Q25407894,"Q25407894|P5063|""i99828"""
47826,2956,set_statement,Done,,,Q50828764,"Q50828764|P8814|""11930740-n"""
47826,2957,set_statement,Done,,,Q50828764,"Q50828764|P5063|""i99837"""
47826,2958,set_statement,Done,,,Q1335122,"Q1335122|P8814|""11937434-n"""
47826,2959,set_statement,Done,,,Q1335122,"Q1335122|P5063|""i99849"""
47826,2960,set_statement,Done,,,Q2001235,"Q2001235|P8814|""11941132-n"""
47826,2961,set_statement,Done,,,Q2001235,"Q2001235|P5063|""i99867"""
47826,2962,set_statement,Done,,,Q1855185,"Q1855185|P8814|""11941467-n"""
47826,2963,set_statement,Done,,,Q1855185,"Q1855185|P5063|""i99869"""
47826,2964,set_statement,Done,,,Q15524973,"Q15524973|P8814|""11942661-n"""
47826,2965,set_statement,Done,,,Q15524973,"Q15524973|P5063|""i99875"""
47826,2966,set_statement,Done,,,Q847898,"Q847898|P8814|""11942843-n"""
47826,2967,set_statement,Done,,,Q847898,"Q847898|P5063|""i99876"""
47826,2968,set_statement,Done,,,Q571357,"Q571357|P8814|""11943643-n"""
47826,2969,set_statement,Done,,,Q571357,"Q571357|P5063|""i99882"""
47826,2970,set_statement,Done,,,Q925164,"Q925164|P8814|""11943866-n"""
47826,2971,set_statement,Done,,,Q925164,"Q925164|P5063|""i99883"""
47826,2972,set_statement,Done,,,Q20778,"Q20778|P8814|""11944106-n"""
47826,2973,set_statement,Done,,,Q20778,"Q20778|P5063|""i99884"""
47826,2974,set_statement,Done,,,Q2852739,"Q2852739|P8814|""11944483-n"""
47826,2975,set_statement,Done,,,Q2852739,"Q2852739|P5063|""i99886"""
47826,2976,set_statement,Done,,,Q15591812,"Q15591812|P8814|""11945919-n"""
47826,2977,set_statement,Done,,,Q15591812,"Q15591812|P5063|""i99893"""
47826,2978,set_statement,Done,,,Q2863306,"Q2863306|P8814|""11947445-n"""
47826,2979,set_statement,Done,,,Q2863306,"Q2863306|P5063|""i99900"""
47826,2980,set_statement,Done,,,Q202219,"Q202219|P8814|""11948209-n"""
47826,2981,set_statement,Done,,,Q202219,"Q202219|P5063|""i99904"""
47826,2982,set_statement,Done,,,Q4797496,"Q4797496|P8814|""11950349-n"""
47826,2983,set_statement,Done,,,Q4797496,"Q4797496|P5063|""i99913"""
47826,2984,set_statement,Done,,,Q783863,"Q783863|P8814|""11950507-n"""
47826,2985,set_statement,Done,,,Q783863,"Q783863|P5063|""i99914"""
47826,2986,set_statement,Done,,,Q582243,"Q582243|P8814|""11950822-n"""
47826,2987,set_statement,Done,,,Q582243,"Q582243|P5063|""i99916"""
47826,2988,set_statement,Done,,,Q606606,"Q606606|P8814|""11951040-n"""
47826,2989,set_statement,Done,,,Q606606,"Q606606|P5063|""i99917"""
47826,2990,set_statement,Done,,,Q2862331,"Q2862331|P8814|""11951781-n"""
47826,2991,set_statement,Done,,,Q2862331,"Q2862331|P5063|""i99921"""
47826,2992,set_statement,Done,,,Q21246984,"Q21246984|P8814|""11953568-n"""
47826,2993,set_statement,Done,,,Q21246984,"Q21246984|P5063|""i99927"""
47826,2994,set_statement,Done,,,Q50840238,"Q50840238|P8814|""11959025-n"""
47826,2995,set_statement,Done,,,Q50840238,"Q50840238|P5063|""i99969"""
47826,2996,set_statement,Done,,,Q1028765,"Q1028765|P8814|""11959201-n"""
47826,2997,set_statement,Done,,,Q1028765,"Q1028765|P5063|""i99970"""
47826,2998,set_statement,Done,,,Q15251279,"Q15251279|P8814|""11960818-n"""
47826,2999,set_statement,Done,,,Q15251279,"Q15251279|P5063|""i99978"""
47826,3000,set_statement,Done,,,Q21252466,"Q21252466|P8814|""11961068-n"""
47826,3001,set_statement,Done,,,Q21252466,"Q21252466|P5063|""i99980"""
47826,3002,set_statement,Done,,,Q1668987,"Q1668987|P8814|""11961384-n"""
47826,3003,set_statement,Done,,,Q1668987,"Q1668987|P5063|""i99982"""
47826,3004,set_statement,Done,,,Q1363283,"Q1363283|P8814|""11963128-n"""
47826,3005,set_statement,Done,,,Q1363283,"Q1363283|P5063|""i99992"""
47826,3006,set_statement,Done,,,Q312441,"Q312441|P8814|""11964461-n"""
47826,3007,set_statement,Done,,,Q312441,"Q312441|P5063|""i99999"""
47826,3008,set_statement,Done,,,Q514545,"Q514545|P8814|""11967387-n"""
47826,3009,set_statement,Done,,,Q514545,"Q514545|P5063|""i100014"""
47826,3010,set_statement,Done,,,Q15567609,"Q15567609|P8814|""11968938-n"""
47826,3011,set_statement,Done,,,Q15567609,"Q15567609|P5063|""i100022"""
47826,3012,set_statement,Done,,,Q1851639,"Q1851639|P8814|""11969125-n"""
47826,3013,set_statement,Done,,,Q1851639,"Q1851639|P5063|""i100023"""
47826,3014,set_statement,Done,,,Q1569852,"Q1569852|P8814|""11969333-n"""
47826,3015,set_statement,Done,,,Q1569852,"Q1569852|P5063|""i100024"""
47826,3016,set_statement,Done,,,Q2068262,"Q2068262|P8814|""11969484-n"""
47826,3017,set_statement,Done,,,Q2068262,"Q2068262|P5063|""i100025"""
47826,3018,set_statement,Done,,,Q5114924,"Q5114924|P8814|""11972289-n"""
47826,3019,set_statement,Done,,,Q5114924,"Q5114924|P5063|""i100038"""
47826,3020,set_statement,Done,,,Q15629521,"Q15629521|P8814|""11973010-n"""
47826,3021,set_statement,Done,,,Q15629521,"Q15629521|P5063|""i100043"""
47826,3022,set_statement,Done,,,Q2544599,"Q2544599|P8814|""11973507-n"""
47826,3023,set_statement,Done,,,Q2544599,"Q2544599|P5063|""i100045"""
47826,3024,set_statement,Done,,,Q178547,"Q178547|P8814|""11973808-n"""
47826,3025,set_statement,Done,,,Q178547,"Q178547|P5063|""i100046"""
47826,3026,set_statement,Done,,,Q15593859,"Q15593859|P8814|""11974953-n"""
47826,3027,set_statement,Done,,,Q15593859,"Q15593859|P5063|""i100052"""
47826,3028,set_statement,Done,,,Q1029175,"Q1029175|P8814|""11975111-n"""
47826,3029,set_statement,Done,,,Q1029175,"Q1029175|P5063|""i100053"""
47826,3030,set_statement,Done,,,Q15546864,"Q15546864|P8814|""11975267-n"""
47826,3031,set_statement,Done,,,Q15546864,"Q15546864|P5063|""i100054"""
47826,3032,set_statement,Done,,,Q588939,"Q588939|P8814|""11975509-n"""
47826,3033,set_statement,Done,,,Q588939,"Q588939|P5063|""i100055"""
47826,3034,set_statement,Done,,,Q15630402,"Q15630402|P8814|""11975622-n"""
47826,3035,set_statement,Done,,,Q15630402,"Q15630402|P5063|""i100056"""
47826,3036,set_statement,Done,,,Q15548876,"Q15548876|P8814|""11976365-n"""
47826,3037,set_statement,Done,,,Q15548876,"Q15548876|P5063|""i100060"""
47826,3038,set_statement,Done,,,Q4232929,"Q4232929|P8814|""11977786-n"""
47826,3039,set_statement,Done,,,Q4232929,"Q4232929|P5063|""i100066"""
47826,3040,set_statement,Done,,,Q4232932,"Q4232932|P8814|""11977983-n"""
47826,3041,set_statement,Done,,,Q4232932,"Q4232932|P5063|""i100067"""
47826,3042,set_statement,Done,,,Q2631259,"Q2631259|P8814|""11978147-n"""
47826,3043,set_statement,Done,,,Q2631259,"Q2631259|P5063|""i100068"""
47826,3044,set_statement,Done,,,Q2998623,"Q2998623|P8814|""11978968-n"""
47826,3045,set_statement,Done,,,Q2998623,"Q2998623|P5063|""i100072"""
47826,3046,set_statement,Done,,,Q1549236,"Q1549236|P8814|""11980714-n"""
47826,3047,set_statement,Done,,,Q1549236,"Q1549236|P5063|""i100081"""
47826,3048,set_statement,Done,,,Q2702202,"Q2702202|P8814|""11981142-n"""
47826,3049,set_statement,Done,,,Q2702202,"Q2702202|P5063|""i100083"""
47826,3050,set_statement,Done,,,Q15587313,"Q15587313|P8814|""11983774-n"""
47826,3051,set_statement,Done,,,Q15587313,"Q15587313|P5063|""i100097"""
47826,3052,set_statement,Done,,,Q3053763,"Q3053763|P8814|""11984915-n"""
47826,3053,set_statement,Done,,,Q3053763,"Q3053763|P5063|""i100102"""
47826,3054,set_statement,Done,,,Q15588334,"Q15588334|P8814|""11985687-n"""
47826,3055,set_statement,Done,,,Q15588334,"Q15588334|P5063|""i100106"""
47826,3056,set_statement,Done,,,Q5388423,"Q5388423|P8814|""11987611-n"""
47826,3057,set_statement,Done,,,Q5388423,"Q5388423|P5063|""i100115"""
47826,3058,set_statement,Done,,,Q2592617,"Q2592617|P8814|""11988347-n"""
47826,3059,set_statement,Done,,,Q2592617,"Q2592617|P5063|""i100119"""
47826,3060,set_statement,Done,,,Q354211,"Q354211|P8814|""11990076-n"""
47826,3061,set_statement,Done,,,Q354211,"Q354211|P5063|""i100127"""
47826,3062,set_statement,Done,,,Q15598583,"Q15598583|P8814|""11990275-n"""
47826,3063,set_statement,Done,,,Q15598583,"Q15598583|P5063|""i100128"""
47826,3064,set_statement,Done,,,Q108746821,"Q108746821|P8814|""11990767-n"""
47826,3065,set_statement,Done,,,Q108746821,"Q108746821|P5063|""i100131"""
47826,3066,set_statement,Done,,,Q2701210,"Q2701210|P8814|""11991315-n"""
47826,3067,set_statement,Done,,,Q2701210,"Q2701210|P5063|""i100134"""
47826,3068,set_statement,Done,,,Q775301,"Q775301|P8814|""11991875-n"""
47826,3069,set_statement,Done,,,Q775301,"Q775301|P5063|""i100137"""
47826,3070,set_statement,Done,,,Q5609419,"Q5609419|P8814|""11994103-n"""
47826,3071,set_statement,Done,,,Q5609419,"Q5609419|P5063|""i100148"""
47826,3072,set_statement,Done,,,Q15553359,"Q15553359|P8814|""11995026-n"""
47826,3073,set_statement,Done,,,Q15553359,"Q15553359|P5063|""i100153"""
47826,3074,set_statement,Done,,,Q19570453,"Q19570453|P8814|""11995357-n"""
47826,3075,set_statement,Done,,,Q19570453,"Q19570453|P5063|""i100154"""
47826,3076,set_statement,Done,,,Q9268236,"Q9268236|P8814|""11995723-n"""
47826,3077,set_statement,Done,,,Q9268236,"Q9268236|P5063|""i100156"""
47826,3078,set_statement,Done,,,Q15556408,"Q15556408|P8814|""11996127-n"""
47826,3079,set_statement,Done,,,Q15556408,"Q15556408|P5063|""i100158"""
47826,3080,set_statement,Done,,,Q41777651,"Q41777651|P8814|""11996980-n"""
47826,3081,set_statement,Done,,,Q41777651,"Q41777651|P5063|""i100162"""
47826,3082,set_statement,Done,,,Q5703947,"Q5703947|P8814|""11998356-n"""
47826,3083,set_statement,Done,,,Q5703947,"Q5703947|P5063|""i100169"""
47826,3084,set_statement,Done,,,Q12212025,"Q12212025|P8814|""11999020-n"""
47826,3085,set_statement,Done,,,Q12212025,"Q12212025|P5063|""i100172"""
47826,3086,set_statement,Done,,,Q171497,"Q171497|P8814|""11999182-n"""
47826,3087,set_statement,Done,,,Q171497,"Q171497|P5063|""i100173"""
47826,3088,set_statement,Done,,,Q12212017,"Q12212017|P8814|""11999430-n"""
47826,3089,set_statement,Done,,,Q12212017,"Q12212017|P5063|""i100174"""
47826,3090,set_statement,Done,,,Q146190,"Q146190|P8814|""12000184-n"""
47826,3091,set_statement,Done,,,Q146190,"Q146190|P5063|""i100178"""
47826,3092,set_statement,Done,,,Q15562549,"Q15562549|P8814|""12001944-n"""
47826,3093,set_statement,Done,,,Q15562549,"Q15562549|P5063|""i100187"""
47826,3094,set_statement,Done,,,Q13919553,"Q13919553|P8814|""12003014-n"""
47826,3095,set_statement,Done,,,Q13919553,"Q13919553|P5063|""i100191"""
47826,3096,set_statement,Done,,,Q1815404,"Q1815404|P8814|""12003408-n"""
47826,3097,set_statement,Done,,,Q1815404,"Q1815404|P5063|""i100193"""
47826,3098,set_statement,Done,,,Q5936274,"Q5936274|P8814|""12004075-n"""
47826,3099,set_statement,Done,,,Q5936274,"Q5936274|P5063|""i100196"""
47826,3100,set_statement,Done,,,Q421057,"Q421057|P8814|""12004613-n"""
47826,3101,set_statement,Done,,,Q421057,"Q421057|P5063|""i100199"""
47826,3102,set_statement,Done,,,Q15601446,"Q15601446|P8814|""12006372-n"""
47826,3103,set_statement,Done,,,Q15601446,"Q15601446|P5063|""i100208"""
47826,3104,set_statement,Done,,,Q50845411,"Q50845411|P8814|""12008601-n"""
47826,3105,set_statement,Done,,,Q50845411,"Q50845411|P5063|""i100219"""
47826,3106,set_statement,Done,,,Q6505577,"Q6505577|P8814|""12009065-n"""
47826,3107,set_statement,Done,,,Q6505577,"Q6505577|P5063|""i100221"""
47826,3108,set_statement,Done,,,Q27164,"Q27164|P8814|""12010338-n"""
47826,3109,set_statement,Done,,,Q27164,"Q27164|P5063|""i100228"""
47826,3110,set_statement,Done,,,Q3020526,"Q3020526|P8814|""12010636-n"""
47826,3111,set_statement,Done,,,Q3020526,"Q3020526|P5063|""i100229"""
47826,3112,set_statement,Done,,,Q19848891,"Q19848891|P8814|""12011096-n"""
47826,3113,set_statement,Done,,,Q19848891,"Q19848891|P5063|""i100231"""
47826,3114,set_statement,Done,,,Q15549862,"Q15549862|P8814|""12011389-n"""
47826,3115,set_statement,Done,,,Q15549862,"Q15549862|P5063|""i100233"""
47826,3116,set_statement,Done,,,Q6540315,"Q6540315|P8814|""12012018-n"""
47826,3117,set_statement,Done,,,Q6540315,"Q6540315|P5063|""i100236"""
47826,3118,set_statement,Done,,,Q12061156,"Q12061156|P8814|""12012246-n"""
47826,3119,set_statement,Done,,,Q12061156,"Q12061156|P5063|""i100237"""
47826,3120,set_statement,Done,,,Q21327846,"Q21327846|P8814|""12013913-n"""
47826,3121,set_statement,Done,,,Q21327846,"Q21327846|P5063|""i100246"""
47826,3122,set_statement,Done,,,Q6727680,"Q6727680|P8814|""12014996-n"""
47826,3123,set_statement,Done,,,Q6727680,"Q6727680|P5063|""i100251"""
47826,3124,set_statement,Done,,,Q24851007,"Q24851007|P8814|""12015865-n"""
47826,3125,set_statement,Done,,,Q24851007,"Q24851007|P5063|""i100255"""
47826,3126,set_statement,Done,,,Q41778123,"Q41778123|P8814|""12017878-n"""
47826,3127,set_statement,Done,,,Q41778123,"Q41778123|P5063|""i100265"""
47826,3128,set_statement,Done,,,Q2160632,"Q2160632|P8814|""12018786-n"""
47826,3129,set_statement,Done,,,Q2160632,"Q2160632|P5063|""i100268"""
47826,3130,set_statement,Done,,,Q15586910,"Q15586910|P8814|""12018961-n"""
47826,3131,set_statement,Done,,,Q15586910,"Q15586910|P5063|""i100269"""
47826,3132,set_statement,Done,,,Q30166,"Q30166|P8814|""12019357-n"""
47826,3133,set_statement,Done,,,Q30166,"Q30166|P5063|""i100271"""
47826,3134,set_statement,Done,,,Q7140245,"Q7140245|P8814|""12021763-n"""
47826,3135,set_statement,Done,,,Q7140245,"Q7140245|P5063|""i100282"""
47826,3136,set_statement,Done,,,Q14954851,"Q14954851|P8814|""12022176-n"""
47826,3137,set_statement,Done,,,Q14954851,"Q14954851|P5063|""i100284"""
47826,3138,set_statement,Done,,,Q1494593,"Q1494593|P8814|""12022393-n"""
47826,3139,set_statement,Done,,,Q1494593,"Q1494593|P5063|""i100285"""
47826,3140,set_statement,Done,,,Q4082537,"Q4082537|P8814|""12023120-n"""
47826,3141,set_statement,Done,,,Q4082537,"Q4082537|P5063|""i100288"""
47826,3142,set_statement,Done,,,Q15593797,"Q15593797|P8814|""12024589-n"""
47826,3143,set_statement,Done,,,Q15593797,"Q15593797|P5063|""i100295"""
47826,3144,set_statement,Done,,,Q849890,"Q849890|P8814|""12025456-n"""
47826,3145,set_statement,Done,,,Q849890,"Q849890|P5063|""i100299"""
47826,3146,set_statement,Done,,,Q49615863,"Q49615863|P8814|""12026775-n"""
47826,3147,set_statement,Done,,,Q49615863,"Q49615863|P5063|""i100306"""
47826,3148,set_statement,Done,,,Q50864117,"Q50864117|P8814|""12027399-n"""
47826,3149,set_statement,Done,,,Q50864117,"Q50864117|P5063|""i100309"""
47826,3150,set_statement,Done,,,Q7295703,"Q7295703|P8814|""12027665-n"""
47826,3151,set_statement,Done,,,Q7295703,"Q7295703|P5063|""i100310"""
47826,3152,set_statement,Done,,,Q15601027,"Q15601027|P8814|""12027875-n"""
47826,3153,set_statement,Done,,,Q15601027,"Q15601027|P5063|""i100311"""
47826,3154,set_statement,Done,,,Q104247213,"Q104247213|P8814|""12028956-n"""
47826,3155,set_statement,Done,,,Q104247213,"Q104247213|P5063|""i100316"""
47826,3156,set_statement,Done,,,Q1543811,"Q1543811|P8814|""12029889-n"""
47826,3157,set_statement,Done,,,Q1543811,"Q1543811|P5063|""i100320"""
47826,3158,set_statement,Done,,,Q18774030,"Q18774030|P8814|""12030657-n"""
47826,3159,set_statement,Done,,,Q18774030,"Q18774030|P5063|""i100324"""
47826,3160,set_statement,Done,,,Q1403748,"Q1403748|P8814|""12031284-n"""
47826,3161,set_statement,Done,,,Q1403748,"Q1403748|P5063|""i100327"""
47826,3162,set_statement,Done,,,Q15592098,"Q15592098|P8814|""12031839-n"""
47826,3163,set_statement,Done,,,Q15592098,"Q15592098|P5063|""i100329"""
47826,3164,set_statement,Done,,,Q2465957,"Q2465957|P8814|""12032979-n"""
47826,3165,set_statement,Done,,,Q2465957,"Q2465957|P5063|""i100334"""
47826,3166,set_statement,Done,,,Q15562228,"Q15562228|P8814|""12034824-n"""
47826,3167,set_statement,Done,,,Q15562228,"Q15562228|P5063|""i100343"""
47826,3168,set_statement,Done,,,Q1780806,"Q1780806|P8814|""12035690-n"""
47826,3169,set_statement,Done,,,Q1780806,"Q1780806|P5063|""i100348"""
47826,3170,set_statement,Done,,,Q254436,"Q254436|P8814|""12037036-n"""
47826,3171,set_statement,Done,,,Q254436,"Q254436|P5063|""i100354"""
47826,3172,set_statement,Done,,,Q7557954,"Q7557954|P8814|""12037246-n"""
47826,3173,set_statement,Done,,,Q7557954,"Q7557954|P5063|""i100355"""
47826,3174,set_statement,Done,,,Q13953922,"Q13953922|P8814|""12037383-n"""
47826,3175,set_statement,Done,,,Q13953922,"Q13953922|P5063|""i100356"""
47826,3176,set_statement,Done,,,Q15566381,"Q15566381|P8814|""12037795-n"""
47826,3177,set_statement,Done,,,Q15566381,"Q15566381|P5063|""i100358"""
47826,3178,set_statement,Done,,,Q3020839,"Q3020839|P8814|""12037980-n"""
47826,3179,set_statement,Done,,,Q3020839,"Q3020839|P5063|""i100359"""
47826,3180,set_statement,Done,,,Q7557963,"Q7557963|P8814|""12038133-n"""
47826,3181,set_statement,Done,,,Q7557963,"Q7557963|P5063|""i100360"""
47826,3182,set_statement,Done,,,Q1436235,"Q1436235|P8814|""12040653-n"""
47826,3183,set_statement,Done,,,Q1436235,"Q1436235|P5063|""i100377"""
47826,3184,set_statement,Done,,,Q644934,"Q644934|P8814|""12041410-n"""
47826,3185,set_statement,Done,,,Q644934,"Q644934|P5063|""i100381"""
47826,3186,set_statement,Done,,,Q7682196,"Q7682196|P8814|""12042351-n"""
47826,3187,set_statement,Done,,,Q7682196,"Q7682196|P5063|""i100384"""
47826,3188,set_statement,Done,,,Q852073,"Q852073|P8814|""12042523-n"""
47826,3189,set_statement,Done,,,Q852073,"Q852073|P5063|""i100385"""
47826,3190,set_statement,Done,,,Q59262587,"Q59262587|P8814|""12043290-n"""
47826,3191,set_statement,Done,,,Q59262587,"Q59262587|P5063|""i100388"""
47826,3192,set_statement,Done,,,Q7682199,"Q7682199|P8814|""12043876-n"""
47826,3193,set_statement,Done,,,Q7682199,"Q7682199|P5063|""i100390"""
47826,3194,set_statement,Done,,,Q131219,"Q131219|P8814|""12044914-n"""
47826,3195,set_statement,Done,,,Q131219,"Q131219|P5063|""i100394"""
47826,3196,set_statement,Done,,,Q7706616,"Q7706616|P8814|""12045689-n"""
47826,3197,set_statement,Done,,,Q7706616,"Q7706616|P5063|""i100398"""
47826,3198,set_statement,Done,,,Q67193838,"Q67193838|P8814|""12045976-n"""
47826,3199,set_statement,Done,,,Q67193838,"Q67193838|P5063|""i100399"""
47826,3200,set_statement,Done,,,Q1548650,"Q1548650|P8814|""12047450-n"""
47826,3201,set_statement,Done,,,Q1548650,"Q1548650|P5063|""i100405"""
47826,3202,set_statement,Done,,,Q1345772,"Q1345772|P8814|""12048127-n"""
47826,3203,set_statement,Done,,,Q1345772,"Q1345772|P5063|""i100408"""
47826,3204,set_statement,Done,,,Q21307444,"Q21307444|P8814|""12048481-n"""
47826,3205,set_statement,Done,,,Q21307444,"Q21307444|P5063|""i100410"""
47826,3206,set_statement,Done,,,Q19848986,"Q19848986|P8814|""12048893-n"""
47826,3207,set_statement,Done,,,Q19848986,"Q19848986|P5063|""i100412"""
47826,3208,set_statement,Done,,,Q109732821,"Q109732821|P8814|""12049287-n"""
47826,3209,set_statement,Done,,,Q109732821,"Q109732821|P5063|""i100413"""
47826,3210,set_statement,Done,,,Q50874346,"Q50874346|P8814|""12049508-n"""
47826,3211,set_statement,Done,,,Q50874346,"Q50874346|P5063|""i100414"""
47826,3212,set_statement,Done,,,Q11933237,"Q11933237|P8814|""12051377-n"""
47826,3213,set_statement,Done,,,Q11933237,"Q11933237|P5063|""i100422"""
47826,3214,set_statement,Done,,,Q15563301,"Q15563301|P8814|""12051857-n"""
47826,3215,set_statement,Done,,,Q15563301,"Q15563301|P5063|""i100424"""
47826,3216,set_statement,Done,,,Q15564201,"Q15564201|P8814|""12052016-n"""
47826,3217,set_statement,Done,,,Q15564201,"Q15564201|P5063|""i100425"""
47826,3218,set_statement,Done,,,Q15571724,"Q15571724|P8814|""12052898-n"""
47826,3219,set_statement,Done,,,Q15571724,"Q15571724|P5063|""i100429"""
47826,3220,set_statement,Done,,,Q15572520,"Q15572520|P8814|""12053155-n"""
47826,3221,set_statement,Done,,,Q15572520,"Q15572520|P5063|""i100430"""
47826,3222,set_statement,Done,,,Q2054752,"Q2054752|P8814|""12054178-n"""
47826,3223,set_statement,Done,,,Q2054752,"Q2054752|P5063|""i100435"""
47826,3224,set_statement,Done,,,Q979508,"Q979508|P8814|""12054853-n"""
47826,3225,set_statement,Done,,,Q979508,"Q979508|P5063|""i100438"""
47826,3226,set_statement,Done,,,Q3025716,"Q3025716|P8814|""12055063-n"""
47826,3227,set_statement,Done,,,Q3025716,"Q3025716|P5063|""i100439"""
47826,3228,set_statement,Done,,,Q341547,"Q341547|P8814|""12057968-n"""
47826,3229,set_statement,Done,,,Q341547,"Q341547|P5063|""i100453"""
47826,3230,set_statement,Done,,,Q15600342,"Q15600342|P8814|""12058333-n"""
47826,3231,set_statement,Done,,,Q15600342,"Q15600342|P5063|""i100455"""
47826,3232,set_statement,Done,,,Q158045,"Q158045|P8814|""12058875-n"""
47826,3233,set_statement,Done,,,Q158045,"Q158045|P5063|""i100458"""
47826,3234,set_statement,Done,,,Q790170,"Q790170|P8814|""12059054-n"""
47826,3235,set_statement,Done,,,Q790170,"Q790170|P5063|""i100459"""
47826,3236,set_statement,Done,,,Q2119769,"Q2119769|P8814|""12059229-n"""
47826,3237,set_statement,Done,,,Q2119769,"Q2119769|P5063|""i100460"""
47826,3238,set_statement,Done,,,Q776583,"Q776583|P8814|""12059591-n"""
47826,3239,set_statement,Done,,,Q776583,"Q776583|P5063|""i100462"""
47826,3240,set_statement,Done,,,Q15111652,"Q15111652|P8814|""12066497-n"""
47826,3241,set_statement,Done,,,Q15111652,"Q15111652|P5063|""i100482"""
47826,3242,set_statement,Done,,,Q109509683,"Q109509683|P8814|""12068353-n"""
47826,3243,set_statement,Done,,,Q109509683,"Q109509683|P5063|""i100491"""
47826,3244,set_statement,Done,,,Q4957942,"Q4957942|P8814|""12068525-n"""
47826,3245,set_statement,Done,,,Q4957942,"Q4957942|P5063|""i100492"""
47826,3246,set_statement,Done,,,Q1141063,"Q1141063|P8814|""12070031-n"""
47826,3247,set_statement,Done,,,Q1141063,"Q1141063|P5063|""i100501"""
47826,3248,set_statement,Done,,,Q1595747,"Q1595747|P8814|""12070483-n"""
47826,3249,set_statement,Done,,,Q1595747,"Q1595747|P5063|""i100503"""
47826,3250,set_statement,Done,,,Q15287920,"Q15287920|P8814|""12071983-n"""
47826,3251,set_statement,Done,,,Q15287920,"Q15287920|P5063|""i100510"""
47826,3252,set_statement,Done,,,Q49426376,"Q49426376|P8814|""12072736-n"""
47826,3253,set_statement,Done,,,Q49426376,"Q49426376|P5063|""i100513"""
47826,3254,set_statement,Done,,,Q22782964,"Q22782964|P8814|""12072916-n"""
47826,3255,set_statement,Done,,,Q22782964,"Q22782964|P5063|""i100514"""
47826,3256,set_statement,Done,,,Q5169619,"Q5169619|P8814|""12074431-n"""
47826,3257,set_statement,Done,,,Q5169619,"Q5169619|P5063|""i100520"""
47826,3258,set_statement,Done,,,Q157971,"Q157971|P8814|""12074664-n"""
47826,3259,set_statement,Done,,,Q157971,"Q157971|P5063|""i100521"""
47826,3260,set_statement,Done,,,Q977605,"Q977605|P8814|""12077259-n"""
47826,3261,set_statement,Done,,,Q977605,"Q977605|P5063|""i100532"""
47826,3262,set_statement,Done,,,Q1306340,"Q1306340|P8814|""12077491-n"""
47826,3263,set_statement,Done,,,Q1306340,"Q1306340|P5063|""i100533"""
47826,3264,set_statement,Done,,,Q1021762,"Q1021762|P8814|""12078396-n"""
47826,3265,set_statement,Done,,,Q1021762,"Q1021762|P5063|""i100537"""
47826,3266,set_statement,Done,,,Q637526,"Q637526|P8814|""12079323-n"""
47826,3267,set_statement,Done,,,Q637526,"Q637526|P5063|""i100541"""
47826,3268,set_statement,Done,,,Q5375639,"Q5375639|P8814|""12081605-n"""
47826,3269,set_statement,Done,,,Q5375639,"Q5375639|P5063|""i100551"""
47826,3270,set_statement,Done,,,Q109521235,"Q109521235|P8814|""12082115-n"""
47826,3271,set_statement,Done,,,Q109521235,"Q109521235|P5063|""i100553"""
47826,3272,set_statement,Done,,,Q157426,"Q157426|P8814|""12083127-n"""
47826,3273,set_statement,Done,,,Q157426,"Q157426|P5063|""i100558"""
47826,3274,set_statement,Done,,,Q161314,"Q161314|P8814|""12085092-n"""
47826,3275,set_statement,Done,,,Q161314,"Q161314|P5063|""i100567"""
47826,3276,set_statement,Done,,,Q41474510,"Q41474510|P8814|""12086952-n"""
47826,3277,set_statement,Done,,,Q41474510,"Q41474510|P5063|""i100575"""
47826,3278,set_statement,Done,,,Q109524690,"Q109524690|P8814|""12087322-n"""
47826,3279,set_statement,Done,,,Q109524690,"Q109524690|P5063|""i100577"""
47826,3280,set_statement,Done,,,Q109524758,"Q109524758|P8814|""12087934-n"""
47826,3281,set_statement,Done,,,Q109524758,"Q109524758|P5063|""i100580"""
47826,3282,set_statement,Done,,,Q109524901,"Q109524901|P8814|""12088173-n"""
47826,3283,set_statement,Done,,,Q109524901,"Q109524901|P5063|""i100581"""
47826,3284,set_statement,Done,,,Q115861488,"Q115861488|P8814|""12088318-n"""
47826,3285,set_statement,Done,,,Q115861488,"Q115861488|P5063|""i100582"""
47826,3286,set_statement,Done,,,Q15467564,"Q15467564|P8814|""12089510-n"""
47826,3287,set_statement,Done,,,Q15467564,"Q15467564|P5063|""i100587"""
47826,3288,set_statement,Done,,,Q159296,"Q159296|P8814|""12090180-n"""
47826,3289,set_statement,Done,,,Q159296,"Q159296|P5063|""i100590"""
47826,3290,set_statement,Done,,,Q15502015,"Q15502015|P8814|""12091760-n"""
47826,3291,set_statement,Done,,,Q15502015,"Q15502015|P5063|""i100598"""
47826,3292,set_statement,Done,,,Q157891,"Q157891|P8814|""12091978-n"""
47826,3293,set_statement,Done,,,Q157891,"Q157891|P5063|""i100599"""
47826,3294,set_statement,Done,,,Q109476478,"Q109476478|P8814|""12092711-n"""
47826,3295,set_statement,Done,,,Q109476478,"Q109476478|P5063|""i100602"""
47826,3296,set_statement,Done,,,Q159291,"Q159291|P8814|""12095368-n"""
47826,3297,set_statement,Done,,,Q159291,"Q159291|P5063|""i100614"""
47826,3298,set_statement,Done,,,Q157433,"Q157433|P8814|""12098445-n"""
47826,3299,set_statement,Done,,,Q157433,"Q157433|P5063|""i100629"""
47826,3300,set_statement,Done,,,Q1152261,"Q1152261|P8814|""12104348-n"""
47826,3301,set_statement,Done,,,Q1152261,"Q1152261|P5063|""i100657"""
47826,3302,set_statement,Done,,,Q159283,"Q159283|P8814|""12105072-n"""
47826,3303,set_statement,Done,,,Q159283,"Q159283|P5063|""i100660"""
47826,3304,set_statement,Done,,,Q7224923,"Q7224923|P8814|""12107295-n"""
47826,3305,set_statement,Done,,,Q7224923,"Q7224923|P5063|""i100672"""
47826,3306,set_statement,Done,,,Q50839860,"Q50839860|P8814|""12109837-n"""
47826,3307,set_statement,Done,,,Q50839860,"Q50839860|P5063|""i100685"""
47826,3308,set_statement,Done,,,Q5279597,"Q5279597|P8814|""12110013-n"""
47826,3309,set_statement,Done,,,Q5279597,"Q5279597|P5063|""i100686"""
47826,3310,set_statement,Done,,,Q159537,"Q159537|P8814|""12111730-n"""
47826,3311,set_statement,Done,,,Q159537,"Q159537|P5063|""i100693"""
47826,3312,set_statement,Done,,,Q149344,"Q149344|P8814|""12113846-n"""
47826,3313,set_statement,Done,,,Q149344,"Q149344|P5063|""i100706"""
47826,3314,set_statement,Done,,,Q1965935,"Q1965935|P8814|""12114117-n"""
47826,3315,set_statement,Done,,,Q1965935,"Q1965935|P5063|""i100707"""
47826,3316,set_statement,Done,,,Q3141217,"Q3141217|P8814|""12114918-n"""
47826,3317,set_statement,Done,,,Q3141217,"Q3141217|P5063|""i100712"""
47826,3318,set_statement,Done,,,Q6710201,"Q6710201|P8814|""12116606-n"""
47826,3319,set_statement,Done,,,Q6710201,"Q6710201|P5063|""i100722"""
47826,3320,set_statement,Done,,,Q111528911,"Q111528911|P8814|""12117080-n"""
47826,3321,set_statement,Done,,,Q111528911,"Q111528911|P5063|""i100725"""
47826,3322,set_statement,Done,,,Q19847450,"Q19847450|P8814|""12117191-n"""
47826,3323,set_statement,Done,,,Q19847450,"Q19847450|P5063|""i100726"""
47826,3324,set_statement,Done,,,Q49426613,"Q49426613|P8814|""12118073-n"""
47826,3325,set_statement,Done,,,Q49426613,"Q49426613|P5063|""i100731"""
47826,3326,set_statement,Done,,,Q1418304,"Q1418304|P8814|""12119041-n"""
47826,3327,set_statement,Done,,,Q1418304,"Q1418304|P5063|""i100736"""
47826,3328,set_statement,Done,,,Q15345112,"Q15345112|P8814|""12120489-n"""
47826,3329,set_statement,Done,,,Q15345112,"Q15345112|P5063|""i100744"""
47826,3330,set_statement,Done,,,Q15345269,"Q15345269|P8814|""12120704-n"""
47826,3331,set_statement,Done,,,Q15345269,"Q15345269|P5063|""i100745"""
47826,3332,set_statement,Done,,,Q87622596,"Q87622596|P8814|""12126095-n"""
47826,3333,set_statement,Done,,,Q87622596,"Q87622596|P5063|""i100763"""
47826,3334,set_statement,Done,,,Q85191663,"Q85191663|P8814|""12126345-n"""
47826,3335,set_statement,Done,,,Q85191663,"Q85191663|P5063|""i100764"""
47826,3336,set_statement,Done,,,Q15510647,"Q15510647|P8814|""12126651-n"""
47826,3337,set_statement,Done,,,Q15510647,"Q15510647|P5063|""i100766"""
47826,3338,set_statement,Done,,,Q87622248,"Q87622248|P8814|""12126840-n"""
47826,3339,set_statement,Done,,,Q87622248,"Q87622248|P5063|""i100767"""
47826,3340,set_statement,Done,,,Q159182,"Q159182|P8814|""12127519-n"""
47826,3341,set_statement,Done,,,Q159182,"Q159182|P5063|""i100770"""
47826,3342,set_statement,Done,,,Q4694285,"Q4694285|P8814|""12127708-n"""
47826,3343,set_statement,Done,,,Q4694285,"Q4694285|P5063|""i100771"""
47826,3344,set_statement,Done,,,Q9591119,"Q9591119|P8814|""12127853-n"""
47826,3345,set_statement,Done,,,Q9591119,"Q9591119|P5063|""i100772"""
47826,3346,set_statement,Done,,,Q157346,"Q157346|P8814|""12128227-n"""
47826,3347,set_statement,Done,,,Q157346,"Q157346|P5063|""i100774"""
47826,3348,set_statement,Done,,,Q159815,"Q159815|P8814|""12129388-n"""
47826,3349,set_statement,Done,,,Q159815,"Q159815|P5063|""i100780"""
47826,3350,set_statement,Done,,,Q164429,"Q164429|P8814|""12132261-n"""
47826,3351,set_statement,Done,,,Q164429,"Q164429|P5063|""i100796"""
47826,3352,set_statement,Done,,,Q2922605,"Q2922605|P8814|""12132736-n"""
47826,3353,set_statement,Done,,,Q2922605,"Q2922605|P5063|""i100799"""
47826,3354,set_statement,Done,,,Q4543400,"Q4543400|P8814|""12132854-n"""
47826,3355,set_statement,Done,,,Q4543400,"Q4543400|P5063|""i100800"""
47826,3356,set_statement,Done,,,Q15512258,"Q15512258|P8814|""12134307-n"""
47826,3357,set_statement,Done,,,Q15512258,"Q15512258|P5063|""i100809"""
47826,3358,set_statement,Done,,,Q3133411,"Q3133411|P8814|""12135107-n"""
47826,3359,set_statement,Done,,,Q3133411,"Q3133411|P5063|""i100813"""
47826,3360,set_statement,Done,,,Q208705,"Q208705|P8814|""12136265-n"""
47826,3361,set_statement,Done,,,Q208705,"Q208705|P5063|""i100819"""
47826,3362,set_statement,Done,,,Q159824,"Q159824|P8814|""12137752-n"""
47826,3363,set_statement,Done,,,Q159824,"Q159824|P5063|""i100827"""
47826,3364,set_statement,Done,,,Q5368479,"Q5368479|P8814|""12140234-n"""
47826,3365,set_statement,Done,,,Q5368479,"Q5368479|P5063|""i100840"""
47826,3366,set_statement,Done,,,Q5384814,"Q5384814|P8814|""12141095-n"""
47826,3367,set_statement,Done,,,Q5384814,"Q5384814|P5063|""i100845"""
47826,3368,set_statement,Done,,,Q50828970,"Q50828970|P8814|""12141704-n"""
47826,3369,set_statement,Done,,,Q50828970,"Q50828970|P5063|""i100848"""
47826,3370,set_statement,Done,,,Q3744284,"Q3744284|P8814|""12142127-n"""
47826,3371,set_statement,Done,,,Q3744284,"Q3744284|P5063|""i100850"""
47826,3372,set_statement,Done,,,Q5572533,"Q5572533|P8814|""12142959-n"""
47826,3373,set_statement,Done,,,Q5572533,"Q5572533|P5063|""i100855"""
47826,3374,set_statement,Done,,,Q4117447,"Q4117447|P8814|""12144689-n"""
47826,3375,set_statement,Done,,,Q4117447,"Q4117447|P5063|""i100865"""
47826,3376,set_statement,Done,,,Q157883,"Q157883|P8814|""12145518-n"""
47826,3377,set_statement,Done,,,Q157883,"Q157883|P5063|""i100870"""
47826,3378,set_statement,Done,,,Q24700467,"Q24700467|P8814|""12147033-n"""
47826,3379,set_statement,Done,,,Q24700467,"Q24700467|P5063|""i100879"""
47826,3380,set_statement,Done,,,Q12213301,"Q12213301|P8814|""12147253-n"""
47826,3381,set_statement,Done,,,Q12213301,"Q12213301|P5063|""i100880"""
47826,3382,set_statement,Done,,,Q1466543,"Q1466543|P8814|""12147977-n"""
47826,3383,set_statement,Done,,,Q1466543,"Q1466543|P5063|""i100884"""
47826,3384,set_statement,Done,,,Q654332,"Q654332|P8814|""12149342-n"""
47826,3385,set_statement,Done,,,Q654332,"Q654332|P5063|""i100892"""
47826,3386,set_statement,Done,,,Q3899117,"Q3899117|P8814|""12149651-n"""
47826,3387,set_statement,Done,,,Q3899117,"Q3899117|P5063|""i100893"""
47826,3388,set_statement,Done,,,Q2086586,"Q2086586|P8814|""12150503-n"""
47826,3389,set_statement,Done,,,Q2086586,"Q2086586|P5063|""i100897"""
47826,3390,set_statement,Done,,,Q28936185,"Q28936185|P8814|""12150677-n"""
47826,3391,set_statement,Done,,,Q28936185,"Q28936185|P5063|""i100898"""
47826,3392,set_statement,Done,,,Q50826585,"Q50826585|P8814|""12154199-n"""
47826,3393,set_statement,Done,,,Q50826585,"Q50826585|P5063|""i100915"""
47826,3394,set_statement,Done,,,Q12212708,"Q12212708|P8814|""12155353-n"""
47826,3395,set_statement,Done,,,Q12212708,"Q12212708|P5063|""i100921"""
47826,3396,set_statement,Done,,,Q163052,"Q163052|P8814|""12155566-n"""
47826,3397,set_statement,Done,,,Q163052,"Q163052|P5063|""i100922"""
47826,3398,set_statement,Done,,,Q7573948,"Q7573948|P8814|""12160310-n"""
47826,3399,set_statement,Done,,,Q7573948,"Q7573948|P5063|""i100946"""
47826,3400,set_statement,Done,,,Q7579242,"Q7579242|P8814|""12161276-n"""
47826,3401,set_statement,Done,,,Q7579242,"Q7579242|P5063|""i100951"""
47826,3402,set_statement,Done,,,Q161098,"Q161098|P8814|""12163391-n"""
47826,3403,set_statement,Done,,,Q161098,"Q161098|P5063|""i100962"""
47826,3404,set_statement,Done,,,Q15251393,"Q15251393|P8814|""12166436-n"""
47826,3405,set_statement,Done,,,Q15251393,"Q15251393|P5063|""i100979"""
47826,3406,set_statement,Done,,,Q15227563,"Q15227563|P8814|""12167171-n"""
47826,3407,set_statement,Done,,,Q15227563,"Q15227563|P5063|""i100983"""
47826,3408,set_statement,Done,,,Q3023700,"Q3023700|P8814|""12167340-n"""
47826,3409,set_statement,Done,,,Q3023700,"Q3023700|P5063|""i100984"""
47826,3410,set_statement,Done,,,Q3219428,"Q3219428|P8814|""12168352-n"""
47826,3411,set_statement,Done,,,Q3219428,"Q3219428|P5063|""i100989"""
47826,3412,set_statement,Done,,,Q2866037,"Q2866037|P8814|""12168770-n"""
47826,3413,set_statement,Done,,,Q2866037,"Q2866037|P5063|""i100991"""
47826,3414,set_statement,Done,,,Q30755265,"Q30755265|P8814|""12168956-n"""
47826,3415,set_statement,Done,,,Q30755265,"Q30755265|P5063|""i100992"""
47826,3416,set_statement,Done,,,Q140227,"Q140227|P8814|""12169274-n"""
47826,3417,set_statement,Done,,,Q140227,"Q140227|P5063|""i100994"""
47826,3418,set_statement,Done,,,Q28933428,"Q28933428|P8814|""12170038-n"""
47826,3419,set_statement,Done,,,Q28933428,"Q28933428|P5063|""i100998"""
47826,3420,set_statement,Done,,,Q1165724,"Q1165724|P8814|""12171486-n"""
47826,3421,set_statement,Done,,,Q1165724,"Q1165724|P5063|""i101003"""
47826,3422,set_statement,Done,,,Q159021,"Q159021|P8814|""12172768-n"""
47826,3423,set_statement,Done,,,Q159021,"Q159021|P5063|""i101009"""
47826,3424,set_statement,Done,,,Q161783,"Q161783|P8814|""12173239-n"""
47826,3425,set_statement,Done,,,Q161783,"Q161783|P5063|""i101012"""
47826,3426,set_statement,Done,,,Q932664,"Q932664|P8814|""12174258-n"""
47826,3427,set_statement,Done,,,Q932664,"Q932664|P5063|""i101018"""
47826,3428,set_statement,Done,,,Q159148,"Q159148|P8814|""12174431-n"""
47826,3429,set_statement,Done,,,Q159148,"Q159148|P5063|""i101019"""
47826,3430,set_statement,Done,,,Q159020,"Q159020|P8814|""12174631-n"""
47826,3431,set_statement,Done,,,Q159020,"Q159020|P5063|""i101020"""
47826,3432,set_statement,Done,,,Q312736,"Q312736|P8814|""12175526-n"""
47826,3433,set_statement,Done,,,Q312736,"Q312736|P5063|""i101025"""
47826,3434,set_statement,Done,,,Q147520,"Q147520|P8814|""12176290-n"""
47826,3435,set_statement,Done,,,Q147520,"Q147520|P5063|""i101030"""
47826,3436,set_statement,Done,,,Q146572,"Q146572|P8814|""12176634-n"""
47826,3437,set_statement,Done,,,Q146572,"Q146572|P5063|""i101031"""
47826,3438,set_statement,Done,,,Q311136,"Q311136|P8814|""12182942-n"""
47826,3439,set_statement,Done,,,Q311136,"Q311136|P5063|""i101060"""
47826,3440,set_statement,Done,,,Q157980,"Q157980|P8814|""12183796-n"""
47826,3441,set_statement,Done,,,Q157980,"Q157980|P5063|""i101064"""
47826,3442,set_statement,Done,,,Q30558042,"Q30558042|P8814|""12184582-n"""
47826,3443,set_statement,Done,,,Q30558042,"Q30558042|P5063|""i101068"""
47826,3444,set_statement,Done,,,Q17465532,"Q17465532|P8814|""12187310-n"""
47826,3445,set_statement,Done,,,Q17465532,"Q17465532|P5063|""i101081"""
47826,3446,set_statement,Done,,,Q2672305,"Q2672305|P8814|""12187953-n"""
47826,3447,set_statement,Done,,,Q2672305,"Q2672305|P5063|""i101085"""
47826,3448,set_statement,Done,,,Q428750,"Q428750|P8814|""12188119-n"""
47826,3449,set_statement,Done,,,Q428750,"Q428750|P5063|""i101086"""
47826,3450,set_statement,Done,,,Q153343,"Q153343|P8814|""12191833-n"""
47826,3451,set_statement,Done,,,Q153343,"Q153343|P5063|""i101101"""
47826,3452,set_statement,Done,,,Q80531,"Q80531|P8814|""12192483-n"""
47826,3453,set_statement,Done,,,Q80531,"Q80531|P5063|""i101104"""
47826,3454,set_statement,Done,,,Q15360249,"Q15360249|P8814|""12195698-n"""
47826,3455,set_statement,Done,,,Q15360249,"Q15360249|P5063|""i101118"""
47826,3456,set_statement,Done,,,Q5741238,"Q5741238|P8814|""12195887-n"""
47826,3457,set_statement,Done,,,Q5741238,"Q5741238|P5063|""i101119"""
47826,3458,set_statement,Done,,,Q15359615,"Q15359615|P8814|""12196115-n"""
47826,3459,set_statement,Done,,,Q15359615,"Q15359615|P5063|""i101120"""
47826,3460,set_statement,Done,,,Q133481,"Q133481|P8814|""12197470-n"""
47826,3461,set_statement,Done,,,Q133481,"Q133481|P5063|""i101126"""
47826,3462,set_statement,Done,,,Q87626490,"Q87626490|P8814|""12197646-n"""
47826,3463,set_statement,Done,,,Q87626490,"Q87626490|P5063|""i101127"""
47826,3464,set_statement,Done,,,Q5587520,"Q5587520|P8814|""12197972-n"""
47826,3465,set_statement,Done,,,Q5587520,"Q5587520|P5063|""i101129"""
47826,3466,set_statement,Done,,,Q159479,"Q159479|P8814|""12199413-n"""
47826,3467,set_statement,Done,,,Q159479,"Q159479|P5063|""i101136"""
47826,3468,set_statement,Done,,,Q157756,"Q157756|P8814|""12200424-n"""
47826,3469,set_statement,Done,,,Q157756,"Q157756|P5063|""i101140"""
47826,3470,set_statement,Done,,,Q1623958,"Q1623958|P8814|""12201402-n"""
47826,3471,set_statement,Done,,,Q1623958,"Q1623958|P5063|""i101144"""
47826,3472,set_statement,Done,,,Q15375635,"Q15375635|P8814|""12201869-n"""
47826,3473,set_statement,Done,,,Q15375635,"Q15375635|P5063|""i101146"""
47826,3474,set_statement,Done,,,Q110135881,"Q110135881|P8814|""12202129-n"""
47826,3475,set_statement,Done,,,Q110135881,"Q110135881|P5063|""i101147"""
47826,3476,set_statement,Done,,,Q638145,"Q638145|P8814|""12203969-n"""
47826,3477,set_statement,Done,,,Q638145,"Q638145|P5063|""i101156"""
47826,3478,set_statement,Done,,,Q21977569,"Q21977569|P8814|""12204985-n"""
47826,3479,set_statement,Done,,,Q21977569,"Q21977569|P5063|""i101162"""
47826,3480,set_statement,Done,,,Q16947807,"Q16947807|P8814|""12205771-n"""
47826,3481,set_statement,Done,,,Q16947807,"Q16947807|P5063|""i101166"""
47826,3482,set_statement,Done,,,Q15381586,"Q15381586|P8814|""12206376-n"""
47826,3483,set_statement,Done,,,Q15381586,"Q15381586|P5063|""i101169"""
47826,3484,set_statement,Done,,,Q2281662,"Q2281662|P8814|""12206869-n"""
47826,3485,set_statement,Done,,,Q2281662,"Q2281662|P5063|""i101171"""
47826,3486,set_statement,Done,,,Q3595921,"Q3595921|P8814|""12207071-n"""
47826,3487,set_statement,Done,,,Q3595921,"Q3595921|P5063|""i101172"""
47826,3488,set_statement,Done,,,Q5394062,"Q5394062|P8814|""12207356-n"""
47826,3489,set_statement,Done,,,Q5394062,"Q5394062|P5063|""i101173"""
47826,3490,set_statement,Done,,,Q4418705,"Q4418705|P8814|""12207764-n"""
47826,3491,set_statement,Done,,,Q4418705,"Q4418705|P5063|""i101175"""
47826,3492,set_statement,Done,,,Q715739,"Q715739|P8814|""12209152-n"""
47826,3493,set_statement,Done,,,Q715739,"Q715739|P5063|""i101182"""
47826,3494,set_statement,Done,,,Q50853353,"Q50853353|P8814|""12212104-n"""
47826,3495,set_statement,Done,,,Q50853353,"Q50853353|P5063|""i101196"""
47826,3496,set_statement,Done,,,Q50828866,"Q50828866|P8814|""12213394-n"""
47826,3497,set_statement,Done,,,Q50828866,"Q50828866|P5063|""i101202"""
47826,3498,set_statement,Done,,,Q1915507,"Q1915507|P8814|""12214664-n"""
47826,3499,set_statement,Done,,,Q1915507,"Q1915507|P5063|""i101208"""
47826,3500,set_statement,Done,,,Q18010233,"Q18010233|P8814|""12215130-n"""
47826,3501,set_statement,Done,,,Q18010233,"Q18010233|P5063|""i101210"""
47826,3502,set_statement,Done,,,Q15358617,"Q15358617|P8814|""12217044-n"""
47826,3503,set_statement,Done,,,Q15358617,"Q15358617|P5063|""i101219"""
47826,3504,set_statement,Done,,,Q5705291,"Q5705291|P8814|""12219916-n"""
47826,3505,set_statement,Done,,,Q5705291,"Q5705291|P5063|""i101233"""
47826,3506,set_statement,Done,,,Q17574079,"Q17574079|P8814|""12220307-n"""
47826,3507,set_statement,Done,,,Q17574079,"Q17574079|P5063|""i101235"""
47826,3508,set_statement,Done,,,Q15373470,"Q15373470|P8814|""12220499-n"""
47826,3509,set_statement,Done,,,Q15373470,"Q15373470|P5063|""i101236"""
47826,3510,set_statement,Done,,,Q2574713,"Q2574713|P8814|""12220660-n"""
47826,3511,set_statement,Done,,,Q2574713,"Q2574713|P5063|""i101237"""
47826,3512,set_statement,Done,,,Q110131202,"Q110131202|P8814|""12221021-n"""
47826,3513,set_statement,Done,,,Q110131202,"Q110131202|P5063|""i101239"""
47826,3514,set_statement,Done,,,Q33221,"Q33221|P8814|""12221422-n"""
47826,3515,set_statement,Done,,,Q33221,"Q33221|P5063|""i101241"""
47826,3516,set_statement,Done,,,Q110120647,"Q110120647|P8814|""12221848-n"""
47826,3517,set_statement,Done,,,Q110120647,"Q110120647|P5063|""i101243"""
47826,3518,set_statement,Done,,,Q163981,"Q163981|P8814|""12224046-n"""
47826,3519,set_statement,Done,,,Q163981,"Q163981|P5063|""i101253"""
47826,3520,set_statement,Done,,,Q1998501,"Q1998501|P8814|""12225621-n"""
47826,3521,set_statement,Done,,,Q1998501,"Q1998501|P5063|""i101262"""
47826,3522,set_statement,Done,,,Q50847755,"Q50847755|P8814|""12235727-n"""
47826,3523,set_statement,Done,,,Q50847755,"Q50847755|P5063|""i101276"""
47826,3524,set_statement,Done,,,Q1999614,"Q1999614|P8814|""12236341-n"""
47826,3525,set_statement,Done,,,Q1999614,"Q1999614|P5063|""i101279"""
47826,3526,set_statement,Done,,,Q2705988,"Q2705988|P8814|""12239385-n"""
47826,3527,set_statement,Done,,,Q2705988,"Q2705988|P5063|""i101294"""
47826,3528,set_statement,Done,,,Q16982618,"Q16982618|P8814|""12239582-n"""
47826,3529,set_statement,Done,,,Q16982618,"Q16982618|P5063|""i101295"""
47826,3530,set_statement,Done,,,Q311178,"Q311178|P8814|""12241885-n"""
47826,3531,set_statement,Done,,,Q311178,"Q311178|P5063|""i101307"""
47826,3532,set_statement,Done,,,Q12176904,"Q12176904|P8814|""12242039-n"""
47826,3533,set_statement,Done,,,Q12176904,"Q12176904|P5063|""i101308"""
47826,3534,set_statement,Done,,,Q7607619,"Q7607619|P8814|""12243677-n"""
47826,3535,set_statement,Done,,,Q7607619,"Q7607619|P5063|""i101316"""
47826,3536,set_statement,Done,,,Q7697821,"Q7697821|P8814|""12244086-n"""
47826,3537,set_statement,Done,,,Q7697821,"Q7697821|P5063|""i101318"""
47826,3538,set_statement,Done,,,Q8045461,"Q8045461|P8814|""12244657-n"""
47826,3539,set_statement,Done,,,Q8045461,"Q8045461|P5063|""i101321"""
47826,3540,set_statement,Done,,,Q1543735,"Q1543735|P8814|""12248904-n"""
47826,3541,set_statement,Done,,,Q1543735,"Q1543735|P5063|""i101339"""
47826,3542,set_statement,Done,,,Q15382993,"Q15382993|P8814|""12249628-n"""
47826,3543,set_statement,Done,,,Q15382993,"Q15382993|P5063|""i101343"""
47826,3544,set_statement,Done,,,Q15370045,"Q15370045|P8814|""12250168-n"""
47826,3545,set_statement,Done,,,Q15370045,"Q15370045|P5063|""i101346"""
47826,3546,set_statement,Done,,,Q329046,"Q329046|P8814|""12251311-n"""
47826,3547,set_statement,Done,,,Q329046,"Q329046|P5063|""i101351"""
47826,3548,set_statement,Done,,,Q208032,"Q208032|P8814|""12251875-n"""
47826,3549,set_statement,Done,,,Q208032,"Q208032|P5063|""i101354"""
47826,3550,set_statement,Done,,,Q4787650,"Q4787650|P8814|""12252631-n"""
47826,3551,set_statement,Done,,,Q4787650,"Q4787650|P5063|""i101357"""
47826,3552,set_statement,Done,,,Q4787702,"Q4787702|P8814|""12253020-n"""
47826,3553,set_statement,Done,,,Q4787702,"Q4787702|P5063|""i101359"""
47826,3554,set_statement,Done,,,Q593458,"Q593458|P8814|""12253368-n"""
47826,3555,set_statement,Done,,,Q593458,"Q593458|P5063|""i101361"""
47826,3556,set_statement,Done,,,Q26615,"Q26615|P8814|""12254046-n"""
47826,3557,set_statement,Done,,,Q26615,"Q26615|P5063|""i101365"""
47826,3558,set_statement,Done,,,Q4168143,"Q4168143|P8814|""12254515-n"""
47826,3559,set_statement,Done,,,Q4168143,"Q4168143|P5063|""i101367"""
47826,3560,set_statement,Done,,,Q1156577,"Q1156577|P8814|""12255186-n"""
47826,3561,set_statement,Done,,,Q1156577,"Q1156577|P5063|""i101371"""
47826,3562,set_statement,Done,,,Q4532195,"Q4532195|P8814|""12255568-n"""
47826,3563,set_statement,Done,,,Q4532195,"Q4532195|P5063|""i101373"""
47826,3564,set_statement,Done,,,Q5528871,"Q5528871|P8814|""12257285-n"""
47826,3565,set_statement,Done,,,Q5528871,"Q5528871|P5063|""i101380"""
47826,3566,set_statement,Done,,,Q5528874,"Q5528874|P8814|""12257494-n"""
47826,3567,set_statement,Done,,,Q5528874,"Q5528874|P5063|""i101381"""
47826,3568,set_statement,Done,,,Q5528872,"Q5528872|P8814|""12257669-n"""
47826,3569,set_statement,Done,,,Q5528872,"Q5528872|P5063|""i101382"""
47826,3570,set_statement,Done,,,Q1235131,"Q1235131|P8814|""12258158-n"""
47826,3571,set_statement,Done,,,Q1235131,"Q1235131|P5063|""i101385"""
47826,3572,set_statement,Done,,,Q3192236,"Q3192236|P8814|""12258590-n"""
47826,3573,set_statement,Done,,,Q3192236,"Q3192236|P5063|""i101387"""
47826,3574,set_statement,Done,,,Q21975996,"Q21975996|P8814|""12259430-n"""
47826,3575,set_statement,Done,,,Q21975996,"Q21975996|P5063|""i101391"""
47826,3576,set_statement,Done,,,Q32858428,"Q32858428|P8814|""12259757-n"""
47826,3577,set_statement,Done,,,Q32858428,"Q32858428|P5063|""i101393"""
47826,3578,set_statement,Done,,,Q6534431,"Q6534431|P8814|""12260397-n"""
47826,3579,set_statement,Done,,,Q6534431,"Q6534431|P5063|""i101396"""
47826,3580,set_statement,Done,,,Q15386933,"Q15386933|P8814|""12260667-n"""
47826,3581,set_statement,Done,,,Q15386933,"Q15386933|P5063|""i101397"""
47826,3582,set_statement,Done,,,Q17244999,"Q17244999|P8814|""12261482-n"""
47826,3583,set_statement,Done,,,Q17244999,"Q17244999|P5063|""i101401"""
47826,3584,set_statement,Done,,,Q15386778,"Q15386778|P8814|""12262640-n"""
47826,3585,set_statement,Done,,,Q15386778,"Q15386778|P5063|""i101406"""
47826,3586,set_statement,Done,,,Q2333372,"Q2333372|P8814|""12263976-n"""
47826,3587,set_statement,Done,,,Q2333372,"Q2333372|P5063|""i101413"""
47826,3588,set_statement,Done,,,Q15392729,"Q15392729|P8814|""12265336-n"""
47826,3589,set_statement,Done,,,Q15392729,"Q15392729|P5063|""i101419"""
47826,3590,set_statement,Done,,,Q113227308,"Q113227308|P8814|""12266554-n"""
47826,3591,set_statement,Done,,,Q113227308,"Q113227308|P5063|""i101425"""
47826,3592,set_statement,Done,,,Q41393482,"Q41393482|P8814|""12267458-n"""
47826,3593,set_statement,Done,,,Q41393482,"Q41393482|P5063|""i101429"""
47826,3594,set_statement,Done,,,Q41778446,"Q41778446|P8814|""12267719-n"""
47826,3595,set_statement,Done,,,Q41778446,"Q41778446|P5063|""i101430"""
47826,3596,set_statement,Done,,,Q468695,"Q468695|P8814|""12268181-n"""
47826,3597,set_statement,Done,,,Q468695,"Q468695|P5063|""i101432"""
47826,3598,set_statement,Done,,,Q7907968,"Q7907968|P8814|""12269458-n"""
47826,3599,set_statement,Done,,,Q7907968,"Q7907968|P5063|""i101438"""
47826,3600,set_statement,Done,,,Q7907969,"Q7907969|P8814|""12269639-n"""
47826,3601,set_statement,Done,,,Q7907969,"Q7907969|P5063|""i101439"""
47826,3602,set_statement,Done,,,Q5131966,"Q5131966|P8814|""12270697-n"""
47826,3603,set_statement,Done,,,Q5131966,"Q5131966|P5063|""i101444"""
47826,3604,set_statement,Done,,,Q7330383,"Q7330383|P8814|""12275184-n"""
47826,3605,set_statement,Done,,,Q7330383,"Q7330383|P5063|""i101466"""
47826,3606,set_statement,Done,,,Q17242869,"Q17242869|P8814|""12275742-n"""
47826,3607,set_statement,Done,,,Q17242869,"Q17242869|P5063|""i101469"""
47826,3608,set_statement,Done,,,Q16988962,"Q16988962|P8814|""12276842-n"""
47826,3609,set_statement,Done,,,Q16988962,"Q16988962|P5063|""i101474"""
47826,3610,set_statement,Done,,,Q950247,"Q950247|P8814|""12277039-n"""
47826,3611,set_statement,Done,,,Q950247,"Q950247|P5063|""i101475"""
47826,3612,set_statement,Done,,,Q15387050,"Q15387050|P8814|""12277225-n"""
47826,3613,set_statement,Done,,,Q15387050,"Q15387050|P5063|""i101476"""
47826,3614,set_statement,Done,,,Q158939,"Q158939|P8814|""12278242-n"""
47826,3615,set_statement,Done,,,Q158939,"Q158939|P5063|""i101481"""
47826,3616,set_statement,Done,,,Q15248961,"Q15248961|P8814|""12279833-n"""
47826,3617,set_statement,Done,,,Q15248961,"Q15248961|P5063|""i101488"""
47826,3618,set_statement,Done,,,Q63510,"Q63510|P8814|""12280305-n"""
47826,3619,set_statement,Done,,,Q63510,"Q63510|P5063|""i101490"""
47826,3620,set_statement,Done,,,Q111332760,"Q111332760|P8814|""12282535-n"""
47826,3621,set_statement,Done,,,Q111332760,"Q111332760|P5063|""i101499"""
47826,3622,set_statement,Done,,,Q468698,"Q468698|P8814|""12283555-n"""
47826,3623,set_statement,Done,,,Q468698,"Q468698|P5063|""i101504"""
47826,3624,set_statement,Done,,,Q699584,"Q699584|P8814|""12283927-n"""
47826,3625,set_statement,Done,,,Q699584,"Q699584|P5063|""i101506"""
47826,3626,set_statement,Done,,,Q717827,"Q717827|P8814|""12284105-n"""
47826,3627,set_statement,Done,,,Q717827,"Q717827|P5063|""i101507"""
47826,3628,set_statement,Done,,,Q3662068,"Q3662068|P8814|""12284255-n"""
47826,3629,set_statement,Done,,,Q3662068,"Q3662068|P5063|""i101508"""
47826,3630,set_statement,Done,,,Q15328842,"Q15328842|P8814|""12285600-n"""
47826,3631,set_statement,Done,,,Q15328842,"Q15328842|P5063|""i101514"""
47826,3632,set_statement,Done,,,Q147724,"Q147724|P8814|""12285911-n"""
47826,3633,set_statement,Done,,,Q147724,"Q147724|P5063|""i101516"""
47826,3634,set_statement,Done,,,Q1107183,"Q1107183|P8814|""12287161-n"""
47826,3635,set_statement,Done,,,Q1107183,"Q1107183|P5063|""i101522"""
47826,3636,set_statement,Done,,,Q1434315,"Q1434315|P8814|""12287501-n"""
47826,3637,set_statement,Done,,,Q1434315,"Q1434315|P5063|""i101524"""
47826,3638,set_statement,Done,,,Q41778148,"Q41778148|P8814|""12287782-n"""
47826,3639,set_statement,Done,,,Q41778148,"Q41778148|P5063|""i101526"""
47826,3640,set_statement,Done,,,Q2842474,"Q2842474|P8814|""12288051-n"""
47826,3641,set_statement,Done,,,Q2842474,"Q2842474|P5063|""i101528"""
47826,3642,set_statement,Done,,,Q142792,"Q142792|P8814|""12290977-n"""
47826,3643,set_statement,Done,,,Q142792,"Q142792|P5063|""i101541"""
47826,3644,set_statement,Done,,,Q241698,"Q241698|P8814|""12291968-n"""
47826,3645,set_statement,Done,,,Q241698,"Q241698|P5063|""i101545"""
47826,3646,set_statement,Done,,,Q1066116,"Q1066116|P8814|""12292450-n"""
47826,3647,set_statement,Done,,,Q1066116,"Q1066116|P5063|""i101547"""
47826,3648,set_statement,Done,,,Q2029492,"Q2029492|P8814|""12292756-n"""
47826,3649,set_statement,Done,,,Q2029492,"Q2029492|P5063|""i101548"""
47826,3650,set_statement,Done,,,Q1017264,"Q1017264|P8814|""12293252-n"""
47826,3651,set_statement,Done,,,Q1017264,"Q1017264|P5063|""i101551"""
47826,3652,set_statement,Done,,,Q528713,"Q528713|P8814|""12293400-n"""
47826,3653,set_statement,Done,,,Q528713,"Q528713|P5063|""i101552"""
47826,3654,set_statement,Done,,,Q2586757,"Q2586757|P8814|""12294032-n"""
47826,3655,set_statement,Done,,,Q2586757,"Q2586757|P5063|""i101555"""
47826,3656,set_statement,Done,,,Q1082365,"Q1082365|P8814|""12294875-n"""
47826,3657,set_statement,Done,,,Q1082365,"Q1082365|P5063|""i101559"""
47826,3658,set_statement,Done,,,Q1460497,"Q1460497|P8814|""12295648-n"""
47826,3659,set_statement,Done,,,Q1460497,"Q1460497|P5063|""i101562"""
47826,3660,set_statement,Done,,,Q1367359,"Q1367359|P8814|""12295834-n"""
47826,3661,set_statement,Done,,,Q1367359,"Q1367359|P5063|""i101563"""
47826,3662,set_statement,Done,,,Q2611816,"Q2611816|P8814|""12296192-n"""
47826,3663,set_statement,Done,,,Q2611816,"Q2611816|P5063|""i101565"""
47826,3664,set_statement,Done,,,Q165145,"Q165145|P8814|""12298095-n"""
47826,3665,set_statement,Done,,,Q165145,"Q165145|P5063|""i101574"""
47826,3666,set_statement,Done,,,Q147525,"Q147525|P8814|""12298317-n"""
47826,3667,set_statement,Done,,,Q147525,"Q147525|P5063|""i101575"""
47826,3668,set_statement,Done,,,Q7271351,"Q7271351|P8814|""12299382-n"""
47826,3669,set_statement,Done,,,Q7271351,"Q7271351|P5063|""i101579"""
47826,3670,set_statement,Done,,,Q192608,"Q192608|P8814|""12299810-n"""
47826,3671,set_statement,Done,,,Q192608,"Q192608|P5063|""i101581"""
47826,3672,set_statement,Done,,,Q156895,"Q156895|P8814|""12303044-n"""
47826,3673,set_statement,Done,,,Q156895,"Q156895|P5063|""i101593"""
47826,3674,set_statement,Done,,,Q157624,"Q157624|P8814|""12303254-n"""
47826,3675,set_statement,Done,,,Q157624,"Q157624|P5063|""i101594"""
47826,3676,set_statement,Done,,,Q227763,"Q227763|P8814|""12303664-n"""
47826,3677,set_statement,Done,,,Q227763,"Q227763|P5063|""i101596"""
47826,3678,set_statement,Done,,,Q50829138,"Q50829138|P8814|""12304059-n"""
47826,3679,set_statement,Done,,,Q50829138,"Q50829138|P5063|""i101598"""
47826,3680,set_statement,Done,,,Q218417,"Q218417|P8814|""12304307-n"""
47826,3681,set_statement,Done,,,Q218417,"Q218417|P5063|""i101599"""
47826,3682,set_statement,Done,,,Q157641,"Q157641|P8814|""12305566-n"""
47826,3683,set_statement,Done,,,Q157641,"Q157641|P5063|""i101604"""
47826,3684,set_statement,Done,,,Q2589489,"Q2589489|P8814|""12305712-n"""
47826,3685,set_statement,Done,,,Q2589489,"Q2589489|P5063|""i101605"""
47826,3686,set_statement,Done,,,Q1818806,"Q1818806|P8814|""12306029-n"""
47826,3687,set_statement,Done,,,Q1818806,"Q1818806|P5063|""i101607"""
47826,3688,set_statement,Done,,,Q87593614,"Q87593614|P8814|""12306222-n"""
47826,3689,set_statement,Done,,,Q87593614,"Q87593614|P5063|""i101608"""
47826,3690,set_statement,Done,,,Q10513908,"Q10513908|P8814|""12306714-n"""
47826,3691,set_statement,Done,,,Q10513908,"Q10513908|P5063|""i101611"""
47826,3692,set_statement,Done,,,Q158776,"Q158776|P8814|""12307505-n"""
47826,3693,set_statement,Done,,,Q158776,"Q158776|P5063|""i101615"""
47826,3694,set_statement,Done,,,Q468664,"Q468664|P8814|""12307712-n"""
47826,3695,set_statement,Done,,,Q468664,"Q468664|P5063|""i101616"""
47826,3696,set_statement,Done,,,Q1367533,"Q1367533|P8814|""12308353-n"""
47826,3697,set_statement,Done,,,Q1367533,"Q1367533|P5063|""i101619"""
47826,3698,set_statement,Done,,,Q1489573,"Q1489573|P8814|""12308522-n"""
47826,3699,set_statement,Done,,,Q1489573,"Q1489573|P5063|""i101620"""
47826,3700,set_statement,Done,,,Q124969,"Q124969|P8814|""12309950-n"""
47826,3701,set_statement,Done,,,Q124969,"Q124969|P5063|""i101627"""
47826,3702,set_statement,Done,,,Q972950,"Q972950|P8814|""12310102-n"""
47826,3703,set_statement,Done,,,Q972950,"Q972950|P5063|""i101628"""
47826,3704,set_statement,Done,,,Q111802984,"Q111802984|P8814|""12311660-n"""
47826,3705,set_statement,Done,,,Q111802984,"Q111802984|P5063|""i101634"""
47826,3706,set_statement,Done,,,Q11985047,"Q11985047|P8814|""12311809-n"""
47826,3707,set_statement,Done,,,Q11985047,"Q11985047|P5063|""i101635"""
47826,3708,set_statement,Done,,,Q15708981,"Q15708981|P8814|""12312476-n"""
47826,3709,set_statement,Done,,,Q15708981,"Q15708981|P5063|""i101640"""
47826,3710,set_statement,Done,,,Q3025675,"Q3025675|P8814|""12313697-n"""
47826,3711,set_statement,Done,,,Q3025675,"Q3025675|P5063|""i101645"""
47826,3712,set_statement,Done,,,Q3007193,"Q3007193|P8814|""12315059-n"""
47826,3713,set_statement,Done,,,Q3007193,"Q3007193|P5063|""i101650"""
47826,3714,set_statement,Done,,,Q158572,"Q158572|P8814|""12315388-n"""
47826,3715,set_statement,Done,,,Q158572,"Q158572|P5063|""i101652"""
47826,3716,set_statement,Done,,,Q5533625,"Q5533625|P8814|""12315754-n"""
47826,3717,set_statement,Done,,,Q5533625,"Q5533625|P5063|""i101654"""
47826,3718,set_statement,Done,,,Q5533636,"Q5533636|P8814|""12316313-n"""
47826,3719,set_statement,Done,,,Q5533636,"Q5533636|P5063|""i101657"""
47826,3720,set_statement,Done,,,Q3022946,"Q3022946|P8814|""12317252-n"""
47826,3721,set_statement,Done,,,Q3022946,"Q3022946|P5063|""i101661"""
47826,3722,set_statement,Done,,,Q15566628,"Q15566628|P8814|""12317446-n"""
47826,3723,set_statement,Done,,,Q15566628,"Q15566628|P5063|""i101662"""
47826,3724,set_statement,Done,,,Q110918102,"Q110918102|P8814|""12317627-n"""
47826,3725,set_statement,Done,,,Q110918102,"Q110918102|P5063|""i101663"""
47826,3726,set_statement,Done,,,Q15566388,"Q15566388|P8814|""12317797-n"""
47826,3727,set_statement,Done,,,Q15566388,"Q15566388|P5063|""i101664"""
47826,3728,set_statement,Done,,,Q143525,"Q143525|P8814|""12320157-n"""
47826,3729,set_statement,Done,,,Q143525,"Q143525|P5063|""i101676"""
47826,3730,set_statement,Done,,,Q37083,"Q37083|P8814|""12321697-n"""
47826,3731,set_statement,Done,,,Q37083,"Q37083|P5063|""i101682"""
47826,3732,set_statement,Done,,,Q50846874,"Q50846874|P8814|""12322130-n"""
47826,3733,set_statement,Done,,,Q50846874,"Q50846874|P5063|""i101684"""
47826,3734,set_statement,Done,,,Q111538596,"Q111538596|P8814|""12322283-n"""
47826,3735,set_statement,Done,,,Q111538596,"Q111538596|P5063|""i101685"""
47826,3736,set_statement,Done,,,Q140341,"Q140341|P8814|""12322765-n"""
47826,3737,set_statement,Done,,,Q140341,"Q140341|P5063|""i101688"""
47826,3738,set_statement,Done,,,Q4117757,"Q4117757|P8814|""12324803-n"""
47826,3739,set_statement,Done,,,Q4117757,"Q4117757|P5063|""i101698"""
47826,3740,set_statement,Done,,,Q12242019,"Q12242019|P8814|""12324937-n"""
47826,3741,set_statement,Done,,,Q12242019,"Q12242019|P5063|""i101699"""
47826,3742,set_statement,Done,,,Q28814749,"Q28814749|P8814|""12325089-n"""
47826,3743,set_statement,Done,,,Q28814749,"Q28814749|P5063|""i101700"""
47826,3744,set_statement,Done,,,Q50841607,"Q50841607|P8814|""12325416-n"""
47826,3745,set_statement,Done,,,Q50841607,"Q50841607|P5063|""i101702"""
47826,3746,set_statement,Done,,,Q1790101,"Q1790101|P8814|""12325606-n"""
47826,3747,set_statement,Done,,,Q1790101,"Q1790101|P5063|""i101703"""
47826,3748,set_statement,Done,,,Q161421,"Q161421|P8814|""12325810-n"""
47826,3749,set_statement,Done,,,Q161421,"Q161421|P5063|""i101704"""
47826,3750,set_statement,Done,,,Q161164,"Q161164|P8814|""12325992-n"""
47826,3751,set_statement,Done,,,Q161164,"Q161164|P5063|""i101705"""
47826,3752,set_statement,Done,,,Q882296,"Q882296|P8814|""12326336-n"""
47826,3753,set_statement,Done,,,Q882296,"Q882296|P5063|""i101707"""
47826,3754,set_statement,Done,,,Q12242024,"Q12242024|P8814|""12326606-n"""
47826,3755,set_statement,Done,,,Q12242024,"Q12242024|P5063|""i101709"""
47826,3756,set_statement,Done,,,Q258068,"Q258068|P8814|""12326787-n"""
47826,3757,set_statement,Done,,,Q258068,"Q258068|P5063|""i101710"""
47826,3758,set_statement,Done,,,Q1024036,"Q1024036|P8814|""12327455-n"""
47826,3759,set_statement,Done,,,Q1024036,"Q1024036|P5063|""i101714"""
47826,3760,set_statement,Done,,,Q515610,"Q515610|P8814|""12327757-n"""
47826,3761,set_statement,Done,,,Q515610,"Q515610|P5063|""i101716"""
47826,3762,set_statement,Done,,,Q1356614,"Q1356614|P8814|""12327972-n"""
47826,3763,set_statement,Done,,,Q1356614,"Q1356614|P5063|""i101717"""
47826,3764,set_statement,Done,,,Q17713043,"Q17713043|P8814|""12328629-n"""
47826,3765,set_statement,Done,,,Q17713043,"Q17713043|P5063|""i101720"""
47826,3766,set_statement,Done,,,Q1209219,"Q1209219|P8814|""12328964-n"""
47826,3767,set_statement,Done,,,Q1209219,"Q1209219|P5063|""i101722"""
47826,3768,set_statement,Done,,,Q732933,"Q732933|P8814|""12329181-n"""
47826,3769,set_statement,Done,,,Q732933,"Q732933|P5063|""i101723"""
47826,3770,set_statement,Done,,,Q1069783,"Q1069783|P8814|""12329424-n"""
47826,3771,set_statement,Done,,,Q1069783,"Q1069783|P5063|""i101724"""
47826,3772,set_statement,Done,,,Q1938923,"Q1938923|P8814|""12329569-n"""
47826,3773,set_statement,Done,,,Q1938923,"Q1938923|P5063|""i101725"""
47826,3774,set_statement,Done,,,Q159135,"Q159135|P8814|""12331357-n"""
47826,3775,set_statement,Done,,,Q159135,"Q159135|P5063|""i101734"""
47826,3776,set_statement,Done,,,Q913129,"Q913129|P8814|""12335577-n"""
47826,3777,set_statement,Done,,,Q913129,"Q913129|P5063|""i101753"""
47826,3778,set_statement,Done,,,Q1151064,"Q1151064|P8814|""12335762-n"""
47826,3779,set_statement,Done,,,Q1151064,"Q1151064|P5063|""i101754"""
47826,3780,set_statement,Done,,,Q890824,"Q890824|P8814|""12339299-n"""
47826,3781,set_statement,Done,,,Q890824,"Q890824|P5063|""i101773"""
47826,3782,set_statement,Done,,,Q5047664,"Q5047664|P8814|""12340931-n"""
47826,3783,set_statement,Done,,,Q5047664,"Q5047664|P5063|""i101780"""
47826,3784,set_statement,Done,,,Q1406355,"Q1406355|P8814|""12341144-n"""
47826,3785,set_statement,Done,,,Q1406355,"Q1406355|P5063|""i101781"""
47826,3786,set_statement,Done,,,Q2601238,"Q2601238|P8814|""12342390-n"""
47826,3787,set_statement,Done,,,Q2601238,"Q2601238|P5063|""i101787"""
47826,3788,set_statement,Done,,,Q121749,"Q121749|P8814|""12343216-n"""
47826,3789,set_statement,Done,,,Q121749,"Q121749|P5063|""i101791"""
47826,3790,set_statement,Done,,,Q10862678,"Q10862678|P8814|""12344739-n"""
47826,3791,set_statement,Done,,,Q10862678,"Q10862678|P5063|""i101797"""
47826,3792,set_statement,Done,,,Q1760533,"Q1760533|P8814|""12345751-n"""
47826,3793,set_statement,Done,,,Q1760533,"Q1760533|P5063|""i101803"""
47826,3794,set_statement,Done,,,Q10801011,"Q10801011|P8814|""12346550-n"""
47826,3795,set_statement,Done,,,Q10801011,"Q10801011|P5063|""i101807"""
47826,3796,set_statement,Done,,,Q159617,"Q159617|P8814|""12349318-n"""
47826,3797,set_statement,Done,,,Q159617,"Q159617|P5063|""i101822"""
47826,3798,set_statement,Done,,,Q50851106,"Q50851106|P8814|""12351408-n"""
47826,3799,set_statement,Done,,,Q50851106,"Q50851106|P5063|""i101833"""
47826,3800,set_statement,Done,,,Q50851095,"Q50851095|P8814|""12351780-n"""
47826,3801,set_statement,Done,,,Q50851095,"Q50851095|P5063|""i101835"""
47826,3802,set_statement,Done,,,Q110514778,"Q110514778|P8814|""12352305-n"""
47826,3803,set_statement,Done,,,Q110514778,"Q110514778|P5063|""i101838"""
47826,3804,set_statement,Done,,,Q306504,"Q306504|P8814|""12352547-n"""
47826,3805,set_statement,Done,,,Q306504,"Q306504|P5063|""i101839"""
47826,3806,set_statement,Done,,,Q50844164,"Q50844164|P8814|""12353570-n"""
47826,3807,set_statement,Done,,,Q50844164,"Q50844164|P5063|""i101845"""
47826,3808,set_statement,Done,,,Q166843,"Q166843|P8814|""12354047-n"""
47826,3809,set_statement,Done,,,Q166843,"Q166843|P5063|""i101847"""
47826,3810,set_statement,Done,,,Q6090472,"Q6090472|P8814|""12354670-n"""
47826,3811,set_statement,Done,,,Q6090472,"Q6090472|P5063|""i101850"""
47826,3812,set_statement,Done,,,Q7071273,"Q7071273|P8814|""12361098-n"""
47826,3813,set_statement,Done,,,Q7071273,"Q7071273|P5063|""i101886"""
47826,3814,set_statement,Done,,,Q159427,"Q159427|P8814|""12362312-n"""
47826,3815,set_statement,Done,,,Q159427,"Q159427|P5063|""i101892"""
47826,3816,set_statement,Done,,,Q163955,"Q163955|P8814|""12362448-n"""
47826,3817,set_statement,Done,,,Q163955,"Q163955|P5063|""i101893"""
47826,3818,set_statement,Done,,,Q87592509,"Q87592509|P8814|""12363369-n"""
47826,3819,set_statement,Done,,,Q87592509,"Q87592509|P5063|""i101897"""
47826,3820,set_statement,Done,,,Q15332540,"Q15332540|P8814|""12364270-n"""
47826,3821,set_statement,Done,,,Q15332540,"Q15332540|P5063|""i101901"""
47826,3822,set_statement,Done,,,Q13188,"Q13188|P8814|""12365797-n"""
47826,3823,set_statement,Done,,,Q13188,"Q13188|P5063|""i101910"""
47826,3824,set_statement,Done,,,Q161418,"Q161418|P8814|""12367503-n"""
47826,3825,set_statement,Done,,,Q161418,"Q161418|P5063|""i101918"""
47826,3826,set_statement,Done,,,Q722767,"Q722767|P8814|""12369832-n"""
47826,3827,set_statement,Done,,,Q722767,"Q722767|P5063|""i101930"""
47826,3828,set_statement,Done,,,Q132970,"Q132970|P8814|""12373156-n"""
47826,3829,set_statement,Done,,,Q132970,"Q132970|P5063|""i101948"""
47826,3830,set_statement,Done,,,Q33331,"Q33331|P8814|""12373361-n"""
47826,3831,set_statement,Done,,,Q33331,"Q33331|P5063|""i101949"""
47826,3832,set_statement,Done,,,Q148904,"Q148904|P8814|""12375136-n"""
47826,3833,set_statement,Done,,,Q148904,"Q148904|P5063|""i101957"""
47826,3834,set_statement,Done,,,Q402971,"Q402971|P8814|""12377477-n"""
47826,3835,set_statement,Done,,,Q402971,"Q402971|P5063|""i101967"""
47826,3836,set_statement,Done,,,Q33466,"Q33466|P8814|""12378810-n"""
47826,3837,set_statement,Done,,,Q33466,"Q33466|P5063|""i101974"""
47826,3838,set_statement,Done,,,Q125176497,"Q125176497|P8814|""12382791-n"""
47826,3839,set_statement,Done,,,Q125176497,"Q125176497|P5063|""i101990"""
47826,3840,set_statement,Done,,,Q4880578,"Q4880578|P8814|""12383031-n"""
47826,3841,set_statement,Done,,,Q4880578,"Q4880578|P5063|""i101991"""
47826,3842,set_statement,Done,,,Q15387468,"Q15387468|P8814|""12385675-n"""
47826,3843,set_statement,Done,,,Q15387468,"Q15387468|P5063|""i102003"""
47826,3844,set_statement,Done,,,Q311471,"Q311471|P8814|""12385979-n"""
47826,3845,set_statement,Done,,,Q311471,"Q311471|P5063|""i102005"""
47826,3846,set_statement,Done,,,Q20983176,"Q20983176|P8814|""12386570-n"""
47826,3847,set_statement,Done,,,Q20983176,"Q20983176|P5063|""i102008"""
47826,3848,set_statement,Done,,,Q15353528,"Q15353528|P8814|""12386703-n"""
47826,3849,set_statement,Done,,,Q15353528,"Q15353528|P5063|""i102009"""
47826,3850,set_statement,Done,,,Q159330,"Q159330|P8814|""12388968-n"""
47826,3851,set_statement,Done,,,Q159330,"Q159330|P5063|""i102019"""
47826,3852,set_statement,Done,,,Q5958086,"Q5958086|P8814|""12389154-n"""
47826,3853,set_statement,Done,,,Q5958086,"Q5958086|P5063|""i102020"""
47826,3854,set_statement,Done,,,Q17812225,"Q17812225|P8814|""12389583-n"""
47826,3855,set_statement,Done,,,Q17812225,"Q17812225|P5063|""i102022"""
47826,3856,set_statement,Done,,,Q158289,"Q158289|P8814|""12389826-n"""
47826,3857,set_statement,Done,,,Q158289,"Q158289|P5063|""i102023"""
47826,3858,set_statement,Done,,,Q2001737,"Q2001737|P8814|""12391066-n"""
47826,3859,set_statement,Done,,,Q2001737,"Q2001737|P5063|""i102030"""
47826,3860,set_statement,Done,,,Q15342368,"Q15342368|P8814|""12396286-n"""
47826,3861,set_statement,Done,,,Q15342368,"Q15342368|P5063|""i102054"""
47826,3862,set_statement,Done,,,Q16983350,"Q16983350|P8814|""12397070-n"""
47826,3863,set_statement,Done,,,Q16983350,"Q16983350|P5063|""i102058"""
47826,3864,set_statement,Done,,,Q5479075,"Q5479075|P8814|""12398011-n"""
47826,3865,set_statement,Done,,,Q5479075,"Q5479075|P5063|""i102063"""
47826,3866,set_statement,Done,,,Q621082,"Q621082|P8814|""12398766-n"""
47826,3867,set_statement,Done,,,Q621082,"Q621082|P5063|""i102067"""
47826,3868,set_statement,Done,,,Q5693433,"Q5693433|P8814|""12400048-n"""
47826,3869,set_statement,Done,,,Q5693433,"Q5693433|P5063|""i102072"""
47826,3870,set_statement,Done,,,Q6405945,"Q6405945|P8814|""12401278-n"""
47826,3871,set_statement,Done,,,Q6405945,"Q6405945|P5063|""i102078"""
47826,3872,set_statement,Done,,,Q138966,"Q138966|P8814|""12402448-n"""
47826,3873,set_statement,Done,,,Q138966,"Q138966|P5063|""i102084"""
47826,3874,set_statement,Done,,,Q568648,"Q568648|P8814|""12403392-n"""
47826,3875,set_statement,Done,,,Q568648,"Q568648|P5063|""i102088"""
47826,3876,set_statement,Done,,,Q156790,"Q156790|P8814|""12404254-n"""
47826,3877,set_statement,Done,,,Q156790,"Q156790|P5063|""i102092"""
47826,3878,set_statement,Done,,,Q159105,"Q159105|P8814|""12404554-n"""
47826,3879,set_statement,Done,,,Q159105,"Q159105|P5063|""i102094"""
47826,3880,set_statement,Done,,,Q164659,"Q164659|P8814|""12404892-n"""
47826,3881,set_statement,Done,,,Q164659,"Q164659|P5063|""i102096"""
47826,3882,set_statement,Done,,,Q15093181,"Q15093181|P8814|""12405086-n"""
47826,3883,set_statement,Done,,,Q15093181,"Q15093181|P5063|""i102097"""
47826,3884,set_statement,Done,,,Q162609,"Q162609|P8814|""12407462-n"""
47826,3885,set_statement,Done,,,Q162609,"Q162609|P5063|""i102109"""
47826,3886,set_statement,Done,,,Q341680,"Q341680|P8814|""12408660-n"""
47826,3887,set_statement,Done,,,Q341680,"Q341680|P5063|""i102115"""
47826,3888,set_statement,Done,,,Q15387636,"Q15387636|P8814|""12408810-n"""
47826,3889,set_statement,Done,,,Q15387636,"Q15387636|P5063|""i102116"""
47826,3890,set_statement,Done,,,Q1709370,"Q1709370|P8814|""12408961-n"""
47826,3891,set_statement,Done,,,Q1709370,"Q1709370|P5063|""i102117"""
47826,3892,set_statement,Done,,,Q3024523,"Q3024523|P8814|""12409169-n"""
47826,3893,set_statement,Done,,,Q3024523,"Q3024523|P5063|""i102118"""
47826,3894,set_statement,Done,,,Q108684,"Q108684|P8814|""12409834-n"""
47826,3895,set_statement,Done,,,Q108684,"Q108684|P5063|""i102122"""
47826,3896,set_statement,Done,,,Q3283803,"Q3283803|P8814|""12410244-n"""
47826,3897,set_statement,Done,,,Q3283803,"Q3283803|P5063|""i102124"""
47826,3898,set_statement,Done,,,Q190326,"Q190326|P8814|""12411198-n"""
47826,3899,set_statement,Done,,,Q190326,"Q190326|P5063|""i102129"""
47826,3900,set_statement,Done,,,Q155909,"Q155909|P8814|""12413066-n"""
47826,3901,set_statement,Done,,,Q155909,"Q155909|P5063|""i102137"""
47826,3902,set_statement,Done,,,Q3388414,"Q3388414|P8814|""12415980-n"""
47826,3903,set_statement,Done,,,Q3388414,"Q3388414|P5063|""i102152"""
47826,3904,set_statement,Done,,,Q15610979,"Q15610979|P8814|""12416423-n"""
47826,3905,set_statement,Done,,,Q15610979,"Q15610979|P5063|""i102154"""
47826,3906,set_statement,Done,,,Q16988147,"Q16988147|P8814|""12416608-n"""
47826,3907,set_statement,Done,,,Q16988147,"Q16988147|P5063|""i102155"""
47826,3908,set_statement,Done,,,Q157307,"Q157307|P8814|""12419889-n"""
47826,3909,set_statement,Done,,,Q157307,"Q157307|P5063|""i102169"""
47826,3910,set_statement,Done,,,Q1520764,"Q1520764|P8814|""12420161-n"""
47826,3911,set_statement,Done,,,Q1520764,"Q1520764|P5063|""i102171"""
47826,3912,set_statement,Done,,,Q1066106,"Q1066106|P8814|""12420404-n"""
47826,3913,set_statement,Done,,,Q1066106,"Q1066106|P5063|""i102173"""
47826,3914,set_statement,Done,,,Q36146,"Q36146|P8814|""12422189-n"""
47826,3915,set_statement,Done,,,Q36146,"Q36146|P5063|""i102180"""
47826,3916,set_statement,Done,,,Q2561277,"Q2561277|P8814|""12422556-n"""
47826,3917,set_statement,Done,,,Q2561277,"Q2561277|P5063|""i102182"""
47826,3918,set_statement,Done,,,Q160576,"Q160576|P8814|""12423345-n"""
47826,3919,set_statement,Done,,,Q160576,"Q160576|P5063|""i102185"""
47826,3920,set_statement,Done,,,Q389185,"Q389185|P8814|""12424499-n"""
47826,3921,set_statement,Done,,,Q389185,"Q389185|P5063|""i102190"""
47826,3922,set_statement,Done,,,Q3547946,"Q3547946|P8814|""12427220-n"""
47826,3923,set_statement,Done,,,Q3547946,"Q3547946|P5063|""i102200"""
47826,3924,set_statement,Done,,,Q147492,"Q147492|P8814|""12428050-n"""
47826,3925,set_statement,Done,,,Q147492,"Q147492|P5063|""i102205"""
47826,3926,set_statement,Done,,,Q1074099,"Q1074099|P8814|""12428220-n"""
47826,3927,set_statement,Done,,,Q1074099,"Q1074099|P5063|""i102206"""
47826,3928,set_statement,Done,,,Q1342743,"Q1342743|P8814|""12428395-n"""
47826,3929,set_statement,Done,,,Q1342743,"Q1342743|P5063|""i102207"""
47826,3930,set_statement,Done,,,Q18913016,"Q18913016|P8814|""12428971-n"""
47826,3931,set_statement,Done,,,Q18913016,"Q18913016|P5063|""i102210"""
47826,3932,set_statement,Done,,,Q470006,"Q470006|P8814|""12430156-n"""
47826,3933,set_statement,Done,,,Q470006,"Q470006|P5063|""i102216"""
47826,3934,set_statement,Done,,,Q15570314,"Q15570314|P8814|""12433806-n"""
47826,3935,set_statement,Done,,,Q15570314,"Q15570314|P5063|""i102231"""
47826,3936,set_statement,Done,,,Q161734,"Q161734|P8814|""12434385-n"""
47826,3937,set_statement,Done,,,Q161734,"Q161734|P5063|""i102234"""
47826,3938,set_statement,Done,,,Q50842570,"Q50842570|P8814|""12434540-n"""
47826,3939,set_statement,Done,,,Q50842570,"Q50842570|P5063|""i102235"""
47826,3940,set_statement,Done,,,Q110971181,"Q110971181|P8814|""12434664-n"""
47826,3941,set_statement,Done,,,Q110971181,"Q110971181|P5063|""i102236"""
47826,3942,set_statement,Done,,,Q15296233,"Q15296233|P8814|""12434954-n"""
47826,3943,set_statement,Done,,,Q15296233,"Q15296233|P5063|""i102238"""
47826,3944,set_statement,Done,,,Q15572483,"Q15572483|P8814|""12435323-n"""
47826,3945,set_statement,Done,,,Q15572483,"Q15572483|P5063|""i102240"""
47826,3946,set_statement,Done,,,Q50842901,"Q50842901|P8814|""12435906-n"""
47826,3947,set_statement,Done,,,Q50842901,"Q50842901|P5063|""i102244"""
47826,3948,set_statement,Done,,,Q10957184,"Q10957184|P8814|""12436578-n"""
47826,3949,set_statement,Done,,,Q10957184,"Q10957184|P5063|""i102248"""
47826,3950,set_statement,Done,,,Q15041677,"Q15041677|P8814|""12437208-n"""
47826,3951,set_statement,Done,,,Q15041677,"Q15041677|P5063|""i102251"""
47826,3952,set_statement,Done,,,Q954256,"Q954256|P8814|""12439012-n"""
47826,3953,set_statement,Done,,,Q954256,"Q954256|P5063|""i102261"""
47826,3954,set_statement,Done,,,Q5651380,"Q5651380|P8814|""12440629-n"""
47826,3955,set_statement,Done,,,Q5651380,"Q5651380|P5063|""i102268"""
47826,3956,set_statement,Done,,,Q5638197,"Q5638197|P8814|""12441227-n"""
47826,3957,set_statement,Done,,,Q5638197,"Q5638197|P5063|""i102271"""
47826,3958,set_statement,Done,,,Q10657527,"Q10657527|P8814|""12441642-n"""
47826,3959,set_statement,Done,,,Q10657527,"Q10657527|P5063|""i102273"""
47826,3960,set_statement,Done,,,Q161450,"Q161450|P8814|""12442735-n"""
47826,3961,set_statement,Done,,,Q161450,"Q161450|P5063|""i102279"""
47826,3962,set_statement,Done,,,Q5961537,"Q5961537|P8814|""12443949-n"""
47826,3963,set_statement,Done,,,Q5961537,"Q5961537|P5063|""i102285"""
47826,3964,set_statement,Done,,,Q1723444,"Q1723444|P8814|""12447254-n"""
47826,3965,set_statement,Done,,,Q1723444,"Q1723444|P5063|""i102291"""
47826,3966,set_statement,Done,,,Q159811,"Q159811|P8814|""12447483-n"""
47826,3967,set_statement,Done,,,Q159811,"Q159811|P5063|""i102292"""
47826,3968,set_statement,Done,,,Q141828,"Q141828|P8814|""12447896-n"""
47826,3969,set_statement,Done,,,Q141828,"Q141828|P5063|""i102294"""
47826,3970,set_statement,Done,,,Q266317,"Q266317|P8814|""12448071-n"""
47826,3971,set_statement,Done,,,Q266317,"Q266317|P5063|""i102295"""
47826,3972,set_statement,Done,,,Q141803,"Q141803|P8814|""12448747-n"""
47826,3973,set_statement,Done,,,Q141803,"Q141803|P5063|""i102299"""
47826,3974,set_statement,Done,,,Q136882,"Q136882|P8814|""12449252-n"""
47826,3975,set_statement,Done,,,Q136882,"Q136882|P5063|""i102302"""
47826,3976,set_statement,Done,,,Q2832875,"Q2832875|P8814|""12450976-n"""
47826,3977,set_statement,Done,,,Q2832875,"Q2832875|P5063|""i102310"""
47826,3978,set_statement,Done,,,Q2832866,"Q2832866|P8814|""12451180-n"""
47826,3979,set_statement,Done,,,Q2832866,"Q2832866|P5063|""i102311"""
47826,3980,set_statement,Done,,,Q582461,"Q582461|P8814|""12453079-n"""
47826,3981,set_statement,Done,,,Q582461,"Q582461|P5063|""i102318"""
47826,3982,set_statement,Done,,,Q4732908,"Q4732908|P8814|""12454611-n"""
47826,3983,set_statement,Done,,,Q4732908,"Q4732908|P5063|""i102327"""
47826,3984,set_statement,Done,,,Q23400,"Q23400|P8814|""12455280-n"""
47826,3985,set_statement,Done,,,Q23400,"Q23400|P5063|""i102331"""
47826,3986,set_statement,Done,,,Q161099,"Q161099|P8814|""12455490-n"""
47826,3987,set_statement,Done,,,Q161099,"Q161099|P5063|""i102332"""
47826,3988,set_statement,Done,,,Q51148,"Q51148|P8814|""12455657-n"""
47826,3989,set_statement,Done,,,Q51148,"Q51148|P5063|""i102333"""
47826,3990,set_statement,Done,,,Q161230,"Q161230|P8814|""12455991-n"""
47826,3991,set_statement,Done,,,Q161230,"Q161230|P5063|""i102335"""
47826,3992,set_statement,Done,,,Q42285,"Q42285|P8814|""12456282-n"""
47826,3993,set_statement,Done,,,Q42285,"Q42285|P5063|""i102337"""
47826,3994,set_statement,Done,,,Q32857774,"Q32857774|P8814|""12456470-n"""
47826,3995,set_statement,Done,,,Q32857774,"Q32857774|P5063|""i102338"""
47826,3996,set_statement,Done,,,Q80079,"Q80079|P8814|""12457552-n"""
47826,3997,set_statement,Done,,,Q80079,"Q80079|P5063|""i102344"""
47826,3998,set_statement,Done,,,Q1337550,"Q1337550|P8814|""12458435-n"""
47826,3999,set_statement,Done,,,Q1337550,"Q1337550|P5063|""i102348"""
47826,4000,set_statement,Done,,,Q50826199,"Q50826199|P8814|""12460335-n"""
47826,4001,set_statement,Done,,,Q50826199,"Q50826199|P5063|""i102357"""
47826,4002,set_statement,Done,,,Q15502650,"Q15502650|P8814|""12464241-n"""
47826,4003,set_statement,Done,,,Q15502650,"Q15502650|P5063|""i102374"""
47826,4004,set_statement,Done,,,Q2907031,"Q2907031|P8814|""12464995-n"""
47826,4005,set_statement,Done,,,Q2907031,"Q2907031|P5063|""i102378"""
47826,4006,set_statement,Done,,,Q140288,"Q140288|P8814|""12465403-n"""
47826,4007,set_statement,Done,,,Q140288,"Q140288|P5063|""i102380"""
47826,4008,set_statement,Done,,,Q4972993,"Q4972993|P8814|""12466133-n"""
47826,4009,set_statement,Done,,,Q4972993,"Q4972993|P5063|""i102383"""
47826,4010,set_statement,Done,,,Q5023089,"Q5023089|P8814|""12467851-n"""
47826,4011,set_statement,Done,,,Q5023089,"Q5023089|P5063|""i102390"""
47826,4012,set_statement,Done,,,Q5023098,"Q5023098|P8814|""12468086-n"""
47826,4013,set_statement,Done,,,Q5023098,"Q5023098|P5063|""i102391"""
47826,4014,set_statement,Done,,,Q2934341,"Q2934341|P8814|""12468396-n"""
47826,4015,set_statement,Done,,,Q2934341,"Q2934341|P5063|""i102392"""
47826,4016,set_statement,Done,,,Q4992158,"Q4992158|P8814|""12470031-n"""
47826,4017,set_statement,Done,,,Q4992158,"Q4992158|P5063|""i102398"""
47826,4018,set_statement,Done,,,Q6594876,"Q6594876|P8814|""12470289-n"""
47826,4019,set_statement,Done,,,Q6594876,"Q6594876|P5063|""i102399"""
47826,4020,set_statement,Done,,,Q5025007,"Q5025007|P8814|""12470439-n"""
47826,4021,set_statement,Done,,,Q5025007,"Q5025007|P5063|""i102400"""
47826,4022,set_statement,Done,,,Q159580,"Q159580|P8814|""12471345-n"""
47826,4023,set_statement,Done,,,Q159580,"Q159580|P5063|""i102404"""
47826,4024,set_statement,Done,,,Q159285,"Q159285|P8814|""12471575-n"""
47826,4025,set_statement,Done,,,Q159285,"Q159285|P5063|""i102405"""
47826,4026,set_statement,Done,,,Q111514799,"Q111514799|P8814|""12472761-n"""
47826,4027,set_statement,Done,,,Q111514799,"Q111514799|P5063|""i102411"""
47826,4028,set_statement,Done,,,Q5504776,"Q5504776|P8814|""12472985-n"""
47826,4029,set_statement,Done,,,Q5504776,"Q5504776|P5063|""i102412"""
47826,4030,set_statement,Done,,,Q161939,"Q161939|P8814|""12473341-n"""
47826,4031,set_statement,Done,,,Q161939,"Q161939|P5063|""i102414"""
47826,4032,set_statement,Done,,,Q157339,"Q157339|P8814|""12473691-n"""
47826,4033,set_statement,Done,,,Q157339,"Q157339|P5063|""i102416"""
47826,4034,set_statement,Done,,,Q1651896,"Q1651896|P8814|""12474219-n"""
47826,4035,set_statement,Done,,,Q1651896,"Q1651896|P5063|""i102418"""
47826,4036,set_statement,Done,,,Q2231384,"Q2231384|P8814|""12474362-n"""
47826,4037,set_statement,Done,,,Q2231384,"Q2231384|P5063|""i102419"""
47826,4038,set_statement,Done,,,Q1158346,"Q1158346|P8814|""12475061-n"""
47826,4039,set_statement,Done,,,Q1158346,"Q1158346|P5063|""i102423"""
47826,4040,set_statement,Done,,,Q163060,"Q163060|P8814|""12475210-n"""
47826,4041,set_statement,Done,,,Q163060,"Q163060|P5063|""i102424"""
47826,4042,set_statement,Done,,,Q2175092,"Q2175092|P8814|""12476455-n"""
47826,4043,set_statement,Done,,,Q2175092,"Q2175092|P5063|""i102431"""
47826,4044,set_statement,Done,,,Q87605304,"Q87605304|P8814|""12477596-n"""
47826,4045,set_statement,Done,,,Q87605304,"Q87605304|P5063|""i102435"""
47826,4046,set_statement,Done,,,Q113251901,"Q113251901|P8814|""12479780-n"""
47826,4047,set_statement,Done,,,Q113251901,"Q113251901|P5063|""i102446"""
47826,4048,set_statement,Done,,,Q161155,"Q161155|P8814|""12480387-n"""
47826,4049,set_statement,Done,,,Q161155,"Q161155|P5063|""i102449"""
47826,4050,set_statement,Done,,,Q2303755,"Q2303755|P8814|""12480651-n"""
47826,4051,set_statement,Done,,,Q2303755,"Q2303755|P5063|""i102450"""
47826,4052,set_statement,Done,,,Q163946,"Q163946|P8814|""12481614-n"""
47826,4053,set_statement,Done,,,Q163946,"Q163946|P5063|""i102455"""
47826,4054,set_statement,Done,,,Q50872038,"Q50872038|P8814|""12483087-n"""
47826,4055,set_statement,Done,,,Q50872038,"Q50872038|P5063|""i102463"""
47826,4056,set_statement,Done,,,Q6966410,"Q6966410|P8814|""12484633-n"""
47826,4057,set_statement,Done,,,Q6966410,"Q6966410|P5063|""i102471"""
47826,4058,set_statement,Done,,,Q122654505,"Q122654505|P8814|""12487702-n"""
47826,4059,set_statement,Done,,,Q122654505,"Q122654505|P5063|""i102485"""
47826,4060,set_statement,Done,,,Q3009702,"Q3009702|P8814|""12489050-n"""
47826,4061,set_statement,Done,,,Q3009702,"Q3009702|P5063|""i102491"""
47826,4062,set_statement,Done,,,Q3539177,"Q3539177|P8814|""12489405-n"""
47826,4063,set_statement,Done,,,Q3539177,"Q3539177|P5063|""i102493"""
47826,4064,set_statement,Done,,,Q3005858,"Q3005858|P8814|""12489662-n"""
47826,4065,set_statement,Done,,,Q3005858,"Q3005858|P5063|""i102494"""
47826,4066,set_statement,Done,,,Q161119,"Q161119|P8814|""12491412-n"""
47826,4067,set_statement,Done,,,Q161119,"Q161119|P5063|""i102502"""
47826,4068,set_statement,Done,,,Q101711,"Q101711|P8814|""12492049-n"""
47826,4069,set_statement,Done,,,Q101711,"Q101711|P5063|""i102505"""
47826,4070,set_statement,Done,,,Q5134293,"Q5134293|P8814|""12492831-n"""
47826,4071,set_statement,Done,,,Q5134293,"Q5134293|P5063|""i102508"""
47826,4072,set_statement,Done,,,Q291670,"Q291670|P8814|""12493064-n"""
47826,4073,set_statement,Done,,,Q291670,"Q291670|P5063|""i102509"""
47826,4074,set_statement,Done,,,Q309753,"Q309753|P8814|""12493283-n"""
47826,4075,set_statement,Done,,,Q309753,"Q309753|P5063|""i102510"""
47826,4076,set_statement,Done,,,Q141540,"Q141540|P8814|""12493676-n"""
47826,4077,set_statement,Done,,,Q141540,"Q141540|P5063|""i102512"""
47826,4078,set_statement,Done,,,Q3303394,"Q3303394|P8814|""12494113-n"""
47826,4079,set_statement,Done,,,Q3303394,"Q3303394|P5063|""i102514"""
47826,4080,set_statement,Done,,,Q66604178,"Q66604178|P8814|""12496279-n"""
47826,4081,set_statement,Done,,,Q66604178,"Q66604178|P5063|""i102525"""
47826,4082,set_statement,Done,,,Q293281,"Q293281|P8814|""12498088-n"""
47826,4083,set_statement,Done,,,Q293281,"Q293281|P5063|""i102531"""
47826,4084,set_statement,Done,,,Q50828645,"Q50828645|P8814|""12499011-n"""
47826,4085,set_statement,Done,,,Q50828645,"Q50828645|P5063|""i102536"""
47826,4086,set_statement,Done,,,Q157952,"Q157952|P8814|""12500194-n"""
47826,4087,set_statement,Done,,,Q157952,"Q157952|P5063|""i102541"""
47826,4088,set_statement,Done,,,Q50862089,"Q50862089|P8814|""12501655-n"""
47826,4089,set_statement,Done,,,Q50862089,"Q50862089|P5063|""i102548"""
47826,4090,set_statement,Done,,,Q1466312,"Q1466312|P8814|""12503596-n"""
47826,4091,set_statement,Done,,,Q1466312,"Q1466312|P5063|""i102557"""
47826,4092,set_statement,Done,,,Q200844,"Q200844|P8814|""12503787-n"""
47826,4093,set_statement,Done,,,Q200844,"Q200844|P5063|""i102558"""
47826,4094,set_statement,Done,,,Q1194599,"Q1194599|P8814|""12503932-n"""
47826,4095,set_statement,Done,,,Q1194599,"Q1194599|P5063|""i102559"""
47826,4096,set_statement,Done,,,Q164135,"Q164135|P8814|""12504346-n"""
47826,4097,set_statement,Done,,,Q164135,"Q164135|P5063|""i102561"""
47826,4098,set_statement,Done,,,Q10871260,"Q10871260|P8814|""12504534-n"""
47826,4099,set_statement,Done,,,Q10871260,"Q10871260|P5063|""i102562"""
47826,4100,set_statement,Done,,,Q978130,"Q978130|P8814|""12506486-n"""
47826,4101,set_statement,Done,,,Q978130,"Q978130|P5063|""i102572"""
47826,4102,set_statement,Done,,,Q87613669,"Q87613669|P8814|""12508959-n"""
47826,4103,set_statement,Done,,,Q87613669,"Q87613669|P5063|""i102583"""
47826,4104,set_statement,Done,,,Q1230627,"Q1230627|P8814|""12509214-n"""
47826,4105,set_statement,Done,,,Q1230627,"Q1230627|P5063|""i102584"""
47826,4106,set_statement,Done,,,Q2720939,"Q2720939|P8814|""12509551-n"""
47826,4107,set_statement,Done,,,Q2720939,"Q2720939|P5063|""i102586"""
47826,4108,set_statement,Done,,,Q216469,"Q216469|P8814|""12509773-n"""
47826,4109,set_statement,Done,,,Q216469,"Q216469|P5063|""i102587"""
47826,4110,set_statement,Done,,,Q1428973,"Q1428973|P8814|""12510559-n"""
47826,4111,set_statement,Done,,,Q1428973,"Q1428973|P5063|""i102591"""
47826,4112,set_statement,Done,,,Q2859792,"Q2859792|P8814|""12511332-n"""
47826,4113,set_statement,Done,,,Q2859792,"Q2859792|P5063|""i102595"""
47826,4114,set_statement,Done,,,Q840341,"Q840341|P8814|""12511522-n"""
47826,4115,set_statement,Done,,,Q840341,"Q840341|P5063|""i102596"""
47826,4116,set_statement,Done,,,Q164094,"Q164094|P8814|""12512965-n"""
47826,4117,set_statement,Done,,,Q164094,"Q164094|P5063|""i102602"""
47826,4118,set_statement,Done,,,Q15475041,"Q15475041|P8814|""12513405-n"""
47826,4119,set_statement,Done,,,Q15475041,"Q15475041|P5063|""i102604"""
47826,4120,set_statement,Done,,,Q603036,"Q603036|P8814|""12516175-n"""
47826,4121,set_statement,Done,,,Q603036,"Q603036|P5063|""i102617"""
47826,4122,set_statement,Done,,,Q157650,"Q157650|P8814|""12516400-n"""
47826,4123,set_statement,Done,,,Q157650,"Q157650|P5063|""i102618"""
47826,4124,set_statement,Done,,,Q105034954,"Q105034954|P8814|""12516932-n"""
47826,4125,set_statement,Done,,,Q105034954,"Q105034954|P5063|""i102620"""
47826,4126,set_statement,Done,,,Q279482,"Q279482|P8814|""12518174-n"""
47826,4127,set_statement,Done,,,Q279482,"Q279482|P5063|""i102625"""
47826,4128,set_statement,Done,,,Q1786791,"Q1786791|P8814|""12518962-n"""
47826,4129,set_statement,Done,,,Q1786791,"Q1786791|P5063|""i102628"""
47826,4130,set_statement,Done,,,Q41504,"Q41504|P8814|""12519944-n"""
47826,4131,set_statement,Done,,,Q41504,"Q41504|P5063|""i102632"""
47826,4132,set_statement,Done,,,Q132675,"Q132675|P8814|""12520484-n"""
47826,4133,set_statement,Done,,,Q132675,"Q132675|P5063|""i102634"""
47826,4134,set_statement,Done,,,Q2074094,"Q2074094|P8814|""12524811-n"""
47826,4135,set_statement,Done,,,Q2074094,"Q2074094|P5063|""i102644"""
47826,4136,set_statement,Done,,,Q2630262,"Q2630262|P8814|""12526257-n"""
47826,4137,set_statement,Done,,,Q2630262,"Q2630262|P5063|""i102650"""
47826,4138,set_statement,Done,,,Q4754500,"Q4754500|P8814|""12526846-n"""
47826,4139,set_statement,Done,,,Q4754500,"Q4754500|P5063|""i102653"""
47826,4140,set_statement,Done,,,Q1874595,"Q1874595|P8814|""12527289-n"""
47826,4141,set_statement,Done,,,Q1874595,"Q1874595|P5063|""i102655"""
47826,4142,set_statement,Done,,,Q568933,"Q568933|P8814|""12527884-n"""
47826,4143,set_statement,Done,,,Q568933,"Q568933|P5063|""i102658"""
47826,4144,set_statement,Done,,,Q272181,"Q272181|P8814|""12528328-n"""
47826,4145,set_statement,Done,,,Q272181,"Q272181|P5063|""i102660"""
47826,4146,set_statement,Done,,,Q158127,"Q158127|P8814|""12529002-n"""
47826,4147,set_statement,Done,,,Q158127,"Q158127|P5063|""i102663"""
47826,4148,set_statement,Done,,,Q5028820,"Q5028820|P8814|""12529614-n"""
47826,4149,set_statement,Done,,,Q5028820,"Q5028820|P5063|""i102667"""
47826,4150,set_statement,Done,,,Q916179,"Q916179|P8814|""12530170-n"""
47826,4151,set_statement,Done,,,Q916179,"Q916179|P5063|""i102670"""
47826,4152,set_statement,Done,,,Q17444972,"Q17444972|P8814|""12530326-n"""
47826,4153,set_statement,Done,,,Q17444972,"Q17444972|P5063|""i102671"""
47826,4154,set_statement,Done,,,Q783093,"Q783093|P8814|""12530498-n"""
47826,4155,set_statement,Done,,,Q783093,"Q783093|P5063|""i102672"""
47826,4156,set_statement,Done,,,Q87613622,"Q87613622|P8814|""12530848-n"""
47826,4157,set_statement,Done,,,Q87613622,"Q87613622|P5063|""i102674"""
47826,4158,set_statement,Done,,,Q1937714,"Q1937714|P8814|""12531993-n"""
47826,4159,set_statement,Done,,,Q1937714,"Q1937714|P5063|""i102679"""
47826,4160,set_statement,Done,,,Q1074164,"Q1074164|P8814|""12532799-n"""
47826,4161,set_statement,Done,,,Q1074164,"Q1074164|P5063|""i102683"""
47826,4162,set_statement,Done,,,Q2452407,"Q2452407|P8814|""12534438-n"""
47826,4163,set_statement,Done,,,Q2452407,"Q2452407|P5063|""i102690"""
47826,4164,set_statement,Done,,,Q87599757,"Q87599757|P8814|""12536670-n"""
47826,4165,set_statement,Done,,,Q87599757,"Q87599757|P5063|""i102702"""
47826,4166,set_statement,Done,,,Q87616518,"Q87616518|P8814|""12537333-n"""
47826,4167,set_statement,Done,,,Q87616518,"Q87616518|P5063|""i102705"""
47826,4168,set_statement,Done,,,Q65935304,"Q65935304|P8814|""12540329-n"""
47826,4169,set_statement,Done,,,Q65935304,"Q65935304|P5063|""i102719"""
47826,4170,set_statement,Done,,,Q12233863,"Q12233863|P8814|""12540911-n"""
47826,4171,set_statement,Done,,,Q12233863,"Q12233863|P5063|""i102722"""
47826,4172,set_statement,Done,,,Q145781,"Q145781|P8814|""12541899-n"""
47826,4173,set_statement,Done,,,Q145781,"Q145781|P5063|""i102726"""
47826,4174,set_statement,Done,,,Q726420,"Q726420|P8814|""12543183-n"""
47826,4175,set_statement,Done,,,Q726420,"Q726420|P5063|""i102731"""
47826,4176,set_statement,Done,,,Q2705553,"Q2705553|P8814|""12543646-n"""
47826,4177,set_statement,Done,,,Q2705553,"Q2705553|P5063|""i102733"""
47826,4178,set_statement,Done,,,Q15532192,"Q15532192|P8814|""12544203-n"""
47826,4179,set_statement,Done,,,Q15532192,"Q15532192|P5063|""i102736"""
47826,4180,set_statement,Done,,,Q11128689,"Q11128689|P8814|""12546258-n"""
47826,4181,set_statement,Done,,,Q11128689,"Q11128689|P5063|""i102747"""
47826,4182,set_statement,Done,,,Q10908837,"Q10908837|P8814|""12547259-n"""
47826,4183,set_statement,Done,,,Q10908837,"Q10908837|P5063|""i102752"""
47826,4184,set_statement,Done,,,Q15533996,"Q15533996|P8814|""12547586-n"""
47826,4185,set_statement,Done,,,Q15533996,"Q15533996|P5063|""i102754"""
47826,4186,set_statement,Done,,,Q21874216,"Q21874216|P8814|""12548887-n"""
47826,4187,set_statement,Done,,,Q21874216,"Q21874216|P5063|""i102759"""
47826,4188,set_statement,Done,,,Q87623652,"Q87623652|P8814|""12549479-n"""
47826,4189,set_statement,Done,,,Q87623652,"Q87623652|P5063|""i102762"""
47826,4190,set_statement,Done,,,Q157287,"Q157287|P8814|""12550005-n"""
47826,4191,set_statement,Done,,,Q157287,"Q157287|P5063|""i102765"""
47826,4192,set_statement,Done,,,Q161720,"Q161720|P8814|""12550944-n"""
47826,4193,set_statement,Done,,,Q161720,"Q161720|P5063|""i102769"""
47826,4194,set_statement,Done,,,Q164138,"Q164138|P8814|""12553695-n"""
47826,4195,set_statement,Done,,,Q164138,"Q164138|P5063|""i102781"""
47826,4196,set_statement,Done,,,Q10660730,"Q10660730|P8814|""12554235-n"""
47826,4197,set_statement,Done,,,Q10660730,"Q10660730|P5063|""i102784"""
47826,4198,set_statement,Done,,,Q165213,"Q165213|P8814|""12556545-n"""
47826,4199,set_statement,Done,,,Q165213,"Q165213|P5063|""i102795"""
47826,4200,set_statement,Done,,,Q3497019,"Q3497019|P8814|""12558714-n"""
47826,4201,set_statement,Done,,,Q3497019,"Q3497019|P5063|""i102805"""
47826,4202,set_statement,Done,,,Q158325,"Q158325|P8814|""12560506-n"""
47826,4203,set_statement,Done,,,Q158325,"Q158325|P5063|""i102812"""
47826,4204,set_statement,Done,,,Q21125,"Q21125|P8814|""12560755-n"""
47826,4205,set_statement,Done,,,Q21125,"Q21125|P5063|""i102813"""
47826,4206,set_statement,Done,,,Q158520,"Q158520|P8814|""12560993-n"""
47826,4207,set_statement,Done,,,Q158520,"Q158520|P5063|""i102814"""
47826,4208,set_statement,Done,,,Q159362,"Q159362|P8814|""12561152-n"""
47826,4209,set_statement,Done,,,Q159362,"Q159362|P5063|""i102815"""
47826,4210,set_statement,Done,,,Q163944,"Q163944|P8814|""12561305-n"""
47826,4211,set_statement,Done,,,Q163944,"Q163944|P5063|""i102816"""
47826,4212,set_statement,Done,,,Q162093,"Q162093|P8814|""12561908-n"""
47826,4213,set_statement,Done,,,Q162093,"Q162093|P5063|""i102819"""
47826,4214,set_statement,Done,,,Q13642792,"Q13642792|P8814|""12562111-n"""
47826,4215,set_statement,Done,,,Q13642792,"Q13642792|P5063|""i102820"""
47826,4216,set_statement,Done,,,Q162914,"Q162914|P8814|""12562745-n"""
47826,4217,set_statement,Done,,,Q162914,"Q162914|P5063|""i102823"""
47826,4218,set_statement,Done,,,Q157490,"Q157490|P8814|""12562971-n"""
47826,4219,set_statement,Done,,,Q157490,"Q157490|P5063|""i102824"""
47826,4220,set_statement,Done,,,Q50844423,"Q50844423|P8814|""12563960-n"""
47826,4221,set_statement,Done,,,Q50844423,"Q50844423|P5063|""i102828"""
47826,4222,set_statement,Done,,,Q87632238,"Q87632238|P8814|""12565737-n"""
47826,4223,set_statement,Done,,,Q87632238,"Q87632238|P5063|""i102837"""
47826,4224,set_statement,Done,,,Q160889,"Q160889|P8814|""12566370-n"""
47826,4225,set_statement,Done,,,Q160889,"Q160889|P5063|""i102840"""
47826,4226,set_statement,Done,,,Q159751,"Q159751|P8814|""12567337-n"""
47826,4227,set_statement,Done,,,Q159751,"Q159751|P5063|""i102845"""
47826,4228,set_statement,Done,,,Q12841445,"Q12841445|P8814|""12567720-n"""
47826,4229,set_statement,Done,,,Q12841445,"Q12841445|P5063|""i102847"""
47826,4230,set_statement,Done,,,Q1899077,"Q1899077|P8814|""12568377-n"""
47826,4231,set_statement,Done,,,Q1899077,"Q1899077|P5063|""i102850"""
47826,4232,set_statement,Done,,,Q1668432,"Q1668432|P8814|""12569069-n"""
47826,4233,set_statement,Done,,,Q1668432,"Q1668432|P5063|""i102853"""
47826,4234,set_statement,Done,,,Q50844926,"Q50844926|P8814|""12569510-n"""
47826,4235,set_statement,Done,,,Q50844926,"Q50844926|P5063|""i102855"""
47826,4236,set_statement,Done,,,Q87634449,"Q87634449|P8814|""12570913-n"""
47826,4237,set_statement,Done,,,Q87634449,"Q87634449|P5063|""i102862"""
47826,4238,set_statement,Done,,,Q15290525,"Q15290525|P8814|""12571678-n"""
47826,4239,set_statement,Done,,,Q15290525,"Q15290525|P5063|""i102865"""
47826,4240,set_statement,Done,,,Q2412565,"Q2412565|P8814|""12571962-n"""
47826,4241,set_statement,Done,,,Q2412565,"Q2412565|P5063|""i102866"""
47826,4242,set_statement,Done,,,Q161749,"Q161749|P8814|""12573398-n"""
47826,4243,set_statement,Done,,,Q161749,"Q161749|P5063|""i102872"""
47826,4244,set_statement,Done,,,Q15481216,"Q15481216|P8814|""12574247-n"""
47826,4245,set_statement,Done,,,Q15481216,"Q15481216|P5063|""i102876"""
47826,4246,set_statement,Done,,,Q15486044,"Q15486044|P8814|""12574534-n"""
47826,4247,set_statement,Done,,,Q15486044,"Q15486044|P5063|""i102877"""
47826,4248,set_statement,Done,,,Q517283,"Q517283|P8814|""12575760-n"""
47826,4249,set_statement,Done,,,Q517283,"Q517283|P5063|""i102883"""
47826,4250,set_statement,Done,,,Q7190834,"Q7190834|P8814|""12579549-n"""
47826,4251,set_statement,Done,,,Q7190834,"Q7190834|P5063|""i102902"""
47826,4252,set_statement,Done,,,Q50851235,"Q50851235|P8814|""12580023-n"""
47826,4253,set_statement,Done,,,Q50851235,"Q50851235|P5063|""i102904"""
47826,4254,set_statement,Done,,,Q7202647,"Q7202647|P8814|""12582402-n"""
47826,4255,set_statement,Done,,,Q7202647,"Q7202647|P5063|""i102916"""
47826,4256,set_statement,Done,,,Q15542195,"Q15542195|P8814|""12583290-n"""
47826,4257,set_statement,Done,,,Q15542195,"Q15542195|P5063|""i102920"""
47826,4258,set_statement,Done,,,Q15541090,"Q15541090|P8814|""12583550-n"""
47826,4259,set_statement,Done,,,Q15541090,"Q15541090|P5063|""i102921"""
47826,4260,set_statement,Done,,,Q50851433,"Q50851433|P8814|""12584207-n"""
47826,4261,set_statement,Done,,,Q50851433,"Q50851433|P5063|""i102925"""
47826,4262,set_statement,Done,,,Q979014,"Q979014|P8814|""12585873-n"""
47826,4263,set_statement,Done,,,Q979014,"Q979014|P5063|""i102932"""
47826,4264,set_statement,Done,,,Q310157,"Q310157|P8814|""12586235-n"""
47826,4265,set_statement,Done,,,Q310157,"Q310157|P5063|""i102934"""
47826,4266,set_statement,Done,,,Q2385259,"Q2385259|P8814|""12586417-n"""
47826,4267,set_statement,Done,,,Q2385259,"Q2385259|P5063|""i102935"""
47826,4268,set_statement,Done,,,Q65946511,"Q65946511|P8814|""12587459-n"""
47826,4269,set_statement,Done,,,Q65946511,"Q65946511|P5063|""i102940"""
47826,4270,set_statement,Done,,,Q157417,"Q157417|P8814|""12588691-n"""
47826,4271,set_statement,Done,,,Q157417,"Q157417|P5063|""i102945"""
47826,4272,set_statement,Done,,,Q21297263,"Q21297263|P8814|""12590121-n"""
47826,4273,set_statement,Done,,,Q21297263,"Q21297263|P5063|""i102952"""
47826,4274,set_statement,Done,,,Q947251,"Q947251|P8814|""12590356-n"""
47826,4275,set_statement,Done,,,Q947251,"Q947251|P5063|""i102953"""
47826,4276,set_statement,Done,,,Q59282651,"Q59282651|P8814|""12591208-n"""
47826,4277,set_statement,Done,,,Q59282651,"Q59282651|P5063|""i102956"""
47826,4278,set_statement,Done,,,Q7563134,"Q7563134|P8814|""12591477-n"""
47826,4279,set_statement,Done,,,Q7563134,"Q7563134|P5063|""i102957"""
47826,4280,set_statement,Done,,,Q910358,"Q910358|P8814|""12591835-n"""
47826,4281,set_statement,Done,,,Q910358,"Q910358|P5063|""i102959"""
47826,4282,set_statement,Done,,,Q15543573,"Q15543573|P8814|""12592693-n"""
47826,4283,set_statement,Done,,,Q15543573,"Q15543573|P5063|""i102963"""
47826,4284,set_statement,Done,,,Q13956906,"Q13956906|P8814|""12593363-n"""
47826,4285,set_statement,Done,,,Q13956906,"Q13956906|P5063|""i102967"""
47826,4286,set_statement,Done,,,Q12070907,"Q12070907|P8814|""12594152-n"""
47826,4287,set_statement,Done,,,Q12070907,"Q12070907|P5063|""i102971"""
47826,4288,set_statement,Done,,,Q15552843,"Q15552843|P8814|""12594825-n"""
47826,4289,set_statement,Done,,,Q15552843,"Q15552843|P5063|""i102975"""
47826,4290,set_statement,Done,,,Q147159,"Q147159|P8814|""12596317-n"""
47826,4291,set_statement,Done,,,Q147159,"Q147159|P5063|""i102982"""
47826,4292,set_statement,Done,,,Q159825,"Q159825|P8814|""12596956-n"""
47826,4293,set_statement,Done,,,Q159825,"Q159825|P5063|""i102985"""
47826,4294,set_statement,Done,,,Q511249,"Q511249|P8814|""12597867-n"""
47826,4295,set_statement,Done,,,Q511249,"Q511249|P5063|""i102990"""
47826,4296,set_statement,Done,,,Q380279,"Q380279|P8814|""12598191-n"""
47826,4297,set_statement,Done,,,Q380279,"Q380279|P5063|""i102991"""
47826,4298,set_statement,Done,,,Q1313429,"Q1313429|P8814|""12598400-n"""
47826,4299,set_statement,Done,,,Q1313429,"Q1313429|P5063|""i102992"""
47826,4300,set_statement,Done,,,Q50878244,"Q50878244|P8814|""12600152-n"""
47826,4301,set_statement,Done,,,Q50878244,"Q50878244|P5063|""i102998"""
47826,4302,set_statement,Done,,,Q13035160,"Q13035160|P8814|""12600570-n"""
47826,4303,set_statement,Done,,,Q13035160,"Q13035160|P5063|""i103000"""
47826,4304,set_statement,Done,,,Q15529056,"Q15529056|P8814|""12600760-n"""
47826,4305,set_statement,Done,,,Q15529056,"Q15529056|P5063|""i103001"""
47826,4306,set_statement,Done,,,Q1329209,"Q1329209|P8814|""12601402-n"""
47826,4307,set_statement,Done,,,Q1329209,"Q1329209|P5063|""i103004"""
47826,4308,set_statement,Done,,,Q8027753,"Q8027753|P8814|""12601644-n"""
47826,4309,set_statement,Done,,,Q8027753,"Q8027753|P5063|""i103006"""
47826,4310,set_statement,Done,,,Q22110820,"Q22110820|P8814|""12604429-n"""
47826,4311,set_statement,Done,,,Q22110820,"Q22110820|P5063|""i103016"""
47826,4312,set_statement,Done,,,Q379397,"Q379397|P8814|""12605898-n"""
47826,4313,set_statement,Done,,,Q379397,"Q379397|P5063|""i103024"""
47826,4314,set_statement,Done,,,Q500857,"Q500857|P8814|""12606390-n"""
47826,4315,set_statement,Done,,,Q500857,"Q500857|P5063|""i103027"""
47826,4316,set_statement,Done,,,Q416369,"Q416369|P8814|""12607260-n"""
47826,4317,set_statement,Done,,,Q416369,"Q416369|P5063|""i103031"""
47826,4318,set_statement,Done,,,Q766995,"Q766995|P8814|""12607893-n"""
47826,4319,set_statement,Done,,,Q766995,"Q766995|P5063|""i103035"""
47826,4320,set_statement,Done,,,Q87614666,"Q87614666|P8814|""12608248-n"""
47826,4321,set_statement,Done,,,Q87614666,"Q87614666|P5063|""i103037"""
47826,4322,set_statement,Done,,,Q50831532,"Q50831532|P8814|""12609541-n"""
47826,4323,set_statement,Done,,,Q50831532,"Q50831532|P5063|""i103044"""
47826,4324,set_statement,Done,,,Q50831918,"Q50831918|P8814|""12610219-n"""
47826,4325,set_statement,Done,,,Q50831918,"Q50831918|P5063|""i103048"""
47826,4326,set_statement,Done,,,Q856001,"Q856001|P8814|""12610602-n"""
47826,4327,set_statement,Done,,,Q856001,"Q856001|P5063|""i103050"""
47826,4328,set_statement,Done,,,Q85192860,"Q85192860|P8814|""12612819-n"""
47826,4329,set_statement,Done,,,Q85192860,"Q85192860|P5063|""i103063"""
47826,4330,set_statement,Done,,,Q50846904,"Q50846904|P8814|""12613305-n"""
47826,4331,set_statement,Done,,,Q50846904,"Q50846904|P5063|""i103065"""
47826,4332,set_statement,Done,,,Q67193150,"Q67193150|P8814|""12613883-n"""
47826,4333,set_statement,Done,,,Q67193150,"Q67193150|P5063|""i103068"""
47826,4334,set_statement,Done,,,Q25292,"Q25292|P8814|""12614755-n"""
47826,4335,set_statement,Done,,,Q25292,"Q25292|P5063|""i103073"""
47826,4336,set_statement,Done,,,Q927607,"Q927607|P8814|""12618227-n"""
47826,4337,set_statement,Done,,,Q927607,"Q927607|P5063|""i103092"""
47826,4338,set_statement,Done,,,Q55965298,"Q55965298|P8814|""12618788-n"""
47826,4339,set_statement,Done,,,Q55965298,"Q55965298|P5063|""i103095"""
47826,4340,set_statement,Done,,,Q157408,"Q157408|P8814|""12619946-n"""
47826,4341,set_statement,Done,,,Q157408,"Q157408|P5063|""i103100"""
47826,4342,set_statement,Done,,,Q157154,"Q157154|P8814|""12620196-n"""
47826,4343,set_statement,Done,,,Q157154,"Q157154|P5063|""i103101"""
47826,4344,set_statement,Done,,,Q157272,"Q157272|P8814|""12620422-n"""
47826,4345,set_statement,Done,,,Q157272,"Q157272|P5063|""i103102"""
47826,4346,set_statement,Done,,,Q21876280,"Q21876280|P8814|""12620635-n"""
47826,4347,set_statement,Done,,,Q21876280,"Q21876280|P5063|""i103103"""
47826,4348,set_statement,Done,,,Q7201575,"Q7201575|P8814|""12620856-n"""
47826,4349,set_statement,Done,,,Q7201575,"Q7201575|P5063|""i103104"""
47826,4350,set_statement,Done,,,Q21876809,"Q21876809|P8814|""12622255-n"""
47826,4351,set_statement,Done,,,Q21876809,"Q21876809|P5063|""i103111"""
47826,4352,set_statement,Done,,,Q15592785,"Q15592785|P8814|""12623195-n"""
47826,4353,set_statement,Done,,,Q15592785,"Q15592785|P5063|""i103115"""
47826,4354,set_statement,Done,,,Q15247758,"Q15247758|P8814|""12624034-n"""
47826,4355,set_statement,Done,,,Q15247758,"Q15247758|P5063|""i103119"""
47826,4356,set_statement,Done,,,Q162800,"Q162800|P8814|""12625400-n"""
47826,4357,set_statement,Done,,,Q162800,"Q162800|P5063|""i103126"""
47826,4358,set_statement,Done,,,Q1735396,"Q1735396|P8814|""12625606-n"""
47826,4359,set_statement,Done,,,Q1735396,"Q1735396|P5063|""i103127"""
47826,4360,set_statement,Done,,,Q15478297,"Q15478297|P8814|""12626633-n"""
47826,4361,set_statement,Done,,,Q15478297,"Q15478297|P5063|""i103132"""
47826,4362,set_statement,Done,,,Q660341,"Q660341|P8814|""12627449-n"""
47826,4363,set_statement,Done,,,Q660341,"Q660341|P5063|""i103137"""
47826,4364,set_statement,Done,,,Q311524,"Q311524|P8814|""12628888-n"""
47826,4365,set_statement,Done,,,Q311524,"Q311524|P5063|""i103144"""
47826,4366,set_statement,Done,,,Q621050,"Q621050|P8814|""12630729-n"""
47826,4367,set_statement,Done,,,Q621050,"Q621050|P5063|""i103153"""
47826,4368,set_statement,Done,,,Q690645,"Q690645|P8814|""12631089-n"""
47826,4369,set_statement,Done,,,Q690645,"Q690645|P5063|""i103155"""
47826,4370,set_statement,Done,,,Q15296490,"Q15296490|P8814|""12631501-n"""
47826,4371,set_statement,Done,,,Q15296490,"Q15296490|P5063|""i103157"""
47826,4372,set_statement,Done,,,Q164181,"Q164181|P8814|""12634467-n"""
47826,4373,set_statement,Done,,,Q164181,"Q164181|P5063|""i103173"""
47826,4374,set_statement,Done,,,Q50839363,"Q50839363|P8814|""12635524-n"""
47826,4375,set_statement,Done,,,Q50839363,"Q50839363|P5063|""i103179"""
47826,4376,set_statement,Done,,,Q157863,"Q157863|P8814|""12637009-n"""
47826,4377,set_statement,Done,,,Q157863,"Q157863|P5063|""i103186"""
47826,4378,set_statement,Done,,,Q157862,"Q157862|P8814|""12638320-n"""
47826,4379,set_statement,Done,,,Q157862,"Q157862|P5063|""i103193"""
47826,4380,set_statement,Done,,,Q21128,"Q21128|P8814|""12639488-n"""
47826,4381,set_statement,Done,,,Q21128,"Q21128|P5063|""i103199"""
47826,4382,set_statement,Done,,,Q146066,"Q146066|P8814|""12641871-n"""
47826,4383,set_statement,Done,,,Q146066,"Q146066|P5063|""i103208"""
47826,4384,set_statement,Done,,,Q578904,"Q578904|P8814|""12642171-n"""
47826,4385,set_statement,Done,,,Q578904,"Q578904|P5063|""i103210"""
47826,4386,set_statement,Done,,,Q161146,"Q161146|P8814|""12642380-n"""
47826,4387,set_statement,Done,,,Q161146,"Q161146|P5063|""i103211"""
47826,4388,set_statement,Done,,,Q1070309,"Q1070309|P8814|""12642706-n"""
47826,4389,set_statement,Done,,,Q1070309,"Q1070309|P5063|""i103213"""
47826,4390,set_statement,Done,,,Q141182,"Q141182|P8814|""12643058-n"""
47826,4391,set_statement,Done,,,Q141182,"Q141182|P5063|""i103215"""
47826,4392,set_statement,Done,,,Q953646,"Q953646|P8814|""12643972-n"""
47826,4393,set_statement,Done,,,Q953646,"Q953646|P5063|""i103220"""
47826,4394,set_statement,Done,,,Q164158,"Q164158|P8814|""12644579-n"""
47826,4395,set_statement,Done,,,Q164158,"Q164158|P5063|""i103223"""
47826,4396,set_statement,Done,,,Q693732,"Q693732|P8814|""12644816-n"""
47826,4397,set_statement,Done,,,Q693732,"Q693732|P5063|""i103224"""
47826,4398,set_statement,Done,,,Q577669,"Q577669|P8814|""12645764-n"""
47826,4399,set_statement,Done,,,Q577669,"Q577669|P5063|""i103230"""
47826,4400,set_statement,Done,,,Q5182573,"Q5182573|P8814|""12647435-n"""
47826,4401,set_statement,Done,,,Q5182573,"Q5182573|P5063|""i103237"""
47826,4402,set_statement,Done,,,Q21872902,"Q21872902|P8814|""12647880-n"""
47826,4403,set_statement,Done,,,Q21872902,"Q21872902|P5063|""i103239"""
47826,4404,set_statement,Done,,,Q916961,"Q916961|P8814|""12648108-n"""
47826,4405,set_statement,Done,,,Q916961,"Q916961|P5063|""i103240"""
47826,4406,set_statement,Done,,,Q2671022,"Q2671022|P8814|""12649117-n"""
47826,4407,set_statement,Done,,,Q2671022,"Q2671022|P5063|""i103244"""
47826,4408,set_statement,Done,,,Q3780432,"Q3780432|P8814|""12649340-n"""
47826,4409,set_statement,Done,,,Q3780432,"Q3780432|P5063|""i103245"""
47826,4410,set_statement,Done,,,Q2917893,"Q2917893|P8814|""12652693-n"""
47826,4411,set_statement,Done,,,Q2917893,"Q2917893|P5063|""i103263"""
47826,4412,set_statement,Done,,,Q2709956,"Q2709956|P8814|""12653096-n"""
47826,4413,set_statement,Done,,,Q2709956,"Q2709956|P5063|""i103265"""
47826,4414,set_statement,Done,,,Q157407,"Q157407|P8814|""12653287-n"""
47826,4415,set_statement,Done,,,Q157407,"Q157407|P5063|""i103266"""
47826,4416,set_statement,Done,,,Q21546397,"Q21546397|P8814|""12653822-n"""
47826,4417,set_statement,Done,,,Q21546397,"Q21546397|P5063|""i103269"""
47826,4418,set_statement,Done,,,Q1743596,"Q1743596|P8814|""12655495-n"""
47826,4419,set_statement,Done,,,Q1743596,"Q1743596|P5063|""i103276"""
47826,4420,set_statement,Done,,,Q21877146,"Q21877146|P8814|""12658246-n"""
47826,4421,set_statement,Done,,,Q21877146,"Q21877146|P5063|""i103290"""
47826,4422,set_statement,Done,,,Q469524,"Q469524|P8814|""12659725-n"""
47826,4423,set_statement,Done,,,Q469524,"Q469524|P5063|""i103295"""
47826,4424,set_statement,Done,,,Q3010229,"Q3010229|P8814|""12659929-n"""
47826,4425,set_statement,Done,,,Q3010229,"Q3010229|P5063|""i103296"""
47826,4426,set_statement,Done,,,Q2724971,"Q2724971|P8814|""12661045-n"""
47826,4427,set_statement,Done,,,Q2724971,"Q2724971|P5063|""i103302"""
47826,4428,set_statement,Done,,,Q157763,"Q157763|P8814|""12661600-n"""
47826,4429,set_statement,Done,,,Q157763,"Q157763|P5063|""i103305"""
47826,4430,set_statement,Done,,,Q165137,"Q165137|P8814|""12662961-n"""
47826,4431,set_statement,Done,,,Q165137,"Q165137|P5063|""i103312"""
47826,4432,set_statement,Done,,,Q146951,"Q146951|P8814|""12664074-n"""
47826,4433,set_statement,Done,,,Q146951,"Q146951|P5063|""i103318"""
47826,4434,set_statement,Done,,,Q2114443,"Q2114443|P8814|""12667158-n"""
47826,4435,set_statement,Done,,,Q2114443,"Q2114443|P5063|""i103333"""
47826,4436,set_statement,Done,,,Q3269605,"Q3269605|P8814|""12667366-n"""
47826,4437,set_statement,Done,,,Q3269605,"Q3269605|P5063|""i103334"""
47826,4438,set_statement,Done,,,Q1771825,"Q1771825|P8814|""12667501-n"""
47826,4439,set_statement,Done,,,Q1771825,"Q1771825|P5063|""i103335"""
47826,4440,set_statement,Done,,,Q17235505,"Q17235505|P8814|""12667992-n"""
47826,4441,set_statement,Done,,,Q17235505,"Q17235505|P5063|""i103337"""
47826,4442,set_statement,Done,,,Q1250033,"Q1250033|P8814|""12669454-n"""
47826,4443,set_statement,Done,,,Q1250033,"Q1250033|P5063|""i103345"""
47826,4444,set_statement,Done,,,Q21297628,"Q21297628|P8814|""12670300-n"""
47826,4445,set_statement,Done,,,Q21297628,"Q21297628|P5063|""i103349"""
47826,4446,set_statement,Done,,,Q2725382,"Q2725382|P8814|""12670627-n"""
47826,4447,set_statement,Done,,,Q2725382,"Q2725382|P5063|""i103351"""
47826,4448,set_statement,Done,,,Q160019,"Q160019|P8814|""12670990-n"""
47826,4449,set_statement,Done,,,Q160019,"Q160019|P5063|""i103353"""
47826,4450,set_statement,Done,,,Q85199002,"Q85199002|P8814|""12671676-n"""
47826,4451,set_statement,Done,,,Q85199002,"Q85199002|P5063|""i103357"""
47826,4452,set_statement,Done,,,Q13541716,"Q13541716|P8814|""12674773-n"""
47826,4453,set_statement,Done,,,Q13541716,"Q13541716|P5063|""i103369"""
47826,4454,set_statement,Done,,,Q15547003,"Q15547003|P8814|""12674988-n"""
47826,4455,set_statement,Done,,,Q15547003,"Q15547003|P5063|""i103370"""
47826,4456,set_statement,Done,,,Q3446528,"Q3446528|P8814|""12676006-n"""
47826,4457,set_statement,Done,,,Q3446528,"Q3446528|P5063|""i103375"""
47826,4458,set_statement,Done,,,Q15526136,"Q15526136|P8814|""12676259-n"""
47826,4459,set_statement,Done,,,Q15526136,"Q15526136|P5063|""i103377"""
47826,4460,set_statement,Done,,,Q147459,"Q147459|P8814|""12679825-n"""
47826,4461,set_statement,Done,,,Q147459,"Q147459|P5063|""i103397"""
47826,4462,set_statement,Done,,,Q1055383,"Q1055383|P8814|""12680300-n"""
47826,4463,set_statement,Done,,,Q1055383,"Q1055383|P5063|""i103400"""
47826,4464,set_statement,Done,,,Q3237818,"Q3237818|P8814|""12681806-n"""
47826,4465,set_statement,Done,,,Q3237818,"Q3237818|P5063|""i103405"""
47826,4466,set_statement,Done,,,Q5741578,"Q5741578|P8814|""12682835-n"""
47826,4467,set_statement,Done,,,Q5741578,"Q5741578|P5063|""i103411"""
47826,4468,set_statement,Done,,,Q5101397,"Q5101397|P8814|""12683140-n"""
47826,4469,set_statement,Done,,,Q5101397,"Q5101397|P5063|""i103413"""
47826,4470,set_statement,Done,,,Q47685,"Q47685|P8814|""12683784-n"""
47826,4471,set_statement,Done,,,Q47685,"Q47685|P5063|""i103416"""
47826,4472,set_statement,Done,,,Q47718,"Q47718|P8814|""12684015-n"""
47826,4473,set_statement,Done,,,Q47718,"Q47718|P5063|""i103417"""
47826,4474,set_statement,Done,,,Q8346201,"Q8346201|P8814|""12684766-n"""
47826,4475,set_statement,Done,,,Q8346201,"Q8346201|P5063|""i103421"""
47826,4476,set_statement,Done,,,Q164574,"Q164574|P8814|""12685230-n"""
47826,4477,set_statement,Done,,,Q164574,"Q164574|P5063|""i103423"""
47826,4478,set_statement,Done,,,Q15450805,"Q15450805|P8814|""12686811-n"""
47826,4479,set_statement,Done,,,Q15450805,"Q15450805|P5063|""i103430"""
47826,4480,set_statement,Done,,,Q159744,"Q159744|P8814|""12687130-n"""
47826,4481,set_statement,Done,,,Q159744,"Q159744|P5063|""i103432"""
47826,4482,set_statement,Done,,,Q50841247,"Q50841247|P8814|""12687726-n"""
47826,4483,set_statement,Done,,,Q50841247,"Q50841247|P5063|""i103435"""
47826,4484,set_statement,Done,,,Q1331299,"Q1331299|P8814|""12689678-n"""
47826,4485,set_statement,Done,,,Q1331299,"Q1331299|P5063|""i103445"""
47826,4486,set_statement,Done,,,Q50851113,"Q50851113|P8814|""12690123-n"""
47826,4487,set_statement,Done,,,Q50851113,"Q50851113|P5063|""i103447"""
47826,4488,set_statement,Done,,,Q13034769,"Q13034769|P8814|""12690564-n"""
47826,4489,set_statement,Done,,,Q13034769,"Q13034769|P5063|""i103449"""
47826,4490,set_statement,Done,,,Q15446164,"Q15446164|P8814|""12691095-n"""
47826,4491,set_statement,Done,,,Q15446164,"Q15446164|P5063|""i103452"""
47826,4492,set_statement,Done,,,Q2710367,"Q2710367|P8814|""12691723-n"""
47826,4493,set_statement,Done,,,Q2710367,"Q2710367|P5063|""i103455"""
47826,4494,set_statement,Done,,,Q252391,"Q252391|P8814|""12693773-n"""
47826,4495,set_statement,Done,,,Q252391,"Q252391|P5063|""i103465"""
47826,4496,set_statement,Done,,,Q15399529,"Q15399529|P8814|""12695245-n"""
47826,4497,set_statement,Done,,,Q15399529,"Q15399529|P5063|""i103471"""
47826,4498,set_statement,Done,,,Q2078064,"Q2078064|P8814|""12695446-n"""
47826,4499,set_statement,Done,,,Q2078064,"Q2078064|P5063|""i103472"""
47826,4500,set_statement,Done,,,Q17435084,"Q17435084|P8814|""12695861-n"""
47826,4501,set_statement,Done,,,Q17435084,"Q17435084|P5063|""i103474"""
47826,4502,set_statement,Done,,,Q15395421,"Q15395421|P8814|""12696060-n"""
47826,4503,set_statement,Done,,,Q15395421,"Q15395421|P5063|""i103475"""
47826,4504,set_statement,Done,,,Q16121253,"Q16121253|P8814|""12696276-n"""
47826,4505,set_statement,Done,,,Q16121253,"Q16121253|P5063|""i103476"""
47826,4506,set_statement,Done,,,Q161352,"Q161352|P8814|""12697464-n"""
47826,4507,set_statement,Done,,,Q161352,"Q161352|P5063|""i103482"""
47826,4508,set_statement,Done,,,Q158546,"Q158546|P8814|""12697701-n"""
47826,4509,set_statement,Done,,,Q158546,"Q158546|P5063|""i103483"""
47826,4510,set_statement,Done,,,Q162760,"Q162760|P8814|""12697881-n"""
47826,4511,set_statement,Done,,,Q162760,"Q162760|P5063|""i103484"""
47826,4512,set_statement,Done,,,Q12210846,"Q12210846|P8814|""12699555-n"""
47826,4513,set_statement,Done,,,Q12210846,"Q12210846|P5063|""i103492"""
47826,4514,set_statement,Done,,,Q157276,"Q157276|P8814|""12700354-n"""
47826,4515,set_statement,Done,,,Q157276,"Q157276|P5063|""i103496"""
47826,4516,set_statement,Done,,,Q50877103,"Q50877103|P8814|""12701163-n"""
47826,4517,set_statement,Done,,,Q50877103,"Q50877103|P5063|""i103500"""
47826,4518,set_statement,Done,,,Q17434696,"Q17434696|P8814|""12702137-n"""
47826,4519,set_statement,Done,,,Q17434696,"Q17434696|P5063|""i103504"""
47826,4520,set_statement,Done,,,Q678294,"Q678294|P8814|""12702340-n"""
47826,4521,set_statement,Done,,,Q678294,"Q678294|P5063|""i103505"""
47826,4522,set_statement,Done,,,Q164323,"Q164323|P8814|""12702654-n"""
47826,4523,set_statement,Done,,,Q164323,"Q164323|P5063|""i103507"""
47826,4524,set_statement,Done,,,Q17465474,"Q17465474|P8814|""12703857-n"""
47826,4525,set_statement,Done,,,Q17465474,"Q17465474|P5063|""i103513"""
47826,4526,set_statement,Done,,,Q21877308,"Q21877308|P8814|""12704552-n"""
47826,4527,set_statement,Done,,,Q21877308,"Q21877308|P5063|""i103517"""
47826,4528,set_statement,Done,,,Q2462343,"Q2462343|P8814|""12705140-n"""
47826,4529,set_statement,Done,,,Q2462343,"Q2462343|P5063|""i103520"""
47826,4530,set_statement,Done,,,Q5549871,"Q5549871|P8814|""12706838-n"""
47826,4531,set_statement,Done,,,Q5549871,"Q5549871|P5063|""i103526"""
47826,4532,set_statement,Done,,,Q157585,"Q157585|P8814|""12707035-n"""
47826,4533,set_statement,Done,,,Q157585,"Q157585|P5063|""i103527"""
47826,4534,set_statement,Done,,,Q164306,"Q164306|P8814|""12708223-n"""
47826,4535,set_statement,Done,,,Q164306,"Q164306|P5063|""i103533"""
47826,4536,set_statement,Done,,,Q149880,"Q149880|P8814|""12708948-n"""
47826,4537,set_statement,Done,,,Q149880,"Q149880|P5063|""i103536"""
47826,4538,set_statement,Done,,,Q159800,"Q159800|P8814|""12710066-n"""
47826,4539,set_statement,Done,,,Q159800,"Q159800|P5063|""i103541"""
47826,4540,set_statement,Done,,,Q425661,"Q425661|P8814|""12710252-n"""
47826,4541,set_statement,Done,,,Q425661,"Q425661|P5063|""i103542"""
47826,4542,set_statement,Done,,,Q2367282,"Q2367282|P8814|""12712189-n"""
47826,4543,set_statement,Done,,,Q2367282,"Q2367282|P5063|""i103551"""
47826,4544,set_statement,Done,,,Q50829154,"Q50829154|P8814|""12712785-n"""
47826,4545,set_statement,Done,,,Q50829154,"Q50829154|P5063|""i103554"""
47826,4546,set_statement,Done,,,Q2367334,"Q2367334|P8814|""12712921-n"""
47826,4547,set_statement,Done,,,Q2367334,"Q2367334|P5063|""i103555"""
47826,4548,set_statement,Done,,,Q164609,"Q164609|P8814|""12713475-n"""
47826,4549,set_statement,Done,,,Q164609,"Q164609|P5063|""i103558"""
47826,4550,set_statement,Done,,,Q9063301,"Q9063301|P8814|""12714005-n"""
47826,4551,set_statement,Done,,,Q9063301,"Q9063301|P5063|""i103561"""
47826,4552,set_statement,Done,,,Q15544906,"Q15544906|P8814|""12714113-n"""
47826,4553,set_statement,Done,,,Q15544906,"Q15544906|P5063|""i103562"""
47826,4554,set_statement,Done,,,Q15546527,"Q15546527|P8814|""12716736-n"""
47826,4555,set_statement,Done,,,Q15546527,"Q15546527|P5063|""i103575"""
47826,4556,set_statement,Done,,,Q163004,"Q163004|P8814|""12717913-n"""
47826,4557,set_statement,Done,,,Q163004,"Q163004|P5063|""i103580"""
47826,4558,set_statement,Done,,,Q2229595,"Q2229595|P8814|""12718275-n"""
47826,4559,set_statement,Done,,,Q2229595,"Q2229595|P5063|""i103582"""
47826,4560,set_statement,Done,,,Q286236,"Q286236|P8814|""12718787-n"""
47826,4561,set_statement,Done,,,Q286236,"Q286236|P5063|""i103585"""
47826,4562,set_statement,Done,,,Q1605767,"Q1605767|P8814|""12719358-n"""
47826,4563,set_statement,Done,,,Q1605767,"Q1605767|P5063|""i103588"""
47826,4564,set_statement,Done,,,Q5433092,"Q5433092|P8814|""12719534-n"""
47826,4565,set_statement,Done,,,Q5433092,"Q5433092|P5063|""i103589"""
47826,4566,set_statement,Done,,,Q49437079,"Q49437079|P8814|""12720378-n"""
47826,4567,set_statement,Done,,,Q49437079,"Q49437079|P5063|""i103595"""
47826,4568,set_statement,Done,,,Q17250335,"Q17250335|P8814|""12722884-n"""
47826,4569,set_statement,Done,,,Q17250335,"Q17250335|P5063|""i103609"""
47826,4570,set_statement,Done,,,Q158576,"Q158576|P8814|""12723950-n"""
47826,4571,set_statement,Done,,,Q158576,"Q158576|P5063|""i103613"""
47826,4572,set_statement,Done,,,Q162795,"Q162795|P8814|""12724317-n"""
47826,4573,set_statement,Done,,,Q162795,"Q162795|P5063|""i103615"""
47826,4574,set_statement,Done,,,Q18010135,"Q18010135|P8814|""12724476-n"""
47826,4575,set_statement,Done,,,Q18010135,"Q18010135|P5063|""i103616"""
47826,4576,set_statement,Done,,,Q15577754,"Q15577754|P8814|""12725980-n"""
47826,4577,set_statement,Done,,,Q15577754,"Q15577754|P5063|""i103625"""
47826,4578,set_statement,Done,,,Q17468845,"Q17468845|P8814|""12726218-n"""
47826,4579,set_statement,Done,,,Q17468845,"Q17468845|P5063|""i103626"""
47826,4580,set_statement,Done,,,Q3395566,"Q3395566|P8814|""12726738-n"""
47826,4581,set_statement,Done,,,Q3395566,"Q3395566|P5063|""i103628"""
47826,4582,set_statement,Done,,,Q162905,"Q162905|P8814|""12727170-n"""
47826,4583,set_statement,Done,,,Q162905,"Q162905|P5063|""i103630"""
47826,4584,set_statement,Done,,,Q21004587,"Q21004587|P8814|""12729863-n"""
47826,4585,set_statement,Done,,,Q21004587,"Q21004587|P5063|""i103640"""
47826,4586,set_statement,Done,,,Q41350,"Q41350|P8814|""12730448-n"""
47826,4587,set_statement,Done,,,Q41350,"Q41350|P5063|""i103643"""
47826,4588,set_statement,Done,,,Q67192697,"Q67192697|P8814|""12731677-n"""
47826,4589,set_statement,Done,,,Q67192697,"Q67192697|P5063|""i103649"""
47826,4590,set_statement,Done,,,Q481711,"Q481711|P8814|""12734626-n"""
47826,4591,set_statement,Done,,,Q481711,"Q481711|P5063|""i103664"""
47826,4592,set_statement,Done,,,Q859433,"Q859433|P8814|""12735014-n"""
47826,4593,set_statement,Done,,,Q859433,"Q859433|P5063|""i103666"""
47826,4594,set_statement,Done,,,Q19690498,"Q19690498|P8814|""12737354-n"""
47826,4595,set_statement,Done,,,Q19690498,"Q19690498|P5063|""i103676"""
47826,4596,set_statement,Done,,,Q159570,"Q159570|P8814|""12737984-n"""
47826,4597,set_statement,Done,,,Q159570,"Q159570|P5063|""i103679"""
47826,4598,set_statement,Done,,,Q18076323,"Q18076323|P8814|""12738834-n"""
47826,4599,set_statement,Done,,,Q18076323,"Q18076323|P5063|""i103683"""
47826,4600,set_statement,Done,,,Q5462032,"Q5462032|P8814|""12739243-n"""
47826,4601,set_statement,Done,,,Q5462032,"Q5462032|P5063|""i103685"""
47826,4602,set_statement,Done,,,Q161283,"Q161283|P8814|""12740960-n"""
47826,4603,set_statement,Done,,,Q161283,"Q161283|P5063|""i103693"""
47826,4604,set_statement,Done,,,Q2051175,"Q2051175|P8814|""12742831-n"""
47826,4605,set_statement,Done,,,Q2051175,"Q2051175|P5063|""i103702"""
47826,4606,set_statement,Done,,,Q2248958,"Q2248958|P8814|""12743327-n"""
47826,4607,set_statement,Done,,,Q2248958,"Q2248958|P5063|""i103704"""
47826,4608,set_statement,Done,,,Q965954,"Q965954|P8814|""12743822-n"""
47826,4609,set_statement,Done,,,Q965954,"Q965954|P5063|""i103707"""
47826,4610,set_statement,Done,,,Q17561914,"Q17561914|P8814|""12747662-n"""
47826,4611,set_statement,Done,,,Q17561914,"Q17561914|P5063|""i103722"""
47826,4612,set_statement,Done,,,Q3124760,"Q3124760|P8814|""12747861-n"""
47826,4613,set_statement,Done,,,Q3124760,"Q3124760|P5063|""i103723"""
47826,4614,set_statement,Done,,,Q7404892,"Q7404892|P8814|""12748924-n"""
47826,4615,set_statement,Done,,,Q7404892,"Q7404892|P5063|""i103728"""
47826,4616,set_statement,Done,,,Q3469829,"Q3469829|P8814|""12749268-n"""
47826,4617,set_statement,Done,,,Q3469829,"Q3469829|P5063|""i103730"""
47826,4618,set_statement,Done,,,Q157540,"Q157540|P8814|""12749624-n"""
47826,4619,set_statement,Done,,,Q157540,"Q157540|P5063|""i103732"""
47826,4620,set_statement,Done,,,Q5240848,"Q5240848|P8814|""12749783-n"""
47826,4621,set_statement,Done,,,Q5240848,"Q5240848|P5063|""i103733"""
47826,4622,set_statement,Done,,,Q159412,"Q159412|P8814|""12749924-n"""
47826,4623,set_statement,Done,,,Q159412,"Q159412|P5063|""i103734"""
47826,4624,set_statement,Done,,,Q469220,"Q469220|P8814|""12750075-n"""
47826,4625,set_statement,Done,,,Q469220,"Q469220|P5063|""i103735"""
47826,4626,set_statement,Done,,,Q158912,"Q158912|P8814|""12750281-n"""
47826,4627,set_statement,Done,,,Q158912,"Q158912|P5063|""i103736"""
47826,4628,set_statement,Done,,,Q39708,"Q39708|P8814|""12750489-n"""
47826,4629,set_statement,Done,,,Q39708,"Q39708|P5063|""i103737"""
47826,4630,set_statement,Done,,,Q805516,"Q805516|P8814|""12750710-n"""
47826,4631,set_statement,Done,,,Q805516,"Q805516|P5063|""i103738"""
47826,4632,set_statement,Done,,,Q17562974,"Q17562974|P8814|""12751536-n"""
47826,4633,set_statement,Done,,,Q17562974,"Q17562974|P5063|""i103742"""
47826,4634,set_statement,Done,,,Q147064,"Q147064|P8814|""12753251-n"""
47826,4635,set_statement,Done,,,Q147064,"Q147064|P5063|""i103750"""
47826,4636,set_statement,Done,,,Q149319,"Q149319|P8814|""12753726-n"""
47826,4637,set_statement,Done,,,Q149319,"Q149319|P5063|""i103753"""
47826,4638,set_statement,Done,,,Q149382,"Q149382|P8814|""12753978-n"""
47826,4639,set_statement,Done,,,Q149382,"Q149382|P5063|""i103754"""
47826,4640,set_statement,Done,,,Q469576,"Q469576|P8814|""12754830-n"""
47826,4641,set_statement,Done,,,Q469576,"Q469576|P5063|""i103758"""
47826,4642,set_statement,Done,,,Q1536353,"Q1536353|P8814|""12754975-n"""
47826,4643,set_statement,Done,,,Q1536353,"Q1536353|P5063|""i103759"""
47826,4644,set_statement,Done,,,Q210858,"Q210858|P8814|""12755920-n"""
47826,4645,set_statement,Done,,,Q210858,"Q210858|P5063|""i103763"""
47826,4646,set_statement,Done,,,Q87643137,"Q87643137|P8814|""12757363-n"""
47826,4647,set_statement,Done,,,Q87643137,"Q87643137|P5063|""i103770"""
47826,4648,set_statement,Done,,,Q18076760,"Q18076760|P8814|""12757759-n"""
47826,4649,set_statement,Done,,,Q18076760,"Q18076760|P5063|""i103772"""
47826,4650,set_statement,Done,,,Q164391,"Q164391|P8814|""12758658-n"""
47826,4651,set_statement,Done,,,Q164391,"Q164391|P5063|""i103776"""
47826,4652,set_statement,Done,,,Q15379241,"Q15379241|P8814|""12759019-n"""
47826,4653,set_statement,Done,,,Q15379241,"Q15379241|P5063|""i103778"""
47826,4654,set_statement,Done,,,Q15392705,"Q15392705|P8814|""12760726-n"""
47826,4655,set_statement,Done,,,Q15392705,"Q15392705|P5063|""i103786"""
47826,4656,set_statement,Done,,,Q22112311,"Q22112311|P8814|""12762346-n"""
47826,4657,set_statement,Done,,,Q22112311,"Q22112311|P5063|""i103793"""
47826,4658,set_statement,Done,,,Q15547168,"Q15547168|P8814|""12763638-n"""
47826,4659,set_statement,Done,,,Q15547168,"Q15547168|P5063|""i103799"""
47826,4660,set_statement,Done,,,Q10888557,"Q10888557|P8814|""12764736-n"""
47826,4661,set_statement,Done,,,Q10888557,"Q10888557|P5063|""i103805"""
47826,4662,set_statement,Done,,,Q50849806,"Q50849806|P8814|""12766324-n"""
47826,4663,set_statement,Done,,,Q50849806,"Q50849806|P5063|""i103813"""
47826,4664,set_statement,Done,,,Q27344,"Q27344|P8814|""12767013-n"""
47826,4665,set_statement,Done,,,Q27344,"Q27344|P5063|""i103817"""
47826,4666,set_statement,Done,,,Q160280,"Q160280|P8814|""12767880-n"""
47826,4667,set_statement,Done,,,Q160280,"Q160280|P5063|""i103821"""
47826,4668,set_statement,Done,,,Q159315,"Q159315|P8814|""12768131-n"""
47826,4669,set_statement,Done,,,Q159315,"Q159315|P5063|""i103822"""
47826,4670,set_statement,Done,,,Q161379,"Q161379|P8814|""12770049-n"""
47826,4671,set_statement,Done,,,Q161379,"Q161379|P5063|""i103830"""
47826,4672,set_statement,Done,,,Q4117758,"Q4117758|P8814|""12770612-n"""
47826,4673,set_statement,Done,,,Q4117758,"Q4117758|P5063|""i103833"""
47826,4674,set_statement,Done,,,Q132989,"Q132989|P8814|""12771066-n"""
47826,4675,set_statement,Done,,,Q132989,"Q132989|P5063|""i103835"""
47826,4676,set_statement,Done,,,Q140549,"Q140549|P8814|""12771527-n"""
47826,4677,set_statement,Done,,,Q140549,"Q140549|P5063|""i103837"""
47826,4678,set_statement,Done,,,Q599523,"Q599523|P8814|""12774763-n"""
47826,4679,set_statement,Done,,,Q599523,"Q599523|P5063|""i103852"""
47826,4680,set_statement,Done,,,Q540650,"Q540650|P8814|""12774934-n"""
47826,4681,set_statement,Done,,,Q540650,"Q540650|P5063|""i103853"""
47826,4682,set_statement,Done,,,Q158785,"Q158785|P8814|""12775408-n"""
47826,4683,set_statement,Done,,,Q158785,"Q158785|P5063|""i103856"""
47826,4684,set_statement,Done,,,Q26745,"Q26745|P8814|""12775541-n"""
47826,4685,set_statement,Done,,,Q26745,"Q26745|P5063|""i103857"""
47826,4686,set_statement,Done,,,Q357629,"Q357629|P8814|""12776319-n"""
47826,4687,set_statement,Done,,,Q357629,"Q357629|P5063|""i103861"""
47826,4688,set_statement,Done,,,Q149269,"Q149269|P8814|""12776487-n"""
47826,4689,set_statement,Done,,,Q149269,"Q149269|P5063|""i103862"""
47826,4690,set_statement,Done,,,Q1074050,"Q1074050|P8814|""12777875-n"""
47826,4691,set_statement,Done,,,Q1074050,"Q1074050|P5063|""i103868"""
47826,4692,set_statement,Done,,,Q5997676,"Q5997676|P8814|""12778218-n"""
47826,4693,set_statement,Done,,,Q5997676,"Q5997676|P5063|""i103870"""
47826,4694,set_statement,Done,,,Q34007,"Q34007|P8814|""12780033-n"""
47826,4695,set_statement,Done,,,Q34007,"Q34007|P5063|""i103884"""
47826,4696,set_statement,Done,,,Q15544644,"Q15544644|P8814|""12781635-n"""
47826,4697,set_statement,Done,,,Q15544644,"Q15544644|P5063|""i103892"""
47826,4698,set_statement,Done,,,Q3919027,"Q3919027|P8814|""12782044-n"""
47826,4699,set_statement,Done,,,Q3919027,"Q3919027|P5063|""i103894"""
47826,4700,set_statement,Done,,,Q7321221,"Q7321221|P8814|""12783165-n"""
47826,4701,set_statement,Done,,,Q7321221,"Q7321221|P5063|""i103900"""
47826,4702,set_statement,Done,,,Q148986,"Q148986|P8814|""12784962-n"""
47826,4703,set_statement,Done,,,Q148986,"Q148986|P5063|""i103908"""
47826,4704,set_statement,Done,,,Q899313,"Q899313|P8814|""12785738-n"""
47826,4705,set_statement,Done,,,Q899313,"Q899313|P5063|""i103911"""
47826,4706,set_statement,Done,,,Q855896,"Q855896|P8814|""12785875-n"""
47826,4707,set_statement,Done,,,Q855896,"Q855896|P5063|""i103912"""
47826,4708,set_statement,Done,,,Q1424396,"Q1424396|P8814|""12786803-n"""
47826,4709,set_statement,Done,,,Q1424396,"Q1424396|P5063|""i103916"""
47826,4710,set_statement,Done,,,Q7002291,"Q7002291|P8814|""12787355-n"""
47826,4711,set_statement,Done,,,Q7002291,"Q7002291|P5063|""i103918"""
47826,4712,set_statement,Done,,,Q7218532,"Q7218532|P8814|""12787629-n"""
47826,4713,set_statement,Done,,,Q7218532,"Q7218532|P5063|""i103919"""
47826,4714,set_statement,Done,,,Q15525575,"Q15525575|P8814|""12788183-n"""
47826,4715,set_statement,Done,,,Q15525575,"Q15525575|P5063|""i103921"""
47826,4716,set_statement,Done,,,Q28933284,"Q28933284|P8814|""12788408-n"""
47826,4717,set_statement,Done,,,Q28933284,"Q28933284|P5063|""i103922"""
47826,4718,set_statement,Done,,,Q26899,"Q26899|P8814|""12789129-n"""
47826,4719,set_statement,Done,,,Q26899,"Q26899|P5063|""i103925"""
47826,4720,set_statement,Done,,,Q5279626,"Q5279626|P8814|""12791289-n"""
47826,4721,set_statement,Done,,,Q5279626,"Q5279626|P5063|""i103937"""
47826,4722,set_statement,Done,,,Q15340072,"Q15340072|P8814|""12791652-n"""
47826,4723,set_statement,Done,,,Q15340072,"Q15340072|P5063|""i103939"""
47826,4724,set_statement,Done,,,Q158356,"Q158356|P8814|""12792357-n"""
47826,4725,set_statement,Done,,,Q158356,"Q158356|P5063|""i103943"""
47826,4726,set_statement,Done,,,Q771101,"Q771101|P8814|""12792650-n"""
47826,4727,set_statement,Done,,,Q771101,"Q771101|P5063|""i103944"""
47826,4728,set_statement,Done,,,Q59922235,"Q59922235|P8814|""12793668-n"""
47826,4729,set_statement,Done,,,Q59922235,"Q59922235|P5063|""i103949"""
47826,4730,set_statement,Done,,,Q85194128,"Q85194128|P8814|""12793902-n"""
47826,4731,set_statement,Done,,,Q85194128,"Q85194128|P5063|""i103950"""
47826,4732,set_statement,Done,,,Q160029,"Q160029|P8814|""12795830-n"""
47826,4733,set_statement,Done,,,Q160029,"Q160029|P5063|""i103960"""
47826,4734,set_statement,Done,,,Q3125935,"Q3125935|P8814|""12799158-n"""
47826,4735,set_statement,Done,,,Q3125935,"Q3125935|P5063|""i103979"""
47826,4736,set_statement,Done,,,Q1927560,"Q1927560|P8814|""12800611-n"""
47826,4737,set_statement,Done,,,Q1927560,"Q1927560|P5063|""i103985"""
47826,4738,set_statement,Done,,,Q1499289,"Q1499289|P8814|""12801323-n"""
47826,4739,set_statement,Done,,,Q1499289,"Q1499289|P5063|""i103988"""
47826,4740,set_statement,Done,,,Q1138945,"Q1138945|P8814|""12801767-n"""
47826,4741,set_statement,Done,,,Q1138945,"Q1138945|P5063|""i103990"""
47826,4742,set_statement,Done,,,Q736307,"Q736307|P8814|""12804490-n"""
47826,4743,set_statement,Done,,,Q736307,"Q736307|P5063|""i104004"""
47826,4744,set_statement,Done,,,Q140898,"Q140898|P8814|""12805649-n"""
47826,4745,set_statement,Done,,,Q140898,"Q140898|P5063|""i104010"""
47826,4746,set_statement,Done,,,Q50862450,"Q50862450|P8814|""12807033-n"""
47826,4747,set_statement,Done,,,Q50862450,"Q50862450|P5063|""i104017"""
47826,4748,set_statement,Done,,,Q511569,"Q511569|P8814|""12807596-n"""
47826,4749,set_statement,Done,,,Q511569,"Q511569|P5063|""i104020"""
47826,4750,set_statement,Done,,,Q2946376,"Q2946376|P8814|""12808124-n"""
47826,4751,set_statement,Done,,,Q2946376,"Q2946376|P5063|""i104023"""
47826,4752,set_statement,Done,,,Q148137,"Q148137|P8814|""12809247-n"""
47826,4753,set_statement,Done,,,Q148137,"Q148137|P5063|""i104027"""
47826,4754,set_statement,Done,,,Q158443,"Q158443|P8814|""12809814-n"""
47826,4755,set_statement,Done,,,Q158443,"Q158443|P5063|""i104030"""
47826,4756,set_statement,Done,,,Q159332,"Q159332|P8814|""12809986-n"""
47826,4757,set_statement,Done,,,Q159332,"Q159332|P5063|""i104031"""
47826,4758,set_statement,Done,,,Q133867,"Q133867|P8814|""12814254-n"""
47826,4759,set_statement,Done,,,Q133867,"Q133867|P5063|""i104048"""
47826,4760,set_statement,Done,,,Q5397333,"Q5397333|P8814|""12814455-n"""
47826,4761,set_statement,Done,,,Q5397333,"Q5397333|P5063|""i104049"""
47826,4762,set_statement,Done,,,Q39924421,"Q39924421|P8814|""12814646-n"""
47826,4763,set_statement,Done,,,Q39924421,"Q39924421|P5063|""i104050"""
47826,4764,set_statement,Done,,,Q159002,"Q159002|P8814|""12815328-n"""
47826,4765,set_statement,Done,,,Q159002,"Q159002|P5063|""i104053"""
47826,4766,set_statement,Done,,,Q15605463,"Q15605463|P8814|""12815969-n"""
47826,4767,set_statement,Done,,,Q15605463,"Q15605463|P5063|""i104056"""
47826,4768,set_statement,Done,,,Q15604950,"Q15604950|P8814|""12817785-n"""
47826,4769,set_statement,Done,,,Q15604950,"Q15604950|P5063|""i104065"""
47826,4770,set_statement,Done,,,Q1537045,"Q1537045|P8814|""12818128-n"""
47826,4771,set_statement,Done,,,Q1537045,"Q1537045|P5063|""i104067"""
47826,4772,set_statement,Done,,,Q17780590,"Q17780590|P8814|""12819392-n"""
47826,4773,set_statement,Done,,,Q17780590,"Q17780590|P5063|""i104073"""
47826,4774,set_statement,Done,,,Q12332586,"Q12332586|P8814|""12819670-n"""
47826,4775,set_statement,Done,,,Q12332586,"Q12332586|P5063|""i104074"""
47826,4776,set_statement,Done,,,Q6648091,"Q6648091|P8814|""12820536-n"""
47826,4777,set_statement,Done,,,Q6648091,"Q6648091|P5063|""i104078"""
47826,4778,set_statement,Done,,,Q7139267,"Q7139267|P8814|""12822726-n"""
47826,4779,set_statement,Done,,,Q7139267,"Q7139267|P5063|""i104087"""
47826,4780,set_statement,Done,,,Q847750,"Q847750|P8814|""12823986-n"""
47826,4781,set_statement,Done,,,Q847750,"Q847750|P5063|""i104092"""
47826,4782,set_statement,Done,,,Q11891603,"Q11891603|P8814|""12824514-n"""
47826,4783,set_statement,Done,,,Q11891603,"Q11891603|P5063|""i104094"""
47826,4784,set_statement,Done,,,Q110570693,"Q110570693|P8814|""12824718-n"""
47826,4785,set_statement,Done,,,Q110570693,"Q110570693|P5063|""i104095"""
47826,4786,set_statement,Done,,,Q1422351,"Q1422351|P8814|""12825112-n"""
47826,4787,set_statement,Done,,,Q1422351,"Q1422351|P5063|""i104097"""
47826,4788,set_statement,Done,,,Q15441838,"Q15441838|P8814|""12826522-n"""
47826,4789,set_statement,Done,,,Q15441838,"Q15441838|P5063|""i104103"""
47826,4790,set_statement,Done,,,Q161105,"Q161105|P8814|""12828384-n"""
47826,4791,set_statement,Done,,,Q161105,"Q161105|P5063|""i104112"""
47826,4792,set_statement,Done,,,Q164301,"Q164301|P8814|""12828533-n"""
47826,4793,set_statement,Done,,,Q164301,"Q164301|P5063|""i104113"""
47826,4794,set_statement,Done,,,Q4115345,"Q4115345|P8814|""12828767-n"""
47826,4795,set_statement,Done,,,Q4115345,"Q4115345|P5063|""i104114"""
47826,4796,set_statement,Done,,,Q1796649,"Q1796649|P8814|""12830767-n"""
47826,4797,set_statement,Done,,,Q1796649,"Q1796649|P5063|""i104122"""
47826,4798,set_statement,Done,,,Q136648,"Q136648|P8814|""12833238-n"""
47826,4799,set_statement,Done,,,Q136648,"Q136648|P5063|""i104134"""
47826,4800,set_statement,Done,,,Q2649413,"Q2649413|P8814|""12833561-n"""
47826,4801,set_statement,Done,,,Q2649413,"Q2649413|P5063|""i104136"""
47826,4802,set_statement,Done,,,Q214542,"Q214542|P8814|""12836428-n"""
47826,4803,set_statement,Done,,,Q214542,"Q214542|P5063|""i104151"""
47826,4804,set_statement,Done,,,Q21083612,"Q21083612|P8814|""12837702-n"""
47826,4805,set_statement,Done,,,Q21083612,"Q21083612|P5063|""i104157"""
47826,4806,set_statement,Done,,,Q15574107,"Q15574107|P8814|""12838615-n"""
47826,4807,set_statement,Done,,,Q15574107,"Q15574107|P5063|""i104162"""
47826,4808,set_statement,Done,,,Q21244137,"Q21244137|P8814|""12838764-n"""
47826,4809,set_statement,Done,,,Q21244137,"Q21244137|P5063|""i104163"""
47826,4810,set_statement,Done,,,Q3303753,"Q3303753|P8814|""12839106-n"""
47826,4811,set_statement,Done,,,Q3303753,"Q3303753|P5063|""i104165"""
47826,4812,set_statement,Done,,,Q15290191,"Q15290191|P8814|""12839361-n"""
47826,4813,set_statement,Done,,,Q15290191,"Q15290191|P5063|""i104166"""
47826,4814,set_statement,Done,,,Q381584,"Q381584|P8814|""12839901-n"""
47826,4815,set_statement,Done,,,Q381584,"Q381584|P5063|""i104169"""
47826,4816,set_statement,Done,,,Q515267,"Q515267|P8814|""12841429-n"""
47826,4817,set_statement,Done,,,Q515267,"Q515267|P5063|""i104177"""
47826,4818,set_statement,Done,,,Q6648182,"Q6648182|P8814|""12841808-n"""
47826,4819,set_statement,Done,,,Q6648182,"Q6648182|P5063|""i104179"""
47826,4820,set_statement,Done,,,Q12901028,"Q12901028|P8814|""12842265-n"""
47826,4821,set_statement,Done,,,Q12901028,"Q12901028|P5063|""i104181"""
47826,4822,set_statement,Done,,,Q149464,"Q149464|P8814|""12842655-n"""
47826,4823,set_statement,Done,,,Q149464,"Q149464|P5063|""i104183"""
47826,4824,set_statement,Done,,,Q310388,"Q310388|P8814|""12845049-n"""
47826,4825,set_statement,Done,,,Q310388,"Q310388|P5063|""i104195"""
47826,4826,set_statement,Done,,,Q1547364,"Q1547364|P8814|""12846481-n"""
47826,4827,set_statement,Done,,,Q1547364,"Q1547364|P5063|""i104203"""
47826,4828,set_statement,Done,,,Q17464870,"Q17464870|P8814|""12846903-n"""
47826,4829,set_statement,Done,,,Q17464870,"Q17464870|P5063|""i104205"""
47826,4830,set_statement,Done,,,Q159698,"Q159698|P8814|""12847828-n"""
47826,4831,set_statement,Done,,,Q159698,"Q159698|P5063|""i104209"""
47826,4832,set_statement,Done,,,Q133294,"Q133294|P8814|""12848297-n"""
47826,4833,set_statement,Done,,,Q133294,"Q133294|P5063|""i104211"""
47826,4834,set_statement,Done,,,Q15484739,"Q15484739|P8814|""12849280-n"""
47826,4835,set_statement,Done,,,Q15484739,"Q15484739|P5063|""i104216"""
47826,4836,set_statement,Done,,,Q110703232,"Q110703232|P8814|""12849737-n"""
47826,4837,set_statement,Done,,,Q110703232,"Q110703232|P5063|""i104219"""
47826,4838,set_statement,Done,,,Q17683027,"Q17683027|P8814|""12851901-n"""
47826,4839,set_statement,Done,,,Q17683027,"Q17683027|P5063|""i104230"""
47826,4840,set_statement,Done,,,Q5572270,"Q5572270|P8814|""12853298-n"""
47826,4841,set_statement,Done,,,Q5572270,"Q5572270|P5063|""i104237"""
47826,4842,set_statement,Done,,,Q163267,"Q163267|P8814|""12854286-n"""
47826,4843,set_statement,Done,,,Q163267,"Q163267|P5063|""i104243"""
47826,4844,set_statement,Done,,,Q5955321,"Q5955321|P8814|""12855698-n"""
47826,4845,set_statement,Done,,,Q5955321,"Q5955321|P5063|""i104250"""
47826,4846,set_statement,Done,,,Q3056647,"Q3056647|P8814|""12856526-n"""
47826,4847,set_statement,Done,,,Q3056647,"Q3056647|P5063|""i104254"""
47826,4848,set_statement,Done,,,Q4838435,"Q4838435|P8814|""12857097-n"""
47826,4849,set_statement,Done,,,Q4838435,"Q4838435|P5063|""i104257"""
47826,4850,set_statement,Done,,,Q10860459,"Q10860459|P8814|""12857268-n"""
47826,4851,set_statement,Done,,,Q10860459,"Q10860459|P5063|""i104258"""
47826,4852,set_statement,Done,,,Q428718,"Q428718|P8814|""12858019-n"""
47826,4853,set_statement,Done,,,Q428718,"Q428718|P5063|""i104262"""
47826,4854,set_statement,Done,,,Q7187098,"Q7187098|P8814|""12858563-n"""
47826,4855,set_statement,Done,,,Q7187098,"Q7187098|P5063|""i104265"""
47826,4856,set_statement,Done,,,Q157947,"Q157947|P8814|""12860334-n"""
47826,4857,set_statement,Done,,,Q157947,"Q157947|P5063|""i104269"""
47826,4858,set_statement,Done,,,Q15339634,"Q15339634|P8814|""12860928-n"""
47826,4859,set_statement,Done,,,Q15339634,"Q15339634|P5063|""i104272"""
47826,4860,set_statement,Done,,,Q1897366,"Q1897366|P8814|""12861262-n"""
47826,4861,set_statement,Done,,,Q1897366,"Q1897366|P5063|""i104274"""
47826,4862,set_statement,Done,,,Q157249,"Q157249|P8814|""12861767-n"""
47826,4863,set_statement,Done,,,Q157249,"Q157249|P5063|""i104277"""
47826,4864,set_statement,Done,,,Q159714,"Q159714|P8814|""12862114-n"""
47826,4865,set_statement,Done,,,Q159714,"Q159714|P5063|""i104279"""
47826,4866,set_statement,Done,,,Q157878,"Q157878|P8814|""12862632-n"""
47826,4867,set_statement,Done,,,Q157878,"Q157878|P5063|""i104282"""
47826,4868,set_statement,Done,,,Q4926162,"Q4926162|P8814|""12863279-n"""
47826,4869,set_statement,Done,,,Q4926162,"Q4926162|P5063|""i104285"""
47826,4870,set_statement,Done,,,Q2629469,"Q2629469|P8814|""12864076-n"""
47826,4871,set_statement,Done,,,Q2629469,"Q2629469|P5063|""i104290"""
47826,4872,set_statement,Done,,,Q164271,"Q164271|P8814|""12864317-n"""
47826,4873,set_statement,Done,,,Q164271,"Q164271|P5063|""i104291"""
47826,4874,set_statement,Done,,,Q163952,"Q163952|P8814|""12864730-n"""
47826,4875,set_statement,Done,,,Q163952,"Q163952|P5063|""i104293"""
47826,4876,set_statement,Done,,,Q50838949,"Q50838949|P8814|""12866173-n"""
47826,4877,set_statement,Done,,,Q50838949,"Q50838949|P5063|""i104299"""
47826,4878,set_statement,Done,,,Q5162656,"Q5162656|P8814|""12866668-n"""
47826,4879,set_statement,Done,,,Q5162656,"Q5162656|P5063|""i104301"""
47826,4880,set_statement,Done,,,Q157684,"Q157684|P8814|""12867768-n"""
47826,4881,set_statement,Done,,,Q157684,"Q157684|P5063|""i104307"""
47826,4882,set_statement,Done,,,Q137931,"Q137931|P8814|""12869259-n"""
47826,4883,set_statement,Done,,,Q137931,"Q137931|P5063|""i104314"""
47826,4884,set_statement,Done,,,Q157626,"Q157626|P8814|""12870039-n"""
47826,4885,set_statement,Done,,,Q157626,"Q157626|P5063|""i104318"""
47826,4886,set_statement,Done,,,Q1342976,"Q1342976|P8814|""12870928-n"""
47826,4887,set_statement,Done,,,Q1342976,"Q1342976|P5063|""i104323"""
47826,4888,set_statement,Done,,,Q104996230,"Q104996230|P8814|""12871854-n"""
47826,4889,set_statement,Done,,,Q104996230,"Q104996230|P5063|""i104328"""
47826,4890,set_statement,Done,,,Q6527334,"Q6527334|P8814|""12872620-n"""
47826,4891,set_statement,Done,,,Q6527334,"Q6527334|P5063|""i104332"""
47826,4892,set_statement,Done,,,Q1227336,"Q1227336|P8814|""12874466-n"""
47826,4893,set_statement,Done,,,Q1227336,"Q1227336|P5063|""i104342"""
47826,4894,set_statement,Done,,,Q157631,"Q157631|P8814|""12874953-n"""
47826,4895,set_statement,Done,,,Q157631,"Q157631|P5063|""i104345"""
47826,4896,set_statement,Done,,,Q160585,"Q160585|P8814|""12876125-n"""
47826,4897,set_statement,Done,,,Q160585,"Q160585|P5063|""i104350"""
47826,4898,set_statement,Done,,,Q161232,"Q161232|P8814|""12876254-n"""
47826,4899,set_statement,Done,,,Q161232,"Q161232|P5063|""i104351"""
47826,4900,set_statement,Done,,,Q102165594,"Q102165594|P8814|""12876851-n"""
47826,4901,set_statement,Done,,,Q102165594,"Q102165594|P5063|""i104354"""
47826,4902,set_statement,Done,,,Q110069657,"Q110069657|P8814|""12877964-n"""
47826,4903,set_statement,Done,,,Q110069657,"Q110069657|P5063|""i104360"""
47826,4904,set_statement,Done,,,Q15342450,"Q15342450|P8814|""12878216-n"""
47826,4905,set_statement,Done,,,Q15342450,"Q15342450|P5063|""i104361"""
47826,4906,set_statement,Done,,,Q1760733,"Q1760733|P8814|""12879378-n"""
47826,4907,set_statement,Done,,,Q1760733,"Q1760733|P5063|""i104367"""
47826,4908,set_statement,Done,,,Q15342522,"Q15342522|P8814|""12880032-n"""
47826,4909,set_statement,Done,,,Q15342522,"Q15342522|P5063|""i104371"""
47826,4910,set_statement,Done,,,Q1322796,"Q1322796|P8814|""12882301-n"""
47826,4911,set_statement,Done,,,Q1322796,"Q1322796|P5063|""i104383"""
47826,4912,set_statement,Done,,,Q7262902,"Q7262902|P8814|""12884579-n"""
47826,4913,set_statement,Done,,,Q7262902,"Q7262902|P5063|""i104395"""
47826,4914,set_statement,Done,,,Q122679,"Q122679|P8814|""12884920-n"""
47826,4915,set_statement,Done,,,Q122679,"Q122679|P5063|""i104397"""
47826,4916,set_statement,Done,,,Q7406901,"Q7406901|P8814|""12887093-n"""
47826,4917,set_statement,Done,,,Q7406901,"Q7406901|P5063|""i104409"""
47826,4918,set_statement,Done,,,Q320584,"Q320584|P8814|""12887219-n"""
47826,4919,set_statement,Done,,,Q320584,"Q320584|P5063|""i104410"""
47826,4920,set_statement,Done,,,Q157283,"Q157283|P8814|""12887944-n"""
47826,4921,set_statement,Done,,,Q157283,"Q157283|P5063|""i104414"""
47826,4922,set_statement,Done,,,Q160186,"Q160186|P8814|""12888209-n"""
47826,4923,set_statement,Done,,,Q160186,"Q160186|P5063|""i104415"""
47826,4924,set_statement,Done,,,Q15370692,"Q15370692|P8814|""12890428-n"""
47826,4925,set_statement,Done,,,Q15370692,"Q15370692|P5063|""i104426"""
47826,4926,set_statement,Done,,,Q2701046,"Q2701046|P8814|""12890808-n"""
47826,4927,set_statement,Done,,,Q2701046,"Q2701046|P5063|""i104428"""
47826,4928,set_statement,Done,,,Q148668,"Q148668|P8814|""12891442-n"""
47826,4929,set_statement,Done,,,Q148668,"Q148668|P5063|""i104432"""
47826,4930,set_statement,Done,,,Q147251,"Q147251|P8814|""12891651-n"""
47826,4931,set_statement,Done,,,Q147251,"Q147251|P5063|""i104433"""
47826,4932,set_statement,Done,,,Q7841022,"Q7841022|P8814|""12892456-n"""
47826,4933,set_statement,Done,,,Q7841022,"Q7841022|P5063|""i104437"""
47826,4934,set_statement,Done,,,Q2111569,"Q2111569|P8814|""12896029-n"""
47826,4935,set_statement,Done,,,Q2111569,"Q2111569|P5063|""i104454"""
47826,4936,set_statement,Done,,,Q112115808,"Q112115808|P8814|""12896457-n"""
47826,4937,set_statement,Done,,,Q112115808,"Q112115808|P5063|""i104456"""
47826,4938,set_statement,Done,,,Q65946234,"Q65946234|P8814|""12896621-n"""
47826,4939,set_statement,Done,,,Q65946234,"Q65946234|P5063|""i104457"""
47826,4940,set_statement,Done,,,Q15349558,"Q15349558|P8814|""12899085-n"""
47826,4941,set_statement,Done,,,Q15349558,"Q15349558|P5063|""i104468"""
47826,4942,set_statement,Done,,,Q15347219,"Q15347219|P8814|""12899544-n"""
47826,4943,set_statement,Done,,,Q15347219,"Q15347219|P5063|""i104470"""
47826,4944,set_statement,Done,,,Q15344264,"Q15344264|P8814|""12899828-n"""
47826,4945,set_statement,Done,,,Q15344264,"Q15344264|P5063|""i104471"""
47826,4946,set_statement,Done,,,Q15348639,"Q15348639|P8814|""12901559-n"""
47826,4947,set_statement,Done,,,Q15348639,"Q15348639|P5063|""i104479"""
47826,4948,set_statement,Done,,,Q5147432,"Q5147432|P8814|""12902391-n"""
47826,4949,set_statement,Done,,,Q5147432,"Q5147432|P5063|""i104483"""
47826,4950,set_statement,Done,,,Q5147442,"Q5147442|P8814|""12902918-n"""
47826,4951,set_statement,Done,,,Q5147442,"Q5147442|P5063|""i104485"""
47826,4952,set_statement,Done,,,Q50844254,"Q50844254|P8814|""12904860-n"""
47826,4953,set_statement,Done,,,Q50844254,"Q50844254|P5063|""i104495"""
47826,4954,set_statement,Done,,,Q157078,"Q157078|P8814|""12905020-n"""
47826,4955,set_statement,Done,,,Q157078,"Q157078|P5063|""i104496"""
47826,4956,set_statement,Done,,,Q7164841,"Q7164841|P8814|""12906025-n"""
47826,4957,set_statement,Done,,,Q7164841,"Q7164841|P5063|""i104499"""
47826,4958,set_statement,Done,,,Q17739470,"Q17739470|P8814|""12906514-n"""
47826,4959,set_statement,Done,,,Q17739470,"Q17739470|P5063|""i104501"""
47826,4960,set_statement,Done,,,Q17514283,"Q17514283|P8814|""12906716-n"""
47826,4961,set_statement,Done,,,Q17514283,"Q17514283|P5063|""i104502"""
47826,4962,set_statement,Done,,,Q3374845,"Q3374845|P8814|""12907162-n"""
47826,4963,set_statement,Done,,,Q3374845,"Q3374845|P5063|""i104504"""
47826,4964,set_statement,Done,,,Q15352492,"Q15352492|P8814|""12907360-n"""
47826,4965,set_statement,Done,,,Q15352492,"Q15352492|P5063|""i104505"""
47826,4966,set_statement,Done,,,Q7164872,"Q7164872|P8814|""12907825-n"""
47826,4967,set_statement,Done,,,Q7164872,"Q7164872|P5063|""i104507"""
47826,4968,set_statement,Done,,,Q2716749,"Q2716749|P8814|""12908053-n"""
47826,4969,set_statement,Done,,,Q2716749,"Q2716749|P5063|""i104508"""
47826,4970,set_statement,Done,,,Q7164874,"Q7164874|P8814|""12908292-n"""
47826,4971,set_statement,Done,,,Q7164874,"Q7164874|P5063|""i104509"""
47826,4972,set_statement,Done,,,Q17739134,"Q17739134|P8814|""12908776-n"""
47826,4973,set_statement,Done,,,Q17739134,"Q17739134|P5063|""i104511"""
47826,4974,set_statement,Done,,,Q17514290,"Q17514290|P8814|""12908994-n"""
47826,4975,set_statement,Done,,,Q17514290,"Q17514290|P5063|""i104512"""
47826,4976,set_statement,Done,,,Q17741157,"Q17741157|P8814|""12909217-n"""
47826,4977,set_statement,Done,,,Q17741157,"Q17741157|P5063|""i104513"""
47826,4978,set_statement,Done,,,Q159450,"Q159450|P8814|""12909979-n"""
47826,4979,set_statement,Done,,,Q159450,"Q159450|P5063|""i104516"""
47826,4980,set_statement,Done,,,Q158889,"Q158889|P8814|""12910172-n"""
47826,4981,set_statement,Done,,,Q158889,"Q158889|P5063|""i104517"""
47826,4982,set_statement,Done,,,Q159104,"Q159104|P8814|""12910339-n"""
47826,4983,set_statement,Done,,,Q159104,"Q159104|P5063|""i104518"""
47826,4984,set_statement,Done,,,Q159120,"Q159120|P8814|""12911250-n"""
47826,4985,set_statement,Done,,,Q159120,"Q159120|P5063|""i104522"""
47826,4986,set_statement,Done,,,Q157903,"Q157903|P8814|""12911688-n"""
47826,4987,set_statement,Done,,,Q157903,"Q157903|P5063|""i104524"""
47826,4988,set_statement,Done,,,Q157343,"Q157343|P8814|""12912065-n"""
47826,4989,set_statement,Done,,,Q157343,"Q157343|P5063|""i104526"""
47826,4990,set_statement,Done,,,Q15373683,"Q15373683|P8814|""12912229-n"""
47826,4991,set_statement,Done,,,Q15373683,"Q15373683|P5063|""i104527"""
47826,4992,set_statement,Done,,,Q159724,"Q159724|P8814|""12912773-n"""
47826,4993,set_statement,Done,,,Q159724,"Q159724|P5063|""i104530"""
47826,4994,set_statement,Done,,,Q1044376,"Q1044376|P8814|""12914753-n"""
47826,4995,set_statement,Done,,,Q1044376,"Q1044376|P5063|""i104535"""
47826,4996,set_statement,Done,,,Q145597,"Q145597|P8814|""12915007-n"""
47826,4997,set_statement,Done,,,Q145597,"Q145597|P5063|""i104536"""
47826,4998,set_statement,Done,,,Q3489179,"Q3489179|P8814|""12915198-n"""
47826,4999,set_statement,Done,,,Q3489179,"Q3489179|P5063|""i104537"""
47826,5000,set_statement,Done,,,Q2716800,"Q2716800|P8814|""12915690-n"""
47826,5001,set_statement,Done,,,Q2716800,"Q2716800|P5063|""i104539"""
47826,5002,set_statement,Done,,,Q15535391,"Q15535391|P8814|""12916058-n"""
47826,5003,set_statement,Done,,,Q15535391,"Q15535391|P5063|""i104540"""
47826,5004,set_statement,Done,,,Q1475749,"Q1475749|P8814|""12917622-n"""
47826,5005,set_statement,Done,,,Q1475749,"Q1475749|P5063|""i104546"""
47826,5006,set_statement,Done,,,Q1764686,"Q1764686|P8814|""12918548-n"""
47826,5007,set_statement,Done,,,Q1764686,"Q1764686|P5063|""i104550"""
47826,5008,set_statement,Done,,,Q3489192,"Q3489192|P8814|""12918759-n"""
47826,5009,set_statement,Done,,,Q3489192,"Q3489192|P5063|""i104551"""
47826,5010,set_statement,Done,,,Q992604,"Q992604|P8814|""12919926-n"""
47826,5011,set_statement,Done,,,Q992604,"Q992604|P5063|""i104557"""
47826,5012,set_statement,Done,,,Q134360,"Q134360|P8814|""12920297-n"""
47826,5013,set_statement,Done,,,Q134360,"Q134360|P5063|""i104559"""
47826,5014,set_statement,Done,,,Q3314772,"Q3314772|P8814|""12920512-n"""
47826,5015,set_statement,Done,,,Q3314772,"Q3314772|P5063|""i104560"""
47826,5016,set_statement,Done,,,Q132263,"Q132263|P8814|""12922484-n"""
47826,5017,set_statement,Done,,,Q132263,"Q132263|P5063|""i104568"""
47826,5018,set_statement,Done,,,Q311426,"Q311426|P8814|""12922781-n"""
47826,5019,set_statement,Done,,,Q311426,"Q311426|P5063|""i104569"""
47826,5020,set_statement,Done,,,Q1057574,"Q1057574|P8814|""12923226-n"""
47826,5021,set_statement,Done,,,Q1057574,"Q1057574|P5063|""i104571"""
47826,5022,set_statement,Done,,,Q30959,"Q30959|P8814|""12924263-n"""
47826,5023,set_statement,Done,,,Q30959,"Q30959|P5063|""i104577"""
47826,5024,set_statement,Done,,,Q254080,"Q254080|P8814|""12925322-n"""
47826,5025,set_statement,Done,,,Q254080,"Q254080|P5063|""i104582"""
47826,5026,set_statement,Done,,,Q50844764,"Q50844764|P8814|""12925895-n"""
47826,5027,set_statement,Done,,,Q50844764,"Q50844764|P5063|""i104585"""
47826,5028,set_statement,Done,,,Q1878512,"Q1878512|P8814|""12926172-n"""
47826,5029,set_statement,Done,,,Q1878512,"Q1878512|P5063|""i104586"""
47826,5030,set_statement,Done,,,Q15530945,"Q15530945|P8814|""12926577-n"""
47826,5031,set_statement,Done,,,Q15530945,"Q15530945|P5063|""i104588"""
47826,5032,set_statement,Done,,,Q882908,"Q882908|P8814|""12928990-n"""
47826,5033,set_statement,Done,,,Q882908,"Q882908|P5063|""i104601"""
47826,5034,set_statement,Done,,,Q17400389,"Q17400389|P8814|""12929828-n"""
47826,5035,set_statement,Done,,,Q17400389,"Q17400389|P5063|""i104605"""
47826,5036,set_statement,Done,,,Q161780,"Q161780|P8814|""12931635-n"""
47826,5037,set_statement,Done,,,Q161780,"Q161780|P5063|""i104614"""
47826,5038,set_statement,Done,,,Q50864821,"Q50864821|P8814|""12933034-n"""
47826,5039,set_statement,Done,,,Q50864821,"Q50864821|P5063|""i104621"""
47826,5040,set_statement,Done,,,Q1786332,"Q1786332|P8814|""12934284-n"""
47826,5041,set_statement,Done,,,Q1786332,"Q1786332|P5063|""i104628"""
47826,5042,set_statement,Done,,,Q15539874,"Q15539874|P8814|""12934551-n"""
47826,5043,set_statement,Done,,,Q15539874,"Q15539874|P5063|""i104630"""
47826,5044,set_statement,Done,,,Q312094,"Q312094|P8814|""12936328-n"""
47826,5045,set_statement,Done,,,Q312094,"Q312094|P5063|""i104639"""
47826,5046,set_statement,Done,,,Q150558,"Q150558|P8814|""12936571-n"""
47826,5047,set_statement,Done,,,Q150558,"Q150558|P5063|""i104640"""
47826,5048,set_statement,Done,,,Q65930392,"Q65930392|P8814|""12936939-n"""
47826,5049,set_statement,Done,,,Q65930392,"Q65930392|P5063|""i104642"""
47826,5050,set_statement,Done,,,Q148889,"Q148889|P8814|""12939369-n"""
47826,5051,set_statement,Done,,,Q148889,"Q148889|P5063|""i104650"""
47826,5052,set_statement,Done,,,Q148924,"Q148924|P8814|""12939570-n"""
47826,5053,set_statement,Done,,,Q148924,"Q148924|P5063|""i104651"""
47826,5054,set_statement,Done,,,Q8846349,"Q8846349|P8814|""12939751-n"""
47826,5055,set_statement,Done,,,Q8846349,"Q8846349|P5063|""i104652"""
47826,5056,set_statement,Done,,,Q143244,"Q143244|P8814|""12941886-n"""
47826,5057,set_statement,Done,,,Q143244,"Q143244|P5063|""i104662"""
47826,5058,set_statement,Done,,,Q149723,"Q149723|P8814|""12942075-n"""
47826,5059,set_statement,Done,,,Q149723,"Q149723|P5063|""i104663"""
47826,5060,set_statement,Done,,,Q2822480,"Q2822480|P8814|""12943218-n"""
47826,5061,set_statement,Done,,,Q2822480,"Q2822480|P5063|""i104669"""
47826,5062,set_statement,Done,,,Q2089847,"Q2089847|P8814|""12943523-n"""
47826,5063,set_statement,Done,,,Q2089847,"Q2089847|P5063|""i104671"""
47826,5064,set_statement,Done,,,Q135671,"Q135671|P8814|""12943868-n"""
47826,5065,set_statement,Done,,,Q135671,"Q135671|P5063|""i104673"""
47826,5066,set_statement,Done,,,Q163949,"Q163949|P8814|""12944796-n"""
47826,5067,set_statement,Done,,,Q163949,"Q163949|P5063|""i104678"""
47826,5068,set_statement,Done,,,Q158132,"Q158132|P8814|""12945044-n"""
47826,5069,set_statement,Done,,,Q158132,"Q158132|P5063|""i104679"""
47826,5070,set_statement,Done,,,Q87632945,"Q87632945|P8814|""12947954-n"""
47826,5071,set_statement,Done,,,Q87632945,"Q87632945|P5063|""i104692"""
47826,5072,set_statement,Done,,,Q50859233,"Q50859233|P8814|""12949067-n"""
47826,5073,set_statement,Done,,,Q50859233,"Q50859233|P5063|""i104698"""
47826,5074,set_statement,Done,,,Q24852279,"Q24852279|P8814|""12949251-n"""
47826,5075,set_statement,Done,,,Q24852279,"Q24852279|P5063|""i104699"""
47826,5076,set_statement,Done,,,Q160121,"Q160121|P8814|""12950360-n"""
47826,5077,set_statement,Done,,,Q160121,"Q160121|P5063|""i104705"""
47826,5078,set_statement,Done,,,Q958823,"Q958823|P8814|""12953125-n"""
47826,5079,set_statement,Done,,,Q958823,"Q958823|P5063|""i104717"""
47826,5080,set_statement,Done,,,Q158066,"Q158066|P8814|""12954934-n"""
47826,5081,set_statement,Done,,,Q158066,"Q158066|P5063|""i104727"""
47826,5082,set_statement,Done,,,Q17136675,"Q17136675|P8814|""12956915-n"""
47826,5083,set_statement,Done,,,Q17136675,"Q17136675|P5063|""i104737"""
47826,5084,set_statement,Done,,,Q21110,"Q21110|P8814|""12958953-n"""
47826,5085,set_statement,Done,,,Q21110,"Q21110|P5063|""i104748"""
47826,5086,set_statement,Done,,,Q5396287,"Q5396287|P8814|""12959205-n"""
47826,5087,set_statement,Done,,,Q5396287,"Q5396287|P5063|""i104749"""
47826,5088,set_statement,Done,,,Q17132698,"Q17132698|P8814|""12960239-n"""
47826,5089,set_statement,Done,,,Q17132698,"Q17132698|P5063|""i104754"""
47826,5090,set_statement,Done,,,Q752675,"Q752675|P8814|""12960634-n"""
47826,5091,set_statement,Done,,,Q752675,"Q752675|P5063|""i104756"""
47826,5092,set_statement,Done,,,Q1818309,"Q1818309|P8814|""12961699-n"""
47826,5093,set_statement,Done,,,Q1818309,"Q1818309|P5063|""i104762"""
47826,5094,set_statement,Done,,,Q1549096,"Q1549096|P8814|""12961980-n"""
47826,5095,set_statement,Done,,,Q1549096,"Q1549096|P5063|""i104763"""
47826,5096,set_statement,Done,,,Q887221,"Q887221|P8814|""12968073-n"""
47826,5097,set_statement,Done,,,Q887221,"Q887221|P5063|""i104795"""
47826,5098,set_statement,Done,,,Q158642,"Q158642|P8814|""12969255-n"""
47826,5099,set_statement,Done,,,Q158642,"Q158642|P5063|""i104801"""
47826,5100,set_statement,Done,,,Q15536178,"Q15536178|P8814|""12969920-n"""
47826,5101,set_statement,Done,,,Q15536178,"Q15536178|P5063|""i104805"""
47826,5102,set_statement,Done,,,Q22111834,"Q22111834|P8814|""12971556-n"""
47826,5103,set_statement,Done,,,Q22111834,"Q22111834|P5063|""i104814"""
47826,5104,set_statement,Done,,,Q16984393,"Q16984393|P8814|""12975113-n"""
47826,5105,set_statement,Done,,,Q16984393,"Q16984393|P5063|""i104833"""
47826,5106,set_statement,Done,,,Q2206381,"Q2206381|P8814|""12975559-n"""
47826,5107,set_statement,Done,,,Q2206381,"Q2206381|P5063|""i104835"""
47826,5108,set_statement,Done,,,Q16749685,"Q16749685|P8814|""12976174-n"""
47826,5109,set_statement,Done,,,Q16749685,"Q16749685|P5063|""i104838"""
47826,5110,set_statement,Done,,,Q17043127,"Q17043127|P8814|""12976600-n"""
47826,5111,set_statement,Done,,,Q17043127,"Q17043127|P5063|""i104840"""
47826,5112,set_statement,Done,,,Q6707803,"Q6707803|P8814|""12977127-n"""
47826,5113,set_statement,Done,,,Q6707803,"Q6707803|P5063|""i104843"""
47826,5114,set_statement,Done,,,Q17256610,"Q17256610|P8814|""12977682-n"""
47826,5115,set_statement,Done,,,Q17256610,"Q17256610|P5063|""i104846"""
47826,5116,set_statement,Done,,,Q1332525,"Q1332525|P8814|""12978684-n"""
47826,5117,set_statement,Done,,,Q1332525,"Q1332525|P5063|""i104852"""
47826,5118,set_statement,Done,,,Q17120363,"Q17120363|P8814|""12981312-n"""
47826,5119,set_statement,Done,,,Q17120363,"Q17120363|P5063|""i104867"""
47826,5120,set_statement,Done,,,Q2247460,"Q2247460|P8814|""12982002-n"""
47826,5121,set_statement,Done,,,Q2247460,"Q2247460|P5063|""i104871"""
47826,5122,set_statement,Done,,,Q17258002,"Q17258002|P8814|""12982296-n"""
47826,5123,set_statement,Done,,,Q17258002,"Q17258002|P5063|""i104873"""
47826,5124,set_statement,Done,,,Q3235483,"Q3235483|P8814|""12982639-n"""
47826,5125,set_statement,Done,,,Q3235483,"Q3235483|P5063|""i104875"""
47826,5126,set_statement,Done,,,Q104096695,"Q104096695|P8814|""12990185-n"""
47826,5127,set_statement,Done,,,Q104096695,"Q104096695|P5063|""i104918"""
47826,5128,set_statement,Done,,,Q108322658,"Q108322658|P8814|""12992564-n"""
47826,5129,set_statement,Done,,,Q108322658,"Q108322658|P5063|""i104930"""
47826,5130,set_statement,Done,,,Q10705333,"Q10705333|P8814|""12992896-n"""
47826,5131,set_statement,Done,,,Q10705333,"Q10705333|P5063|""i104932"""
47826,5132,set_statement,Done,,,Q7320783,"Q7320783|P8814|""12994697-n"""
47826,5133,set_statement,Done,,,Q7320783,"Q7320783|P5063|""i104941"""
47826,5134,set_statement,Done,,,Q1500736,"Q1500736|P8814|""12994822-n"""
47826,5135,set_statement,Done,,,Q1500736,"Q1500736|P5063|""i104942"""
47826,5136,set_statement,Done,,,Q49439977,"Q49439977|P8814|""13000589-n"""
47826,5137,set_statement,Done,,,Q49439977,"Q49439977|P5063|""i104970"""
47826,5138,set_statement,Done,,,Q3900048,"Q3900048|P8814|""13002061-n"""
47826,5139,set_statement,Done,,,Q3900048,"Q3900048|P5063|""i104977"""
47826,5140,set_statement,Done,,,Q107460144,"Q107460144|P8814|""13002203-n"""
47826,5141,set_statement,Done,,,Q107460144,"Q107460144|P5063|""i104978"""
47826,5142,set_statement,Done,,,Q3901761,"Q3901761|P8814|""13003675-n"""
47826,5143,set_statement,Done,,,Q3901761,"Q3901761|P5063|""i104987"""
47826,5144,set_statement,Done,,,Q3552691,"Q3552691|P8814|""13010698-n"""
47826,5145,set_statement,Done,,,Q3552691,"Q3552691|P5063|""i105028"""
47826,5146,set_statement,Done,,,Q582664,"Q582664|P8814|""13012937-n"""
47826,5147,set_statement,Done,,,Q582664,"Q582664|P5063|""i105040"""
47826,5148,set_statement,Done,,,Q105057495,"Q105057495|P8814|""13022690-n"""
47826,5149,set_statement,Done,,,Q105057495,"Q105057495|P5063|""i105068"""
47826,5150,set_statement,Done,,,Q105057518,"Q105057518|P8814|""13022969-n"""
47826,5151,set_statement,Done,,,Q105057518,"Q105057518|P5063|""i105069"""
47826,5152,set_statement,Done,,,Q105049199,"Q105049199|P8814|""13023685-n"""
47826,5153,set_statement,Done,,,Q105049199,"Q105049199|P5063|""i105072"""
47826,5154,set_statement,Done,,,Q107546750,"Q107546750|P8814|""13025586-n"""
47826,5155,set_statement,Done,,,Q107546750,"Q107546750|P5063|""i105083"""
47826,5156,set_statement,Done,,,Q7090729,"Q7090729|P8814|""13026089-n"""
47826,5157,set_statement,Done,,,Q7090729,"Q7090729|P5063|""i105086"""
47826,5158,set_statement,Done,,,Q62921457,"Q62921457|P8814|""13026744-n"""
47826,5159,set_statement,Done,,,Q62921457,"Q62921457|P5063|""i105089"""
47826,5160,set_statement,Done,,,Q752492,"Q752492|P8814|""13027654-n"""
47826,5161,set_statement,Done,,,Q752492,"Q752492|P5063|""i105094"""
47826,5162,set_statement,Done,,,Q186451,"Q186451|P8814|""13028177-n"""
47826,5163,set_statement,Done,,,Q186451,"Q186451|P5063|""i105097"""
47826,5164,set_statement,Done,,,Q10658810,"Q10658810|P8814|""13028917-n"""
47826,5165,set_statement,Done,,,Q10658810,"Q10658810|P5063|""i105100"""
47826,5166,set_statement,Done,,,Q108181442,"Q108181442|P8814|""13029075-n"""
47826,5167,set_statement,Done,,,Q108181442,"Q108181442|P5063|""i105101"""
47826,5168,set_statement,Done,,,Q108182176,"Q108182176|P8814|""13029245-n"""
47826,5169,set_statement,Done,,,Q108182176,"Q108182176|P5063|""i105102"""
47826,5170,set_statement,Done,,,Q10628047,"Q10628047|P8814|""13029599-n"""
47826,5171,set_statement,Done,,,Q10628047,"Q10628047|P5063|""i105104"""
47826,5172,set_statement,Done,,,Q10549618,"Q10549618|P8814|""13030416-n"""
47826,5173,set_statement,Done,,,Q10549618,"Q10549618|P5063|""i105108"""
47826,5174,set_statement,Done,,,Q334957,"Q334957|P8814|""13031711-n"""
47826,5175,set_statement,Done,,,Q334957,"Q334957|P5063|""i105114"""
47826,5176,set_statement,Done,,,Q84822961,"Q84822961|P8814|""13031981-n"""
47826,5177,set_statement,Done,,,Q84822961,"Q84822961|P5063|""i105115"""
47826,5178,set_statement,Done,,,Q1424216,"Q1424216|P8814|""13033013-n"""
47826,5179,set_statement,Done,,,Q1424216,"Q1424216|P5063|""i105121"""
47826,5180,set_statement,Done,,,Q10575514,"Q10575514|P8814|""13033229-n"""
47826,5181,set_statement,Done,,,Q10575514,"Q10575514|P5063|""i105122"""
47826,5182,set_statement,Done,,,Q100459857,"Q100459857|P8814|""13034524-n"""
47826,5183,set_statement,Done,,,Q100459857,"Q100459857|P5063|""i105128"""
47826,5184,set_statement,Done,,,Q105057768,"Q105057768|P8814|""13034857-n"""
47826,5185,set_statement,Done,,,Q105057768,"Q105057768|P5063|""i105130"""
47826,5186,set_statement,Done,,,Q105057780,"Q105057780|P8814|""13035025-n"""
47826,5187,set_statement,Done,,,Q105057780,"Q105057780|P5063|""i105131"""
47826,5188,set_statement,Done,,,Q107975442,"Q107975442|P8814|""13035169-n"""
47826,5189,set_statement,Done,,,Q107975442,"Q107975442|P5063|""i105132"""
47826,5190,set_statement,Done,,,Q300967,"Q300967|P8814|""13035501-n"""
47826,5191,set_statement,Done,,,Q300967,"Q300967|P5063|""i105134"""
47826,5192,set_statement,Done,,,Q105057662,"Q105057662|P8814|""13035639-n"""
47826,5193,set_statement,Done,,,Q105057662,"Q105057662|P5063|""i105135"""
47826,5194,set_statement,Done,,,Q107596533,"Q107596533|P8814|""13036448-n"""
47826,5195,set_statement,Done,,,Q107596533,"Q107596533|P5063|""i105139"""
47826,5196,set_statement,Done,,,Q105060226,"Q105060226|P8814|""13036836-n"""
47826,5197,set_statement,Done,,,Q105060226,"Q105060226|P5063|""i105141"""
47826,5198,set_statement,Done,,,Q105050987,"Q105050987|P8814|""13037862-n"""
47826,5199,set_statement,Done,,,Q105050987,"Q105050987|P5063|""i105145"""
47826,5200,set_statement,Done,,,Q9284015,"Q9284015|P8814|""13038000-n"""
47826,5201,set_statement,Done,,,Q9284015,"Q9284015|P5063|""i105146"""
47826,5202,set_statement,Done,,,Q54357581,"Q54357581|P8814|""13038549-n"""
47826,5203,set_statement,Done,,,Q54357581,"Q54357581|P5063|""i105149"""
47826,5204,set_statement,Done,,,Q1928462,"Q1928462|P8814|""13038848-n"""
47826,5205,set_statement,Done,,,Q1928462,"Q1928462|P5063|""i105151"""
47826,5206,set_statement,Done,,,Q3506262,"Q3506262|P8814|""13038992-n"""
47826,5207,set_statement,Done,,,Q3506262,"Q3506262|P5063|""i105152"""
47826,5208,set_statement,Done,,,Q105068900,"Q105068900|P8814|""13039666-n"""
47826,5209,set_statement,Done,,,Q105068900,"Q105068900|P5063|""i105156"""
47826,5210,set_statement,Done,,,Q4365937,"Q4365937|P8814|""13040256-n"""
47826,5211,set_statement,Done,,,Q4365937,"Q4365937|P5063|""i105159"""
47826,5212,set_statement,Done,,,Q96358654,"Q96358654|P8814|""13040403-n"""
47826,5213,set_statement,Done,,,Q96358654,"Q96358654|P5063|""i105160"""
47826,5214,set_statement,Done,,,Q790598,"Q790598|P8814|""13040595-n"""
47826,5215,set_statement,Done,,,Q790598,"Q790598|P5063|""i105161"""
47826,5216,set_statement,Done,,,Q641656,"Q641656|P8814|""13040951-n"""
47826,5217,set_statement,Done,,,Q641656,"Q641656|P5063|""i105163"""
47826,5218,set_statement,Done,,,Q1654979,"Q1654979|P8814|""13041241-n"""
47826,5219,set_statement,Done,,,Q1654979,"Q1654979|P5063|""i105164"""
47826,5220,set_statement,Done,,,Q10659009,"Q10659009|P8814|""13042092-n"""
47826,5221,set_statement,Done,,,Q10659009,"Q10659009|P5063|""i105168"""
47826,5222,set_statement,Done,,,Q107573793,"Q107573793|P8814|""13042449-n"""
47826,5223,set_statement,Done,,,Q107573793,"Q107573793|P5063|""i105170"""
47826,5224,set_statement,Done,,,Q372893,"Q372893|P8814|""13042970-n"""
47826,5225,set_statement,Done,,,Q372893,"Q372893|P5063|""i105173"""
47826,5226,set_statement,Done,,,Q134359,"Q134359|P8814|""13048317-n"""
47826,5227,set_statement,Done,,,Q134359,"Q134359|P5063|""i105198"""
47826,5228,set_statement,Done,,,Q10696724,"Q10696724|P8814|""13048639-n"""
47826,5229,set_statement,Done,,,Q10696724,"Q10696724|P5063|""i105200"""
47826,5230,set_statement,Done,,,Q49550443,"Q49550443|P8814|""13049882-n"""
47826,5231,set_statement,Done,,,Q49550443,"Q49550443|P5063|""i105205"""
47826,5232,set_statement,Done,,,Q937345,"Q937345|P8814|""13050086-n"""
47826,5233,set_statement,Done,,,Q937345,"Q937345|P5063|""i105206"""
47826,5234,set_statement,Done,,,Q3915690,"Q3915690|P8814|""13050370-n"""
47826,5235,set_statement,Done,,,Q3915690,"Q3915690|P5063|""i105207"""
47826,5236,set_statement,Done,,,Q1251715,"Q1251715|P8814|""13050520-n"""
47826,5237,set_statement,Done,,,Q1251715,"Q1251715|P5063|""i105208"""
47826,5238,set_statement,Done,,,Q115669659,"Q115669659|P8814|""13051612-n"""
47826,5239,set_statement,Done,,,Q115669659,"Q115669659|P5063|""i105214"""
47826,5240,set_statement,Done,,,Q107823751,"Q107823751|P8814|""13052234-n"""
47826,5241,set_statement,Done,,,Q107823751,"Q107823751|P5063|""i105218"""
47826,5242,set_statement,Done,,,Q1417061,"Q1417061|P8814|""13054156-n"""
47826,5243,set_statement,Done,,,Q1417061,"Q1417061|P5063|""i105226"""
47826,5244,set_statement,Done,,,Q3323803,"Q3323803|P8814|""13054639-n"""
47826,5245,set_statement,Done,,,Q3323803,"Q3323803|P5063|""i105228"""
47826,5246,set_statement,Done,,,Q8040214,"Q8040214|P8814|""13055315-n"""
47826,5247,set_statement,Done,,,Q8040214,"Q8040214|P5063|""i105232"""
47826,5248,set_statement,Done,,,Q108478445,"Q108478445|P8814|""13055548-n"""
47826,5249,set_statement,Done,,,Q108478445,"Q108478445|P5063|""i105233"""
47826,5250,set_statement,Done,,,Q3388167,"Q3388167|P8814|""13056876-n"""
47826,5251,set_statement,Done,,,Q3388167,"Q3388167|P5063|""i105240"""
47826,5252,set_statement,Done,,,Q65048944,"Q65048944|P8814|""13058345-n"""
47826,5253,set_statement,Done,,,Q65048944,"Q65048944|P5063|""i105247"""
47826,5254,set_statement,Done,,,Q10546447,"Q10546447|P8814|""13058565-n"""
47826,5255,set_statement,Done,,,Q10546447,"Q10546447|P5063|""i105248"""
47826,5256,set_statement,Done,,,Q3495445,"Q3495445|P8814|""13059136-n"""
47826,5257,set_statement,Done,,,Q3495445,"Q3495445|P5063|""i105250"""
47826,5258,set_statement,Done,,,Q7180345,"Q7180345|P8814|""13061556-n"""
47826,5259,set_statement,Done,,,Q7180345,"Q7180345|P5063|""i105260"""
47826,5260,set_statement,Done,,,Q1500672,"Q1500672|P8814|""13062072-n"""
47826,5261,set_statement,Done,,,Q1500672,"Q1500672|P5063|""i105263"""
47826,5262,set_statement,Done,,,Q4239132,"Q4239132|P8814|""13062703-n"""
47826,5263,set_statement,Done,,,Q4239132,"Q4239132|P5063|""i105266"""
47826,5264,set_statement,Done,,,Q4239130,"Q4239130|P8814|""13063076-n"""
47826,5265,set_statement,Done,,,Q4239130,"Q4239130|P5063|""i105268"""
47826,5266,set_statement,Done,,,Q5223629,"Q5223629|P8814|""13065970-n"""
47826,5267,set_statement,Done,,,Q5223629,"Q5223629|P5063|""i105282"""
47826,5268,set_statement,Done,,,Q10648361,"Q10648361|P8814|""13066354-n"""
47826,5269,set_statement,Done,,,Q10648361,"Q10648361|P5063|""i105284"""
47826,5270,set_statement,Done,,,Q62749601,"Q62749601|P8814|""13068622-n"""
47826,5271,set_statement,Done,,,Q62749601,"Q62749601|P5063|""i105296"""
47826,5272,set_statement,Done,,,Q10503311,"Q10503311|P8814|""13069865-n"""
47826,5273,set_statement,Done,,,Q10503311,"Q10503311|P5063|""i105301"""
47826,5274,set_statement,Done,,,Q103817214,"Q103817214|P8814|""13071465-n"""
47826,5275,set_statement,Done,,,Q103817214,"Q103817214|P5063|""i105307"""
47826,5276,set_statement,Done,,,Q331465,"Q331465|P8814|""13071700-n"""
47826,5277,set_statement,Done,,,Q331465,"Q331465|P5063|""i105308"""
47826,5278,set_statement,Done,,,Q10597380,"Q10597380|P8814|""13072106-n"""
47826,5279,set_statement,Done,,,Q10597380,"Q10597380|P5063|""i105310"""
47826,5280,set_statement,Done,,,Q10600684,"Q10600684|P8814|""13072454-n"""
47826,5281,set_statement,Done,,,Q10600684,"Q10600684|P5063|""i105312"""
47826,5282,set_statement,Done,,,Q108117910,"Q108117910|P8814|""13072774-n"""
47826,5283,set_statement,Done,,,Q108117910,"Q108117910|P5063|""i105314"""
47826,5284,set_statement,Done,,,Q15224043,"Q15224043|P8814|""13073008-n"""
47826,5285,set_statement,Done,,,Q15224043,"Q15224043|P5063|""i105315"""
47826,5286,set_statement,Done,,,Q105065411,"Q105065411|P8814|""13073430-n"""
47826,5287,set_statement,Done,,,Q105065411,"Q105065411|P5063|""i105317"""
47826,5288,set_statement,Done,,,Q24956240,"Q24956240|P8814|""13074833-n"""
47826,5289,set_statement,Done,,,Q24956240,"Q24956240|P5063|""i105323"""
47826,5290,set_statement,Done,,,Q107526353,"Q107526353|P8814|""13076895-n"""
47826,5291,set_statement,Done,,,Q107526353,"Q107526353|P5063|""i105331"""
47826,5292,set_statement,Done,,,Q107527263,"Q107527263|P8814|""13078399-n"""
47826,5293,set_statement,Done,,,Q107527263,"Q107527263|P5063|""i105338"""
47826,5294,set_statement,Done,,,Q107687272,"Q107687272|P8814|""13078797-n"""
47826,5295,set_statement,Done,,,Q107687272,"Q107687272|P5063|""i105340"""
47826,5296,set_statement,Done,,,Q107687273,"Q107687273|P8814|""13079032-n"""
47826,5297,set_statement,Done,,,Q107687273,"Q107687273|P5063|""i105341"""
47826,5298,set_statement,Done,,,Q108416552,"Q108416552|P8814|""13080058-n"""
47826,5299,set_statement,Done,,,Q108416552,"Q108416552|P5063|""i105347"""
47826,5300,set_statement,Done,,,Q105067577,"Q105067577|P8814|""13080417-n"""
47826,5301,set_statement,Done,,,Q105067577,"Q105067577|P5063|""i105349"""
47826,5302,set_statement,Done,,,Q4939325,"Q4939325|P8814|""13080777-n"""
47826,5303,set_statement,Done,,,Q4939325,"Q4939325|P5063|""i105351"""
47826,5304,set_statement,Done,,,Q1309195,"Q1309195|P8814|""13081932-n"""
47826,5305,set_statement,Done,,,Q1309195,"Q1309195|P5063|""i105356"""
47826,5306,set_statement,Done,,,Q11122055,"Q11122055|P8814|""13082108-n"""
47826,5307,set_statement,Done,,,Q11122055,"Q11122055|P5063|""i105357"""
47826,5308,set_statement,Done,,,Q49415723,"Q49415723|P8814|""13082464-n"""
47826,5309,set_statement,Done,,,Q49415723,"Q49415723|P5063|""i105359"""
47826,5310,set_statement,Done,,,Q81165435,"Q81165435|P8814|""13083181-n"""
47826,5311,set_statement,Done,,,Q81165435,"Q81165435|P5063|""i105363"""
47826,5312,set_statement,Done,,,Q3813701,"Q3813701|P8814|""13084871-n"""
47826,5313,set_statement,Done,,,Q3813701,"Q3813701|P5063|""i105372"""
47826,5314,set_statement,Done,,,Q2301438,"Q2301438|P8814|""13085217-n"""
47826,5315,set_statement,Done,,,Q2301438,"Q2301438|P5063|""i105374"""
47826,5316,set_statement,Done,,,Q1342327,"Q1342327|P8814|""13085849-n"""
47826,5317,set_statement,Done,,,Q1342327,"Q1342327|P5063|""i105377"""
47826,5318,set_statement,Done,,,Q5625087,"Q5625087|P8814|""13086274-n"""
47826,5319,set_statement,Done,,,Q5625087,"Q5625087|P5063|""i105379"""
47826,5320,set_statement,Done,,,Q10674930,"Q10674930|P8814|""13088292-n"""
47826,5321,set_statement,Done,,,Q10674930,"Q10674930|P5063|""i105389"""
47826,5322,set_statement,Done,,,Q1634854,"Q1634854|P8814|""13089015-n"""
47826,5323,set_statement,Done,,,Q1634854,"Q1634854|P5063|""i105393"""
47826,5324,set_statement,Done,,,Q108430036,"Q108430036|P8814|""13089194-n"""
47826,5325,set_statement,Done,,,Q108430036,"Q108430036|P5063|""i105394"""
47826,5326,set_statement,Done,,,Q14950172,"Q14950172|P8814|""13089495-n"""
47826,5327,set_statement,Done,,,Q14950172,"Q14950172|P5063|""i105396"""
47826,5328,set_statement,Done,,,Q15643666,"Q15643666|P8814|""13089984-n"""
47826,5329,set_statement,Done,,,Q15643666,"Q15643666|P5063|""i105398"""
47826,5330,set_statement,Done,,,Q2255842,"Q2255842|P8814|""13091635-n"""
47826,5331,set_statement,Done,,,Q2255842,"Q2255842|P5063|""i105405"""
47826,5332,set_statement,Done,,,Q15637409,"Q15637409|P8814|""13092313-n"""
47826,5333,set_statement,Done,,,Q15637409,"Q15637409|P5063|""i105408"""
47826,5334,set_statement,Done,,,Q10670895,"Q10670895|P8814|""13092575-n"""
47826,5335,set_statement,Done,,,Q10670895,"Q10670895|P5063|""i105409"""
47826,5336,set_statement,Done,,,Q107750823,"Q107750823|P8814|""13092791-n"""
47826,5337,set_statement,Done,,,Q107750823,"Q107750823|P5063|""i105410"""
47826,5338,set_statement,Done,,,Q76836,"Q76836|P8814|""13093110-n"""
47826,5339,set_statement,Done,,,Q76836,"Q76836|P5063|""i105412"""
47826,5340,set_statement,Done,,,Q127326824,"Q127326824|P8814|""13093466-n"""
47826,5341,set_statement,Done,,,Q127326824,"Q127326824|P5063|""i105414"""
47826,5342,set_statement,Done,,,Q107751568,"Q107751568|P8814|""13093623-n"""
47826,5343,set_statement,Done,,,Q107751568,"Q107751568|P5063|""i105415"""
47826,5344,set_statement,Done,,,Q107751585,"Q107751585|P8814|""13093815-n"""
47826,5345,set_statement,Done,,,Q107751585,"Q107751585|P5063|""i105416"""
47826,5346,set_statement,Done,,,Q107751646,"Q107751646|P8814|""13094140-n"""
47826,5347,set_statement,Done,,,Q107751646,"Q107751646|P5063|""i105418"""
47826,5348,set_statement,Done,,,Q10597324,"Q10597324|P8814|""13094463-n"""
47826,5349,set_statement,Done,,,Q10597324,"Q10597324|P5063|""i105420"""
47826,5350,set_statement,Done,,,Q1517961,"Q1517961|P8814|""13095379-n"""
47826,5351,set_statement,Done,,,Q1517961,"Q1517961|P5063|""i105424"""
47826,5352,set_statement,Done,,,Q107596835,"Q107596835|P8814|""13095574-n"""
47826,5353,set_statement,Done,,,Q107596835,"Q107596835|P5063|""i105425"""
47826,5354,set_statement,Done,,,Q49414038,"Q49414038|P8814|""13095780-n"""
47826,5355,set_statement,Done,,,Q49414038,"Q49414038|P5063|""i105426"""
47826,5356,set_statement,Done,,,Q49425514,"Q49425514|P8814|""13096201-n"""
47826,5357,set_statement,Done,,,Q49425514,"Q49425514|P5063|""i105428"""
47826,5358,set_statement,Done,,,Q103817247,"Q103817247|P8814|""13097165-n"""
47826,5359,set_statement,Done,,,Q103817247,"Q103817247|P5063|""i105433"""
47826,5360,set_statement,Done,,,Q5625037,"Q5625037|P8814|""13097591-n"""
47826,5361,set_statement,Done,,,Q5625037,"Q5625037|P5063|""i105435"""
47826,5362,set_statement,Done,,,Q310443,"Q310443|P8814|""13100327-n"""
47826,5363,set_statement,Done,,,Q310443,"Q310443|P5063|""i105448"""
47826,5364,set_statement,Done,,,Q3278240,"Q3278240|P8814|""13101989-n"""
47826,5365,set_statement,Done,,,Q3278240,"Q3278240|P5063|""i105457"""
47826,5366,set_statement,Done,,,Q11122869,"Q11122869|P8814|""13163157-n"""
47826,5367,set_statement,Done,,,Q11122869,"Q11122869|P5063|""i105710"""
47826,5368,set_statement,Done,,,Q660414,"Q660414|P8814|""13164535-n"""
47826,5369,set_statement,Done,,,Q660414,"Q660414|P5063|""i105718"""
47826,5370,set_statement,Done,,,Q311720,"Q311720|P8814|""13165817-n"""
47826,5371,set_statement,Done,,,Q311720,"Q311720|P5063|""i105724"""
47826,5372,set_statement,Done,,,Q30046,"Q30046|P8814|""13166221-n"""
47826,5373,set_statement,Done,,,Q30046,"Q30046|P5063|""i105726"""
47826,5374,set_statement,Done,,,Q157979,"Q157979|P8814|""13168991-n"""
47826,5375,set_statement,Done,,,Q157979,"Q157979|P5063|""i105743"""
47826,5376,set_statement,Done,,,Q685336,"Q685336|P8814|""13170612-n"""
47826,5377,set_statement,Done,,,Q685336,"Q685336|P5063|""i105750"""
47826,5378,set_statement,Done,,,Q67193257,"Q67193257|P8814|""13170753-n"""
47826,5379,set_statement,Done,,,Q67193257,"Q67193257|P5063|""i105751"""
47826,5380,set_statement,Done,,,Q15248654,"Q15248654|P8814|""13171859-n"""
47826,5381,set_statement,Done,,,Q15248654,"Q15248654|P5063|""i105757"""
47826,5382,set_statement,Done,,,Q162365,"Q162365|P8814|""13172752-n"""
47826,5383,set_statement,Done,,,Q162365,"Q162365|P5063|""i105762"""
47826,5384,set_statement,Done,,,Q4761678,"Q4761678|P8814|""13173116-n"""
47826,5385,set_statement,Done,,,Q4761678,"Q4761678|P5063|""i105764"""
47826,5386,set_statement,Done,,,Q17041888,"Q17041888|P8814|""13191738-n"""
47826,5387,set_statement,Done,,,Q17041888,"Q17041888|P5063|""i105870"""
47826,5388,set_statement,Done,,,Q7616161,"Q7616161|P8814|""13192108-n"""
47826,5389,set_statement,Done,,,Q7616161,"Q7616161|P5063|""i105872"""
47826,5390,set_statement,Done,,,Q17197299,"Q17197299|P8814|""13192695-n"""
47826,5391,set_statement,Done,,,Q17197299,"Q17197299|P5063|""i105875"""
47826,5392,set_statement,Done,,,Q17169503,"Q17169503|P8814|""13194157-n"""
47826,5393,set_statement,Done,,,Q17169503,"Q17169503|P5063|""i105881"""
47826,5394,set_statement,Done,,,Q15251254,"Q15251254|P8814|""13196580-n"""
47826,5395,set_statement,Done,,,Q15251254,"Q15251254|P5063|""i105893"""
47826,5396,set_statement,Done,,,Q15334451,"Q15334451|P8814|""13197261-n"""
47826,5397,set_statement,Done,,,Q15334451,"Q15334451|P5063|""i105897"""
47826,5398,set_statement,Done,,,Q1231082,"Q1231082|P8814|""13197946-n"""
47826,5399,set_statement,Done,,,Q1231082,"Q1231082|P5063|""i105901"""
47826,5400,set_statement,Done,,,Q3281617,"Q3281617|P8814|""13199182-n"""
47826,5401,set_statement,Done,,,Q3281617,"Q3281617|P5063|""i105907"""
47826,5402,set_statement,Done,,,Q15347014,"Q15347014|P8814|""13199605-n"""
47826,5403,set_statement,Done,,,Q15347014,"Q15347014|P5063|""i105909"""
47826,5404,set_statement,Done,,,Q17117515,"Q17117515|P8814|""13200702-n"""
47826,5405,set_statement,Done,,,Q17117515,"Q17117515|P5063|""i105915"""
47826,5406,set_statement,Done,,,Q923786,"Q923786|P8814|""13201773-n"""
47826,5407,set_statement,Done,,,Q923786,"Q923786|P5063|""i105919"""
47826,5408,set_statement,Done,,,Q1552374,"Q1552374|P8814|""13203062-n"""
47826,5409,set_statement,Done,,,Q1552374,"Q1552374|P5063|""i105926"""
47826,5410,set_statement,Done,,,Q4808119,"Q4808119|P8814|""13203560-n"""
47826,5411,set_statement,Done,,,Q4808119,"Q4808119|P5063|""i105929"""
47826,5412,set_statement,Done,,,Q862916,"Q862916|P8814|""13203835-n"""
47826,5413,set_statement,Done,,,Q862916,"Q862916|P5063|""i105931"""
47826,5414,set_statement,Done,,,Q15609645,"Q15609645|P8814|""13204899-n"""
47826,5415,set_statement,Done,,,Q15609645,"Q15609645|P5063|""i105937"""
47826,5416,set_statement,Done,,,Q925696,"Q925696|P8814|""13206167-n"""
47826,5417,set_statement,Done,,,Q925696,"Q925696|P5063|""i105943"""
47826,5418,set_statement,Done,,,Q8033594,"Q8033594|P8814|""13207444-n"""
47826,5419,set_statement,Done,,,Q8033594,"Q8033594|P5063|""i105950"""
47826,5420,set_statement,Done,,,Q5197621,"Q5197621|P8814|""13208265-n"""
47826,5421,set_statement,Done,,,Q5197621,"Q5197621|P5063|""i105954"""
47826,5422,set_statement,Done,,,Q2863582,"Q2863582|P8814|""13210326-n"""
47826,5423,set_statement,Done,,,Q2863582,"Q2863582|P5063|""i105964"""
47826,5424,set_statement,Done,,,Q65935500,"Q65935500|P8814|""13212518-n"""
47826,5425,set_statement,Done,,,Q65935500,"Q65935500|P5063|""i105974"""
47826,5426,set_statement,Done,,,Q15547977,"Q15547977|P8814|""13215110-n"""
47826,5427,set_statement,Done,,,Q15547977,"Q15547977|P5063|""i105986"""
47826,5428,set_statement,Done,,,Q674547,"Q674547|P8814|""13215656-n"""
47826,5429,set_statement,Done,,,Q674547,"Q674547|P5063|""i105989"""
47826,5430,set_statement,Done,,,Q16034617,"Q16034617|P8814|""13215816-n"""
47826,5431,set_statement,Done,,,Q16034617,"Q16034617|P5063|""i105990"""
47826,5432,set_statement,Done,,,Q1301661,"Q1301661|P8814|""13218172-n"""
47826,5433,set_statement,Done,,,Q1301661,"Q1301661|P5063|""i106002"""
47826,5434,set_statement,Done,,,Q2092520,"Q2092520|P8814|""13218405-n"""
47826,5435,set_statement,Done,,,Q2092520,"Q2092520|P5063|""i106003"""
47826,5436,set_statement,Done,,,Q15602670,"Q15602670|P8814|""13219380-n"""
47826,5437,set_statement,Done,,,Q15602670,"Q15602670|P5063|""i106008"""
47826,5438,set_statement,Done,,,Q718312,"Q718312|P8814|""13219812-n"""
47826,5439,set_statement,Done,,,Q718312,"Q718312|P5063|""i106010"""
47826,5440,set_statement,Done,,,Q7226975,"Q7226975|P8814|""13220615-n"""
47826,5441,set_statement,Done,,,Q7226975,"Q7226975|P5063|""i106013"""
47826,5442,set_statement,Done,,,Q2654918,"Q2654918|P8814|""13221091-n"""
47826,5443,set_statement,Done,,,Q2654918,"Q2654918|P5063|""i106015"""
47826,5444,set_statement,Done,,,Q542735,"Q542735|P8814|""13221309-n"""
47826,5445,set_statement,Done,,,Q542735,"Q542735|P5063|""i106016"""
47826,5446,set_statement,Done,,,Q7226986,"Q7226986|P8814|""13221440-n"""
47826,5447,set_statement,Done,,,Q7226986,"Q7226986|P5063|""i106017"""
47826,5448,set_statement,Done,,,Q2018810,"Q2018810|P8814|""13221549-n"""
47826,5449,set_statement,Done,,,Q2018810,"Q2018810|P5063|""i106018"""
47826,5450,set_statement,Done,,,Q7379334,"Q7379334|P8814|""13221884-n"""
47826,5451,set_statement,Done,,,Q7379334,"Q7379334|P5063|""i106020"""
47826,5452,set_statement,Done,,,Q7692800,"Q7692800|P8814|""13222321-n"""
47826,5453,set_statement,Done,,,Q7692800,"Q7692800|P5063|""i106022"""
47826,5454,set_statement,Done,,,Q17169090,"Q17169090|P8814|""13222464-n"""
47826,5455,set_statement,Done,,,Q17169090,"Q17169090|P5063|""i106023"""
47826,5456,set_statement,Done,,,Q2233063,"Q2233063|P8814|""13223023-n"""
47826,5457,set_statement,Done,,,Q2233063,"Q2233063|P5063|""i106026"""
47826,5458,set_statement,Done,,,Q661822,"Q661822|P8814|""13223253-n"""
47826,5459,set_statement,Done,,,Q661822,"Q661822|P5063|""i106027"""
47826,5460,set_statement,Done,,,Q17264116,"Q17264116|P8814|""13225174-n"""
47826,5461,set_statement,Done,,,Q17264116,"Q17264116|P5063|""i106038"""
47826,5462,set_statement,Done,,,Q17048243,"Q17048243|P8814|""13226147-n"""
47826,5463,set_statement,Done,,,Q17048243,"Q17048243|P5063|""i106043"""
47826,5464,set_statement,Done,,,Q946400,"Q946400|P8814|""13229200-n"""
47826,5465,set_statement,Done,,,Q946400,"Q946400|P5063|""i106056"""
47826,5466,set_statement,Done,,,Q15611266,"Q15611266|P8814|""13230168-n"""
47826,5467,set_statement,Done,,,Q15611266,"Q15611266|P5063|""i106061"""
47826,5468,set_statement,Done,,,Q10896043,"Q10896043|P8814|""13230706-n"""
47826,5469,set_statement,Done,,,Q10896043,"Q10896043|P5063|""i106064"""
47826,5470,set_statement,Done,,,Q5190926,"Q5190926|P8814|""13231248-n"""
47826,5471,set_statement,Done,,,Q5190926,"Q5190926|P5063|""i106067"""
47826,5472,set_statement,Done,,,Q15612866,"Q15612866|P8814|""13231918-n"""
47826,5473,set_statement,Done,,,Q15612866,"Q15612866|P5063|""i106070"""
47826,5474,set_statement,Done,,,Q7161518,"Q7161518|P8814|""13233277-n"""
47826,5475,set_statement,Done,,,Q7161518,"Q7161518|P5063|""i106077"""
47826,5476,set_statement,Done,,,Q7161522,"Q7161522|P8814|""13233457-n"""
47826,5477,set_statement,Done,,,Q7161522,"Q7161522|P5063|""i106078"""
47826,5478,set_statement,Done,,,Q15613078,"Q15613078|P8814|""13233964-n"""
47826,5479,set_statement,Done,,,Q15613078,"Q15613078|P5063|""i106080"""
47826,5480,set_statement,Done,,,Q15246986,"Q15246986|P8814|""13234133-n"""
47826,5481,set_statement,Done,,,Q15246986,"Q15246986|P5063|""i106081"""
47826,5482,set_statement,Done,,,Q15605233,"Q15605233|P8814|""13234475-n"""
47826,5483,set_statement,Done,,,Q15605233,"Q15605233|P5063|""i106083"""
47826,5484,set_statement,Done,,,Q2050113,"Q2050113|P8814|""13235115-n"""
47826,5485,set_statement,Done,,,Q2050113,"Q2050113|P5063|""i106086"""
47826,5486,set_statement,Done,,,Q5872213,"Q5872213|P8814|""13235238-n"""
47826,5487,set_statement,Done,,,Q5872213,"Q5872213|P5063|""i106087"""
47826,5488,set_statement,Done,,,Q11799266,"Q11799266|P8814|""13235383-n"""
47826,5489,set_statement,Done,,,Q11799266,"Q11799266|P5063|""i106088"""
47826,5490,set_statement,Done,,,Q1197925,"Q1197925|P8814|""13237903-n"""
47826,5491,set_statement,Done,,,Q1197925,"Q1197925|P5063|""i106101"""
47826,5492,set_statement,Done,,,Q948839,"Q948839|P8814|""13240874-n"""
47826,5493,set_statement,Done,,,Q948839,"Q948839|P5063|""i106116"""
47826,5494,set_statement,Done,,,Q17259785,"Q17259785|P8814|""13241020-n"""
47826,5495,set_statement,Done,,,Q17259785,"Q17259785|P5063|""i106117"""
47826,5496,set_statement,Done,,,Q21122,"Q21122|P8814|""13241253-n"""
47826,5497,set_statement,Done,,,Q21122,"Q21122|P5063|""i106118"""
47826,5498,set_statement,Done,,,Q3545396,"Q3545396|P8814|""13245820-n"""
47826,5499,set_statement,Done,,,Q3545396,"Q3545396|P5063|""i106142"""
47826,5500,set_statement,Done,,,Q7447413,"Q7447413|P8814|""13246142-n"""
47826,5501,set_statement,Done,,,Q7447413,"Q7447413|P5063|""i106144"""
47826,5502,set_statement,Done,,,Q17180450,"Q17180450|P8814|""13250849-n"""
47826,5503,set_statement,Done,,,Q17180450,"Q17180450|P5063|""i106169"""
47826,5504,set_statement,Done,,,Q17196458,"Q17196458|P8814|""13251088-n"""
47826,5505,set_statement,Done,,,Q17196458,"Q17196458|P5063|""i106170"""
47826,5506,set_statement,Done,,,Q105049465,"Q105049465|P8814|""13252817-n"""
47826,5507,set_statement,Done,,,Q105049465,"Q105049465|P5063|""i106178"""
47826,5508,set_statement,Done,,,Q105049488,"Q105049488|P8814|""13253677-n"""
47826,5509,set_statement,Done,,,Q105049488,"Q105049488|P5063|""i106182"""
47826,5510,set_statement,Done,,,Q939991,"Q939991|P8814|""13255191-n"""
47826,5511,set_statement,Done,,,Q939991,"Q939991|P5063|""i106188"""
47826,5512,set_statement,Done,,,Q723084,"Q723084|P8814|""13255755-n"""
47826,5513,set_statement,Done,,,Q723084,"Q723084|P5063|""i106191"""
47826,5514,set_statement,Done,,,Q310133,"Q310133|P8814|""13255909-n"""
47826,5515,set_statement,Done,,,Q310133,"Q310133|P5063|""i106192"""
47826,5516,set_statement,Done,,,Q311150,"Q311150|P8814|""13256057-n"""
47826,5517,set_statement,Done,,,Q311150,"Q311150|P5063|""i106193"""
47826,5518,set_statement,Done,,,Q2866403,"Q2866403|P8814|""13256217-n"""
47826,5519,set_statement,Done,,,Q2866403,"Q2866403|P5063|""i106194"""
47826,5520,set_statement,Done,,,Q134347,"Q134347|P8814|""13258086-n"""
47826,5521,set_statement,Done,,,Q134347,"Q134347|P5063|""i106204"""
47826,5522,set_statement,Done,,,Q632142,"Q632142|P8814|""13258406-n"""
47826,5523,set_statement,Done,,,Q632142,"Q632142|P5063|""i106206"""
47826,5524,set_statement,Done,,,Q3950495,"Q3950495|P8814|""13258886-n"""
47826,5525,set_statement,Done,,,Q3950495,"Q3950495|P5063|""i106208"""
47826,5526,set_statement,Done,,,Q124757631,"Q124757631|P8814|""13260634-n"""
47826,5527,set_statement,Done,,,Q124757631,"Q124757631|P5063|""i106216"""
47826,5528,set_statement,Done,,,Q2305441,"Q2305441|P8814|""13578654-n"""
47826,5529,set_statement,Done,,,Q2305441,"Q2305441|P5063|""i107954"""
47826,5530,set_statement,Error,combining_failed,The next command failed,Q6901506,"Q6901506|P8814|""14268208-n"""
47826,5531,set_statement,Error,api_user_error,Error 409 ('redirected-item'): Item Q6901506 has been redirected to Q1313618.,Q6901506,"Q6901506|P5063|""i111775"""
47826,5532,set_statement,Done,,,Q2271749,"Q2271749|P8814|""14362624-n"""
47826,5533,set_statement,Done,,,Q2271749,"Q2271749|P5063|""i112309"""
47826,5534,set_statement,Done,,,Q56019,"Q56019|P8814|""14454897-n"""
47826,5535,set_statement,Done,,,Q56019,"Q56019|P5063|""i112840"""
47826,5536,set_statement,Done,,,Q422488,"Q422488|P8814|""15097852-n"""
47826,5537,set_statement,Done,,,Q422488,"Q422488|P5063|""i116398"""
