batch_id,index,operation,status,error,message,entity_id,raw_input
47825,0,set_statement,Done,,,Q97263158,"Q97263158|P8814|""01344517-n"""
47825,1,set_statement,Done,,,Q97263158,"Q97263158|P5063|""i42409"""
47825,2,set_statement,Done,,,Q134684,"Q134684|P8814|""01354094-n"""
47825,3,set_statement,Done,,,Q134684,"Q134684|P5063|""i42431"""
47825,4,set_statement,Done,,,Q180556,"Q180556|P8814|""01354329-n"""
47825,5,set_statement,Done,,,Q180556,"Q180556|P5063|""i42432"""
47825,6,set_statement,Done,,,Q115944464,"Q115944464|P8814|""01356573-n"""
47825,7,set_statement,Done,,,Q115944464,"Q115944464|P5063|""i42439"""
47825,8,set_statement,Done,,,Q2462359,"Q2462359|P8814|""01356790-n"""
47825,9,set_statement,Done,,,Q2462359,"Q2462359|P5063|""i42440"""
47825,10,set_statement,Done,,,Q830142,"Q830142|P8814|""01356965-n"""
47825,11,set_statement,Done,,,Q830142,"Q830142|P5063|""i42441"""
47825,12,set_statement,Done,,,Q116698041,"Q116698041|P8814|""01358727-n"""
47825,13,set_statement,Done,,,Q116698041,"Q116698041|P5063|""i42446"""
47825,14,set_statement,Done,,,Q149098,"Q149098|P8814|""01359100-n"""
47825,15,set_statement,Done,,,Q149098,"Q149098|P5063|""i42447"""
47825,16,set_statement,Done,,,Q21447348,"Q21447348|P8814|""01360776-n"""
47825,17,set_statement,Done,,,Q21447348,"Q21447348|P5063|""i42455"""
47825,18,set_statement,Error,api_user_error,Error 404 ('resource-not-found'): The requested resource does not exist,Q21442543,"Q21442543|P8814|""01360900-n"""
47825,19,set_statement,Error,api_user_error,Error 404 ('resource-not-found'): The requested resource does not exist,Q21442543,"Q21442543|P5063|""i42456"""
47825,20,set_statement,Done,,,Q1771045,"Q1771045|P8814|""01361711-n"""
47825,21,set_statement,Done,,,Q1771045,"Q1771045|P5063|""i42459"""
47825,22,set_statement,Done,,,Q15489312,"Q15489312|P8814|""01362129-n"""
47825,23,set_statement,Done,,,Q15489312,"Q15489312|P5063|""i42462"""
47825,24,set_statement,Done,,,Q133966,"Q133966|P8814|""01362971-n"""
47825,25,set_statement,Done,,,Q133966,"Q133966|P5063|""i42467"""
47825,26,set_statement,Done,,,Q138058,"Q138058|P8814|""01363353-n"""
47825,27,set_statement,Done,,,Q138058,"Q138058|P5063|""i42468"""
47825,28,set_statement,Done,,,Q131143,"Q131143|P8814|""01363578-n"""
47825,29,set_statement,Done,,,Q131143,"Q131143|P5063|""i42469"""
47825,30,set_statement,Done,,,Q7041456,"Q7041456|P8814|""01364614-n"""
47825,31,set_statement,Done,,,Q7041456,"Q7041456|P5063|""i42475"""
47825,32,set_statement,Done,,,Q146274,"Q146274|P8814|""01364837-n"""
47825,33,set_statement,Done,,,Q146274,"Q146274|P5063|""i42476"""
47825,34,set_statement,Done,,,Q134834,"Q134834|P8814|""01365410-n"""
47825,35,set_statement,Done,,,Q134834,"Q134834|P5063|""i42480"""
47825,36,set_statement,Done,,,Q2421263,"Q2421263|P8814|""01365640-n"""
47825,37,set_statement,Done,,,Q2421263,"Q2421263|P5063|""i42481"""
47825,38,set_statement,Done,,,Q7577827,"Q7577827|P8814|""01366064-n"""
47825,39,set_statement,Done,,,Q7577827,"Q7577827|P5063|""i42484"""
47825,40,set_statement,Done,,,Q4840030,"Q4840030|P8814|""01367228-n"""
47825,41,set_statement,Done,,,Q4840030,"Q4840030|P5063|""i42492"""
47825,42,set_statement,Done,,,Q62895839,"Q62895839|P8814|""01367963-n"""
47825,43,set_statement,Done,,,Q62895839,"Q62895839|P5063|""i42495"""
47825,44,set_statement,Done,,,Q1003460,"Q1003460|P8814|""01368325-n"""
47825,45,set_statement,Done,,,Q1003460,"Q1003460|P5063|""i42497"""
47825,46,set_statement,Done,,,Q15932755,"Q15932755|P8814|""01368656-n"""
47825,47,set_statement,Done,,,Q15932755,"Q15932755|P5063|""i42499"""
47825,48,set_statement,Done,,,Q380136,"Q380136|P8814|""01370071-n"""
47825,49,set_statement,Done,,,Q380136,"Q380136|P5063|""i42506"""
47825,50,set_statement,Done,,,Q140004,"Q140004|P8814|""01372460-n"""
47825,51,set_statement,Done,,,Q140004,"Q140004|P5063|""i42519"""
47825,52,set_statement,Done,,,Q136644,"Q136644|P8814|""01373554-n"""
47825,53,set_statement,Done,,,Q136644,"Q136644|P5063|""i42526"""
47825,54,set_statement,Done,,,Q13474598,"Q13474598|P8814|""01375013-n"""
47825,55,set_statement,Done,,,Q13474598,"Q13474598|P5063|""i42534"""
47825,56,set_statement,Done,,,Q846309,"Q846309|P8814|""01375185-n"""
47825,57,set_statement,Done,,,Q846309,"Q846309|P5063|""i42535"""
47825,58,set_statement,Done,,,Q3869074,"Q3869074|P8814|""01375913-n"""
47825,59,set_statement,Done,,,Q3869074,"Q3869074|P5063|""i42539"""
47825,60,set_statement,Done,,,Q136808,"Q136808|P8814|""01376081-n"""
47825,61,set_statement,Done,,,Q136808,"Q136808|P5063|""i42540"""
47825,62,set_statement,Done,,,Q3331319,"Q3331319|P8814|""01379442-n"""
47825,63,set_statement,Done,,,Q3331319,"Q3331319|P5063|""i42559"""
47825,64,set_statement,Done,,,Q99299816,"Q99299816|P8814|""01380547-n"""
47825,65,set_statement,Done,,,Q99299816,"Q99299816|P5063|""i42568"""
47825,66,set_statement,Done,,,Q21226524,"Q21226524|P8814|""01380778-n"""
47825,67,set_statement,Done,,,Q21226524,"Q21226524|P5063|""i42569"""
47825,68,set_statement,Done,,,Q26271235,"Q26271235|P8814|""01380987-n"""
47825,69,set_statement,Done,,,Q26271235,"Q26271235|P5063|""i42570"""
47825,70,set_statement,Done,,,Q1365581,"Q1365581|P8814|""01381441-n"""
47825,71,set_statement,Done,,,Q1365581,"Q1365581|P5063|""i42572"""
47825,72,set_statement,Done,,,Q1954952,"Q1954952|P8814|""01381757-n"""
47825,73,set_statement,Done,,,Q1954952,"Q1954952|P5063|""i42573"""
47825,74,set_statement,Done,,,Q578677,"Q578677|P8814|""01382277-n"""
47825,75,set_statement,Done,,,Q578677,"Q578677|P5063|""i42576"""
47825,76,set_statement,Done,,,Q110107986,"Q110107986|P8814|""01384914-n"""
47825,77,set_statement,Done,,,Q110107986,"Q110107986|P5063|""i42590"""
47825,78,set_statement,Done,,,Q2113650,"Q2113650|P8814|""01389135-n"""
47825,79,set_statement,Done,,,Q2113650,"Q2113650|P5063|""i42613"""
47825,80,set_statement,Done,,,Q9358965,"Q9358965|P8814|""01391633-n"""
47825,81,set_statement,Done,,,Q9358965,"Q9358965|P5063|""i42619"""
47825,82,set_statement,Done,,,Q6088705,"Q6088705|P8814|""01391829-n"""
47825,83,set_statement,Done,,,Q6088705,"Q6088705|P5063|""i42620"""
47825,84,set_statement,Done,,,Q21400186,"Q21400186|P8814|""01392516-n"""
47825,85,set_statement,Done,,,Q21400186,"Q21400186|P5063|""i42622"""
47825,86,set_statement,Done,,,Q968988,"Q968988|P8814|""01393268-n"""
47825,87,set_statement,Done,,,Q968988,"Q968988|P5063|""i42626"""
47825,88,set_statement,Done,,,Q113942,"Q113942|P8814|""01394574-n"""
47825,89,set_statement,Done,,,Q113942,"Q113942|P5063|""i42634"""
47825,90,set_statement,Done,,,Q175868,"Q175868|P8814|""01396245-n"""
47825,91,set_statement,Done,,,Q175868,"Q175868|P5063|""i42644"""
47825,92,set_statement,Done,,,Q21447806,"Q21447806|P8814|""01396514-n"""
47825,93,set_statement,Done,,,Q21447806,"Q21447806|P5063|""i42646"""
47825,94,set_statement,Done,,,Q2442353,"Q2442353|P8814|""01396834-n"""
47825,95,set_statement,Done,,,Q2442353,"Q2442353|P5063|""i42648"""
47825,96,set_statement,Done,,,Q27212391,"Q27212391|P8814|""01397542-n"""
47825,97,set_statement,Done,,,Q27212391,"Q27212391|P5063|""i42653"""
47825,98,set_statement,Done,,,Q1202152,"Q1202152|P8814|""01399099-n"""
47825,99,set_statement,Done,,,Q1202152,"Q1202152|P5063|""i42661"""
47825,100,set_statement,Done,,,Q1763065,"Q1763065|P8814|""01403216-n"""
47825,101,set_statement,Done,,,Q1763065,"Q1763065|P5063|""i42684"""
47825,102,set_statement,Done,,,Q745912,"Q745912|P8814|""01403413-n"""
47825,103,set_statement,Done,,,Q745912,"Q745912|P5063|""i42685"""
47825,104,set_statement,Done,,,Q2878349,"Q2878349|P8814|""01403532-n"""
47825,105,set_statement,Done,,,Q2878349,"Q2878349|P5063|""i42686"""
47825,106,set_statement,Done,,,Q11065859,"Q11065859|P8814|""01403937-n"""
47825,107,set_statement,Done,,,Q11065859,"Q11065859|P5063|""i42688"""
47825,108,set_statement,Done,,,Q18674107,"Q18674107|P8814|""01404158-n"""
47825,109,set_statement,Done,,,Q18674107,"Q18674107|P5063|""i42689"""
47825,110,set_statement,Done,,,Q16034614,"Q16034614|P8814|""01408083-n"""
47825,111,set_statement,Done,,,Q16034614,"Q16034614|P5063|""i42712"""
47825,112,set_statement,Done,,,Q2356588,"Q2356588|P8814|""01408903-n"""
47825,113,set_statement,Done,,,Q2356588,"Q2356588|P5063|""i42717"""
47825,114,set_statement,Done,,,Q2132226,"Q2132226|P8814|""01409067-n"""
47825,115,set_statement,Done,,,Q2132226,"Q2132226|P5063|""i42718"""
47825,116,set_statement,Done,,,Q132609,"Q132609|P8814|""01410106-n"""
47825,117,set_statement,Done,,,Q132609,"Q132609|P5063|""i42723"""
47825,118,set_statement,Done,,,Q1367727,"Q1367727|P8814|""01410894-n"""
47825,119,set_statement,Done,,,Q1367727,"Q1367727|P5063|""i42726"""
47825,120,set_statement,Done,,,Q1109330,"Q1109330|P8814|""01411188-n"""
47825,121,set_statement,Done,,,Q1109330,"Q1109330|P5063|""i42728"""
47825,122,set_statement,Done,,,Q654492,"Q654492|P8814|""01411706-n"""
47825,123,set_statement,Done,,,Q654492,"Q654492|P5063|""i42731"""
47825,124,set_statement,Done,,,Q310495,"Q310495|P8814|""01411885-n"""
47825,125,set_statement,Done,,,Q310495,"Q310495|P5063|""i42732"""
47825,126,set_statement,Done,,,Q133008,"Q133008|P8814|""01412306-n"""
47825,127,set_statement,Done,,,Q133008,"Q133008|P5063|""i42734"""
47825,128,set_statement,Done,,,Q497859,"Q497859|P8814|""01412581-n"""
47825,129,set_statement,Done,,,Q497859,"Q497859|P5063|""i42735"""
47825,130,set_statement,Done,,,Q150137,"Q150137|P8814|""01412971-n"""
47825,131,set_statement,Done,,,Q150137,"Q150137|P5063|""i42737"""
47825,132,set_statement,Done,,,Q4271430,"Q4271430|P8814|""01413677-n"""
47825,133,set_statement,Done,,,Q4271430,"Q4271430|P5063|""i42742"""
47825,134,set_statement,Done,,,Q1188910,"Q1188910|P8814|""01414197-n"""
47825,135,set_statement,Done,,,Q1188910,"Q1188910|P5063|""i42745"""
47825,136,set_statement,Done,,,Q15211115,"Q15211115|P8814|""01414368-n"""
47825,137,set_statement,Done,,,Q15211115,"Q15211115|P5063|""i42746"""
47825,138,set_statement,Done,,,Q1208690,"Q1208690|P8814|""01414726-n"""
47825,139,set_statement,Done,,,Q1208690,"Q1208690|P5063|""i42748"""
47825,140,set_statement,Done,,,Q14920463,"Q14920463|P8814|""01414920-n"""
47825,141,set_statement,Done,,,Q14920463,"Q14920463|P5063|""i42749"""
47825,142,set_statement,Done,,,Q1559048,"Q1559048|P8814|""01415120-n"""
47825,143,set_statement,Done,,,Q1559048,"Q1559048|P5063|""i42750"""
47825,144,set_statement,Done,,,Q860112,"Q860112|P8814|""01415566-n"""
47825,145,set_statement,Done,,,Q860112,"Q860112|P5063|""i42752"""
47825,146,set_statement,Done,,,Q3011489,"Q3011489|P8814|""01415712-n"""
47825,147,set_statement,Done,,,Q3011489,"Q3011489|P5063|""i42753"""
47825,148,set_statement,Done,,,Q1307414,"Q1307414|P8814|""01415829-n"""
47825,149,set_statement,Done,,,Q1307414,"Q1307414|P5063|""i42754"""
47825,150,set_statement,Done,,,Q14759694,"Q14759694|P8814|""01417143-n"""
47825,151,set_statement,Done,,,Q14759694,"Q14759694|P5063|""i42762"""
47825,152,set_statement,Done,,,Q18509172,"Q18509172|P8814|""01417482-n"""
47825,153,set_statement,Done,,,Q18509172,"Q18509172|P5063|""i42764"""
47825,154,set_statement,Done,,,Q7321257,"Q7321257|P8814|""01417627-n"""
47825,155,set_statement,Done,,,Q7321257,"Q7321257|P5063|""i42765"""
47825,156,set_statement,Done,,,Q2717889,"Q2717889|P8814|""01417897-n"""
47825,157,set_statement,Done,,,Q2717889,"Q2717889|P5063|""i42767"""
47825,158,set_statement,Done,,,Q2104475,"Q2104475|P8814|""01418034-n"""
47825,159,set_statement,Done,,,Q2104475,"Q2104475|P5063|""i42768"""
47825,160,set_statement,Done,,,Q21447017,"Q21447017|P8814|""01419682-n"""
47825,161,set_statement,Done,,,Q21447017,"Q21447017|P5063|""i42775"""
47825,162,set_statement,Done,,,Q3342595,"Q3342595|P8814|""01420194-n"""
47825,163,set_statement,Done,,,Q3342595,"Q3342595|P5063|""i42777"""
47825,164,set_statement,Done,,,Q15241090,"Q15241090|P8814|""01420448-n"""
47825,165,set_statement,Done,,,Q15241090,"Q15241090|P5063|""i42779"""
47825,166,set_statement,Done,,,Q147258,"Q147258|P8814|""01420623-n"""
47825,167,set_statement,Done,,,Q147258,"Q147258|P5063|""i42780"""
47825,168,set_statement,Done,,,Q21446496,"Q21446496|P8814|""01421435-n"""
47825,169,set_statement,Done,,,Q21446496,"Q21446496|P5063|""i42785"""
47825,170,set_statement,Done,,,Q55706286,"Q55706286|P8814|""01421723-n"""
47825,171,set_statement,Done,,,Q55706286,"Q55706286|P5063|""i42787"""
47825,172,set_statement,Done,,,Q87188765,"Q87188765|P8814|""01422085-n"""
47825,173,set_statement,Done,,,Q87188765,"Q87188765|P5063|""i42789"""
47825,174,set_statement,Done,,,Q2963624,"Q2963624|P8814|""01422641-n"""
47825,175,set_statement,Done,,,Q2963624,"Q2963624|P5063|""i42793"""
47825,176,set_statement,Done,,,Q1759900,"Q1759900|P8814|""01422805-n"""
47825,177,set_statement,Done,,,Q1759900,"Q1759900|P5063|""i42794"""
47825,178,set_statement,Done,,,Q309497,"Q309497|P8814|""01422955-n"""
47825,179,set_statement,Done,,,Q309497,"Q309497|P5063|""i42795"""
47825,180,set_statement,Done,,,Q488032,"Q488032|P8814|""01423805-n"""
47825,181,set_statement,Done,,,Q488032,"Q488032|P5063|""i42800"""
47825,182,set_statement,Done,,,Q3967020,"Q3967020|P8814|""01424137-n"""
47825,183,set_statement,Done,,,Q3967020,"Q3967020|P5063|""i42802"""
47825,184,set_statement,Done,,,Q1147204,"Q1147204|P8814|""01425476-n"""
47825,185,set_statement,Done,,,Q1147204,"Q1147204|P5063|""i42808"""
47825,186,set_statement,Done,,,Q795581,"Q795581|P8814|""01425642-n"""
47825,187,set_statement,Done,,,Q795581,"Q795581|P5063|""i42809"""
47825,188,set_statement,Done,,,Q18692916,"Q18692916|P8814|""01426105-n"""
47825,189,set_statement,Done,,,Q18692916,"Q18692916|P5063|""i42812"""
47825,190,set_statement,Done,,,Q21446124,"Q21446124|P8814|""01426398-n"""
47825,191,set_statement,Done,,,Q21446124,"Q21446124|P5063|""i42814"""
47825,192,set_statement,Done,,,Q5638270,"Q5638270|P8814|""01427579-n"""
47825,193,set_statement,Done,,,Q5638270,"Q5638270|P5063|""i42821"""
47825,194,set_statement,Done,,,Q18618857,"Q18618857|P8814|""01427977-n"""
47825,195,set_statement,Done,,,Q18618857,"Q18618857|P5063|""i42824"""
47825,196,set_statement,Done,,,Q797656,"Q797656|P8814|""01428142-n"""
47825,197,set_statement,Done,,,Q797656,"Q797656|P5063|""i42825"""
47825,198,set_statement,Done,,,Q3178497,"Q3178497|P8814|""01428624-n"""
47825,199,set_statement,Done,,,Q3178497,"Q3178497|P5063|""i42828"""
47825,200,set_statement,Done,,,Q2658061,"Q2658061|P8814|""01428801-n"""
47825,201,set_statement,Done,,,Q2658061,"Q2658061|P5063|""i42829"""
47825,202,set_statement,Done,,,Q137449,"Q137449|P8814|""01429107-n"""
47825,203,set_statement,Done,,,Q137449,"Q137449|P5063|""i42831"""
47825,204,set_statement,Done,,,Q21445641,"Q21445641|P8814|""01429646-n"""
47825,205,set_statement,Done,,,Q21445641,"Q21445641|P5063|""i42834"""
47825,206,set_statement,Done,,,Q132652,"Q132652|P8814|""01429882-n"""
47825,207,set_statement,Done,,,Q132652,"Q132652|P5063|""i42836"""
47825,208,set_statement,Done,,,Q3694990,"Q3694990|P8814|""01430188-n"""
47825,209,set_statement,Done,,,Q3694990,"Q3694990|P5063|""i42838"""
47825,210,set_statement,Done,,,Q35047,"Q35047|P8814|""01441361-n"""
47825,211,set_statement,Done,,,Q35047,"Q35047|P5063|""i42851"""
47825,212,set_statement,Done,,,Q282584,"Q282584|P8814|""01442985-n"""
47825,213,set_statement,Done,,,Q282584,"Q282584|P5063|""i42858"""
47825,214,set_statement,Done,,,Q15963609,"Q15963609|P8814|""01443296-n"""
47825,215,set_statement,Done,,,Q15963609,"Q15963609|P5063|""i42860"""
47825,216,set_statement,Done,,,Q312225,"Q312225|P8814|""01443590-n"""
47825,217,set_statement,Done,,,Q312225,"Q312225|P5063|""i42862"""
47825,218,set_statement,Done,,,Q2521639,"Q2521639|P8814|""01444266-n"""
47825,219,set_statement,Done,,,Q2521639,"Q2521639|P5063|""i42866"""
47825,220,set_statement,Done,,,Q18650996,"Q18650996|P8814|""01444696-n"""
47825,221,set_statement,Done,,,Q18650996,"Q18650996|P5063|""i42869"""
47825,222,set_statement,Done,,,Q302677,"Q302677|P8814|""01445232-n"""
47825,223,set_statement,Done,,,Q302677,"Q302677|P5063|""i42873"""
47825,224,set_statement,Done,,,Q310652,"Q310652|P8814|""01445767-n"""
47825,225,set_statement,Done,,,Q310652,"Q310652|P5063|""i42877"""
47825,226,set_statement,Done,,,Q237800,"Q237800|P8814|""01446039-n"""
47825,227,set_statement,Done,,,Q237800,"Q237800|P5063|""i42879"""
47825,228,set_statement,Done,,,Q16631805,"Q16631805|P8814|""01446639-n"""
47825,229,set_statement,Done,,,Q16631805,"Q16631805|P5063|""i42883"""
47825,230,set_statement,Done,,,Q18926800,"Q18926800|P8814|""01446805-n"""
47825,231,set_statement,Done,,,Q18926800,"Q18926800|P5063|""i42884"""
47825,232,set_statement,Done,,,Q2271225,"Q2271225|P8814|""01447814-n"""
47825,233,set_statement,Done,,,Q2271225,"Q2271225|P5063|""i42889"""
47825,234,set_statement,Done,,,Q2707493,"Q2707493|P8814|""01448639-n"""
47825,235,set_statement,Done,,,Q2707493,"Q2707493|P5063|""i42895"""
47825,236,set_statement,Done,,,Q2359231,"Q2359231|P8814|""01449642-n"""
47825,237,set_statement,Done,,,Q2359231,"Q2359231|P5063|""i42900"""
47825,238,set_statement,Done,,,Q310951,"Q310951|P8814|""01451137-n"""
47825,239,set_statement,Done,,,Q310951,"Q310951|P5063|""i42909"""
47825,240,set_statement,Done,,,Q107269289,"Q107269289|P8814|""01452227-n"""
47825,241,set_statement,Done,,,Q107269289,"Q107269289|P5063|""i42915"""
47825,242,set_statement,Done,,,Q11784877,"Q11784877|P8814|""01452498-n"""
47825,243,set_statement,Done,,,Q11784877,"Q11784877|P5063|""i42917"""
47825,244,set_statement,Done,,,Q749596,"Q749596|P8814|""01452722-n"""
47825,245,set_statement,Done,,,Q749596,"Q749596|P5063|""i42919"""
47825,246,set_statement,Done,,,Q1335080,"Q1335080|P8814|""01452922-n"""
47825,247,set_statement,Done,,,Q1335080,"Q1335080|P5063|""i42920"""
47825,248,set_statement,Done,,,Q1346261,"Q1346261|P8814|""01454165-n"""
47825,249,set_statement,Done,,,Q1346261,"Q1346261|P5063|""i42927"""
47825,250,set_statement,Done,,,Q2489985,"Q2489985|P8814|""01454692-n"""
47825,251,set_statement,Done,,,Q2489985,"Q2489985|P5063|""i42930"""
47825,252,set_statement,Done,,,Q768334,"Q768334|P8814|""01455137-n"""
47825,253,set_statement,Done,,,Q768334,"Q768334|P5063|""i42933"""
47825,254,set_statement,Done,,,Q1476897,"Q1476897|P8814|""01455274-n"""
47825,255,set_statement,Done,,,Q1476897,"Q1476897|P5063|""i42934"""
47825,256,set_statement,Done,,,Q1960850,"Q1960850|P8814|""01455595-n"""
47825,257,set_statement,Done,,,Q1960850,"Q1960850|P5063|""i42936"""
47825,258,set_statement,Done,,,Q5036326,"Q5036326|P8814|""01455971-n"""
47825,259,set_statement,Done,,,Q5036326,"Q5036326|P5063|""i42939"""
47825,260,set_statement,Done,,,Q145289,"Q145289|P8814|""01456232-n"""
47825,261,set_statement,Done,,,Q145289,"Q145289|P5063|""i42941"""
47825,262,set_statement,Done,,,Q14364531,"Q14364531|P8814|""01456493-n"""
47825,263,set_statement,Done,,,Q14364531,"Q14364531|P5063|""i42943"""
47825,264,set_statement,Done,,,Q9260095,"Q9260095|P8814|""01456901-n"""
47825,265,set_statement,Done,,,Q9260095,"Q9260095|P5063|""i42944"""
47825,266,set_statement,Done,,,Q134491,"Q134491|P8814|""01457782-n"""
47825,267,set_statement,Done,,,Q134491,"Q134491|P5063|""i42949"""
47825,268,set_statement,Done,,,Q213534,"Q213534|P8814|""01458233-n"""
47825,269,set_statement,Done,,,Q213534,"Q213534|P5063|""i42952"""
47825,270,set_statement,Done,,,Q606703,"Q606703|P8814|""01458627-n"""
47825,271,set_statement,Done,,,Q606703,"Q606703|P5063|""i42954"""
47825,272,set_statement,Done,,,Q1824775,"Q1824775|P8814|""01458937-n"""
47825,273,set_statement,Done,,,Q1824775,"Q1824775|P5063|""i42956"""
47825,274,set_statement,Done,,,Q10672751,"Q10672751|P8814|""01459580-n"""
47825,275,set_statement,Done,,,Q10672751,"Q10672751|P5063|""i42960"""
47825,276,set_statement,Done,,,Q610041,"Q610041|P8814|""01460217-n"""
47825,277,set_statement,Done,,,Q610041,"Q610041|P5063|""i42964"""
47825,278,set_statement,Done,,,Q107268725,"Q107268725|P8814|""01470316-n"""
47825,279,set_statement,Done,,,Q107268725,"Q107268725|P5063|""i43019"""
47825,280,set_statement,Done,,,Q190090,"Q190090|P8814|""01471173-n"""
47825,281,set_statement,Done,,,Q190090,"Q190090|P5063|""i43023"""
47825,282,set_statement,Done,,,Q610887,"Q610887|P8814|""01471863-n"""
47825,283,set_statement,Done,,,Q610887,"Q610887|P5063|""i43027"""
47825,284,set_statement,Done,,,Q3470198,"Q3470198|P8814|""01472227-n"""
47825,285,set_statement,Done,,,Q3470198,"Q3470198|P5063|""i43029"""
47825,286,set_statement,Done,,,Q4923287,"Q4923287|P8814|""01472527-n"""
47825,287,set_statement,Done,,,Q4923287,"Q4923287|P5063|""i43031"""
47825,288,set_statement,Done,,,Q26206847,"Q26206847|P8814|""01472928-n"""
47825,289,set_statement,Done,,,Q26206847,"Q26206847|P5063|""i43034"""
47825,290,set_statement,Done,,,Q21444273,"Q21444273|P8814|""01473227-n"""
47825,291,set_statement,Done,,,Q21444273,"Q21444273|P5063|""i43036"""
47825,292,set_statement,Done,,,Q34613085,"Q34613085|P8814|""01478776-n"""
47825,293,set_statement,Done,,,Q34613085,"Q34613085|P5063|""i43059"""
47825,294,set_statement,Done,,,Q150893,"Q150893|P8814|""01479470-n"""
47825,295,set_statement,Done,,,Q150893,"Q150893|P5063|""i43062"""
47825,296,set_statement,Done,,,Q3377629,"Q3377629|P8814|""01480386-n"""
47825,297,set_statement,Done,,,Q3377629,"Q3377629|P5063|""i43067"""
47825,298,set_statement,Done,,,Q740209,"Q740209|P8814|""01481457-n"""
47825,299,set_statement,Done,,,Q740209,"Q740209|P5063|""i43072"""
47825,300,set_statement,Done,,,Q20859372,"Q20859372|P8814|""01481970-n"""
47825,301,set_statement,Done,,,Q20859372,"Q20859372|P5063|""i43076"""
47825,302,set_statement,Done,,,Q25371,"Q25371|P8814|""01482977-n"""
47825,303,set_statement,Done,,,Q25371,"Q25371|P5063|""i43082"""
47825,304,set_statement,Done,,,Q19240,"Q19240|P8814|""01483844-n"""
47825,305,set_statement,Done,,,Q19240,"Q19240|P5063|""i43087"""
47825,306,set_statement,Done,,,Q311682,"Q311682|P8814|""01485528-n"""
47825,307,set_statement,Done,,,Q311682,"Q311682|P5063|""i43094"""
47825,308,set_statement,Done,,,Q35077862,"Q35077862|P8814|""01486011-n"""
47825,309,set_statement,Done,,,Q35077862,"Q35077862|P5063|""i43097"""
47825,310,set_statement,Done,,,Q137078,"Q137078|P8814|""01486348-n"""
47825,311,set_statement,Done,,,Q137078,"Q137078|P5063|""i43099"""
47825,312,set_statement,Done,,,Q171298,"Q171298|P8814|""01486621-n"""
47825,313,set_statement,Done,,,Q171298,"Q171298|P5063|""i43101"""
47825,314,set_statement,Done,,,Q2947096,"Q2947096|P8814|""01487714-n"""
47825,315,set_statement,Done,,,Q2947096,"Q2947096|P5063|""i43108"""
47825,316,set_statement,Done,,,Q16542604,"Q16542604|P8814|""01487947-n"""
47825,317,set_statement,Done,,,Q16542604,"Q16542604|P5063|""i43109"""
47825,318,set_statement,Done,,,Q17280257,"Q17280257|P8814|""01488314-n"""
47825,319,set_statement,Done,,,Q17280257,"Q17280257|P5063|""i43111"""
47825,320,set_statement,Done,,,Q17283693,"Q17283693|P8814|""01489347-n"""
47825,321,set_statement,Done,,,Q17283693,"Q17283693|P5063|""i43117"""
47825,322,set_statement,Done,,,Q17284129,"Q17284129|P8814|""01490555-n"""
47825,323,set_statement,Done,,,Q17284129,"Q17284129|P5063|""i43123"""
47825,324,set_statement,Done,,,Q48191,"Q48191|P8814|""01491180-n"""
47825,325,set_statement,Done,,,Q48191,"Q48191|P5063|""i43127"""
47825,326,set_statement,Done,,,Q312359,"Q312359|P8814|""01491916-n"""
47825,327,set_statement,Done,,,Q312359,"Q312359|P5063|""i43129"""
47825,328,set_statement,Done,,,Q15695051,"Q15695051|P8814|""01493526-n"""
47825,329,set_statement,Done,,,Q15695051,"Q15695051|P5063|""i43137"""
47825,330,set_statement,Done,,,Q2186811,"Q2186811|P8814|""01493876-n"""
47825,331,set_statement,Done,,,Q2186811,"Q2186811|P5063|""i43139"""
47825,332,set_statement,Done,,,Q608028,"Q608028|P8814|""01494161-n"""
47825,333,set_statement,Done,,,Q608028,"Q608028|P5063|""i43141"""
47825,334,set_statement,Done,,,Q756279,"Q756279|P8814|""01494632-n"""
47825,335,set_statement,Done,,,Q756279,"Q756279|P5063|""i43144"""
47825,336,set_statement,Done,,,Q2061110,"Q2061110|P8814|""01494853-n"""
47825,337,set_statement,Done,,,Q2061110,"Q2061110|P5063|""i43145"""
47825,338,set_statement,Done,,,Q2806074,"Q2806074|P8814|""01495653-n"""
47825,339,set_statement,Done,,,Q2806074,"Q2806074|P5063|""i43150"""
47825,340,set_statement,Done,,,Q1245778,"Q1245778|P8814|""01496007-n"""
47825,341,set_statement,Done,,,Q1245778,"Q1245778|P5063|""i43152"""
47825,342,set_statement,Done,,,Q208490,"Q208490|P8814|""01496829-n"""
47825,343,set_statement,Done,,,Q208490,"Q208490|P5063|""i43157"""
47825,344,set_statement,Done,,,Q132998,"Q132998|P8814|""01496980-n"""
47825,345,set_statement,Done,,,Q132998,"Q132998|P5063|""i43158"""
47825,346,set_statement,Done,,,Q15207726,"Q15207726|P8814|""01497833-n"""
47825,347,set_statement,Done,,,Q15207726,"Q15207726|P5063|""i43163"""
47825,348,set_statement,Done,,,Q756731,"Q756731|P8814|""01497981-n"""
47825,349,set_statement,Done,,,Q756731,"Q756731|P5063|""i43164"""
47825,350,set_statement,Done,,,Q190736,"Q190736|P8814|""01499585-n"""
47825,351,set_statement,Done,,,Q190736,"Q190736|P5063|""i43171"""
47825,352,set_statement,Done,,,Q683945,"Q683945|P8814|""01499919-n"""
47825,353,set_statement,Done,,,Q683945,"Q683945|P5063|""i43173"""
47825,354,set_statement,Done,,,Q3122687,"Q3122687|P8814|""01501218-n"""
47825,355,set_statement,Done,,,Q3122687,"Q3122687|P5063|""i43181"""
47825,356,set_statement,Done,,,Q2825690,"Q2825690|P8814|""01501902-n"""
47825,357,set_statement,Done,,,Q2825690,"Q2825690|P5063|""i43185"""
47825,358,set_statement,Done,,,Q1428166,"Q1428166|P8814|""01502236-n"""
47825,359,set_statement,Done,,,Q1428166,"Q1428166|P5063|""i43187"""
47825,360,set_statement,Done,,,Q16354702,"Q16354702|P8814|""01502539-n"""
47825,361,set_statement,Done,,,Q16354702,"Q16354702|P5063|""i43189"""
47825,362,set_statement,Done,,,Q1536199,"Q1536199|P8814|""01503001-n"""
47825,363,set_statement,Done,,,Q1536199,"Q1536199|P5063|""i43191"""
47825,364,set_statement,Done,,,Q837104,"Q837104|P8814|""01503636-n"""
47825,365,set_statement,Done,,,Q837104,"Q837104|P5063|""i43195"""
47825,366,set_statement,Done,,,Q19776304,"Q19776304|P8814|""01519128-n"""
47825,367,set_statement,Done,,,Q19776304,"Q19776304|P5063|""i43223"""
47825,368,set_statement,Done,,,Q19622300,"Q19622300|P8814|""01519519-n"""
47825,369,set_statement,Done,,,Q19622300,"Q19622300|P5063|""i43225"""
47825,370,set_statement,Done,,,Q840849,"Q840849|P8814|""01520988-n"""
47825,371,set_statement,Done,,,Q840849,"Q840849|P5063|""i43232"""
47825,372,set_statement,Done,,,Q1569770,"Q1569770|P8814|""01521205-n"""
47825,373,set_statement,Done,,,Q1569770,"Q1569770|P5063|""i43233"""
47825,374,set_statement,Done,,,Q19173,"Q19173|P8814|""01521687-n"""
47825,375,set_statement,Done,,,Q19173,"Q19173|P5063|""i43236"""
47825,376,set_statement,Done,,,Q756871,"Q756871|P8814|""01521869-n"""
47825,377,set_statement,Done,,,Q756871,"Q756871|P5063|""i43237"""
47825,378,set_statement,Done,,,Q858264,"Q858264|P8814|""01522360-n"""
47825,379,set_statement,Done,,,Q858264,"Q858264|P5063|""i43240"""
47825,380,set_statement,Done,,,Q11085824,"Q11085824|P8814|""01522699-n"""
47825,381,set_statement,Done,,,Q11085824,"Q11085824|P5063|""i43242"""
47825,382,set_statement,Done,,,Q3621064,"Q3621064|P8814|""01522925-n"""
47825,383,set_statement,Done,,,Q3621064,"Q3621064|P5063|""i43243"""
47825,384,set_statement,Done,,,Q19171,"Q19171|P8814|""01523838-n"""
47825,385,set_statement,Done,,,Q19171,"Q19171|P5063|""i43248"""
47825,386,set_statement,Done,,,Q6090573,"Q6090573|P8814|""01524243-n"""
47825,387,set_statement,Done,,,Q6090573,"Q6090573|P5063|""i43250"""
47825,388,set_statement,Done,,,Q3605955,"Q3605955|P8814|""01524621-n"""
47825,389,set_statement,Done,,,Q3605955,"Q3605955|P5063|""i43252"""
47825,390,set_statement,Done,,,Q214508,"Q214508|P8814|""01524788-n"""
47825,391,set_statement,Done,,,Q214508,"Q214508|P5063|""i43253"""
47825,392,set_statement,Done,,,Q2638301,"Q2638301|P8814|""01524946-n"""
47825,393,set_statement,Done,,,Q2638301,"Q2638301|P5063|""i43254"""
47825,394,set_statement,Done,,,Q15865426,"Q15865426|P8814|""01525430-n"""
47825,395,set_statement,Done,,,Q15865426,"Q15865426|P5063|""i43257"""
47825,396,set_statement,Done,,,Q899705,"Q899705|P8814|""01525593-n"""
47825,397,set_statement,Done,,,Q899705,"Q899705|P5063|""i43258"""
47825,398,set_statement,Done,,,Q3924795,"Q3924795|P8814|""01529696-n"""
47825,399,set_statement,Done,,,Q3924795,"Q3924795|P5063|""i43273"""
47825,400,set_statement,Done,,,Q378278,"Q378278|P8814|""01530415-n"""
47825,401,set_statement,Done,,,Q378278,"Q378278|P5063|""i43278"""
47825,402,set_statement,Done,,,Q160835,"Q160835|P8814|""01531677-n"""
47825,403,set_statement,Done,,,Q160835,"Q160835|P5063|""i43286"""
47825,404,set_statement,Done,,,Q5261336,"Q5261336|P8814|""01534748-n"""
47825,405,set_statement,Done,,,Q5261336,"Q5261336|P5063|""i43299"""
47825,406,set_statement,Done,,,Q843168,"Q843168|P8814|""01535305-n"""
47825,407,set_statement,Done,,,Q843168,"Q843168|P5063|""i43302"""
47825,408,set_statement,Done,,,Q339517,"Q339517|P8814|""01536421-n"""
47825,409,set_statement,Done,,,Q339517,"Q339517|P5063|""i43309"""
47825,410,set_statement,Done,,,Q10808271,"Q10808271|P8814|""01537646-n"""
47825,411,set_statement,Done,,,Q10808271,"Q10808271|P5063|""i43317"""
47825,412,set_statement,Done,,,Q955626,"Q955626|P8814|""01538483-n"""
47825,413,set_statement,Done,,,Q955626,"Q955626|P5063|""i43322"""
47825,414,set_statement,Done,,,Q1073612,"Q1073612|P8814|""01539115-n"""
47825,415,set_statement,Done,,,Q1073612,"Q1073612|P5063|""i43326"""
47825,416,set_statement,Done,,,Q609717,"Q609717|P8814|""01540001-n"""
47825,417,set_statement,Done,,,Q609717,"Q609717|P5063|""i43331"""
47825,418,set_statement,Done,,,Q1073197,"Q1073197|P8814|""01541139-n"""
47825,419,set_statement,Done,,,Q1073197,"Q1073197|P5063|""i43338"""
47825,420,set_statement,Done,,,Q10749446,"Q10749446|P8814|""01541416-n"""
47825,421,set_statement,Done,,,Q10749446,"Q10749446|P5063|""i43340"""
47825,422,set_statement,Done,,,Q868144,"Q868144|P8814|""01543338-n"""
47825,423,set_statement,Done,,,Q868144,"Q868144|P5063|""i43352"""
47825,424,set_statement,Done,,,Q310865,"Q310865|P8814|""01543610-n"""
47825,425,set_statement,Done,,,Q310865,"Q310865|P5063|""i43354"""
47825,426,set_statement,Done,,,Q858444,"Q858444|P8814|""01543902-n"""
47825,427,set_statement,Done,,,Q858444,"Q858444|P5063|""i43356"""
47825,428,set_statement,Done,,,Q1093619,"Q1093619|P8814|""01545700-n"""
47825,429,set_statement,Done,,,Q1093619,"Q1093619|P5063|""i43367"""
47825,430,set_statement,Done,,,Q3467715,"Q3467715|P8814|""01545913-n"""
47825,431,set_statement,Done,,,Q3467715,"Q3467715|P5063|""i43369"""
47825,432,set_statement,Done,,,Q1094968,"Q1094968|P8814|""01546149-n"""
47825,433,set_statement,Done,,,Q1094968,"Q1094968|P5063|""i43371"""
47825,434,set_statement,Done,,,Q1079034,"Q1079034|P8814|""01546708-n"""
47825,435,set_statement,Done,,,Q1079034,"Q1079034|P5063|""i43375"""
47825,436,set_statement,Done,,,Q13167346,"Q13167346|P8814|""01547185-n"""
47825,437,set_statement,Done,,,Q13167346,"Q13167346|P5063|""i43378"""
47825,438,set_statement,Done,,,Q909836,"Q909836|P8814|""01547518-n"""
47825,439,set_statement,Done,,,Q909836,"Q909836|P5063|""i43380"""
47825,440,set_statement,Done,,,Q13170975,"Q13170975|P8814|""01547944-n"""
47825,441,set_statement,Done,,,Q13170975,"Q13170975|P5063|""i43383"""
47825,442,set_statement,Done,,,Q12809511,"Q12809511|P8814|""01548393-n"""
47825,443,set_statement,Done,,,Q12809511,"Q12809511|P5063|""i43386"""
47825,444,set_statement,Done,,,Q868932,"Q868932|P8814|""01551955-n"""
47825,445,set_statement,Done,,,Q868932,"Q868932|P5063|""i43403"""
47825,446,set_statement,Done,,,Q15881075,"Q15881075|P8814|""01552674-n"""
47825,447,set_statement,Done,,,Q15881075,"Q15881075|P5063|""i43408"""
47825,448,set_statement,Done,,,Q1195360,"Q1195360|P8814|""01554190-n"""
47825,449,set_statement,Done,,,Q1195360,"Q1195360|P5063|""i43417"""
47825,450,set_statement,Done,,,Q1079212,"Q1079212|P8814|""01554556-n"""
47825,451,set_statement,Done,,,Q1079212,"Q1079212|P5063|""i43419"""
47825,452,set_statement,Done,,,Q859561,"Q859561|P8814|""01554833-n"""
47825,453,set_statement,Done,,,Q859561,"Q859561|P5063|""i43421"""
47825,454,set_statement,Done,,,Q429074,"Q429074|P8814|""01555295-n"""
47825,455,set_statement,Done,,,Q429074,"Q429074|P5063|""i43424"""
47825,456,set_statement,Done,,,Q461021,"Q461021|P8814|""01555597-n"""
47825,457,set_statement,Done,,,Q461021,"Q461021|P5063|""i43426"""
47825,458,set_statement,Done,,,Q1002963,"Q1002963|P8814|""01556021-n"""
47825,459,set_statement,Done,,,Q1002963,"Q1002963|P5063|""i43428"""
47825,460,set_statement,Done,,,Q375593,"Q375593|P8814|""01556261-n"""
47825,461,set_statement,Done,,,Q375593,"Q375593|P5063|""i43430"""
47825,462,set_statement,Done,,,Q539321,"Q539321|P8814|""01556520-n"""
47825,463,set_statement,Done,,,Q539321,"Q539321|P5063|""i43432"""
47825,464,set_statement,Done,,,Q903934,"Q903934|P8814|""01556952-n"""
47825,465,set_statement,Done,,,Q903934,"Q903934|P5063|""i43435"""
47825,466,set_statement,Done,,,Q3389415,"Q3389415|P8814|""01557466-n"""
47825,467,set_statement,Done,,,Q3389415,"Q3389415|P5063|""i43438"""
47825,468,set_statement,Done,,,Q1088541,"Q1088541|P8814|""01558681-n"""
47825,469,set_statement,Done,,,Q1088541,"Q1088541|P5063|""i43444"""
47825,470,set_statement,Done,,,Q10770214,"Q10770214|P8814|""01561935-n"""
47825,471,set_statement,Done,,,Q10770214,"Q10770214|P5063|""i43460"""
47825,472,set_statement,Done,,,Q906092,"Q906092|P8814|""01563152-n"""
47825,473,set_statement,Done,,,Q906092,"Q906092|P5063|""i43468"""
47825,474,set_statement,Done,,,Q1088544,"Q1088544|P8814|""01563700-n"""
47825,475,set_statement,Done,,,Q1088544,"Q1088544|P5063|""i43472"""
47825,476,set_statement,Done,,,Q240088,"Q240088|P8814|""01563959-n"""
47825,477,set_statement,Done,,,Q240088,"Q240088|P5063|""i43474"""
47825,478,set_statement,Done,,,Q855800,"Q855800|P8814|""01564757-n"""
47825,479,set_statement,Done,,,Q855800,"Q855800|P5063|""i43480"""
47825,480,set_statement,Done,,,Q187014,"Q187014|P8814|""01565225-n"""
47825,481,set_statement,Done,,,Q187014,"Q187014|P5063|""i43483"""
47825,482,set_statement,Done,,,Q208716,"Q208716|P8814|""01566220-n"""
47825,483,set_statement,Done,,,Q208716,"Q208716|P5063|""i43488"""
47825,484,set_statement,Done,,,Q15931206,"Q15931206|P8814|""01567271-n"""
47825,485,set_statement,Done,,,Q15931206,"Q15931206|P5063|""i43494"""
47825,486,set_statement,Done,,,Q214627,"Q214627|P8814|""01567879-n"""
47825,487,set_statement,Done,,,Q214627,"Q214627|P5063|""i43498"""
47825,488,set_statement,Done,,,Q637716,"Q637716|P8814|""01568121-n"""
47825,489,set_statement,Done,,,Q637716,"Q637716|P5063|""i43500"""
47825,490,set_statement,Done,,,Q10826912,"Q10826912|P8814|""01569150-n"""
47825,491,set_statement,Done,,,Q10826912,"Q10826912|P5063|""i43507"""
47825,492,set_statement,Done,,,Q739200,"Q739200|P8814|""01569529-n"""
47825,493,set_statement,Done,,,Q739200,"Q739200|P5063|""i43509"""
47825,494,set_statement,Done,,,Q980233,"Q980233|P8814|""01570171-n"""
47825,495,set_statement,Done,,,Q980233,"Q980233|P5063|""i43511"""
47825,496,set_statement,Done,,,Q13571873,"Q13571873|P8814|""01571134-n"""
47825,497,set_statement,Done,,,Q13571873,"Q13571873|P5063|""i43517"""
47825,498,set_statement,Done,,,Q10772647,"Q10772647|P8814|""01572354-n"""
47825,499,set_statement,Done,,,Q10772647,"Q10772647|P5063|""i43524"""
47825,500,set_statement,Done,,,Q179333,"Q179333|P8814|""01573610-n"""
47825,501,set_statement,Done,,,Q179333,"Q179333|P5063|""i43533"""
47825,502,set_statement,Done,,,Q1080561,"Q1080561|P8814|""01573938-n"""
47825,503,set_statement,Done,,,Q1080561,"Q1080561|P5063|""i43535"""
47825,504,set_statement,Done,,,Q1424573,"Q1424573|P8814|""01574815-n"""
47825,505,set_statement,Done,,,Q1424573,"Q1424573|P5063|""i43539"""
47825,506,set_statement,Done,,,Q1431050,"Q1431050|P8814|""01575551-n"""
47825,507,set_statement,Done,,,Q1431050,"Q1431050|P5063|""i43544"""
47825,508,set_statement,Done,,,Q1821411,"Q1821411|P8814|""01576124-n"""
47825,509,set_statement,Done,,,Q1821411,"Q1821411|P5063|""i43548"""
47825,510,set_statement,Done,,,Q10756454,"Q10756454|P8814|""01576416-n"""
47825,511,set_statement,Done,,,Q10756454,"Q10756454|P5063|""i43550"""
47825,512,set_statement,Done,,,Q612008,"Q612008|P8814|""01576911-n"""
47825,513,set_statement,Done,,,Q612008,"Q612008|P5063|""i43553"""
47825,514,set_statement,Done,,,Q2003332,"Q2003332|P8814|""01577911-n"""
47825,515,set_statement,Done,,,Q2003332,"Q2003332|P5063|""i43560"""
47825,516,set_statement,Done,,,Q2417877,"Q2417877|P8814|""01578853-n"""
47825,517,set_statement,Done,,,Q2417877,"Q2417877|P5063|""i43566"""
47825,518,set_statement,Done,,,Q185237,"Q185237|P8814|""01579147-n"""
47825,519,set_statement,Done,,,Q185237,"Q185237|P5063|""i43568"""
47825,520,set_statement,Done,,,Q259424,"Q259424|P8814|""01580727-n"""
47825,521,set_statement,Done,,,Q259424,"Q259424|P5063|""i43577"""
47825,522,set_statement,Done,,,Q826027,"Q826027|P8814|""01583285-n"""
47825,523,set_statement,Done,,,Q826027,"Q826027|P5063|""i43593"""
47825,524,set_statement,Done,,,Q953996,"Q953996|P8814|""01583682-n"""
47825,525,set_statement,Done,,,Q953996,"Q953996|P5063|""i43596"""
47825,526,set_statement,Done,,,Q1951909,"Q1951909|P8814|""01584248-n"""
47825,527,set_statement,Done,,,Q1951909,"Q1951909|P5063|""i43599"""
47825,528,set_statement,Done,,,Q373682,"Q373682|P8814|""01585266-n"""
47825,529,set_statement,Done,,,Q373682,"Q373682|P5063|""i43607"""
47825,530,set_statement,Done,,,Q2718273,"Q2718273|P8814|""01585684-n"""
47825,531,set_statement,Done,,,Q2718273,"Q2718273|P5063|""i43609"""
47825,532,set_statement,Done,,,Q10763400,"Q10763400|P8814|""01586277-n"""
47825,533,set_statement,Done,,,Q10763400,"Q10763400|P5063|""i43613"""
47825,534,set_statement,Done,,,Q3888717,"Q3888717|P8814|""01587170-n"""
47825,535,set_statement,Done,,,Q3888717,"Q3888717|P5063|""i43617"""
47825,536,set_statement,Done,,,Q867629,"Q867629|P8814|""01587635-n"""
47825,537,set_statement,Done,,,Q867629,"Q867629|P5063|""i43620"""
47825,538,set_statement,Done,,,Q10812327,"Q10812327|P8814|""01588218-n"""
47825,539,set_statement,Done,,,Q10812327,"Q10812327|P5063|""i43624"""
47825,540,set_statement,Done,,,Q11848605,"Q11848605|P8814|""01588531-n"""
47825,541,set_statement,Done,,,Q11848605,"Q11848605|P5063|""i43626"""
47825,542,set_statement,Done,,,Q753221,"Q753221|P8814|""01589182-n"""
47825,543,set_statement,Done,,,Q753221,"Q753221|P5063|""i43630"""
47825,544,set_statement,Done,,,Q2498241,"Q2498241|P8814|""01589432-n"""
47825,545,set_statement,Done,,,Q2498241,"Q2498241|P5063|""i43631"""
47825,546,set_statement,Done,,,Q2165737,"Q2165737|P8814|""01589789-n"""
47825,547,set_statement,Done,,,Q2165737,"Q2165737|P5063|""i43633"""
47825,548,set_statement,Done,,,Q10757040,"Q10757040|P8814|""01590047-n"""
47825,549,set_statement,Done,,,Q10757040,"Q10757040|P5063|""i43635"""
47825,550,set_statement,Done,,,Q430477,"Q430477|P8814|""01590354-n"""
47825,551,set_statement,Done,,,Q430477,"Q430477|P5063|""i43637"""
47825,552,set_statement,Done,,,Q537702,"Q537702|P8814|""01590813-n"""
47825,553,set_statement,Done,,,Q537702,"Q537702|P5063|""i43640"""
47825,554,set_statement,Done,,,Q621253,"Q621253|P8814|""01591230-n"""
47825,555,set_statement,Done,,,Q621253,"Q621253|P5063|""i43642"""
47825,556,set_statement,Done,,,Q10730467,"Q10730467|P8814|""01591499-n"""
47825,557,set_statement,Done,,,Q10730467,"Q10730467|P5063|""i43644"""
47825,558,set_statement,Done,,,Q205938,"Q205938|P8814|""01591766-n"""
47825,559,set_statement,Done,,,Q205938,"Q205938|P5063|""i43646"""
47825,560,set_statement,Done,,,Q1991437,"Q1991437|P8814|""01592223-n"""
47825,561,set_statement,Done,,,Q1991437,"Q1991437|P5063|""i43648"""
47825,562,set_statement,Done,,,Q10826827,"Q10826827|P8814|""01592683-n"""
47825,563,set_statement,Done,,,Q10826827,"Q10826827|P5063|""i43651"""
47825,564,set_statement,Done,,,Q719380,"Q719380|P8814|""01594551-n"""
47825,565,set_statement,Done,,,Q719380,"Q719380|P5063|""i43661"""
47825,566,set_statement,Done,,,Q16070731,"Q16070731|P8814|""01595533-n"""
47825,567,set_statement,Done,,,Q16070731,"Q16070731|P5063|""i43667"""
47825,568,set_statement,Done,,,Q10745525,"Q10745525|P8814|""01595797-n"""
47825,569,set_statement,Done,,,Q10745525,"Q10745525|P5063|""i43669"""
47825,570,set_statement,Done,,,Q10736288,"Q10736288|P8814|""01596064-n"""
47825,571,set_statement,Done,,,Q10736288,"Q10736288|P5063|""i43671"""
47825,572,set_statement,Done,,,Q180423,"Q180423|P8814|""01596346-n"""
47825,573,set_statement,Done,,,Q180423,"Q180423|P5063|""i43673"""
47825,574,set_statement,Done,,,Q39861,"Q39861|P8814|""01596798-n"""
47825,575,set_statement,Done,,,Q39861,"Q39861|P5063|""i43676"""
47825,576,set_statement,Done,,,Q261763,"Q261763|P8814|""01597971-n"""
47825,577,set_statement,Done,,,Q261763,"Q261763|P5063|""i43682"""
47825,578,set_statement,Done,,,Q310857,"Q310857|P8814|""01598482-n"""
47825,579,set_statement,Done,,,Q310857,"Q310857|P5063|""i43685"""
47825,580,set_statement,Done,,,Q901041,"Q901041|P8814|""01598783-n"""
47825,581,set_statement,Done,,,Q901041,"Q901041|P5063|""i43687"""
47825,582,set_statement,Done,,,Q665719,"Q665719|P8814|""01599120-n"""
47825,583,set_statement,Done,,,Q665719,"Q665719|P5063|""i43689"""
47825,584,set_statement,Done,,,Q842378,"Q842378|P8814|""01599402-n"""
47825,585,set_statement,Done,,,Q842378,"Q842378|P5063|""i43691"""
47825,586,set_statement,Done,,,Q2483684,"Q2483684|P8814|""01599528-n"""
47825,587,set_statement,Done,,,Q2483684,"Q2483684|P5063|""i43692"""
47825,588,set_statement,Done,,,Q225353,"Q225353|P8814|""01600192-n"""
47825,589,set_statement,Done,,,Q225353,"Q225353|P5063|""i43696"""
47825,590,set_statement,Done,,,Q171052,"Q171052|P8814|""01601073-n"""
47825,591,set_statement,Done,,,Q171052,"Q171052|P5063|""i43701"""
47825,592,set_statement,Done,,,Q14437812,"Q14437812|P8814|""01602838-n"""
47825,593,set_statement,Done,,,Q14437812,"Q14437812|P5063|""i43712"""
47825,594,set_statement,Done,,,Q10809555,"Q10809555|P8814|""01603550-n"""
47825,595,set_statement,Done,,,Q10809555,"Q10809555|P5063|""i43716"""
47825,596,set_statement,Done,,,Q860867,"Q860867|P8814|""01603909-n"""
47825,597,set_statement,Done,,,Q860867,"Q860867|P5063|""i43718"""
47825,598,set_statement,Done,,,Q15631675,"Q15631675|P8814|""01604191-n"""
47825,599,set_statement,Done,,,Q15631675,"Q15631675|P5063|""i43720"""
47825,600,set_statement,Done,,,Q192575,"Q192575|P8814|""01604560-n"""
47825,601,set_statement,Done,,,Q192575,"Q192575|P5063|""i43722"""
47825,602,set_statement,Done,,,Q11897625,"Q11897625|P8814|""01605957-n"""
47825,603,set_statement,Done,,,Q11897625,"Q11897625|P5063|""i43731"""
47825,604,set_statement,Done,,,Q208940,"Q208940|P8814|""01606119-n"""
47825,605,set_statement,Done,,,Q208940,"Q208940|P5063|""i43732"""
47825,606,set_statement,Done,,,Q25370,"Q25370|P8814|""01607266-n"""
47825,607,set_statement,Done,,,Q25370,"Q25370|P5063|""i43738"""
47825,608,set_statement,Done,,,Q6377551,"Q6377551|P8814|""01610727-n"""
47825,609,set_statement,Done,,,Q6377551,"Q6377551|P5063|""i43755"""
47825,610,set_statement,Done,,,Q10758200,"Q10758200|P8814|""01611575-n"""
47825,611,set_statement,Done,,,Q10758200,"Q10758200|P5063|""i43760"""
47825,612,set_statement,Done,,,Q207796,"Q207796|P8814|""01612190-n"""
47825,613,set_statement,Done,,,Q207796,"Q207796|P5063|""i43764"""
47825,614,set_statement,Done,,,Q867544,"Q867544|P8814|""01613067-n"""
47825,615,set_statement,Done,,,Q867544,"Q867544|P5063|""i43769"""
47825,616,set_statement,Done,,,Q21744,"Q21744|P8814|""01613399-n"""
47825,617,set_statement,Done,,,Q21744,"Q21744|P5063|""i43771"""
47825,618,set_statement,Done,,,Q1238727,"Q1238727|P8814|""01615444-n"""
47825,619,set_statement,Done,,,Q1238727,"Q1238727|P5063|""i43782"""
47825,620,set_statement,Done,,,Q15138218,"Q15138218|P8814|""01616550-n"""
47825,621,set_statement,Done,,,Q15138218,"Q15138218|P5063|""i43788"""
47825,622,set_statement,Done,,,Q30085,"Q30085|P8814|""01616836-n"""
47825,623,set_statement,Done,,,Q30085,"Q30085|P5063|""i43790"""
47825,624,set_statement,Done,,,Q147403,"Q147403|P8814|""01617410-n"""
47825,625,set_statement,Done,,,Q147403,"Q147403|P5063|""i43794"""
47825,626,set_statement,Done,,,Q28240,"Q28240|P8814|""01618466-n"""
47825,627,set_statement,Done,,,Q28240,"Q28240|P5063|""i43800"""
47825,628,set_statement,Done,,,Q3893145,"Q3893145|P8814|""01618590-n"""
47825,629,set_statement,Done,,,Q3893145,"Q3893145|P5063|""i43801"""
47825,630,set_statement,Done,,,Q13649293,"Q13649293|P8814|""01619930-n"""
47825,631,set_statement,Done,,,Q13649293,"Q13649293|P5063|""i43808"""
47825,632,set_statement,Done,,,Q3347141,"Q3347141|P8814|""01620274-n"""
47825,633,set_statement,Done,,,Q3347141,"Q3347141|P5063|""i43810"""
47825,634,set_statement,Done,,,Q13428439,"Q13428439|P8814|""01620590-n"""
47825,635,set_statement,Done,,,Q13428439,"Q13428439|P5063|""i43812"""
47825,636,set_statement,Done,,,Q2346527,"Q2346527|P8814|""01620861-n"""
47825,637,set_statement,Done,,,Q2346527,"Q2346527|P5063|""i43814"""
47825,638,set_statement,Done,,,Q15042109,"Q15042109|P8814|""01620997-n"""
47825,639,set_statement,Done,,,Q15042109,"Q15042109|P5063|""i43815"""
47825,640,set_statement,Done,,,Q184858,"Q184858|P8814|""01621312-n"""
47825,641,set_statement,Done,,,Q184858,"Q184858|P5063|""i43817"""
47825,642,set_statement,Done,,,Q15042113,"Q15042113|P8814|""01622316-n"""
47825,643,set_statement,Done,,,Q15042113,"Q15042113|P5063|""i43822"""
47825,644,set_statement,Done,,,Q10763377,"Q10763377|P8814|""01622644-n"""
47825,645,set_statement,Done,,,Q10763377,"Q10763377|P5063|""i43824"""
47825,646,set_statement,Done,,,Q14786570,"Q14786570|P8814|""01622923-n"""
47825,647,set_statement,Done,,,Q14786570,"Q14786570|P5063|""i43826"""
47825,648,set_statement,Done,,,Q15734727,"Q15734727|P8814|""01623216-n"""
47825,649,set_statement,Done,,,Q15734727,"Q15734727|P5063|""i43828"""
47825,650,set_statement,Done,,,Q26012,"Q26012|P8814|""01624355-n"""
47825,651,set_statement,Done,,,Q26012,"Q26012|P5063|""i43833"""
47825,652,set_statement,Done,,,Q663507,"Q663507|P8814|""01624635-n"""
47825,653,set_statement,Done,,,Q663507,"Q663507|P5063|""i43834"""
47825,654,set_statement,Done,,,Q832329,"Q832329|P8814|""01625925-n"""
47825,655,set_statement,Done,,,Q832329,"Q832329|P5063|""i43843"""
47825,656,set_statement,Done,,,Q10822188,"Q10822188|P8814|""01627047-n"""
47825,657,set_statement,Done,,,Q10822188,"Q10822188|P5063|""i43851"""
47825,658,set_statement,Done,,,Q648422,"Q648422|P8814|""01627348-n"""
47825,659,set_statement,Done,,,Q648422,"Q648422|P5063|""i43853"""
47825,660,set_statement,Done,,,Q18088155,"Q18088155|P8814|""01627628-n"""
47825,661,set_statement,Done,,,Q18088155,"Q18088155|P5063|""i43855"""
47825,662,set_statement,Done,,,Q27112,"Q27112|P8814|""01627916-n"""
47825,663,set_statement,Done,,,Q27112,"Q27112|P5063|""i43857"""
47825,664,set_statement,Done,,,Q132802,"Q132802|P8814|""01630427-n"""
47825,665,set_statement,Done,,,Q132802,"Q132802|P5063|""i43864"""
47825,666,set_statement,Done,,,Q131475,"Q131475|P8814|""01630789-n"""
47825,667,set_statement,Done,,,Q131475,"Q131475|P5063|""i43866"""
47825,668,set_statement,Done,,,Q319469,"Q319469|P8814|""01631526-n"""
47825,669,set_statement,Done,,,Q319469,"Q319469|P5063|""i43870"""
47825,670,set_statement,Done,,,Q310391,"Q310391|P8814|""01633174-n"""
47825,671,set_statement,Done,,,Q310391,"Q310391|P5063|""i43877"""
47825,672,set_statement,Done,,,Q754032,"Q754032|P8814|""01635688-n"""
47825,673,set_statement,Done,,,Q754032,"Q754032|P5063|""i43894"""
47825,674,set_statement,Done,,,Q2120568,"Q2120568|P8814|""01635891-n"""
47825,675,set_statement,Done,,,Q2120568,"Q2120568|P5063|""i43895"""
47825,676,set_statement,Done,,,Q922164,"Q922164|P8814|""01636219-n"""
47825,677,set_statement,Done,,,Q922164,"Q922164|P5063|""i43897"""
47825,678,set_statement,Done,,,Q743692,"Q743692|P8814|""01636590-n"""
47825,679,set_statement,Done,,,Q743692,"Q743692|P5063|""i43899"""
47825,680,set_statement,Done,,,Q2743186,"Q2743186|P8814|""01636733-n"""
47825,681,set_statement,Done,,,Q2743186,"Q2743186|P5063|""i43900"""
47825,682,set_statement,Done,,,Q14547873,"Q14547873|P8814|""01637325-n"""
47825,683,set_statement,Done,,,Q14547873,"Q14547873|P5063|""i43904"""
47825,684,set_statement,Done,,,Q2256290,"Q2256290|P8814|""01638605-n"""
47825,685,set_statement,Done,,,Q2256290,"Q2256290|P5063|""i43911"""
47825,686,set_statement,Done,,,Q2698057,"Q2698057|P8814|""01639316-n"""
47825,687,set_statement,Done,,,Q2698057,"Q2698057|P5063|""i43915"""
47825,688,set_statement,Done,,,Q2698192,"Q2698192|P8814|""01639625-n"""
47825,689,set_statement,Done,,,Q2698192,"Q2698192|P5063|""i43917"""
47825,690,set_statement,Done,,,Q786876,"Q786876|P8814|""01640119-n"""
47825,691,set_statement,Done,,,Q786876,"Q786876|P5063|""i43920"""
47825,692,set_statement,Done,,,Q11841073,"Q11841073|P8814|""01641123-n"""
47825,693,set_statement,Done,,,Q11841073,"Q11841073|P5063|""i43926"""
47825,694,set_statement,Done,,,Q240755,"Q240755|P8814|""01641593-n"""
47825,695,set_statement,Done,,,Q240755,"Q240755|P5063|""i43929"""
47825,696,set_statement,Done,,,Q53636,"Q53636|P8814|""01642010-n"""
47825,697,set_statement,Done,,,Q53636,"Q53636|P5063|""i43932"""
47825,698,set_statement,Done,,,Q72738,"Q72738|P8814|""01643208-n"""
47825,699,set_statement,Done,,,Q72738,"Q72738|P5063|""i43935"""
47825,700,set_statement,Done,,,Q55475,"Q55475|P8814|""01645312-n"""
47825,701,set_statement,Done,,,Q55475,"Q55475|P5063|""i43946"""
47825,702,set_statement,Done,,,Q2101311,"Q2101311|P8814|""01646015-n"""
47825,703,set_statement,Done,,,Q2101311,"Q2101311|P5063|""i43950"""
47825,704,set_statement,Done,,,Q2501775,"Q2501775|P8814|""01646328-n"""
47825,705,set_statement,Done,,,Q2501775,"Q2501775|P5063|""i43952"""
47825,706,set_statement,Done,,,Q56065,"Q56065|P8814|""01646745-n"""
47825,707,set_statement,Done,,,Q56065,"Q56065|P5063|""i43954"""
47825,708,set_statement,Done,,,Q945221,"Q945221|P8814|""01646886-n"""
47825,709,set_statement,Done,,,Q945221,"Q945221|P5063|""i43955"""
47825,710,set_statement,Done,,,Q2925426,"Q2925426|P8814|""01647340-n"""
47825,711,set_statement,Done,,,Q2925426,"Q2925426|P5063|""i43958"""
47825,712,set_statement,Done,,,Q55477,"Q55477|P8814|""01647734-n"""
47825,713,set_statement,Done,,,Q55477,"Q55477|P5063|""i43960"""
47825,714,set_statement,Done,,,Q55372,"Q55372|P8814|""01648275-n"""
47825,715,set_statement,Done,,,Q55372,"Q55372|P5063|""i43963"""
47825,716,set_statement,Done,,,Q639022,"Q639022|P8814|""01648775-n"""
47825,717,set_statement,Done,,,Q639022,"Q639022|P5063|""i43965"""
47825,718,set_statement,Done,,,Q1762264,"Q1762264|P8814|""01650642-n"""
47825,719,set_statement,Done,,,Q1762264,"Q1762264|P5063|""i43978"""
47825,720,set_statement,Done,,,Q1515577,"Q1515577|P8814|""01651135-n"""
47825,721,set_statement,Done,,,Q1515577,"Q1515577|P5063|""i43981"""
47825,722,set_statement,Done,,,Q2317066,"Q2317066|P8814|""01651634-n"""
47825,723,set_statement,Done,,,Q2317066,"Q2317066|P5063|""i43984"""
47825,724,set_statement,Done,,,Q53696,"Q53696|P8814|""01652589-n"""
47825,725,set_statement,Done,,,Q53696,"Q53696|P5063|""i43989"""
47825,726,set_statement,Done,,,Q826861,"Q826861|P8814|""01653150-n"""
47825,727,set_statement,Done,,,Q826861,"Q826861|P5063|""i43991"""
47825,728,set_statement,Done,,,Q481983,"Q481983|P8814|""01654011-n"""
47825,729,set_statement,Done,,,Q481983,"Q481983|P5063|""i43996"""
47825,730,set_statement,Done,,,Q3410266,"Q3410266|P8814|""01654804-n"""
47825,731,set_statement,Done,,,Q3410266,"Q3410266|P5063|""i44002"""
47825,732,set_statement,Done,,,Q56057,"Q56057|P8814|""01655224-n"""
47825,733,set_statement,Done,,,Q56057,"Q56057|P5063|""i44004"""
47825,734,set_statement,Done,,,Q523202,"Q523202|P8814|""01655491-n"""
47825,735,set_statement,Done,,,Q523202,"Q523202|P5063|""i44005"""
47825,736,set_statement,Done,,,Q2272745,"Q2272745|P8814|""01656025-n"""
47825,737,set_statement,Done,,,Q2272745,"Q2272745|P5063|""i44008"""
47825,738,set_statement,Done,,,Q2351631,"Q2351631|P8814|""01656616-n"""
47825,739,set_statement,Done,,,Q2351631,"Q2351631|P5063|""i44012"""
47825,740,set_statement,Done,,,Q33141532,"Q33141532|P8814|""01656886-n"""
47825,741,set_statement,Done,,,Q33141532,"Q33141532|P5063|""i44014"""
47825,742,set_statement,Done,,,Q1342298,"Q1342298|P8814|""01657070-n"""
47825,743,set_statement,Done,,,Q1342298,"Q1342298|P5063|""i44015"""
47825,744,set_statement,Done,,,Q913066,"Q913066|P8814|""01657757-n"""
47825,745,set_statement,Done,,,Q913066,"Q913066|P5063|""i44019"""
47825,746,set_statement,Done,,,Q3495411,"Q3495411|P8814|""01658719-n"""
47825,747,set_statement,Done,,,Q3495411,"Q3495411|P5063|""i44023"""
47825,748,set_statement,Done,,,Q18595307,"Q18595307|P8814|""01658981-n"""
47825,749,set_statement,Done,,,Q18595307,"Q18595307|P5063|""i44024"""
47825,750,set_statement,Done,,,Q131447,"Q131447|P8814|""01659217-n"""
47825,751,set_statement,Done,,,Q131447,"Q131447|P5063|""i44025"""
47825,752,set_statement,Done,,,Q14566112,"Q14566112|P8814|""01666300-n"""
47825,753,set_statement,Done,,,Q14566112,"Q14566112|P5063|""i44039"""
47825,754,set_statement,Done,,,Q2938164,"Q2938164|P8814|""01666580-n"""
47825,755,set_statement,Done,,,Q2938164,"Q2938164|P5063|""i44041"""
47825,756,set_statement,Done,,,Q810578,"Q810578|P8814|""01666885-n"""
47825,757,set_statement,Done,,,Q810578,"Q810578|P5063|""i44043"""
47825,758,set_statement,Done,,,Q14566111,"Q14566111|P8814|""01667503-n"""
47825,759,set_statement,Done,,,Q14566111,"Q14566111|P5063|""i44047"""
47825,760,set_statement,Done,,,Q2738058,"Q2738058|P8814|""01667879-n"""
47825,761,set_statement,Done,,,Q2738058,"Q2738058|P5063|""i44049"""
47825,762,set_statement,Done,,,Q11693960,"Q11693960|P8814|""01668013-n"""
47825,763,set_statement,Done,,,Q11693960,"Q11693960|P5063|""i44050"""
47825,764,set_statement,Done,,,Q650212,"Q650212|P8814|""01668402-n"""
47825,765,set_statement,Done,,,Q650212,"Q650212|P5063|""i44052"""
47825,766,set_statement,Done,,,Q107273008,"Q107273008|P8814|""01669072-n"""
47825,767,set_statement,Done,,,Q107273008,"Q107273008|P5063|""i44056"""
47825,768,set_statement,Done,,,Q387150,"Q387150|P8814|""01669443-n"""
47825,769,set_statement,Done,,,Q387150,"Q387150|P5063|""i44058"""
47825,770,set_statement,Done,,,Q14566115,"Q14566115|P8814|""01670600-n"""
47825,771,set_statement,Done,,,Q14566115,"Q14566115|P5063|""i44065"""
47825,772,set_statement,Done,,,Q14566117,"Q14566117|P8814|""01672168-n"""
47825,773,set_statement,Done,,,Q14566117,"Q14566117|P5063|""i44074"""
47825,774,set_statement,Done,,,Q662605,"Q662605|P8814|""01673019-n"""
47825,775,set_statement,Done,,,Q662605,"Q662605|P5063|""i44078"""
47825,776,set_statement,Done,,,Q1012045,"Q1012045|P8814|""01673602-n"""
47825,777,set_statement,Done,,,Q1012045,"Q1012045|P5063|""i44082"""
47825,778,set_statement,Done,,,Q374835,"Q374835|P8814|""01674515-n"""
47825,779,set_statement,Done,,,Q374835,"Q374835|P5063|""i44087"""
47825,780,set_statement,Done,,,Q15099738,"Q15099738|P8814|""01675591-n"""
47825,781,set_statement,Done,,,Q15099738,"Q15099738|P5063|""i44093"""
47825,782,set_statement,Done,,,Q122422,"Q122422|P8814|""01676144-n"""
47825,783,set_statement,Done,,,Q122422,"Q122422|P5063|""i44096"""
47825,784,set_statement,Done,,,Q15872,"Q15872|P8814|""01677491-n"""
47825,785,set_statement,Done,,,Q15872,"Q15872|P5063|""i44100"""
47825,786,set_statement,Done,,,Q1394970,"Q1394970|P8814|""01677866-n"""
47825,787,set_statement,Done,,,Q1394970,"Q1394970|P5063|""i44102"""
47825,788,set_statement,Done,,,Q2509308,"Q2509308|P8814|""01678240-n"""
47825,789,set_statement,Done,,,Q2509308,"Q2509308|P5063|""i44104"""
47825,790,set_statement,Done,,,Q849482,"Q849482|P8814|""01678605-n"""
47825,791,set_statement,Done,,,Q849482,"Q849482|P5063|""i44106"""
47825,792,set_statement,Done,,,Q205531,"Q205531|P8814|""01679883-n"""
47825,793,set_statement,Done,,,Q205531,"Q205531|P5063|""i44110"""
47825,794,set_statement,Done,,,Q14179741,"Q14179741|P8814|""01680254-n"""
47825,795,set_statement,Done,,,Q14179741,"Q14179741|P5063|""i44112"""
47825,796,set_statement,Done,,,Q14422490,"Q14422490|P8814|""01680554-n"""
47825,797,set_statement,Done,,,Q14422490,"Q14422490|P5063|""i44114"""
47825,798,set_statement,Done,,,Q14422461,"Q14422461|P8814|""01681163-n"""
47825,799,set_statement,Done,,,Q14422461,"Q14422461|P5063|""i44118"""
47825,800,set_statement,Done,,,Q2427811,"Q2427811|P8814|""01681528-n"""
47825,801,set_statement,Done,,,Q2427811,"Q2427811|P5063|""i44120"""
47825,802,set_statement,Done,,,Q2707849,"Q2707849|P8814|""01681819-n"""
47825,803,set_statement,Done,,,Q2707849,"Q2707849|P5063|""i44122"""
47825,804,set_statement,Done,,,Q607912,"Q607912|P8814|""01682478-n"""
47825,805,set_statement,Done,,,Q607912,"Q607912|P5063|""i44126"""
47825,806,set_statement,Done,,,Q2118277,"Q2118277|P8814|""01682778-n"""
47825,807,set_statement,Done,,,Q2118277,"Q2118277|P5063|""i44128"""
47825,808,set_statement,Done,,,Q613830,"Q613830|P8814|""01683841-n"""
47825,809,set_statement,Done,,,Q613830,"Q613830|P5063|""i44134"""
47825,810,set_statement,Done,,,Q2535475,"Q2535475|P8814|""01684154-n"""
47825,811,set_statement,Done,,,Q2535475,"Q2535475|P5063|""i44136"""
47825,812,set_statement,Done,,,Q288720,"Q288720|P8814|""01684453-n"""
47825,813,set_statement,Done,,,Q288720,"Q288720|P5063|""i44138"""
47825,814,set_statement,Done,,,Q311348,"Q311348|P8814|""01685229-n"""
47825,815,set_statement,Done,,,Q311348,"Q311348|P5063|""i44143"""
47825,816,set_statement,Done,,,Q26187,"Q26187|P8814|""01685677-n"""
47825,817,set_statement,Done,,,Q26187,"Q26187|P5063|""i44146"""
47825,818,set_statement,Done,,,Q260342,"Q260342|P8814|""01686069-n"""
47825,819,set_statement,Done,,,Q260342,"Q260342|P5063|""i44148"""
47825,820,set_statement,Done,,,Q1073830,"Q1073830|P8814|""01686653-n"""
47825,821,set_statement,Done,,,Q1073830,"Q1073830|P5063|""i44152"""
47825,822,set_statement,Done,,,Q536460,"Q536460|P8814|""01687748-n"""
47825,823,set_statement,Done,,,Q536460,"Q536460|P5063|""i44158"""
47825,824,set_statement,Done,,,Q1004429,"Q1004429|P8814|""01688320-n"""
47825,825,set_statement,Done,,,Q1004429,"Q1004429|P5063|""i44161"""
47825,826,set_statement,Done,,,Q191102,"Q191102|P8814|""01690082-n"""
47825,827,set_statement,Done,,,Q191102,"Q191102|P5063|""i44171"""
47825,828,set_statement,Done,,,Q14425550,"Q14425550|P8814|""01690747-n"""
47825,829,set_statement,Done,,,Q14425550,"Q14425550|P5063|""i44175"""
47825,830,set_statement,Done,,,Q1142794,"Q1142794|P8814|""01691069-n"""
47825,831,set_statement,Done,,,Q1142794,"Q1142794|P5063|""i44177"""
47825,832,set_statement,Done,,,Q14089811,"Q14089811|P8814|""01691453-n"""
47825,833,set_statement,Done,,,Q14089811,"Q14089811|P5063|""i44179"""
47825,834,set_statement,Done,,,Q2046334,"Q2046334|P8814|""01692646-n"""
47825,835,set_statement,Done,,,Q2046334,"Q2046334|P5063|""i44186"""
47825,836,set_statement,Done,,,Q13416819,"Q13416819|P8814|""01693344-n"""
47825,837,set_statement,Done,,,Q13416819,"Q13416819|P5063|""i44190"""
47825,838,set_statement,Done,,,Q855694,"Q855694|P8814|""01693498-n"""
47825,839,set_statement,Done,,,Q855694,"Q855694|P5063|""i44191"""
47825,840,set_statement,Done,,,Q2851721,"Q2851721|P8814|""01693726-n"""
47825,841,set_statement,Done,,,Q2851721,"Q2851721|P5063|""i44192"""
47825,842,set_statement,Done,,,Q13033818,"Q13033818|P8814|""01694025-n"""
47825,843,set_statement,Done,,,Q13033818,"Q13033818|P5063|""i44194"""
47825,844,set_statement,Done,,,Q14177398,"Q14177398|P8814|""01694166-n"""
47825,845,set_statement,Done,,,Q14177398,"Q14177398|P5063|""i44195"""
47825,846,set_statement,Done,,,Q13417716,"Q13417716|P8814|""01694423-n"""
47825,847,set_statement,Done,,,Q13417716,"Q13417716|P5063|""i44197"""
47825,848,set_statement,Done,,,Q729412,"Q729412|P8814|""01694784-n"""
47825,849,set_statement,Done,,,Q729412,"Q729412|P5063|""i44199"""
47825,850,set_statement,Done,,,Q312232,"Q312232|P8814|""01695661-n"""
47825,851,set_statement,Done,,,Q312232,"Q312232|P5063|""i44204"""
47825,852,set_statement,Done,,,Q1767161,"Q1767161|P8814|""01696636-n"""
47825,853,set_statement,Done,,,Q1767161,"Q1767161|P5063|""i44209"""
47825,854,set_statement,Done,,,Q1008080,"Q1008080|P8814|""01698792-n"""
47825,855,set_statement,Done,,,Q1008080,"Q1008080|P5063|""i44220"""
47825,856,set_statement,Done,,,Q25363,"Q25363|P8814|""01698923-n"""
47825,857,set_statement,Done,,,Q25363,"Q25363|P5063|""i44221"""
47825,858,set_statement,Done,,,Q309495,"Q309495|P8814|""01699643-n"""
47825,859,set_statement,Done,,,Q309495,"Q309495|P5063|""i44225"""
47825,860,set_statement,Done,,,Q6184764,"Q6184764|P8814|""01700785-n"""
47825,861,set_statement,Done,,,Q6184764,"Q6184764|P5063|""i44232"""
47825,862,set_statement,Done,,,Q11001288,"Q11001288|P8814|""01701577-n"""
47825,863,set_statement,Done,,,Q11001288,"Q11001288|P5063|""i44237"""
47825,864,set_statement,Done,,,Q271841,"Q271841|P8814|""01708358-n"""
47825,865,set_statement,Done,,,Q271841,"Q271841|P5063|""i44274"""
47825,866,set_statement,Done,,,Q14510,"Q14510|P8814|""01708888-n"""
47825,867,set_statement,Done,,,Q14510,"Q14510|P5063|""i44276"""
47825,868,set_statement,Done,,,Q2569164,"Q2569164|P8814|""01710074-n"""
47825,869,set_statement,Done,,,Q2569164,"Q2569164|P5063|""i44284"""
47825,870,set_statement,Done,,,Q131547,"Q131547|P8814|""01713170-n"""
47825,871,set_statement,Done,,,Q131547,"Q131547|P5063|""i44300"""
47825,872,set_statement,Done,,,Q11084998,"Q11084998|P8814|""01713938-n"""
47825,873,set_statement,Done,,,Q11084998,"Q11084998|P5063|""i44304"""
47825,874,set_statement,Done,,,Q131632,"Q131632|P8814|""01717890-n"""
47825,875,set_statement,Done,,,Q131632,"Q131632|P5063|""i44325"""
47825,876,set_statement,Done,,,Q131421,"Q131421|P8814|""01721273-n"""
47825,877,set_statement,Done,,,Q131421,"Q131421|P5063|""i44345"""
47825,878,set_statement,Done,,,Q1941356,"Q1941356|P8814|""01722758-n"""
47825,879,set_statement,Done,,,Q1941356,"Q1941356|P5063|""i44351"""
47825,880,set_statement,Done,,,Q21646750,"Q21646750|P8814|""01724045-n"""
47825,881,set_statement,Done,,,Q21646750,"Q21646750|P5063|""i44359"""
47825,882,set_statement,Done,,,Q987588,"Q987588|P8814|""01724726-n"""
47825,883,set_statement,Done,,,Q987588,"Q987588|P5063|""i44363"""
47825,884,set_statement,Done,,,Q21446884,"Q21446884|P8814|""01725900-n"""
47825,885,set_statement,Done,,,Q21446884,"Q21446884|P5063|""i44370"""
47825,886,set_statement,Done,,,Q1095663,"Q1095663|P8814|""01727111-n"""
47825,887,set_statement,Done,,,Q1095663,"Q1095663|P5063|""i44377"""
47825,888,set_statement,Done,,,Q14427058,"Q14427058|P8814|""01731379-n"""
47825,889,set_statement,Done,,,Q14427058,"Q14427058|P5063|""i44396"""
47825,890,set_statement,Done,,,Q2698783,"Q2698783|P8814|""01731774-n"""
47825,891,set_statement,Done,,,Q2698783,"Q2698783|P5063|""i44398"""
47825,892,set_statement,Done,,,Q511283,"Q511283|P8814|""01732174-n"""
47825,893,set_statement,Done,,,Q511283,"Q511283|P5063|""i44400"""
47825,894,set_statement,Done,,,Q783773,"Q783773|P8814|""01732479-n"""
47825,895,set_statement,Done,,,Q783773,"Q783773|P5063|""i44402"""
47825,896,set_statement,Done,,,Q2606543,"Q2606543|P8814|""01733070-n"""
47825,897,set_statement,Done,,,Q2606543,"Q2606543|P5063|""i44406"""
47825,898,set_statement,Done,,,Q226788,"Q226788|P8814|""01733320-n"""
47825,899,set_statement,Done,,,Q226788,"Q226788|P5063|""i44408"""
47825,900,set_statement,Done,,,Q2578729,"Q2578729|P8814|""01734059-n"""
47825,901,set_statement,Done,,,Q2578729,"Q2578729|P5063|""i44413"""
47825,902,set_statement,Done,,,Q1924850,"Q1924850|P8814|""01735086-n"""
47825,903,set_statement,Done,,,Q1924850,"Q1924850|P5063|""i44419"""
47825,904,set_statement,Done,,,Q2326607,"Q2326607|P8814|""01735735-n"""
47825,905,set_statement,Done,,,Q2326607,"Q2326607|P5063|""i44423"""
47825,906,set_statement,Done,,,Q14089080,"Q14089080|P8814|""01735987-n"""
47825,907,set_statement,Done,,,Q14089080,"Q14089080|P5063|""i44425"""
47825,908,set_statement,Done,,,Q1992326,"Q1992326|P8814|""01736275-n"""
47825,909,set_statement,Done,,,Q1992326,"Q1992326|P5063|""i44427"""
47825,910,set_statement,Done,,,Q3490685,"Q3490685|P8814|""01738897-n"""
47825,911,set_statement,Done,,,Q3490685,"Q3490685|P5063|""i44442"""
47825,912,set_statement,Done,,,Q290763,"Q290763|P8814|""01739210-n"""
47825,913,set_statement,Done,,,Q290763,"Q290763|P5063|""i44444"""
47825,914,set_statement,Done,,,Q955683,"Q955683|P8814|""01739838-n"""
47825,915,set_statement,Done,,,Q955683,"Q955683|P5063|""i44448"""
47825,916,set_statement,Done,,,Q310717,"Q310717|P8814|""01740816-n"""
47825,917,set_statement,Done,,,Q310717,"Q310717|P5063|""i44454"""
47825,918,set_statement,Done,,,Q2345428,"Q2345428|P8814|""01741606-n"""
47825,919,set_statement,Done,,,Q2345428,"Q2345428|P5063|""i44459"""
47825,920,set_statement,Done,,,Q3022965,"Q3022965|P8814|""01742646-n"""
47825,921,set_statement,Done,,,Q3022965,"Q3022965|P5063|""i44466"""
47825,922,set_statement,Done,,,Q664781,"Q664781|P8814|""01742924-n"""
47825,923,set_statement,Done,,,Q664781,"Q664781|P5063|""i44468"""
47825,924,set_statement,Done,,,Q339827,"Q339827|P8814|""01743034-n"""
47825,925,set_statement,Done,,,Q339827,"Q339827|P5063|""i44469"""
47825,926,set_statement,Done,,,Q2363493,"Q2363493|P8814|""01743757-n"""
47825,927,set_statement,Done,,,Q2363493,"Q2363493|P5063|""i44473"""
47825,928,set_statement,Done,,,Q45556,"Q45556|P8814|""01744385-n"""
47825,929,set_statement,Done,,,Q45556,"Q45556|P5063|""i44477"""
47825,930,set_statement,Done,,,Q1023539,"Q1023539|P8814|""01744951-n"""
47825,931,set_statement,Done,,,Q1023539,"Q1023539|P5063|""i44480"""
47825,932,set_statement,Done,,,Q14423602,"Q14423602|P8814|""01745321-n"""
47825,933,set_statement,Done,,,Q14423602,"Q14423602|P5063|""i44482"""
47825,934,set_statement,Done,,,Q188622,"Q188622|P8814|""01745608-n"""
47825,935,set_statement,Done,,,Q188622,"Q188622|P5063|""i44484"""
47825,936,set_statement,Done,,,Q271218,"Q271218|P8814|""01746428-n"""
47825,937,set_statement,Done,,,Q271218,"Q271218|P5063|""i44489"""
47825,938,set_statement,Done,,,Q11779559,"Q11779559|P8814|""01748704-n"""
47825,939,set_statement,Done,,,Q11779559,"Q11779559|P5063|""i44500"""
47825,940,set_statement,Done,,,Q169897,"Q169897|P8814|""01749459-n"""
47825,941,set_statement,Done,,,Q169897,"Q169897|P5063|""i44505"""
47825,942,set_statement,Done,,,Q56171665,"Q56171665|P8814|""01749785-n"""
47825,943,set_statement,Done,,,Q56171665,"Q56171665|P5063|""i44507"""
47825,944,set_statement,Done,,,Q195268,"Q195268|P8814|""01750107-n"""
47825,945,set_statement,Done,,,Q195268,"Q195268|P5063|""i44509"""
47825,946,set_statement,Done,,,Q220475,"Q220475|P8814|""01750380-n"""
47825,947,set_statement,Done,,,Q220475,"Q220475|P5063|""i44511"""
47825,948,set_statement,Done,,,Q14564444,"Q14564444|P8814|""01751201-n"""
47825,949,set_statement,Done,,,Q14564444,"Q14564444|P5063|""i44516"""
47825,950,set_statement,Done,,,Q15148378,"Q15148378|P8814|""01751782-n"""
47825,951,set_statement,Done,,,Q15148378,"Q15148378|P5063|""i44519"""
47825,952,set_statement,Done,,,Q169658,"Q169658|P8814|""01752956-n"""
47825,953,set_statement,Done,,,Q169658,"Q169658|P5063|""i44527"""
47825,954,set_statement,Done,,,Q44512085,"Q44512085|P8814|""01754262-n"""
47825,955,set_statement,Done,,,Q44512085,"Q44512085|P5063|""i44536"""
47825,956,set_statement,Done,,,Q574527,"Q574527|P8814|""01755530-n"""
47825,957,set_statement,Done,,,Q574527,"Q574527|P5063|""i44543"""
47825,958,set_statement,Done,,,Q73178,"Q73178|P8814|""01755995-n"""
47825,959,set_statement,Done,,,Q73178,"Q73178|P5063|""i44546"""
47825,960,set_statement,Done,,,Q1257508,"Q1257508|P8814|""01756831-n"""
47825,961,set_statement,Done,,,Q1257508,"Q1257508|P5063|""i44550"""
47825,962,set_statement,Done,,,Q463637,"Q463637|P8814|""01757915-n"""
47825,963,set_statement,Done,,,Q463637,"Q463637|P5063|""i44555"""
47825,964,set_statement,Done,,,Q244198,"Q244198|P8814|""01760188-n"""
47825,965,set_statement,Done,,,Q244198,"Q244198|P5063|""i44566"""
47825,966,set_statement,Done,,,Q468875,"Q468875|P8814|""01760660-n"""
47825,967,set_statement,Done,,,Q468875,"Q468875|P5063|""i44569"""
47825,968,set_statement,Done,,,Q747605,"Q747605|P8814|""01772571-n"""
47825,969,set_statement,Done,,,Q747605,"Q747605|P5063|""i44589"""
47825,970,set_statement,Done,,,Q6122550,"Q6122550|P8814|""01772904-n"""
47825,971,set_statement,Done,,,Q6122550,"Q6122550|P5063|""i44591"""
47825,972,set_statement,Done,,,Q18511096,"Q18511096|P8814|""01773608-n"""
47825,973,set_statement,Done,,,Q18511096,"Q18511096|P5063|""i44595"""
47825,974,set_statement,Done,,,Q33134055,"Q33134055|P8814|""01775423-n"""
47825,975,set_statement,Done,,,Q33134055,"Q33134055|P5063|""i44604"""
47825,976,set_statement,Done,,,Q862644,"Q862644|P8814|""01775626-n"""
47825,977,set_statement,Done,,,Q862644,"Q862644|P5063|""i44605"""
47825,978,set_statement,Done,,,Q1413947,"Q1413947|P8814|""01775960-n"""
47825,979,set_statement,Done,,,Q1413947,"Q1413947|P5063|""i44607"""
47825,980,set_statement,Done,,,Q385932,"Q385932|P8814|""01776893-n"""
47825,981,set_statement,Done,,,Q385932,"Q385932|P5063|""i44612"""
47825,982,set_statement,Done,,,Q13320847,"Q13320847|P8814|""01777871-n"""
47825,983,set_statement,Done,,,Q13320847,"Q13320847|P5063|""i44618"""
47825,984,set_statement,Done,,,Q8713,"Q8713|P8814|""01778233-n"""
47825,985,set_statement,Done,,,Q8713,"Q8713|P5063|""i44620"""
47825,986,set_statement,Done,,,Q3111386,"Q3111386|P8814|""01778520-n"""
47825,987,set_statement,Done,,,Q3111386,"Q3111386|P5063|""i44622"""
47825,988,set_statement,Done,,,Q1429304,"Q1429304|P8814|""01779187-n"""
47825,989,set_statement,Done,,,Q1429304,"Q1429304|P5063|""i44625"""
47825,990,set_statement,Done,,,Q1951212,"Q1951212|P8814|""01779673-n"""
47825,991,set_statement,Done,,,Q1951212,"Q1951212|P5063|""i44627"""
47825,992,set_statement,Done,,,Q2714520,"Q2714520|P8814|""01781625-n"""
47825,993,set_statement,Done,,,Q2714520,"Q2714520|P5063|""i44636"""
47825,994,set_statement,Done,,,Q640684,"Q640684|P8814|""01781981-n"""
47825,995,set_statement,Done,,,Q640684,"Q640684|P5063|""i44638"""
47825,996,set_statement,Done,,,Q1931942,"Q1931942|P8814|""01782667-n"""
47825,997,set_statement,Done,,,Q1931942,"Q1931942|P5063|""i44642"""
47825,998,set_statement,Done,,,Q853453,"Q853453|P8814|""01782943-n"""
47825,999,set_statement,Done,,,Q853453,"Q853453|P5063|""i44644"""
47825,1000,set_statement,Done,,,Q14830884,"Q14830884|P8814|""01783560-n"""
47825,1001,set_statement,Done,,,Q14830884,"Q14830884|P5063|""i44648"""
47825,1002,set_statement,Done,,,Q3950491,"Q3950491|P8814|""01783915-n"""
47825,1003,set_statement,Done,,,Q3950491,"Q3950491|P5063|""i44650"""
47825,1004,set_statement,Done,,,Q676204,"Q676204|P8814|""01784691-n"""
47825,1005,set_statement,Done,,,Q676204,"Q676204|P5063|""i44655"""
47825,1006,set_statement,Done,,,Q10616065,"Q10616065|P8814|""01785019-n"""
47825,1007,set_statement,Done,,,Q10616065,"Q10616065|P5063|""i44657"""
47825,1008,set_statement,Done,,,Q217512,"Q217512|P8814|""01785846-n"""
47825,1009,set_statement,Done,,,Q217512,"Q217512|P5063|""i44661"""
47825,1010,set_statement,Done,,,Q244147,"Q244147|P8814|""01786025-n"""
47825,1011,set_statement,Done,,,Q244147,"Q244147|P5063|""i44662"""
47825,1012,set_statement,Done,,,Q856136,"Q856136|P8814|""01788033-n"""
47825,1013,set_statement,Done,,,Q856136,"Q856136|P5063|""i44672"""
47825,1014,set_statement,Done,,,Q3476556,"Q3476556|P8814|""01788173-n"""
47825,1015,set_statement,Done,,,Q3476556,"Q3476556|P5063|""i44673"""
47825,1016,set_statement,Done,,,Q2664614,"Q2664614|P8814|""01788472-n"""
47825,1017,set_statement,Done,,,Q2664614,"Q2664614|P5063|""i44675"""
47825,1018,set_statement,Done,,,Q4039348,"Q4039348|P8814|""01788689-n"""
47825,1019,set_statement,Done,,,Q4039348,"Q4039348|P5063|""i44676"""
47825,1020,set_statement,Done,,,Q4039347,"Q4039347|P8814|""01788860-n"""
47825,1021,set_statement,Done,,,Q4039347,"Q4039347|P5063|""i44677"""
47825,1022,set_statement,Done,,,Q167367,"Q167367|P8814|""01789043-n"""
47825,1023,set_statement,Done,,,Q167367,"Q167367|P5063|""i44678"""
47825,1024,set_statement,Done,,,Q19106,"Q19106|P8814|""01789520-n"""
47825,1025,set_statement,Done,,,Q19106,"Q19106|P5063|""i44680"""
47825,1026,set_statement,Done,,,Q2104567,"Q2104567|P8814|""01790334-n"""
47825,1027,set_statement,Done,,,Q2104567,"Q2104567|P5063|""i44685"""
47825,1028,set_statement,Done,,,Q1929002,"Q1929002|P8814|""01790798-n"""
47825,1029,set_statement,Done,,,Q1929002,"Q1929002|P5063|""i44687"""
47825,1030,set_statement,Done,,,Q11777078,"Q11777078|P8814|""01796459-n"""
47825,1031,set_statement,Done,,,Q11777078,"Q11777078|P5063|""i44724"""
47825,1032,set_statement,Done,,,Q43794,"Q43794|P8814|""01796629-n"""
47825,1033,set_statement,Done,,,Q43794,"Q43794|P5063|""i44725"""
47825,1034,set_statement,Done,,,Q127565572,"Q127565572|P8814|""01797101-n"""
47825,1035,set_statement,Done,,,Q127565572,"Q127565572|P5063|""i44728"""
47825,1036,set_statement,Done,,,Q728995,"Q728995|P8814|""01798066-n"""
47825,1037,set_statement,Done,,,Q728995,"Q728995|P5063|""i44732"""
47825,1038,set_statement,Done,,,Q162029,"Q162029|P8814|""01798863-n"""
47825,1039,set_statement,Done,,,Q162029,"Q162029|P5063|""i44738"""
47825,1040,set_statement,Done,,,Q117243536,"Q117243536|P8814|""01799821-n"""
47825,1041,set_statement,Done,,,Q117243536,"Q117243536|P5063|""i44745"""
47825,1042,set_statement,Done,,,Q10740725,"Q10740725|P8814|""01800408-n"""
47825,1043,set_statement,Done,,,Q10740725,"Q10740725|P5063|""i44749"""
47825,1044,set_statement,Done,,,Q869569,"Q869569|P8814|""01802181-n"""
47825,1045,set_statement,Done,,,Q869569,"Q869569|P5063|""i44760"""
47825,1046,set_statement,Done,,,Q2415068,"Q2415068|P8814|""01802683-n"""
47825,1047,set_statement,Done,,,Q2415068,"Q2415068|P5063|""i44763"""
47825,1048,set_statement,Done,,,Q4120496,"Q4120496|P8814|""01804012-n"""
47825,1049,set_statement,Done,,,Q4120496,"Q4120496|P5063|""i44771"""
47825,1050,set_statement,Done,,,Q10731928,"Q10731928|P8814|""01804394-n"""
47825,1051,set_statement,Done,,,Q10731928,"Q10731928|P5063|""i44774"""
47825,1052,set_statement,Done,,,Q10789354,"Q10789354|P8814|""01804674-n"""
47825,1053,set_statement,Done,,,Q10789354,"Q10789354|P5063|""i44776"""
47825,1054,set_statement,Done,,,Q10730907,"Q10730907|P8814|""01806189-n"""
47825,1055,set_statement,Done,,,Q10730907,"Q10730907|P5063|""i44783"""
47825,1056,set_statement,Done,,,Q2718257,"Q2718257|P8814|""01806405-n"""
47825,1057,set_statement,Done,,,Q2718257,"Q2718257|P5063|""i44785"""
47825,1058,set_statement,Done,,,Q1869243,"Q1869243|P8814|""01807437-n"""
47825,1059,set_statement,Done,,,Q1869243,"Q1869243|P5063|""i44792"""
47825,1060,set_statement,Done,,,Q1080907,"Q1080907|P8814|""01808087-n"""
47825,1061,set_statement,Done,,,Q1080907,"Q1080907|P5063|""i44797"""
47825,1062,set_statement,Done,,,Q3917160,"Q3917160|P8814|""01808333-n"""
47825,1063,set_statement,Done,,,Q3917160,"Q3917160|P5063|""i44798"""
47825,1064,set_statement,Done,,,Q857531,"Q857531|P8814|""01809381-n"""
47825,1065,set_statement,Done,,,Q857531,"Q857531|P5063|""i44806"""
47825,1066,set_statement,Done,,,Q732487,"Q732487|P8814|""01810342-n"""
47825,1067,set_statement,Done,,,Q732487,"Q732487|P5063|""i44812"""
47825,1068,set_statement,Done,,,Q526626,"Q526626|P8814|""01810629-n"""
47825,1069,set_statement,Done,,,Q526626,"Q526626|P5063|""i44814"""
47825,1070,set_statement,Done,,,Q10803028,"Q10803028|P8814|""01811088-n"""
47825,1071,set_statement,Done,,,Q10803028,"Q10803028|P5063|""i44817"""
47825,1072,set_statement,Done,,,Q16724410,"Q16724410|P8814|""01811630-n"""
47825,1073,set_statement,Done,,,Q16724410,"Q16724410|P5063|""i44820"""
47825,1074,set_statement,Done,,,Q942816,"Q942816|P8814|""01812087-n"""
47825,1075,set_statement,Done,,,Q942816,"Q942816|P5063|""i44823"""
47825,1076,set_statement,Done,,,Q17190683,"Q17190683|P8814|""01812233-n"""
47825,1077,set_statement,Done,,,Q17190683,"Q17190683|P5063|""i44824"""
47825,1078,set_statement,Done,,,Q12355980,"Q12355980|P8814|""01812618-n"""
47825,1079,set_statement,Done,,,Q12355980,"Q12355980|P5063|""i44826"""
47825,1080,set_statement,Done,,,Q28078,"Q28078|P8814|""01813107-n"""
47825,1081,set_statement,Done,,,Q28078,"Q28078|P5063|""i44829"""
47825,1082,set_statement,Done,,,Q551092,"Q551092|P8814|""01813587-n"""
47825,1083,set_statement,Done,,,Q551092,"Q551092|P5063|""i44831"""
47825,1084,set_statement,Done,,,Q10811276,"Q10811276|P8814|""01813745-n"""
47825,1085,set_statement,Done,,,Q10811276,"Q10811276|P5063|""i44832"""
47825,1086,set_statement,Done,,,Q21446278,"Q21446278|P8814|""01814035-n"""
47825,1087,set_statement,Done,,,Q21446278,"Q21446278|P5063|""i44834"""
47825,1088,set_statement,Done,,,Q10856,"Q10856|P8814|""01814323-n"""
47825,1089,set_statement,Done,,,Q10856,"Q10856|P5063|""i44836"""
47825,1090,set_statement,Done,,,Q905420,"Q905420|P8814|""01816452-n"""
47825,1091,set_statement,Done,,,Q905420,"Q905420|P5063|""i44848"""
47825,1092,set_statement,Done,,,Q375342,"Q375342|P8814|""01816732-n"""
47825,1093,set_statement,Done,,,Q375342,"Q375342|P5063|""i44850"""
47825,1094,set_statement,Done,,,Q8424076,"Q8424076|P8814|""01817776-n"""
47825,1095,set_statement,Done,,,Q8424076,"Q8424076|P5063|""i44858"""
47825,1096,set_statement,Done,,,Q179983,"Q179983|P8814|""01818072-n"""
47825,1097,set_statement,Done,,,Q179983,"Q179983|P5063|""i44860"""
47825,1098,set_statement,Done,,,Q1874877,"Q1874877|P8814|""01818977-n"""
47825,1099,set_statement,Done,,,Q1874877,"Q1874877|P5063|""i44865"""
47825,1100,set_statement,Done,,,Q31431,"Q31431|P8814|""01819276-n"""
47825,1101,set_statement,Done,,,Q31431,"Q31431|P5063|""i44867"""
47825,1102,set_statement,Done,,,Q10809423,"Q10809423|P8814|""01820413-n"""
47825,1103,set_statement,Done,,,Q10809423,"Q10809423|P5063|""i44872"""
47825,1104,set_statement,Done,,,Q827257,"Q827257|P8814|""01821600-n"""
47825,1105,set_statement,Done,,,Q827257,"Q827257|P5063|""i44880"""
47825,1106,set_statement,Done,,,Q10801919,"Q10801919|P8814|""01822241-n"""
47825,1107,set_statement,Done,,,Q10801919,"Q10801919|P5063|""i44884"""
47825,1108,set_statement,Done,,,Q921139,"Q921139|P8814|""01823578-n"""
47825,1109,set_statement,Done,,,Q921139,"Q921139|P5063|""i44893"""
47825,1110,set_statement,Done,,,Q10749858,"Q10749858|P8814|""01824059-n"""
47825,1111,set_statement,Done,,,Q10749858,"Q10749858|P5063|""i44896"""
47825,1112,set_statement,Done,,,Q10792667,"Q10792667|P8814|""01824368-n"""
47825,1113,set_statement,Done,,,Q10792667,"Q10792667|P5063|""i44898"""
47825,1114,set_statement,Done,,,Q183364,"Q183364|P8814|""01825064-n"""
47825,1115,set_statement,Done,,,Q183364,"Q183364|P5063|""i44902"""
47825,1116,set_statement,Done,,,Q746658,"Q746658|P8814|""01825920-n"""
47825,1117,set_statement,Done,,,Q746658,"Q746658|P5063|""i44906"""
47825,1118,set_statement,Done,,,Q592593,"Q592593|P8814|""01826251-n"""
47825,1119,set_statement,Done,,,Q592593,"Q592593|P5063|""i44908"""
47825,1120,set_statement,Done,,,Q1452250,"Q1452250|P8814|""01826553-n"""
47825,1121,set_statement,Done,,,Q1452250,"Q1452250|P5063|""i44910"""
47825,1122,set_statement,Done,,,Q548753,"Q548753|P8814|""01826868-n"""
47825,1123,set_statement,Done,,,Q548753,"Q548753|P5063|""i44912"""
47825,1124,set_statement,Done,,,Q44245,"Q44245|P8814|""01828864-n"""
47825,1125,set_statement,Done,,,Q44245,"Q44245|P5063|""i44924"""
47825,1126,set_statement,Done,,,Q583551,"Q583551|P8814|""01830299-n"""
47825,1127,set_statement,Done,,,Q583551,"Q583551|P5063|""i44932"""
47825,1128,set_statement,Done,,,Q10745257,"Q10745257|P8814|""01830589-n"""
47825,1129,set_statement,Done,,,Q10745257,"Q10745257|P5063|""i44934"""
47825,1130,set_statement,Done,,,Q183147,"Q183147|P8814|""01831355-n"""
47825,1131,set_statement,Done,,,Q183147,"Q183147|P5063|""i44939"""
47825,1132,set_statement,Done,,,Q269203,"Q269203|P8814|""01831497-n"""
47825,1133,set_statement,Done,,,Q269203,"Q269203|P5063|""i44940"""
47825,1134,set_statement,Done,,,Q850627,"Q850627|P8814|""01831929-n"""
47825,1135,set_statement,Done,,,Q850627,"Q850627|P5063|""i44943"""
47825,1136,set_statement,Done,,,Q15727501,"Q15727501|P8814|""01833719-n"""
47825,1137,set_statement,Done,,,Q15727501,"Q15727501|P5063|""i44955"""
47825,1138,set_statement,Done,,,Q26617,"Q26617|P8814|""01834571-n"""
47825,1139,set_statement,Done,,,Q26617,"Q26617|P5063|""i44960"""
47825,1140,set_statement,Done,,,Q135472,"Q135472|P8814|""01835325-n"""
47825,1141,set_statement,Done,,,Q135472,"Q135472|P5063|""i44964"""
47825,1142,set_statement,Done,,,Q133554,"Q133554|P8814|""01835620-n"""
47825,1143,set_statement,Done,,,Q133554,"Q133554|P5063|""i44966"""
47825,1144,set_statement,Done,,,Q31836,"Q31836|P8814|""01835924-n"""
47825,1145,set_statement,Done,,,Q31836,"Q31836|P5063|""i44968"""
47825,1146,set_statement,Done,,,Q776502,"Q776502|P8814|""01836680-n"""
47825,1147,set_statement,Done,,,Q776502,"Q776502|P5063|""i44972"""
47825,1148,set_statement,Done,,,Q26125,"Q26125|P8814|""01837343-n"""
47825,1149,set_statement,Done,,,Q26125,"Q26125|P5063|""i44977"""
47825,1150,set_statement,Done,,,Q198823,"Q198823|P8814|""01838225-n"""
47825,1151,set_statement,Done,,,Q198823,"Q198823|P5063|""i44981"""
47825,1152,set_statement,Done,,,Q10804997,"Q10804997|P8814|""01839168-n"""
47825,1153,set_statement,Done,,,Q10804997,"Q10804997|P5063|""i44987"""
47825,1154,set_statement,Done,,,Q569096,"Q569096|P8814|""01839594-n"""
47825,1155,set_statement,Done,,,Q569096,"Q569096|P5063|""i44990"""
47825,1156,set_statement,Done,,,Q10821410,"Q10821410|P8814|""01840004-n"""
47825,1157,set_statement,Done,,,Q10821410,"Q10821410|P5063|""i44993"""
47825,1158,set_statement,Done,,,Q25934,"Q25934|P8814|""01840387-n"""
47825,1159,set_statement,Done,,,Q25934,"Q25934|P5063|""i44995"""
47825,1160,set_statement,Done,,,Q921396,"Q921396|P8814|""01841862-n"""
47825,1161,set_statement,Done,,,Q921396,"Q921396|P5063|""i45001"""
47825,1162,set_statement,Done,,,Q132918,"Q132918|P8814|""01842919-n"""
47825,1163,set_statement,Done,,,Q132918,"Q132918|P5063|""i45008"""
47825,1164,set_statement,Done,,,Q131901,"Q131901|P8814|""01843284-n"""
47825,1165,set_statement,Done,,,Q131901,"Q131901|P5063|""i45010"""
47825,1166,set_statement,Done,,,Q926314,"Q926314|P8814|""01844456-n"""
47825,1167,set_statement,Done,,,Q926314,"Q926314|P5063|""i45018"""
47825,1168,set_statement,Done,,,Q809613,"Q809613|P8814|""01844752-n"""
47825,1169,set_statement,Done,,,Q809613,"Q809613|P5063|""i45020"""
47825,1170,set_statement,Done,,,Q781348,"Q781348|P8814|""01846217-n"""
47825,1171,set_statement,Done,,,Q781348,"Q781348|P5063|""i45030"""
47825,1172,set_statement,Done,,,Q14566629,"Q14566629|P8814|""01846446-n"""
47825,1173,set_statement,Done,,,Q14566629,"Q14566629|P5063|""i45032"""
47825,1174,set_statement,Done,,,Q945088,"Q945088|P8814|""01846766-n"""
47825,1175,set_statement,Done,,,Q945088,"Q945088|P5063|""i45034"""
47825,1176,set_statement,Done,,,Q2725371,"Q2725371|P8814|""01847055-n"""
47825,1177,set_statement,Done,,,Q2725371,"Q2725371|P5063|""i45036"""
47825,1178,set_statement,Done,,,Q21651,"Q21651|P8814|""01847913-n"""
47825,1179,set_statement,Done,,,Q21651,"Q21651|P5063|""i45041"""
47825,1180,set_statement,Done,,,Q844705,"Q844705|P8814|""01852388-n"""
47825,1181,set_statement,Done,,,Q844705,"Q844705|P5063|""i45065"""
47825,1182,set_statement,Done,,,Q310868,"Q310868|P8814|""01852676-n"""
47825,1183,set_statement,Done,,,Q310868,"Q310868|P5063|""i45067"""
47825,1184,set_statement,Done,,,Q131450,"Q131450|P8814|""01854637-n"""
47825,1185,set_statement,Done,,,Q131450,"Q131450|P5063|""i45079"""
47825,1186,set_statement,Done,,,Q312236,"Q312236|P8814|""01855185-n"""
47825,1187,set_statement,Done,,,Q312236,"Q312236|P5063|""i45083"""
47825,1188,set_statement,Done,,,Q2060384,"Q2060384|P8814|""01856404-n"""
47825,1189,set_statement,Done,,,Q2060384,"Q2060384|P5063|""i45091"""
47825,1190,set_statement,Done,,,Q13136551,"Q13136551|P8814|""01857984-n"""
47825,1191,set_statement,Done,,,Q13136551,"Q13136551|P5063|""i45100"""
47825,1192,set_statement,Done,,,Q183361,"Q183361|P8814|""01858866-n"""
47825,1193,set_statement,Done,,,Q183361,"Q183361|P5063|""i45105"""
47825,1194,set_statement,Done,,,Q210416,"Q210416|P8814|""01859812-n"""
47825,1195,set_statement,Done,,,Q210416,"Q210416|P5063|""i45111"""
47825,1196,set_statement,Done,,,Q14786632,"Q14786632|P8814|""01860803-n"""
47825,1197,set_statement,Done,,,Q14786632,"Q14786632|P5063|""i45117"""
47825,1198,set_statement,Done,,,Q10733978,"Q10733978|P8814|""01863354-n"""
47825,1199,set_statement,Done,,,Q10733978,"Q10733978|P5063|""i45133"""
47825,1200,set_statement,Done,,,Q12902259,"Q12902259|P8814|""01874885-n"""
47825,1201,set_statement,Done,,,Q12902259,"Q12902259|P5063|""i45149"""
47825,1202,set_statement,Done,,,Q784836,"Q784836|P8814|""01875276-n"""
47825,1203,set_statement,Done,,,Q784836,"Q784836|P5063|""i45151"""
47825,1204,set_statement,Done,,,Q3745848,"Q3745848|P8814|""01875785-n"""
47825,1205,set_statement,Done,,,Q3745848,"Q3745848|P5063|""i45154"""
47825,1206,set_statement,Done,,,Q21854,"Q21854|P8814|""01878358-n"""
47825,1207,set_statement,Done,,,Q21854,"Q21854|P5063|""i45166"""
47825,1208,set_statement,Done,,,Q174322,"Q174322|P8814|""01880048-n"""
47825,1209,set_statement,Done,,,Q174322,"Q174322|P5063|""i45175"""
47825,1210,set_statement,Done,,,Q218873,"Q218873|P8814|""01880844-n"""
47825,1211,set_statement,Done,,,Q218873,"Q218873|P5063|""i45179"""
47825,1212,set_statement,Done,,,Q429799,"Q429799|P8814|""01881141-n"""
47825,1213,set_statement,Done,,,Q429799,"Q429799|P5063|""i45181"""
47825,1214,set_statement,Done,,,Q269253,"Q269253|P8814|""01881444-n"""
47825,1215,set_statement,Done,,,Q269253,"Q269253|P5063|""i45183"""
47825,1216,set_statement,Done,,,Q325064,"Q325064|P8814|""01882020-n"""
47825,1217,set_statement,Done,,,Q325064,"Q325064|P5063|""i45187"""
47825,1218,set_statement,Done,,,Q10770484,"Q10770484|P8814|""01882342-n"""
47825,1219,set_statement,Done,,,Q10770484,"Q10770484|P5063|""i45189"""
47825,1220,set_statement,Done,,,Q23230,"Q23230|P8814|""01883578-n"""
47825,1221,set_statement,Done,,,Q23230,"Q23230|P5063|""i45198"""
47825,1222,set_statement,Done,,,Q656173,"Q656173|P8814|""01884358-n"""
47825,1223,set_statement,Done,,,Q656173,"Q656173|P5063|""i45202"""
47825,1224,set_statement,Done,,,Q11110566,"Q11110566|P8814|""01885013-n"""
47825,1225,set_statement,Done,,,Q11110566,"Q11110566|P5063|""i45206"""
47825,1226,set_statement,Done,,,Q23133,"Q23133|P8814|""01885853-n"""
47825,1227,set_statement,Done,,,Q23133,"Q23133|P5063|""i45212"""
47825,1228,set_statement,Done,,,Q379740,"Q379740|P8814|""01886403-n"""
47825,1229,set_statement,Done,,,Q379740,"Q379740|P5063|""i45214"""
47825,1230,set_statement,Done,,,Q937821,"Q937821|P8814|""01887344-n"""
47825,1231,set_statement,Done,,,Q937821,"Q937821|P5063|""i45220"""
47825,1232,set_statement,Done,,,Q1754387,"Q1754387|P8814|""01887673-n"""
47825,1233,set_statement,Done,,,Q1754387,"Q1754387|P5063|""i45222"""
47825,1234,set_statement,Done,,,Q10795872,"Q10795872|P8814|""01888008-n"""
47825,1235,set_statement,Done,,,Q10795872,"Q10795872|P5063|""i45224"""
47825,1236,set_statement,Done,,,Q13166786,"Q13166786|P8814|""01888365-n"""
47825,1237,set_statement,Done,,,Q13166786,"Q13166786|P5063|""i45226"""
47825,1238,set_statement,Done,,,Q234792,"Q234792|P8814|""01888497-n"""
47825,1239,set_statement,Done,,,Q234792,"Q234792|P5063|""i45227"""
47825,1240,set_statement,Done,,,Q104825,"Q104825|P8814|""01891969-n"""
47825,1241,set_statement,Done,,,Q104825,"Q104825|P5063|""i45243"""
47825,1242,set_statement,Done,,,Q10749625,"Q10749625|P8814|""01892381-n"""
47825,1243,set_statement,Done,,,Q10749625,"Q10749625|P5063|""i45245"""
47825,1244,set_statement,Done,,,Q19816787,"Q19816787|P8814|""01892674-n"""
47825,1245,set_statement,Done,,,Q19816787,"Q19816787|P5063|""i45247"""
47825,1246,set_statement,Done,,,Q23351,"Q23351|P8814|""01892915-n"""
47825,1247,set_statement,Done,,,Q23351,"Q23351|P5063|""i45249"""
47825,1248,set_statement,Done,,,Q599385,"Q599385|P8814|""01893052-n"""
47825,1249,set_statement,Done,,,Q599385,"Q599385|P5063|""i45250"""
47825,1250,set_statement,Done,,,Q867212,"Q867212|P8814|""01893359-n"""
47825,1251,set_statement,Done,,,Q867212,"Q867212|P5063|""i45252"""
47825,1252,set_statement,Done,,,Q5607349,"Q5607349|P8814|""01894506-n"""
47825,1253,set_statement,Done,,,Q5607349,"Q5607349|P5063|""i45259"""
47825,1254,set_statement,Done,,,Q468813,"Q468813|P8814|""01894912-n"""
47825,1255,set_statement,Done,,,Q468813,"Q468813|P5063|""i45262"""
47825,1256,set_statement,Done,,,Q1352331,"Q1352331|P8814|""01895517-n"""
47825,1257,set_statement,Done,,,Q1352331,"Q1352331|P5063|""i45266"""
47825,1258,set_statement,Done,,,Q498993,"Q498993|P8814|""01896307-n"""
47825,1259,set_statement,Done,,,Q498993,"Q498993|P5063|""i45272"""
47825,1260,set_statement,Done,,,Q15402150,"Q15402150|P8814|""01897022-n"""
47825,1261,set_statement,Done,,,Q15402150,"Q15402150|P5063|""i45276"""
47825,1262,set_statement,Done,,,Q33135586,"Q33135586|P8814|""01897311-n"""
47825,1263,set_statement,Done,,,Q33135586,"Q33135586|P5063|""i45278"""
47825,1264,set_statement,Done,,,Q18175529,"Q18175529|P8814|""01897444-n"""
47825,1265,set_statement,Done,,,Q18175529,"Q18175529|P5063|""i45279"""
47825,1266,set_statement,Done,,,Q4137253,"Q4137253|P8814|""01910136-n"""
47825,1267,set_statement,Done,,,Q4137253,"Q4137253|P5063|""i45360"""
47825,1268,set_statement,Done,,,Q3060446,"Q3060446|P8814|""01910543-n"""
47825,1269,set_statement,Done,,,Q3060446,"Q3060446|P5063|""i45362"""
47825,1270,set_statement,Done,,,Q976832,"Q976832|P8814|""01913912-n"""
47825,1271,set_statement,Done,,,Q976832,"Q976832|P5063|""i45377"""
47825,1272,set_statement,Done,,,Q2704401,"Q2704401|P8814|""01915676-n"""
47825,1273,set_statement,Done,,,Q2704401,"Q2704401|P5063|""i45387"""
47825,1274,set_statement,Done,,,Q3958000,"Q3958000|P8814|""01916174-n"""
47825,1275,set_statement,Done,,,Q3958000,"Q3958000|P5063|""i45391"""
47825,1276,set_statement,Done,,,Q1116222,"Q1116222|P8814|""01918055-n"""
47825,1277,set_statement,Done,,,Q1116222,"Q1116222|P5063|""i45401"""
47825,1278,set_statement,Done,,,Q195605,"Q195605|P8814|""01919379-n"""
47825,1279,set_statement,Done,,,Q195605,"Q195605|P5063|""i45410"""
47825,1280,set_statement,Done,,,Q115770614,"Q115770614|P8814|""01919808-n"""
47825,1281,set_statement,Done,,,Q115770614,"Q115770614|P5063|""i45412"""
47825,1282,set_statement,Done,,,Q2710067,"Q2710067|P8814|""01920392-n"""
47825,1283,set_statement,Done,,,Q2710067,"Q2710067|P5063|""i45416"""
47825,1284,set_statement,Done,,,Q136620,"Q136620|P8814|""01921740-n"""
47825,1285,set_statement,Done,,,Q136620,"Q136620|P5063|""i45423"""
47825,1286,set_statement,Done,,,Q131799,"Q131799|P8814|""01922145-n"""
47825,1287,set_statement,Done,,,Q131799,"Q131799|P5063|""i45426"""
47825,1288,set_statement,Done,,,Q151079,"Q151079|P8814|""01922355-n"""
47825,1289,set_statement,Done,,,Q151079,"Q151079|P5063|""i45427"""
47825,1290,set_statement,Done,,,Q3826253,"Q3826253|P8814|""01922819-n"""
47825,1291,set_statement,Done,,,Q3826253,"Q3826253|P5063|""i45430"""
47825,1292,set_statement,Done,,,Q3005619,"Q3005619|P8814|""01922943-n"""
47825,1293,set_statement,Done,,,Q3005619,"Q3005619|P5063|""i45431"""
47825,1294,set_statement,Done,,,Q2947068,"Q2947068|P8814|""01923376-n"""
47825,1295,set_statement,Done,,,Q2947068,"Q2947068|P5063|""i45434"""
47825,1296,set_statement,Done,,,Q18518956,"Q18518956|P8814|""01923580-n"""
47825,1297,set_statement,Done,,,Q18518956,"Q18518956|P5063|""i45435"""
47825,1298,set_statement,Done,,,Q149121,"Q149121|P8814|""01923857-n"""
47825,1299,set_statement,Done,,,Q149121,"Q149121|P5063|""i45437"""
47825,1300,set_statement,Done,,,Q4404443,"Q4404443|P8814|""01926792-n"""
47825,1301,set_statement,Done,,,Q4404443,"Q4404443|P5063|""i45449"""
47825,1302,set_statement,Done,,,Q2330212,"Q2330212|P8814|""01927057-n"""
47825,1303,set_statement,Done,,,Q2330212,"Q2330212|P5063|""i45451"""
47825,1304,set_statement,Done,,,Q19838628,"Q19838628|P8814|""01929190-n"""
47825,1305,set_statement,Done,,,Q19838628,"Q19838628|P5063|""i45463"""
47825,1306,set_statement,Done,,,Q141694,"Q141694|P8814|""01930306-n"""
47825,1307,set_statement,Done,,,Q141694,"Q141694|P5063|""i45470"""
47825,1308,set_statement,Done,,,Q310997,"Q310997|P8814|""01930714-n"""
47825,1309,set_statement,Done,,,Q310997,"Q310997|P5063|""i45473"""
47825,1310,set_statement,Done,,,Q185631,"Q185631|P8814|""01931001-n"""
47825,1311,set_statement,Done,,,Q185631,"Q185631|P5063|""i45475"""
47825,1312,set_statement,Done,,,Q15229174,"Q15229174|P8814|""01931378-n"""
47825,1313,set_statement,Done,,,Q15229174,"Q15229174|P5063|""i45477"""
47825,1314,set_statement,Done,,,Q17156,"Q17156|P8814|""01932429-n"""
47825,1315,set_statement,Done,,,Q17156,"Q17156|P5063|""i45482"""
47825,1316,set_statement,Done,,,Q17157,"Q17157|P8814|""01932592-n"""
47825,1317,set_statement,Done,,,Q17157,"Q17157|P5063|""i45483"""
47825,1318,set_statement,Done,,,Q763856,"Q763856|P8814|""01933126-n"""
47825,1319,set_statement,Done,,,Q763856,"Q763856|P5063|""i45485"""
47825,1320,set_statement,Done,,,Q310838,"Q310838|P8814|""01933313-n"""
47825,1321,set_statement,Done,,,Q310838,"Q310838|P5063|""i45486"""
47825,1322,set_statement,Done,,,Q4803791,"Q4803791|P8814|""01933636-n"""
47825,1323,set_statement,Done,,,Q4803791,"Q4803791|P5063|""i45488"""
47825,1324,set_statement,Done,,,Q2628603,"Q2628603|P8814|""01933918-n"""
47825,1325,set_statement,Done,,,Q2628603,"Q2628603|P5063|""i45490"""
47825,1326,set_statement,Done,,,Q5266809,"Q5266809|P8814|""01934486-n"""
47825,1327,set_statement,Done,,,Q5266809,"Q5266809|P5063|""i45494"""
47825,1328,set_statement,Done,,,Q3546007,"Q3546007|P8814|""01934999-n"""
47825,1329,set_statement,Done,,,Q3546007,"Q3546007|P5063|""i45497"""
47825,1330,set_statement,Done,,,Q10707022,"Q10707022|P8814|""01935136-n"""
47825,1331,set_statement,Done,,,Q10707022,"Q10707022|P5063|""i45498"""
47825,1332,set_statement,Done,,,Q3093248,"Q3093248|P8814|""01935441-n"""
47825,1333,set_statement,Done,,,Q3093248,"Q3093248|P5063|""i45500"""
47825,1334,set_statement,Done,,,Q1530508,"Q1530508|P8814|""01935983-n"""
47825,1335,set_statement,Done,,,Q1530508,"Q1530508|P5063|""i45503"""
47825,1336,set_statement,Done,,,Q2367224,"Q2367224|P8814|""01936327-n"""
47825,1337,set_statement,Done,,,Q2367224,"Q2367224|P5063|""i45505"""
47825,1338,set_statement,Done,,,Q2341780,"Q2341780|P8814|""01936475-n"""
47825,1339,set_statement,Done,,,Q2341780,"Q2341780|P5063|""i45506"""
47825,1340,set_statement,Done,,,Q1072243,"Q1072243|P8814|""01937346-n"""
47825,1341,set_statement,Done,,,Q1072243,"Q1072243|P5063|""i45510"""
47825,1342,set_statement,Done,,,Q5168736,"Q5168736|P8814|""01938384-n"""
47825,1343,set_statement,Done,,,Q5168736,"Q5168736|P5063|""i45515"""
47825,1344,set_statement,Done,,,Q5160275,"Q5160275|P8814|""01938638-n"""
47825,1345,set_statement,Done,,,Q5160275,"Q5160275|P5063|""i45516"""
47825,1346,set_statement,Done,,,Q3901901,"Q3901901|P8814|""01939875-n"""
47825,1347,set_statement,Done,,,Q3901901,"Q3901901|P5063|""i45522"""
47825,1348,set_statement,Done,,,Q3904449,"Q3904449|P8814|""01940063-n"""
47825,1349,set_statement,Done,,,Q3904449,"Q3904449|P5063|""i45523"""
47825,1350,set_statement,Done,,,Q5166500,"Q5166500|P8814|""01940796-n"""
47825,1351,set_statement,Done,,,Q5166500,"Q5166500|P5063|""i45527"""
47825,1352,set_statement,Done,,,Q15455059,"Q15455059|P8814|""01940953-n"""
47825,1353,set_statement,Done,,,Q15455059,"Q15455059|P5063|""i45528"""
47825,1354,set_statement,Done,,,Q3126001,"Q3126001|P8814|""01945242-n"""
47825,1355,set_statement,Done,,,Q3126001,"Q3126001|P5063|""i45542"""
47825,1356,set_statement,Done,,,Q190093,"Q190093|P8814|""01945365-n"""
47825,1357,set_statement,Done,,,Q190093,"Q190093|P5063|""i45543"""
47825,1358,set_statement,Done,,,Q732932,"Q732932|P8814|""01945854-n"""
47825,1359,set_statement,Done,,,Q732932,"Q732932|P5063|""i45546"""
47825,1360,set_statement,Done,,,Q2637458,"Q2637458|P8814|""01946008-n"""
47825,1361,set_statement,Done,,,Q2637458,"Q2637458|P5063|""i45547"""
47825,1362,set_statement,Done,,,Q858772,"Q858772|P8814|""01946395-n"""
47825,1363,set_statement,Done,,,Q858772,"Q858772|P5063|""i45549"""
47825,1364,set_statement,Done,,,Q1418257,"Q1418257|P8814|""01946858-n"""
47825,1365,set_statement,Done,,,Q1418257,"Q1418257|P5063|""i45552"""
47825,1366,set_statement,Done,,,Q3170508,"Q3170508|P8814|""01949128-n"""
47825,1367,set_statement,Done,,,Q3170508,"Q3170508|P5063|""i45565"""
47825,1368,set_statement,Done,,,Q24115,"Q24115|P8814|""01949916-n"""
47825,1369,set_statement,Done,,,Q24115,"Q24115|P5063|""i45570"""
47825,1370,set_statement,Done,,,Q35083222,"Q35083222|P8814|""01950254-n"""
47825,1371,set_statement,Done,,,Q35083222,"Q35083222|P5063|""i45572"""
47825,1372,set_statement,Done,,,Q1563463,"Q1563463|P8814|""01950515-n"""
47825,1373,set_statement,Done,,,Q1563463,"Q1563463|P5063|""i45574"""
47825,1374,set_statement,Done,,,Q4882696,"Q4882696|P8814|""01951558-n"""
47825,1375,set_statement,Done,,,Q4882696,"Q4882696|P5063|""i45581"""
47825,1376,set_statement,Done,,,Q1043930,"Q1043930|P8814|""01951836-n"""
47825,1377,set_statement,Done,,,Q1043930,"Q1043930|P5063|""i45583"""
47825,1378,set_statement,Done,,,Q3168678,"Q3168678|P8814|""01951971-n"""
47825,1379,set_statement,Done,,,Q3168678,"Q3168678|P5063|""i45584"""
47825,1380,set_statement,Done,,,Q3076242,"Q3076242|P8814|""01952325-n"""
47825,1381,set_statement,Done,,,Q3076242,"Q3076242|P5063|""i45586"""
47825,1382,set_statement,Done,,,Q733595,"Q733595|P8814|""01953098-n"""
47825,1383,set_statement,Done,,,Q733595,"Q733595|P5063|""i45590"""
47825,1384,set_statement,Done,,,Q618732,"Q618732|P8814|""01953593-n"""
47825,1385,set_statement,Done,,,Q618732,"Q618732|P5063|""i45592"""
47825,1386,set_statement,Done,,,Q136564,"Q136564|P8814|""01953748-n"""
47825,1387,set_statement,Done,,,Q136564,"Q136564|P5063|""i45593"""
47825,1388,set_statement,Done,,,Q25094548,"Q25094548|P8814|""01954113-n"""
47825,1389,set_statement,Done,,,Q25094548,"Q25094548|P5063|""i45595"""
47825,1390,set_statement,Done,,,Q1033382,"Q1033382|P8814|""01954486-n"""
47825,1391,set_statement,Done,,,Q1033382,"Q1033382|P5063|""i45598"""
47825,1392,set_statement,Done,,,Q881848,"Q881848|P8814|""01955070-n"""
47825,1393,set_statement,Done,,,Q881848,"Q881848|P5063|""i45601"""
47825,1394,set_statement,Done,,,Q1187122,"Q1187122|P8814|""01955453-n"""
47825,1395,set_statement,Done,,,Q1187122,"Q1187122|P5063|""i45604"""
47825,1396,set_statement,Done,,,Q2528273,"Q2528273|P8814|""01957603-n"""
47825,1397,set_statement,Done,,,Q2528273,"Q2528273|P5063|""i45616"""
47825,1398,set_statement,Done,,,Q29876893,"Q29876893|P8814|""01959565-n"""
47825,1399,set_statement,Done,,,Q29876893,"Q29876893|P5063|""i45625"""
47825,1400,set_statement,Done,,,Q3331302,"Q3331302|P8814|""01959843-n"""
47825,1401,set_statement,Done,,,Q3331302,"Q3331302|P5063|""i45627"""
47825,1402,set_statement,Done,,,Q1408724,"Q1408724|P8814|""01960380-n"""
47825,1403,set_statement,Done,,,Q1408724,"Q1408724|P5063|""i45630"""
47825,1404,set_statement,Done,,,Q1408734,"Q1408734|P8814|""01960564-n"""
47825,1405,set_statement,Done,,,Q1408734,"Q1408734|P5063|""i45631"""
47825,1406,set_statement,Done,,,Q910699,"Q910699|P8814|""01961431-n"""
47825,1407,set_statement,Done,,,Q910699,"Q910699|P5063|""i45636"""
47825,1408,set_statement,Done,,,Q2706031,"Q2706031|P8814|""01961555-n"""
47825,1409,set_statement,Done,,,Q2706031,"Q2706031|P5063|""i45637"""
47825,1410,set_statement,Done,,,Q2724253,"Q2724253|P8814|""01961828-n"""
47825,1411,set_statement,Done,,,Q2724253,"Q2724253|P5063|""i45639"""
47825,1412,set_statement,Done,,,Q2387255,"Q2387255|P8814|""01961974-n"""
47825,1413,set_statement,Done,,,Q2387255,"Q2387255|P5063|""i45640"""
47825,1414,set_statement,Done,,,Q2777123,"Q2777123|P8814|""01962475-n"""
47825,1415,set_statement,Done,,,Q2777123,"Q2777123|P5063|""i45643"""
47825,1416,set_statement,Done,,,Q540805,"Q540805|P8814|""01964864-n"""
47825,1417,set_statement,Done,,,Q540805,"Q540805|P5063|""i45657"""
47825,1418,set_statement,Done,,,Q2852294,"Q2852294|P8814|""01964991-n"""
47825,1419,set_statement,Done,,,Q2852294,"Q2852294|P5063|""i45658"""
47825,1420,set_statement,Done,,,Q18590881,"Q18590881|P8814|""01965303-n"""
47825,1421,set_statement,Done,,,Q18590881,"Q18590881|P5063|""i45660"""
47825,1422,set_statement,Done,,,Q632636,"Q632636|P8814|""01965658-n"""
47825,1423,set_statement,Done,,,Q632636,"Q632636|P5063|""i45662"""
47825,1424,set_statement,Done,,,Q737991,"Q737991|P8814|""01965777-n"""
47825,1425,set_statement,Done,,,Q737991,"Q737991|P5063|""i45663"""
47825,1426,set_statement,Done,,,Q386633,"Q386633|P8814|""01966371-n"""
47825,1427,set_statement,Done,,,Q386633,"Q386633|P5063|""i45667"""
47825,1428,set_statement,Done,,,Q21132,"Q21132|P8814|""01966517-n"""
47825,1429,set_statement,Done,,,Q21132,"Q21132|P5063|""i45668"""
47825,1430,set_statement,Done,,,Q1434366,"Q1434366|P8814|""01967277-n"""
47825,1431,set_statement,Done,,,Q1434366,"Q1434366|P5063|""i45672"""
47825,1432,set_statement,Done,,,Q1434357,"Q1434357|P8814|""01967462-n"""
47825,1433,set_statement,Done,,,Q1434357,"Q1434357|P5063|""i45673"""
47825,1434,set_statement,Done,,,Q1768065,"Q1768065|P8814|""01967752-n"""
47825,1435,set_statement,Done,,,Q1768065,"Q1768065|P5063|""i45675"""
47825,1436,set_statement,Done,,,Q4998707,"Q4998707|P8814|""01968045-n"""
47825,1437,set_statement,Done,,,Q4998707,"Q4998707|P5063|""i45677"""
47825,1438,set_statement,Done,,,Q14524890,"Q14524890|P8814|""01969438-n"""
47825,1439,set_statement,Done,,,Q14524890,"Q14524890|P5063|""i45684"""
47825,1440,set_statement,Done,,,Q2882662,"Q2882662|P8814|""01970037-n"""
47825,1441,set_statement,Done,,,Q2882662,"Q2882662|P5063|""i45688"""
47825,1442,set_statement,Done,,,Q3014615,"Q3014615|P8814|""01970453-n"""
47825,1443,set_statement,Done,,,Q3014615,"Q3014615|P5063|""i45691"""
47825,1444,set_statement,Done,,,Q611843,"Q611843|P8814|""01972671-n"""
47825,1445,set_statement,Done,,,Q611843,"Q611843|P5063|""i45703"""
47825,1446,set_statement,Done,,,Q2148313,"Q2148313|P8814|""01972983-n"""
47825,1447,set_statement,Done,,,Q2148313,"Q2148313|P5063|""i45705"""
47825,1448,set_statement,Done,,,Q2050688,"Q2050688|P8814|""01973143-n"""
47825,1449,set_statement,Done,,,Q2050688,"Q2050688|P5063|""i45706"""
47825,1450,set_statement,Done,,,Q18519392,"Q18519392|P8814|""01974369-n"""
47825,1451,set_statement,Done,,,Q18519392,"Q18519392|P5063|""i45713"""
47825,1452,set_statement,Done,,,Q17302119,"Q17302119|P8814|""01975374-n"""
47825,1453,set_statement,Done,,,Q17302119,"Q17302119|P5063|""i45720"""
47825,1454,set_statement,Done,,,Q17302116,"Q17302116|P8814|""01975588-n"""
47825,1455,set_statement,Done,,,Q17302116,"Q17302116|P5063|""i45721"""
47825,1456,set_statement,Done,,,Q14900832,"Q14900832|P8814|""01976016-n"""
47825,1457,set_statement,Done,,,Q14900832,"Q14900832|P5063|""i45723"""
47825,1458,set_statement,Done,,,Q21224730,"Q21224730|P8814|""01976207-n"""
47825,1459,set_statement,Done,,,Q21224730,"Q21224730|P5063|""i45724"""
47825,1460,set_statement,Done,,,Q6497159,"Q6497159|P8814|""01980007-n"""
47825,1461,set_statement,Done,,,Q6497159,"Q6497159|P5063|""i45738"""
47825,1462,set_statement,Done,,,Q428243,"Q428243|P8814|""01980473-n"""
47825,1463,set_statement,Done,,,Q428243,"Q428243|P5063|""i45741"""
47825,1464,set_statement,Done,,,Q3399586,"Q3399586|P8814|""01981765-n"""
47825,1465,set_statement,Done,,,Q3399586,"Q3399586|P5063|""i45749"""
47825,1466,set_statement,Done,,,Q1329937,"Q1329937|P8814|""01982694-n"""
47825,1467,set_statement,Done,,,Q1329937,"Q1329937|P5063|""i45755"""
47825,1468,set_statement,Done,,,Q2791630,"Q2791630|P8814|""01983112-n"""
47825,1469,set_statement,Done,,,Q2791630,"Q2791630|P5063|""i45758"""
47825,1470,set_statement,Done,,,Q1861297,"Q1861297|P8814|""01983634-n"""
47825,1471,set_statement,Done,,,Q1861297,"Q1861297|P5063|""i45761"""
47825,1472,set_statement,Done,,,Q3363478,"Q3363478|P8814|""01983778-n"""
47825,1473,set_statement,Done,,,Q3363478,"Q3363478|P5063|""i45762"""
47825,1474,set_statement,Done,,,Q943664,"Q943664|P8814|""01984184-n"""
47825,1475,set_statement,Done,,,Q943664,"Q943664|P5063|""i45764"""
47825,1476,set_statement,Done,,,Q2224398,"Q2224398|P8814|""01984525-n"""
47825,1477,set_statement,Done,,,Q2224398,"Q2224398|P5063|""i45766"""
47825,1478,set_statement,Done,,,Q33150195,"Q33150195|P8814|""01985536-n"""
47825,1479,set_statement,Done,,,Q33150195,"Q33150195|P5063|""i45772"""
47825,1480,set_statement,Done,,,Q11827352,"Q11827352|P8814|""01985918-n"""
47825,1481,set_statement,Done,,,Q11827352,"Q11827352|P5063|""i45774"""
47825,1482,set_statement,Done,,,Q33138226,"Q33138226|P8814|""01986599-n"""
47825,1483,set_statement,Done,,,Q33138226,"Q33138226|P5063|""i45778"""
47825,1484,set_statement,Done,,,Q10336345,"Q10336345|P8814|""01986772-n"""
47825,1485,set_statement,Done,,,Q10336345,"Q10336345|P5063|""i45779"""
47825,1486,set_statement,Done,,,Q2736968,"Q2736968|P8814|""01987188-n"""
47825,1487,set_statement,Done,,,Q2736968,"Q2736968|P5063|""i45782"""
47825,1488,set_statement,Done,,,Q1942450,"Q1942450|P8814|""01987972-n"""
47825,1489,set_statement,Done,,,Q1942450,"Q1942450|P5063|""i45786"""
47825,1490,set_statement,Done,,,Q309206,"Q309206|P8814|""01988308-n"""
47825,1491,set_statement,Done,,,Q309206,"Q309206|P5063|""i45788"""
47825,1492,set_statement,Done,,,Q2480027,"Q2480027|P8814|""01988713-n"""
47825,1493,set_statement,Done,,,Q2480027,"Q2480027|P5063|""i45791"""
47825,1494,set_statement,Done,,,Q148143,"Q148143|P8814|""01989322-n"""
47825,1495,set_statement,Done,,,Q148143,"Q148143|P5063|""i45795"""
47825,1496,set_statement,Done,,,Q1404181,"Q1404181|P8814|""01989869-n"""
47825,1497,set_statement,Done,,,Q1404181,"Q1404181|P5063|""i45798"""
47825,1498,set_statement,Done,,,Q1269791,"Q1269791|P8814|""01989994-n"""
47825,1499,set_statement,Done,,,Q1269791,"Q1269791|P5063|""i45799"""
47825,1500,set_statement,Done,,,Q683918,"Q683918|P8814|""01990579-n"""
47825,1501,set_statement,Done,,,Q683918,"Q683918|P5063|""i45802"""
47825,1502,set_statement,Done,,,Q3011709,"Q3011709|P8814|""01990705-n"""
47825,1503,set_statement,Done,,,Q3011709,"Q3011709|P5063|""i45803"""
47825,1504,set_statement,Done,,,Q1208947,"Q1208947|P8814|""01991612-n"""
47825,1505,set_statement,Done,,,Q1208947,"Q1208947|P5063|""i45809"""
47825,1506,set_statement,Done,,,Q3859197,"Q3859197|P8814|""01991738-n"""
47825,1507,set_statement,Done,,,Q3859197,"Q3859197|P5063|""i45810"""
47825,1508,set_statement,Done,,,Q601140,"Q601140|P8814|""01991895-n"""
47825,1509,set_statement,Done,,,Q601140,"Q601140|P5063|""i45811"""
47825,1510,set_statement,Done,,,Q3860707,"Q3860707|P8814|""01992031-n"""
47825,1511,set_statement,Done,,,Q3860707,"Q3860707|P5063|""i45812"""
47825,1512,set_statement,Done,,,Q665408,"Q665408|P8814|""01992827-n"""
47825,1513,set_statement,Done,,,Q665408,"Q665408|P5063|""i45817"""
47825,1514,set_statement,Done,,,Q3012315,"Q3012315|P8814|""01994330-n"""
47825,1515,set_statement,Done,,,Q3012315,"Q3012315|P5063|""i45826"""
47825,1516,set_statement,Done,,,Q3012099,"Q3012099|P8814|""01994636-n"""
47825,1517,set_statement,Done,,,Q3012099,"Q3012099|P5063|""i45828"""
47825,1518,set_statement,Done,,,Q660684,"Q660684|P8814|""01994767-n"""
47825,1519,set_statement,Done,,,Q660684,"Q660684|P5063|""i45829"""
47825,1520,set_statement,Done,,,Q21589779,"Q21589779|P8814|""01995589-n"""
47825,1521,set_statement,Done,,,Q21589779,"Q21589779|P5063|""i45834"""
47825,1522,set_statement,Done,,,Q3355241,"Q3355241|P8814|""01995719-n"""
47825,1523,set_statement,Done,,,Q3355241,"Q3355241|P5063|""i45835"""
47825,1524,set_statement,Done,,,Q3932187,"Q3932187|P8814|""01996054-n"""
47825,1525,set_statement,Done,,,Q3932187,"Q3932187|P5063|""i45837"""
47825,1526,set_statement,Done,,,Q3933445,"Q3933445|P8814|""01996368-n"""
47825,1527,set_statement,Done,,,Q3933445,"Q3933445|P5063|""i45839"""
47825,1528,set_statement,Done,,,Q853383,"Q853383|P8814|""01997791-n"""
47825,1529,set_statement,Done,,,Q853383,"Q853383|P5063|""i45846"""
47825,1530,set_statement,Done,,,Q1145843,"Q1145843|P8814|""01997977-n"""
47825,1531,set_statement,Done,,,Q1145843,"Q1145843|P5063|""i45847"""
47825,1532,set_statement,Done,,,Q3344541,"Q3344541|P8814|""01998457-n"""
47825,1533,set_statement,Done,,,Q3344541,"Q3344541|P5063|""i45850"""
47825,1534,set_statement,Done,,,Q4569752,"Q4569752|P8814|""01998629-n"""
47825,1535,set_statement,Done,,,Q4569752,"Q4569752|P5063|""i45851"""
47825,1536,set_statement,Done,,,Q114364,"Q114364|P8814|""01998745-n"""
47825,1537,set_statement,Done,,,Q114364,"Q114364|P5063|""i45852"""
47825,1538,set_statement,Done,,,Q841641,"Q841641|P8814|""02000090-n"""
47825,1539,set_statement,Done,,,Q841641,"Q841641|P5063|""i45859"""
47825,1540,set_statement,Done,,,Q266221,"Q266221|P8814|""02001121-n"""
47825,1541,set_statement,Done,,,Q266221,"Q266221|P5063|""i45865"""
47825,1542,set_statement,Done,,,Q2336729,"Q2336729|P8814|""02001253-n"""
47825,1543,set_statement,Done,,,Q2336729,"Q2336729|P5063|""i45866"""
47825,1544,set_statement,Done,,,Q1812499,"Q1812499|P8814|""02001574-n"""
47825,1545,set_statement,Done,,,Q1812499,"Q1812499|P5063|""i45868"""
47825,1546,set_statement,Done,,,Q18596606,"Q18596606|P8814|""02002028-n"""
47825,1547,set_statement,Done,,,Q18596606,"Q18596606|P5063|""i45871"""
47825,1548,set_statement,Done,,,Q15149876,"Q15149876|P8814|""02003008-n"""
47825,1549,set_statement,Done,,,Q15149876,"Q15149876|P5063|""i45875"""
47825,1550,set_statement,Done,,,Q140169,"Q140169|P8814|""02003272-n"""
47825,1551,set_statement,Done,,,Q140169,"Q140169|P5063|""i45877"""
47825,1552,set_statement,Done,,,Q2352640,"Q2352640|P8814|""02003418-n"""
47825,1553,set_statement,Done,,,Q2352640,"Q2352640|P5063|""i45878"""
47825,1554,set_statement,Done,,,Q21716,"Q21716|P8814|""02004082-n"""
47825,1555,set_statement,Done,,,Q21716,"Q21716|P5063|""i45880"""
47825,1556,set_statement,Done,,,Q6471715,"Q6471715|P8814|""02005038-n"""
47825,1557,set_statement,Done,,,Q6471715,"Q6471715|P5063|""i45883"""
47825,1558,set_statement,Done,,,Q3157022,"Q3157022|P8814|""02006389-n"""
47825,1559,set_statement,Done,,,Q3157022,"Q3157022|P5063|""i45891"""
47825,1560,set_statement,Done,,,Q990042,"Q990042|P8814|""02006648-n"""
47825,1561,set_statement,Done,,,Q990042,"Q990042|P5063|""i45893"""
47825,1562,set_statement,Done,,,Q18520791,"Q18520791|P8814|""02006997-n"""
47825,1563,set_statement,Done,,,Q18520791,"Q18520791|P5063|""i45895"""
47825,1564,set_statement,Done,,,Q18000303,"Q18000303|P8814|""02007892-n"""
47825,1565,set_statement,Done,,,Q18000303,"Q18000303|P5063|""i45900"""
47825,1566,set_statement,Done,,,Q18515513,"Q18515513|P8814|""02008616-n"""
47825,1567,set_statement,Done,,,Q18515513,"Q18515513|P5063|""i45904"""
47825,1568,set_statement,Done,,,Q917005,"Q917005|P8814|""02008865-n"""
47825,1569,set_statement,Done,,,Q917005,"Q917005|P5063|""i45906"""
47825,1570,set_statement,Done,,,Q127162954,"Q127162954|P8814|""02009164-n"""
47825,1571,set_statement,Done,,,Q127162954,"Q127162954|P5063|""i45908"""
47825,1572,set_statement,Done,,,Q208488,"Q208488|P8814|""02009481-n"""
47825,1573,set_statement,Done,,,Q208488,"Q208488|P5063|""i45910"""
47825,1574,set_statement,Done,,,Q107272848,"Q107272848|P8814|""02009815-n"""
47825,1575,set_statement,Done,,,Q107272848,"Q107272848|P5063|""i45912"""
47825,1576,set_statement,Done,,,Q21446665,"Q21446665|P8814|""02012274-n"""
47825,1577,set_statement,Done,,,Q21446665,"Q21446665|P5063|""i45926"""
47825,1578,set_statement,Done,,,Q947895,"Q947895|P8814|""02012798-n"""
47825,1579,set_statement,Done,,,Q947895,"Q947895|P5063|""i45929"""
47825,1580,set_statement,Done,,,Q133003,"Q133003|P8814|""02013246-n"""
47825,1581,set_statement,Done,,,Q133003,"Q133003|P5063|""i45932"""
47825,1582,set_statement,Done,,,Q10749386,"Q10749386|P8814|""02013810-n"""
47825,1583,set_statement,Done,,,Q10749386,"Q10749386|P5063|""i45936"""
47825,1584,set_statement,Done,,,Q739050,"Q739050|P8814|""02014322-n"""
47825,1585,set_statement,Done,,,Q739050,"Q739050|P5063|""i45939"""
47825,1586,set_statement,Done,,,Q244078,"Q244078|P8814|""02014717-n"""
47825,1587,set_statement,Done,,,Q244078,"Q244078|P5063|""i45942"""
47825,1588,set_statement,Done,,,Q25557,"Q25557|P8814|""02014960-n"""
47825,1589,set_statement,Done,,,Q25557,"Q25557|P5063|""i45944"""
47825,1590,set_statement,Done,,,Q25365,"Q25365|P8814|""02015369-n"""
47825,1591,set_statement,Done,,,Q25365,"Q25365|P5063|""i45945"""
47825,1592,set_statement,Done,,,Q47549,"Q47549|P8814|""02015688-n"""
47825,1593,set_statement,Done,,,Q47549,"Q47549|P5063|""i45947"""
47825,1594,set_statement,Done,,,Q12785142,"Q12785142|P8814|""02016016-n"""
47825,1595,set_statement,Done,,,Q12785142,"Q12785142|P5063|""i45949"""
47825,1596,set_statement,Done,,,Q2261506,"Q2261506|P8814|""02016715-n"""
47825,1597,set_statement,Done,,,Q2261506,"Q2261506|P5063|""i45953"""
47825,1598,set_statement,Done,,,Q10748080,"Q10748080|P8814|""02017060-n"""
47825,1599,set_statement,Done,,,Q10748080,"Q10748080|P5063|""i45955"""
47825,1600,set_statement,Done,,,Q289873,"Q289873|P8814|""02018339-n"""
47825,1601,set_statement,Done,,,Q289873,"Q289873|P5063|""i45962"""
47825,1602,set_statement,Done,,,Q835525,"Q835525|P8814|""02018598-n"""
47825,1603,set_statement,Done,,,Q835525,"Q835525|P5063|""i45964"""
47825,1604,set_statement,Done,,,Q1137291,"Q1137291|P8814|""02019747-n"""
47825,1605,set_statement,Done,,,Q1137291,"Q1137291|P5063|""i45971"""
47825,1606,set_statement,Done,,,Q21446588,"Q21446588|P8814|""02019989-n"""
47825,1607,set_statement,Done,,,Q21446588,"Q21446588|P5063|""i45973"""
47825,1608,set_statement,Done,,,Q21445741,"Q21445741|P8814|""02020261-n"""
47825,1609,set_statement,Done,,,Q21445741,"Q21445741|P5063|""i45975"""
47825,1610,set_statement,Done,,,Q4288490,"Q4288490|P8814|""02021698-n"""
47825,1611,set_statement,Done,,,Q4288490,"Q4288490|P5063|""i45984"""
47825,1612,set_statement,Done,,,Q2194882,"Q2194882|P8814|""02021962-n"""
47825,1613,set_statement,Done,,,Q2194882,"Q2194882|P5063|""i45986"""
47825,1614,set_statement,Done,,,Q205320,"Q205320|P8814|""02022220-n"""
47825,1615,set_statement,Done,,,Q205320,"Q205320|P5063|""i45988"""
47825,1616,set_statement,Done,,,Q1608770,"Q1608770|P8814|""02022416-n"""
47825,1617,set_statement,Done,,,Q1608770,"Q1608770|P5063|""i45989"""
47825,1618,set_statement,Done,,,Q10804436,"Q10804436|P8814|""02023104-n"""
47825,1619,set_statement,Done,,,Q10804436,"Q10804436|P5063|""i45993"""
47825,1620,set_statement,Done,,,Q10809431,"Q10809431|P8814|""02023556-n"""
47825,1621,set_statement,Done,,,Q10809431,"Q10809431|P5063|""i45996"""
47825,1622,set_statement,Done,,,Q2359014,"Q2359014|P8814|""02027007-n"""
47825,1623,set_statement,Done,,,Q2359014,"Q2359014|P5063|""i46010"""
47825,1624,set_statement,Done,,,Q13426919,"Q13426919|P8814|""02027290-n"""
47825,1625,set_statement,Done,,,Q13426919,"Q13426919|P5063|""i46012"""
47825,1626,set_statement,Done,,,Q10734553,"Q10734553|P8814|""02029152-n"""
47825,1627,set_statement,Done,,,Q10734553,"Q10734553|P5063|""i46020"""
47825,1628,set_statement,Done,,,Q310859,"Q310859|P8814|""02029452-n"""
47825,1629,set_statement,Done,,,Q310859,"Q310859|P5063|""i46022"""
47825,1630,set_statement,Done,,,Q41153518,"Q41153518|P8814|""02029863-n"""
47825,1631,set_statement,Done,,,Q41153518,"Q41153518|P5063|""i46025"""
47825,1632,set_statement,Done,,,Q107272785,"Q107272785|P8814|""02031897-n"""
47825,1633,set_statement,Done,,,Q107272785,"Q107272785|P5063|""i46038"""
47825,1634,set_statement,Done,,,Q2789944,"Q2789944|P8814|""02032225-n"""
47825,1635,set_statement,Done,,,Q2789944,"Q2789944|P5063|""i46040"""
47825,1636,set_statement,Done,,,Q15101016,"Q15101016|P8814|""02032568-n"""
47825,1637,set_statement,Done,,,Q15101016,"Q15101016|P5063|""i46042"""
47825,1638,set_statement,Done,,,Q2312123,"Q2312123|P8814|""02033096-n"""
47825,1639,set_statement,Done,,,Q2312123,"Q2312123|P5063|""i46046"""
47825,1640,set_statement,Done,,,Q25958002,"Q25958002|P8814|""02033363-n"""
47825,1641,set_statement,Done,,,Q25958002,"Q25958002|P5063|""i46048"""
47825,1642,set_statement,Done,,,Q642855,"Q642855|P8814|""02033797-n"""
47825,1643,set_statement,Done,,,Q642855,"Q642855|P5063|""i46051"""
47825,1644,set_statement,Done,,,Q786045,"Q786045|P8814|""02034406-n"""
47825,1645,set_statement,Done,,,Q786045,"Q786045|P5063|""i46055"""
47825,1646,set_statement,Done,,,Q10787358,"Q10787358|P8814|""02035300-n"""
47825,1647,set_statement,Done,,,Q10787358,"Q10787358|P5063|""i46060"""
47825,1648,set_statement,Done,,,Q215166,"Q215166|P8814|""02036098-n"""
47825,1649,set_statement,Done,,,Q215166,"Q215166|P5063|""i46066"""
47825,1650,set_statement,Done,,,Q585636,"Q585636|P8814|""02036670-n"""
47825,1651,set_statement,Done,,,Q585636,"Q585636|P5063|""i46070"""
47825,1652,set_statement,Done,,,Q10748948,"Q10748948|P8814|""02038499-n"""
47825,1653,set_statement,Done,,,Q10748948,"Q10748948|P5063|""i46079"""
47825,1654,set_statement,Done,,,Q27042,"Q27042|P8814|""02039053-n"""
47825,1655,set_statement,Done,,,Q27042,"Q27042|P5063|""i46082"""
47825,1656,set_statement,Done,,,Q286072,"Q286072|P8814|""02039202-n"""
47825,1657,set_statement,Done,,,Q286072,"Q286072|P5063|""i46083"""
47825,1658,set_statement,Done,,,Q12845592,"Q12845592|P8814|""02039518-n"""
47825,1659,set_statement,Done,,,Q12845592,"Q12845592|P5063|""i46085"""
47825,1660,set_statement,Done,,,Q27515,"Q27515|P8814|""02039636-n"""
47825,1661,set_statement,Done,,,Q27515,"Q27515|P5063|""i46086"""
47825,1662,set_statement,Done,,,Q253776,"Q253776|P8814|""02040367-n"""
47825,1663,set_statement,Done,,,Q253776,"Q253776|P5063|""i46090"""
47825,1664,set_statement,Done,,,Q10807623,"Q10807623|P8814|""02042314-n"""
47825,1665,set_statement,Done,,,Q10807623,"Q10807623|P5063|""i46102"""
47825,1666,set_statement,Done,,,Q145854,"Q145854|P8814|""02042596-n"""
47825,1667,set_statement,Done,,,Q145854,"Q145854|P5063|""i46104"""
47825,1668,set_statement,Done,,,Q220598,"Q220598|P8814|""02042767-n"""
47825,1669,set_statement,Done,,,Q220598,"Q220598|P5063|""i46105"""
47825,1670,set_statement,Done,,,Q10803699,"Q10803699|P8814|""02044996-n"""
47825,1671,set_statement,Done,,,Q10803699,"Q10803699|P5063|""i46117"""
47825,1672,set_statement,Done,,,Q310848,"Q310848|P8814|""02045291-n"""
47825,1673,set_statement,Done,,,Q310848,"Q310848|P5063|""i46119"""
47825,1674,set_statement,Done,,,Q17190971,"Q17190971|P8814|""02046151-n"""
47825,1675,set_statement,Done,,,Q17190971,"Q17190971|P5063|""i46125"""
47825,1676,set_statement,Done,,,Q212941,"Q212941|P8814|""02046313-n"""
47825,1677,set_statement,Done,,,Q212941,"Q212941|P5063|""i46126"""
47825,1678,set_statement,Done,,,Q1053111,"Q1053111|P8814|""02047012-n"""
47825,1679,set_statement,Done,,,Q1053111,"Q1053111|P5063|""i46130"""
47825,1680,set_statement,Done,,,Q28125230,"Q28125230|P8814|""02047313-n"""
47825,1681,set_statement,Done,,,Q28125230,"Q28125230|P5063|""i46132"""
47825,1682,set_statement,Done,,,Q3608921,"Q3608921|P8814|""02048359-n"""
47825,1683,set_statement,Done,,,Q3608921,"Q3608921|P5063|""i46138"""
47825,1684,set_statement,Done,,,Q61883572,"Q61883572|P8814|""02048699-n"""
47825,1685,set_statement,Done,,,Q61883572,"Q61883572|P5063|""i46140"""
47825,1686,set_statement,Done,,,Q132913,"Q132913|P8814|""02049267-n"""
47825,1687,set_statement,Done,,,Q132913,"Q132913|P5063|""i46144"""
47825,1688,set_statement,Done,,,Q50698074,"Q50698074|P8814|""02050896-n"""
47825,1689,set_statement,Done,,,Q50698074,"Q50698074|P5063|""i46156"""
47825,1690,set_statement,Done,,,Q2814783,"Q2814783|P8814|""02051168-n"""
47825,1691,set_statement,Done,,,Q2814783,"Q2814783|P5063|""i46158"""
47825,1692,set_statement,Done,,,Q21666,"Q21666|P8814|""02051486-n"""
47825,1693,set_statement,Done,,,Q21666,"Q21666|P5063|""i46160"""
47825,1694,set_statement,Done,,,Q20604429,"Q20604429|P8814|""02051953-n"""
47825,1695,set_statement,Done,,,Q20604429,"Q20604429|P5063|""i46163"""
47825,1696,set_statement,Done,,,Q1237815,"Q1237815|P8814|""02052509-n"""
47825,1697,set_statement,Done,,,Q1237815,"Q1237815|P5063|""i46166"""
47825,1698,set_statement,Done,,,Q11846678,"Q11846678|P8814|""02054355-n"""
47825,1699,set_statement,Done,,,Q11846678,"Q11846678|P5063|""i46176"""
47825,1700,set_statement,Done,,,Q15631713,"Q15631713|P8814|""02055165-n"""
47825,1701,set_statement,Done,,,Q15631713,"Q15631713|P5063|""i46181"""
47825,1702,set_statement,Done,,,Q203472,"Q203472|P8814|""02055293-n"""
47825,1703,set_statement,Done,,,Q203472,"Q203472|P5063|""i46182"""
47825,1704,set_statement,Done,,,Q208492,"Q208492|P8814|""02055590-n"""
47825,1705,set_statement,Done,,,Q208492,"Q208492|P5063|""i46184"""
47825,1706,set_statement,Done,,,Q3901247,"Q3901247|P8814|""02056374-n"""
47825,1707,set_statement,Done,,,Q3901247,"Q3901247|P5063|""i46189"""
47825,1708,set_statement,Done,,,Q13168473,"Q13168473|P8814|""02057030-n"""
47825,1709,set_statement,Done,,,Q13168473,"Q13168473|P5063|""i46193"""
47825,1710,set_statement,Done,,,Q17189371,"Q17189371|P8814|""02057488-n"""
47825,1711,set_statement,Done,,,Q17189371,"Q17189371|P5063|""i46196"""
47825,1712,set_statement,Done,,,Q19264,"Q19264|P8814|""02057620-n"""
47825,1713,set_statement,Done,,,Q19264,"Q19264|P5063|""i46197"""
47825,1714,set_statement,Done,,,Q12198609,"Q12198609|P8814|""02057934-n"""
47825,1715,set_statement,Done,,,Q12198609,"Q12198609|P5063|""i46199"""
47825,1716,set_statement,Done,,,Q609432,"Q609432|P8814|""02058745-n"""
47825,1717,set_statement,Done,,,Q609432,"Q609432|P5063|""i46203"""
47825,1718,set_statement,Done,,,Q652976,"Q652976|P8814|""02059075-n"""
47825,1719,set_statement,Done,,,Q652976,"Q652976|P5063|""i46205"""
47825,1720,set_statement,Done,,,Q902912,"Q902912|P8814|""02059527-n"""
47825,1721,set_statement,Done,,,Q902912,"Q902912|P5063|""i46208"""
47825,1722,set_statement,Done,,,Q591480,"Q591480|P8814|""02059862-n"""
47825,1723,set_statement,Done,,,Q591480,"Q591480|P5063|""i46210"""
47825,1724,set_statement,Done,,,Q905872,"Q905872|P8814|""02061107-n"""
47825,1725,set_statement,Done,,,Q905872,"Q905872|P5063|""i46217"""
47825,1726,set_statement,Done,,,Q598979,"Q598979|P8814|""02062376-n"""
47825,1727,set_statement,Done,,,Q598979,"Q598979|P5063|""i46224"""
47825,1728,set_statement,Done,,,Q311224,"Q311224|P8814|""02062669-n"""
47825,1729,set_statement,Done,,,Q311224,"Q311224|P5063|""i46226"""
47825,1730,set_statement,Done,,,Q858279,"Q858279|P8814|""02062943-n"""
47825,1731,set_statement,Done,,,Q858279,"Q858279|P5063|""i46228"""
47825,1732,set_statement,Done,,,Q193404,"Q193404|P8814|""02063372-n"""
47825,1733,set_statement,Done,,,Q193404,"Q193404|P5063|""i46231"""
47825,1734,set_statement,Done,,,Q10770062,"Q10770062|P8814|""02063726-n"""
47825,1735,set_statement,Done,,,Q10770062,"Q10770062|P5063|""i46233"""
47825,1736,set_statement,Done,,,Q2347332,"Q2347332|P8814|""02064078-n"""
47825,1737,set_statement,Done,,,Q2347332,"Q2347332|P5063|""i46235"""
47825,1738,set_statement,Done,,,Q18325201,"Q18325201|P8814|""02064369-n"""
47825,1739,set_statement,Done,,,Q18325201,"Q18325201|P5063|""i46237"""
47825,1740,set_statement,Done,,,Q782603,"Q782603|P8814|""02066169-n"""
47825,1741,set_statement,Done,,,Q782603,"Q782603|P5063|""i46245"""
47825,1742,set_statement,Done,,,Q4820658,"Q4820658|P8814|""02066499-n"""
47825,1743,set_statement,Done,,,Q4820658,"Q4820658|P5063|""i46247"""
47825,1744,set_statement,Done,,,Q133320,"Q133320|P8814|""02067261-n"""
47825,1745,set_statement,Done,,,Q133320,"Q133320|P5063|""i46251"""
47825,1746,set_statement,Done,,,Q12771348,"Q12771348|P8814|""02068252-n"""
47825,1747,set_statement,Done,,,Q12771348,"Q12771348|P5063|""i46256"""
47825,1748,set_statement,Done,,,Q12778450,"Q12778450|P8814|""02068739-n"""
47825,1749,set_statement,Done,,,Q12778450,"Q12778450|P5063|""i46259"""
47825,1750,set_statement,Done,,,Q3382003,"Q3382003|P8814|""02069753-n"""
47825,1751,set_statement,Done,,,Q3382003,"Q3382003|P5063|""i46264"""
47825,1752,set_statement,Done,,,Q244293,"Q244293|P8814|""02070115-n"""
47825,1753,set_statement,Done,,,Q244293,"Q244293|P5063|""i46266"""
47825,1754,set_statement,Done,,,Q193106,"Q193106|P8814|""02070594-n"""
47825,1755,set_statement,Done,,,Q193106,"Q193106|P5063|""i46269"""
47825,1756,set_statement,Done,,,Q949450,"Q949450|P8814|""02071061-n"""
47825,1757,set_statement,Done,,,Q949450,"Q949450|P5063|""i46271"""
47825,1758,set_statement,Done,,,Q149069,"Q149069|P8814|""02072221-n"""
47825,1759,set_statement,Done,,,Q149069,"Q149069|P5063|""i46277"""
47825,1760,set_statement,Done,,,Q15631679,"Q15631679|P8814|""02073575-n"""
47825,1761,set_statement,Done,,,Q15631679,"Q15631679|P5063|""i46285"""
47825,1762,set_statement,Done,,,Q459616,"Q459616|P8814|""02074158-n"""
47825,1763,set_statement,Done,,,Q459616,"Q459616|P5063|""i46289"""
47825,1764,set_statement,Done,,,Q18510798,"Q18510798|P8814|""02075007-n"""
47825,1765,set_statement,Done,,,Q18510798,"Q18510798|P5063|""i46294"""
47825,1766,set_statement,Done,,,Q16628343,"Q16628343|P8814|""02075317-n"""
47825,1767,set_statement,Done,,,Q16628343,"Q16628343|P5063|""i46296"""
47825,1768,set_statement,Done,,,Q10827895,"Q10827895|P8814|""02076184-n"""
47825,1769,set_statement,Done,,,Q10827895,"Q10827895|P5063|""i46301"""
47825,1770,set_statement,Done,,,Q42797,"Q42797|P8814|""02076331-n"""
47825,1771,set_statement,Done,,,Q42797,"Q42797|P5063|""i46302"""
47825,1772,set_statement,Done,,,Q10978076,"Q10978076|P8814|""02076866-n"""
47825,1773,set_statement,Done,,,Q10978076,"Q10978076|P5063|""i46305"""
47825,1774,set_statement,Done,,,Q19817140,"Q19817140|P8814|""02080811-n"""
47825,1775,set_statement,Done,,,Q19817140,"Q19817140|P5063|""i46325"""
47825,1776,set_statement,Done,,,Q135911,"Q135911|P8814|""02081088-n"""
47825,1777,set_statement,Done,,,Q135911,"Q135911|P5063|""i46327"""
47825,1778,set_statement,Done,,,Q18520866,"Q18520866|P8814|""02081534-n"""
47825,1779,set_statement,Done,,,Q18520866,"Q18520866|P5063|""i46330"""
47825,1780,set_statement,Done,,,Q878742,"Q878742|P8814|""02082358-n"""
47825,1781,set_statement,Done,,,Q878742,"Q878742|P5063|""i46334"""
47825,1782,set_statement,Done,,,Q19817285,"Q19817285|P8814|""02082674-n"""
47825,1783,set_statement,Done,,,Q19817285,"Q19817285|P5063|""i46336"""
47825,1784,set_statement,Done,,,Q19817175,"Q19817175|P8814|""02083238-n"""
47825,1785,set_statement,Done,,,Q19817175,"Q19817175|P5063|""i46340"""
47825,1786,set_statement,Done,,,Q19817156,"Q19817156|P8814|""02083586-n"""
47825,1787,set_statement,Done,,,Q19817156,"Q19817156|P5063|""i46342"""
47825,1788,set_statement,Done,,,Q5361186,"Q5361186|P8814|""02084075-n"""
47825,1789,set_statement,Done,,,Q5361186,"Q5361186|P5063|""i46345"""
47825,1790,set_statement,Done,,,Q1082523,"Q1082523|P8814|""02085010-n"""
47825,1791,set_statement,Done,,,Q1082523,"Q1082523|P5063|""i46351"""
47825,1792,set_statement,Done,,,Q1975774,"Q1975774|P8814|""02085284-n"""
47825,1793,set_statement,Done,,,Q1975774,"Q1975774|P5063|""i46353"""
47825,1794,set_statement,Done,,,Q25324,"Q25324|P8814|""02085690-n"""
47825,1795,set_statement,Done,,,Q25324,"Q25324|P5063|""i46355"""
47825,1796,set_statement,Done,,,Q149892,"Q149892|P8814|""02086515-n"""
47825,1797,set_statement,Done,,,Q149892,"Q149892|P5063|""i46359"""
47825,1798,set_statement,Done,,,Q19817116,"Q19817116|P8814|""02118427-n"""
47825,1799,set_statement,Done,,,Q19817116,"Q19817116|P5063|""i46558"""
47825,1800,set_statement,Done,,,Q12061410,"Q12061410|P8814|""02119282-n"""
47825,1801,set_statement,Done,,,Q12061410,"Q12061410|P5063|""i46564"""
47825,1802,set_statement,Done,,,Q1417638,"Q1417638|P8814|""02120021-n"""
47825,1803,set_statement,Done,,,Q1417638,"Q1417638|P5063|""i46568"""
47825,1804,set_statement,Done,,,Q10750855,"Q10750855|P8814|""02120424-n"""
47825,1805,set_statement,Done,,,Q10750855,"Q10750855|P5063|""i46571"""
47825,1806,set_statement,Done,,,Q18510844,"Q18510844|P8814|""02120710-n"""
47825,1807,set_statement,Done,,,Q18510844,"Q18510844|P5063|""i46573"""
47825,1808,set_statement,Done,,,Q185194,"Q185194|P8814|""02121506-n"""
47825,1809,set_statement,Done,,,Q185194,"Q185194|P5063|""i46578"""
47825,1810,set_statement,Done,,,Q223410,"Q223410|P8814|""02122613-n"""
47825,1811,set_statement,Done,,,Q223410,"Q223410|P5063|""i46585"""
47825,1812,set_statement,Done,,,Q25265,"Q25265|P8814|""02123344-n"""
47825,1813,set_statement,Done,,,Q25265,"Q25265|P5063|""i46590"""
47825,1814,set_statement,Done,,,Q677014,"Q677014|P8814|""02129603-n"""
47825,1815,set_statement,Done,,,Q677014,"Q677014|P5063|""i46628"""
47825,1816,set_statement,Done,,,Q127960,"Q127960|P8814|""02130772-n"""
47825,1817,set_statement,Done,,,Q127960,"Q127960|P5063|""i46636"""
47825,1818,set_statement,Done,,,Q188717,"Q188717|P8814|""02133447-n"""
47825,1819,set_statement,Done,,,Q188717,"Q188717|P5063|""i46653"""
47825,1820,set_statement,Done,,,Q134562,"Q134562|P8814|""02133728-n"""
47825,1821,set_statement,Done,,,Q134562,"Q134562|P5063|""i46655"""
47825,1822,set_statement,Done,,,Q11788,"Q11788|P8814|""02134070-n"""
47825,1823,set_statement,Done,,,Q11788,"Q11788|P5063|""i46657"""
47825,1824,set_statement,Done,,,Q243359,"Q243359|P8814|""02134594-n"""
47825,1825,set_statement,Done,,,Q243359,"Q243359|P5063|""i46659"""
47825,1826,set_statement,Done,,,Q17484766,"Q17484766|P8814|""02136892-n"""
47825,1827,set_statement,Done,,,Q17484766,"Q17484766|P5063|""i46672"""
47825,1828,set_statement,Done,,,Q19817086,"Q19817086|P8814|""02138378-n"""
47825,1829,set_statement,Done,,,Q19817086,"Q19817086|P5063|""i46679"""
47825,1830,set_statement,Done,,,Q19817059,"Q19817059|P8814|""02138633-n"""
47825,1831,set_statement,Done,,,Q19817059,"Q19817059|P5063|""i46681"""
47825,1832,set_statement,Done,,,Q19817088,"Q19817088|P8814|""02139275-n"""
47825,1833,set_statement,Done,,,Q19817088,"Q19817088|P5063|""i46685"""
47825,1834,set_statement,Done,,,Q43221,"Q43221|P8814|""02139553-n"""
47825,1835,set_statement,Done,,,Q43221,"Q43221|P5063|""i46687"""
47825,1836,set_statement,Done,,,Q19817081,"Q19817081|P8814|""02139824-n"""
47825,1837,set_statement,Done,,,Q19817081,"Q19817081|P5063|""i46689"""
47825,1838,set_statement,Done,,,Q312207,"Q312207|P8814|""02140080-n"""
47825,1839,set_statement,Done,,,Q312207,"Q312207|P5063|""i46691"""
47825,1840,set_statement,Done,,,Q19817113,"Q19817113|P8814|""02140975-n"""
47825,1841,set_statement,Done,,,Q19817113,"Q19817113|P5063|""i46697"""
47825,1842,set_statement,Done,,,Q1241332,"Q1241332|P8814|""02142566-n"""
47825,1843,set_statement,Done,,,Q1241332,"Q1241332|P5063|""i46705"""
47825,1844,set_statement,Done,,,Q1754955,"Q1754955|P8814|""02143009-n"""
47825,1845,set_statement,Done,,,Q1754955,"Q1754955|P5063|""i46709"""
47825,1846,set_statement,Done,,,Q311701,"Q311701|P8814|""02143371-n"""
47825,1847,set_statement,Done,,,Q311701,"Q311701|P5063|""i46711"""
47825,1848,set_statement,Done,,,Q1303312,"Q1303312|P8814|""02145227-n"""
47825,1849,set_statement,Done,,,Q1303312,"Q1303312|P5063|""i46720"""
47825,1850,set_statement,Done,,,Q10747561,"Q10747561|P8814|""02145645-n"""
47825,1851,set_statement,Done,,,Q10747561,"Q10747561|P5063|""i46723"""
47825,1852,set_statement,Done,,,Q604995,"Q604995|P8814|""02146246-n"""
47825,1853,set_statement,Done,,,Q604995,"Q604995|P5063|""i46727"""
47825,1854,set_statement,Done,,,Q10811563,"Q10811563|P8814|""02146762-n"""
47825,1855,set_statement,Done,,,Q10811563,"Q10811563|P5063|""i46730"""
47825,1856,set_statement,Done,,,Q841327,"Q841327|P8814|""02147094-n"""
47825,1857,set_statement,Done,,,Q841327,"Q841327|P5063|""i46732"""
47825,1858,set_statement,Done,,,Q221073,"Q221073|P8814|""02147444-n"""
47825,1859,set_statement,Done,,,Q221073,"Q221073|P5063|""i46734"""
47825,1860,set_statement,Done,,,Q1762568,"Q1762568|P8814|""02148419-n"""
47825,1861,set_statement,Done,,,Q1762568,"Q1762568|P5063|""i46738"""
47825,1862,set_statement,Done,,,Q116317,"Q116317|P8814|""02148716-n"""
47825,1863,set_statement,Done,,,Q116317,"Q116317|P5063|""i46740"""
47825,1864,set_statement,Done,,,Q223384,"Q223384|P8814|""02149178-n"""
47825,1865,set_statement,Done,,,Q223384,"Q223384|P5063|""i46743"""
47825,1866,set_statement,Done,,,Q736473,"Q736473|P8814|""02149686-n"""
47825,1867,set_statement,Done,,,Q736473,"Q736473|P5063|""i46746"""
47825,1868,set_statement,Done,,,Q10734383,"Q10734383|P8814|""02150104-n"""
47825,1869,set_statement,Done,,,Q10734383,"Q10734383|P5063|""i46749"""
47825,1870,set_statement,Done,,,Q10759438,"Q10759438|P8814|""02151029-n"""
47825,1871,set_statement,Done,,,Q10759438,"Q10759438|P5063|""i46755"""
47825,1872,set_statement,Done,,,Q607105,"Q607105|P8814|""02151949-n"""
47825,1873,set_statement,Done,,,Q607105,"Q607105|P5063|""i46761"""
47825,1874,set_statement,Done,,,Q371577,"Q371577|P8814|""02152668-n"""
47825,1875,set_statement,Done,,,Q371577,"Q371577|P5063|""i46765"""
47825,1876,set_statement,Done,,,Q190691,"Q190691|P8814|""02152958-n"""
47825,1877,set_statement,Done,,,Q190691,"Q190691|P5063|""i46767"""
47825,1878,set_statement,Done,,,Q10755826,"Q10755826|P8814|""02153760-n"""
47825,1879,set_statement,Done,,,Q10755826,"Q10755826|P5063|""i46771"""
47825,1880,set_statement,Done,,,Q754029,"Q754029|P8814|""02164389-n"""
47825,1881,set_statement,Done,,,Q754029,"Q754029|P5063|""i46830"""
47825,1882,set_statement,Done,,,Q205301,"Q205301|P8814|""02164596-n"""
47825,1883,set_statement,Done,,,Q205301,"Q205301|P5063|""i46831"""
47825,1884,set_statement,Done,,,Q931119,"Q931119|P8814|""02165056-n"""
47825,1885,set_statement,Done,,,Q931119,"Q931119|P5063|""i46833"""
47825,1886,set_statement,Done,,,Q1953041,"Q1953041|P8814|""02165483-n"""
47825,1887,set_statement,Done,,,Q1953041,"Q1953041|P5063|""i46835"""
47825,1888,set_statement,Done,,,Q22671,"Q22671|P8814|""02166634-n"""
47825,1889,set_statement,Done,,,Q22671,"Q22671|P5063|""i46841"""
47825,1890,set_statement,Done,,,Q16718297,"Q16718297|P8814|""02167625-n"""
47825,1891,set_statement,Done,,,Q16718297,"Q16718297|P5063|""i46843"""
47825,1892,set_statement,Done,,,Q2665200,"Q2665200|P8814|""02168406-n"""
47825,1893,set_statement,Done,,,Q2665200,"Q2665200|P5063|""i46847"""
47825,1894,set_statement,Done,,,Q1952379,"Q1952379|P8814|""02169088-n"""
47825,1895,set_statement,Done,,,Q1952379,"Q1952379|P5063|""i46851"""
47825,1896,set_statement,Done,,,Q21445747,"Q21445747|P8814|""02169326-n"""
47825,1897,set_statement,Done,,,Q21445747,"Q21445747|P5063|""i46853"""
47825,1898,set_statement,Done,,,Q27046,"Q27046|P8814|""02169638-n"""
47825,1899,set_statement,Done,,,Q27046,"Q27046|P5063|""i46855"""
47825,1900,set_statement,Done,,,Q137381,"Q137381|P8814|""02170027-n"""
47825,1901,set_statement,Done,,,Q137381,"Q137381|P5063|""i46857"""
47825,1902,set_statement,Done,,,Q25420,"Q25420|P8814|""02170773-n"""
47825,1903,set_statement,Done,,,Q25420,"Q25420|P5063|""i46862"""
47825,1904,set_statement,Done,,,Q193407,"Q193407|P8814|""02171997-n"""
47825,1905,set_statement,Done,,,Q193407,"Q193407|P5063|""i46870"""
47825,1906,set_statement,Done,,,Q602990,"Q602990|P8814|""02172485-n"""
47825,1907,set_statement,Done,,,Q602990,"Q602990|P5063|""i46873"""
47825,1908,set_statement,Done,,,Q220932,"Q220932|P8814|""02172921-n"""
47825,1909,set_statement,Done,,,Q220932,"Q220932|P5063|""i46875"""
47825,1910,set_statement,Done,,,Q377988,"Q377988|P8814|""02173500-n"""
47825,1911,set_statement,Done,,,Q377988,"Q377988|P5063|""i46879"""
47825,1912,set_statement,Done,,,Q186946,"Q186946|P8814|""02174285-n"""
47825,1913,set_statement,Done,,,Q186946,"Q186946|P5063|""i46884"""
47825,1914,set_statement,Done,,,Q771526,"Q771526|P8814|""02175039-n"""
47825,1915,set_statement,Done,,,Q771526,"Q771526|P5063|""i46887"""
47825,1916,set_statement,Done,,,Q2235787,"Q2235787|P8814|""02176223-n"""
47825,1917,set_statement,Done,,,Q2235787,"Q2235787|P5063|""i46895"""
47825,1918,set_statement,Done,,,Q1780303,"Q1780303|P8814|""02177173-n"""
47825,1919,set_statement,Done,,,Q1780303,"Q1780303|P5063|""i46900"""
47825,1920,set_statement,Done,,,Q14863800,"Q14863800|P8814|""02177522-n"""
47825,1921,set_statement,Done,,,Q14863800,"Q14863800|P5063|""i46902"""
47825,1922,set_statement,Done,,,Q608094,"Q608094|P8814|""02178092-n"""
47825,1923,set_statement,Done,,,Q608094,"Q608094|P5063|""i46905"""
47825,1924,set_statement,Done,,,Q208786,"Q208786|P8814|""02178443-n"""
47825,1925,set_statement,Done,,,Q208786,"Q208786|P5063|""i46907"""
47825,1926,set_statement,Done,,,Q327149,"Q327149|P8814|""02179720-n"""
47825,1927,set_statement,Done,,,Q327149,"Q327149|P5063|""i46915"""
47825,1928,set_statement,Done,,,Q574725,"Q574725|P8814|""02180296-n"""
47825,1929,set_statement,Done,,,Q574725,"Q574725|P5063|""i46919"""
47825,1930,set_statement,Done,,,Q1382301,"Q1382301|P8814|""02181215-n"""
47825,1931,set_statement,Done,,,Q1382301,"Q1382301|P5063|""i46924"""
47825,1932,set_statement,Done,,,Q12379653,"Q12379653|P8814|""02182081-n"""
47825,1933,set_statement,Done,,,Q12379653,"Q12379653|P5063|""i46930"""
47825,1934,set_statement,Done,,,Q310770,"Q310770|P8814|""02182366-n"""
47825,1935,set_statement,Done,,,Q310770,"Q310770|P5063|""i46931"""
47825,1936,set_statement,Done,,,Q3013151,"Q3013151|P8814|""02182698-n"""
47825,1937,set_statement,Done,,,Q3013151,"Q3013151|P5063|""i46933"""
47825,1938,set_statement,Done,,,Q467400,"Q467400|P8814|""02183394-n"""
47825,1939,set_statement,Done,,,Q467400,"Q467400|P5063|""i46936"""
47825,1940,set_statement,Done,,,Q615799,"Q615799|P8814|""02183665-n"""
47825,1941,set_statement,Done,,,Q615799,"Q615799|P5063|""i46938"""
47825,1942,set_statement,Done,,,Q4273216,"Q4273216|P8814|""02184251-n"""
47825,1943,set_statement,Done,,,Q4273216,"Q4273216|P5063|""i46941"""
47825,1944,set_statement,Done,,,Q13167641,"Q13167641|P8814|""02184515-n"""
47825,1945,set_statement,Done,,,Q13167641,"Q13167641|P5063|""i46943"""
47825,1946,set_statement,Done,,,Q2926499,"Q2926499|P8814|""02184872-n"""
47825,1947,set_statement,Done,,,Q2926499,"Q2926499|P5063|""i46945"""
47825,1948,set_statement,Done,,,Q1645100,"Q1645100|P8814|""02185150-n"""
47825,1949,set_statement,Done,,,Q1645100,"Q1645100|P5063|""i46947"""
47825,1950,set_statement,Done,,,Q1431435,"Q1431435|P8814|""02185448-n"""
47825,1951,set_statement,Done,,,Q1431435,"Q1431435|P5063|""i46949"""
47825,1952,set_statement,Done,,,Q467392,"Q467392|P8814|""02186005-n"""
47825,1953,set_statement,Done,,,Q467392,"Q467392|P5063|""i46952"""
47825,1954,set_statement,Done,,,Q26870,"Q26870|P8814|""02186349-n"""
47825,1955,set_statement,Done,,,Q26870,"Q26870|P5063|""i46954"""
47825,1956,set_statement,Done,,,Q4116982,"Q4116982|P8814|""02186766-n"""
47825,1957,set_statement,Done,,,Q4116982,"Q4116982|P5063|""i46956"""
47825,1958,set_statement,Done,,,Q13655191,"Q13655191|P8814|""02186922-n"""
47825,1959,set_statement,Done,,,Q13655191,"Q13655191|P5063|""i46957"""
47825,1960,set_statement,Done,,,Q21224264,"Q21224264|P8814|""02187533-n"""
47825,1961,set_statement,Done,,,Q21224264,"Q21224264|P5063|""i46961"""
47825,1962,set_statement,Done,,,Q7257036,"Q7257036|P8814|""02187659-n"""
47825,1963,set_statement,Done,,,Q7257036,"Q7257036|P5063|""i46962"""
47825,1964,set_statement,Done,,,Q919938,"Q919938|P8814|""02187989-n"""
47825,1965,set_statement,Done,,,Q919938,"Q919938|P5063|""i46964"""
47825,1966,set_statement,Done,,,Q18095959,"Q18095959|P8814|""02188346-n"""
47825,1967,set_statement,Done,,,Q18095959,"Q18095959|P5063|""i46966"""
47825,1968,set_statement,Done,,,Q1946989,"Q1946989|P8814|""02189051-n"""
47825,1969,set_statement,Done,,,Q1946989,"Q1946989|P5063|""i46970"""
47825,1970,set_statement,Done,,,Q2120770,"Q2120770|P8814|""02189238-n"""
47825,1971,set_statement,Done,,,Q2120770,"Q2120770|P5063|""i46971"""
47825,1972,set_statement,Done,,,Q15631005,"Q15631005|P8814|""02190079-n"""
47825,1973,set_statement,Done,,,Q15631005,"Q15631005|P5063|""i46977"""
47825,1974,set_statement,Done,,,Q10479055,"Q10479055|P8814|""02190411-n"""
47825,1975,set_statement,Done,,,Q10479055,"Q10479055|P5063|""i46979"""
47825,1976,set_statement,Done,,,Q6797107,"Q6797107|P8814|""02192187-n"""
47825,1977,set_statement,Done,,,Q6797107,"Q6797107|P5063|""i46985"""
47825,1978,set_statement,Done,,,Q527224,"Q527224|P8814|""02192667-n"""
47825,1979,set_statement,Done,,,Q527224,"Q527224|P5063|""i46988"""
47825,1980,set_statement,Done,,,Q145574,"Q145574|P8814|""02193300-n"""
47825,1981,set_statement,Done,,,Q145574,"Q145574|P5063|""i46991"""
47825,1982,set_statement,Done,,,Q5336147,"Q5336147|P8814|""02193615-n"""
47825,1983,set_statement,Done,,,Q5336147,"Q5336147|P5063|""i46993"""
47825,1984,set_statement,Done,,,Q2213438,"Q2213438|P8814|""02194269-n"""
47825,1985,set_statement,Done,,,Q2213438,"Q2213438|P5063|""i46997"""
47825,1986,set_statement,Done,,,Q4121093,"Q4121093|P8814|""02194779-n"""
47825,1987,set_statement,Done,,,Q4121093,"Q4121093|P5063|""i47000"""
47825,1988,set_statement,Done,,,Q1616496,"Q1616496|P8814|""02195040-n"""
47825,1989,set_statement,Done,,,Q1616496,"Q1616496|P5063|""i47002"""
47825,1990,set_statement,Done,,,Q235715,"Q235715|P8814|""02195325-n"""
47825,1991,set_statement,Done,,,Q235715,"Q235715|P5063|""i47004"""
47825,1992,set_statement,Done,,,Q17415640,"Q17415640|P8814|""02196009-n"""
47825,1993,set_statement,Done,,,Q17415640,"Q17415640|P5063|""i47008"""
47825,1994,set_statement,Done,,,Q13553844,"Q13553844|P8814|""02196148-n"""
47825,1995,set_statement,Done,,,Q13553844,"Q13553844|P5063|""i47009"""
47825,1996,set_statement,Done,,,Q5196747,"Q5196747|P8814|""02196451-n"""
47825,1997,set_statement,Done,,,Q5196747,"Q5196747|P5063|""i47011"""
47825,1998,set_statement,Done,,,Q14698598,"Q14698598|P8814|""02196607-n"""
47825,1999,set_statement,Done,,,Q14698598,"Q14698598|P5063|""i47012"""
47825,2000,set_statement,Done,,,Q18108621,"Q18108621|P8814|""02196730-n"""
47825,2001,set_statement,Done,,,Q18108621,"Q18108621|P5063|""i47013"""
47825,2002,set_statement,Done,,,Q15629945,"Q15629945|P8814|""02197066-n"""
47825,2003,set_statement,Done,,,Q15629945,"Q15629945|P5063|""i47015"""
47825,2004,set_statement,Done,,,Q7078713,"Q7078713|P8814|""02197251-n"""
47825,2005,set_statement,Done,,,Q7078713,"Q7078713|P5063|""i47016"""
47825,2006,set_statement,Done,,,Q9295520,"Q9295520|P8814|""02197539-n"""
47825,2007,set_statement,Done,,,Q9295520,"Q9295520|P5063|""i47018"""
47825,2008,set_statement,Done,,,Q676390,"Q676390|P8814|""02198345-n"""
47825,2009,set_statement,Done,,,Q676390,"Q676390|P5063|""i47023"""
47825,2010,set_statement,Done,,,Q837089,"Q837089|P8814|""02198648-n"""
47825,2011,set_statement,Done,,,Q837089,"Q837089|P5063|""i47025"""
47825,2012,set_statement,Done,,,Q3541211,"Q3541211|P8814|""02199194-n"""
47825,2013,set_statement,Done,,,Q3541211,"Q3541211|P5063|""i47028"""
47825,2014,set_statement,Done,,,Q2946369,"Q2946369|P8814|""02199700-n"""
47825,2015,set_statement,Done,,,Q2946369,"Q2946369|P5063|""i47031"""
47825,2016,set_statement,Done,,,Q7186141,"Q7186141|P8814|""02200673-n"""
47825,2017,set_statement,Done,,,Q7186141,"Q7186141|P5063|""i47037"""
47825,2018,set_statement,Done,,,Q256346,"Q256346|P8814|""02200984-n"""
47825,2019,set_statement,Done,,,Q256346,"Q256346|P5063|""i47039"""
47825,2020,set_statement,Done,,,Q3007506,"Q3007506|P8814|""02201648-n"""
47825,2021,set_statement,Done,,,Q3007506,"Q3007506|P5063|""i47043"""
47825,2022,set_statement,Done,,,Q5638206,"Q5638206|P8814|""02202004-n"""
47825,2023,set_statement,Done,,,Q5638206,"Q5638206|P5063|""i47045"""
47825,2024,set_statement,Done,,,Q310911,"Q310911|P8814|""02203357-n"""
47825,2025,set_statement,Done,,,Q310911,"Q310911|P5063|""i47052"""
47825,2026,set_statement,Done,,,Q14551414,"Q14551414|P8814|""02205530-n"""
47825,2027,set_statement,Done,,,Q14551414,"Q14551414|P5063|""i47064"""
47825,2028,set_statement,Done,,,Q228145,"Q228145|P8814|""02205660-n"""
47825,2029,set_statement,Done,,,Q228145,"Q228145|P5063|""i47065"""
47825,2030,set_statement,Done,,,Q2704714,"Q2704714|P8814|""02205984-n"""
47825,2031,set_statement,Done,,,Q2704714,"Q2704714|P5063|""i47067"""
47825,2032,set_statement,Done,,,Q1697984,"Q1697984|P8814|""02206109-n"""
47825,2033,set_statement,Done,,,Q1697984,"Q1697984|P5063|""i47068"""
47825,2034,set_statement,Done,,,Q753860,"Q753860|P8814|""02206391-n"""
47825,2035,set_statement,Done,,,Q753860,"Q753860|P5063|""i47070"""
47825,2036,set_statement,Done,,,Q1709478,"Q1709478|P8814|""02206736-n"""
47825,2037,set_statement,Done,,,Q1709478,"Q1709478|P5063|""i47072"""
47825,2038,set_statement,Done,,,Q582991,"Q582991|P8814|""02207112-n"""
47825,2039,set_statement,Done,,,Q582991,"Q582991|P5063|""i47074"""
47825,2040,set_statement,Done,,,Q7433428,"Q7433428|P8814|""02207237-n"""
47825,2041,set_statement,Done,,,Q7433428,"Q7433428|P5063|""i47075"""
47825,2042,set_statement,Done,,,Q3280744,"Q3280744|P8814|""02208175-n"""
47825,2043,set_statement,Done,,,Q3280744,"Q3280744|P5063|""i47081"""
47825,2044,set_statement,Done,,,Q22651,"Q22651|P8814|""02208548-n"""
47825,2045,set_statement,Done,,,Q22651,"Q22651|P5063|""i47083"""
47825,2046,set_statement,Done,,,Q1165550,"Q1165550|P8814|""02211882-n"""
47825,2047,set_statement,Done,,,Q1165550,"Q1165550|P5063|""i47099"""
47825,2048,set_statement,Done,,,Q25407,"Q25407|P8814|""02212160-n"""
47825,2049,set_statement,Done,,,Q25407,"Q25407|P5063|""i47101"""
47825,2050,set_statement,Done,,,Q42274677,"Q42274677|P8814|""02212407-n"""
47825,2051,set_statement,Done,,,Q42274677,"Q42274677|P5063|""i47103"""
47825,2052,set_statement,Done,,,Q853287,"Q853287|P8814|""02212748-n"""
47825,2053,set_statement,Done,,,Q853287,"Q853287|P5063|""i47105"""
47825,2054,set_statement,Done,,,Q4045452,"Q4045452|P8814|""02213219-n"""
47825,2055,set_statement,Done,,,Q4045452,"Q4045452|P5063|""i47108"""
47825,2056,set_statement,Done,,,Q530200,"Q530200|P8814|""02213751-n"""
47825,2057,set_statement,Done,,,Q530200,"Q530200|P5063|""i47111"""
47825,2058,set_statement,Done,,,Q261844,"Q261844|P8814|""02213935-n"""
47825,2059,set_statement,Done,,,Q261844,"Q261844|P5063|""i47112"""
47825,2060,set_statement,Done,,,Q1460174,"Q1460174|P8814|""02214425-n"""
47825,2061,set_statement,Done,,,Q1460174,"Q1460174|P5063|""i47115"""
47825,2062,set_statement,Done,,,Q1955518,"Q1955518|P8814|""02216619-n"""
47825,2063,set_statement,Done,,,Q1955518,"Q1955518|P5063|""i47128"""
47825,2064,set_statement,Done,,,Q1524207,"Q1524207|P8814|""02216855-n"""
47825,2065,set_statement,Done,,,Q1524207,"Q1524207|P5063|""i47130"""
47825,2066,set_statement,Done,,,Q132833,"Q132833|P8814|""02217986-n"""
47825,2067,set_statement,Done,,,Q132833,"Q132833|P5063|""i47137"""
47825,2068,set_statement,Done,,,Q139681,"Q139681|P8814|""02218148-n"""
47825,2069,set_statement,Done,,,Q139681,"Q139681|P5063|""i47138"""
47825,2070,set_statement,Done,,,Q1836615,"Q1836615|P8814|""02218593-n"""
47825,2071,set_statement,Done,,,Q1836615,"Q1836615|P5063|""i47141"""
47825,2072,set_statement,Done,,,Q2710050,"Q2710050|P8814|""02218718-n"""
47825,2073,set_statement,Done,,,Q2710050,"Q2710050|P5063|""i47142"""
47825,2074,set_statement,Done,,,Q18100234,"Q18100234|P8814|""02219702-n"""
47825,2075,set_statement,Done,,,Q18100234,"Q18100234|P5063|""i47148"""
47825,2076,set_statement,Done,,,Q2846870,"Q2846870|P8814|""02219853-n"""
47825,2077,set_statement,Done,,,Q2846870,"Q2846870|P5063|""i47149"""
47825,2078,set_statement,Done,,,Q13635343,"Q13635343|P8814|""02220649-n"""
47825,2079,set_statement,Done,,,Q13635343,"Q13635343|P5063|""i47153"""
47825,2080,set_statement,Done,,,Q157875,"Q157875|P8814|""02223328-n"""
47825,2081,set_statement,Done,,,Q157875,"Q157875|P5063|""i47168"""
47825,2082,set_statement,Done,,,Q1075697,"Q1075697|P8814|""02223612-n"""
47825,2083,set_statement,Done,,,Q1075697,"Q1075697|P5063|""i47170"""
47825,2084,set_statement,Done,,,Q117160,"Q117160|P8814|""02224851-n"""
47825,2085,set_statement,Done,,,Q117160,"Q117160|P5063|""i47178"""
47825,2086,set_statement,Done,,,Q13582623,"Q13582623|P8814|""02225803-n"""
47825,2087,set_statement,Done,,,Q13582623,"Q13582623|P5063|""i47184"""
47825,2088,set_statement,Done,,,Q1074282,"Q1074282|P8814|""02226346-n"""
47825,2089,set_statement,Done,,,Q1074282,"Q1074282|P5063|""i47187"""
47825,2090,set_statement,Done,,,Q1953004,"Q1953004|P8814|""02226793-n"""
47825,2091,set_statement,Done,,,Q1953004,"Q1953004|P5063|""i47190"""
47825,2092,set_statement,Done,,,Q11988630,"Q11988630|P8814|""02226975-n"""
47825,2093,set_statement,Done,,,Q11988630,"Q11988630|P5063|""i47191"""
47825,2094,set_statement,Done,,,Q6785606,"Q6785606|P8814|""02227118-n"""
47825,2095,set_statement,Done,,,Q6785606,"Q6785606|P5063|""i47192"""
47825,2096,set_statement,Done,,,Q4036734,"Q4036734|P8814|""02228229-n"""
47825,2097,set_statement,Done,,,Q4036734,"Q4036734|P5063|""i47198"""
47825,2098,set_statement,Done,,,Q7618284,"Q7618284|P8814|""02229250-n"""
47825,2099,set_statement,Done,,,Q7618284,"Q7618284|P5063|""i47203"""
47825,2100,set_statement,Done,,,Q15122569,"Q15122569|P8814|""02229771-n"""
47825,2101,set_statement,Done,,,Q15122569,"Q15122569|P5063|""i47206"""
47825,2102,set_statement,Done,,,Q6811522,"Q6811522|P8814|""02230082-n"""
47825,2103,set_statement,Done,,,Q6811522,"Q6811522|P5063|""i47208"""
47825,2104,set_statement,Done,,,Q727919,"Q727919|P8814|""02230425-n"""
47825,2105,set_statement,Done,,,Q727919,"Q727919|P5063|""i47210"""
47825,2106,set_statement,Done,,,Q10409546,"Q10409546|P8814|""02231217-n"""
47825,2107,set_statement,Done,,,Q10409546,"Q10409546|P5063|""i47214"""
47825,2108,set_statement,Done,,,Q1956922,"Q1956922|P8814|""02231526-n"""
47825,2109,set_statement,Done,,,Q1956922,"Q1956922|P5063|""i47216"""
47825,2110,set_statement,Done,,,Q13409318,"Q13409318|P8814|""02231675-n"""
47825,2111,set_statement,Done,,,Q13409318,"Q13409318|P5063|""i47217"""
47825,2112,set_statement,Done,,,Q4033254,"Q4033254|P8814|""02232519-n"""
47825,2113,set_statement,Done,,,Q4033254,"Q4033254|P5063|""i47222"""
47825,2114,set_statement,Done,,,Q150934,"Q150934|P8814|""02233007-n"""
47825,2115,set_statement,Done,,,Q150934,"Q150934|P5063|""i47225"""
47825,2116,set_statement,Done,,,Q577953,"Q577953|P8814|""02233959-n"""
47825,2117,set_statement,Done,,,Q577953,"Q577953|P5063|""i47230"""
47825,2118,set_statement,Done,,,Q282198,"Q282198|P8814|""02234582-n"""
47825,2119,set_statement,Done,,,Q282198,"Q282198|P5063|""i47234"""
47825,2120,set_statement,Done,,,Q2625244,"Q2625244|P8814|""02234738-n"""
47825,2121,set_statement,Done,,,Q2625244,"Q2625244|P5063|""i47235"""
47825,2122,set_statement,Done,,,Q3079510,"Q3079510|P8814|""02236419-n"""
47825,2123,set_statement,Done,,,Q3079510,"Q3079510|P5063|""i47243"""
47825,2124,set_statement,Done,,,Q264976,"Q264976|P8814|""02236833-n"""
47825,2125,set_statement,Done,,,Q264976,"Q264976|P5063|""i47245"""
47825,2126,set_statement,Done,,,Q10431102,"Q10431102|P8814|""02237371-n"""
47825,2127,set_statement,Done,,,Q10431102,"Q10431102|P5063|""i47248"""
47825,2128,set_statement,Done,,,Q2593227,"Q2593227|P8814|""02237730-n"""
47825,2129,set_statement,Done,,,Q2593227,"Q2593227|P5063|""i47250"""
47825,2130,set_statement,Done,,,Q21069200,"Q21069200|P8814|""02237973-n"""
47825,2131,set_statement,Done,,,Q21069200,"Q21069200|P5063|""i47252"""
47825,2132,set_statement,Done,,,Q507307,"Q507307|P8814|""02238563-n"""
47825,2133,set_statement,Done,,,Q507307,"Q507307|P5063|""i47256"""
47825,2134,set_statement,Done,,,Q7207293,"Q7207293|P8814|""02240382-n"""
47825,2135,set_statement,Done,,,Q7207293,"Q7207293|P5063|""i47265"""
47825,2136,set_statement,Done,,,Q3024203,"Q3024203|P8814|""02240765-n"""
47825,2137,set_statement,Done,,,Q3024203,"Q3024203|P5063|""i47267"""
47825,2138,set_statement,Done,,,Q1472961,"Q1472961|P8814|""02241126-n"""
47825,2139,set_statement,Done,,,Q1472961,"Q1472961|P5063|""i47270"""
47825,2140,set_statement,Done,,,Q10431364,"Q10431364|P8814|""02241725-n"""
47825,2141,set_statement,Done,,,Q10431364,"Q10431364|P5063|""i47274"""
47825,2142,set_statement,Done,,,Q10452938,"Q10452938|P8814|""02243029-n"""
47825,2143,set_statement,Done,,,Q10452938,"Q10452938|P5063|""i47283"""
47825,2144,set_statement,Done,,,Q3767510,"Q3767510|P8814|""02243504-n"""
47825,2145,set_statement,Done,,,Q3767510,"Q3767510|P5063|""i47286"""
47825,2146,set_statement,Done,,,Q6994314,"Q6994314|P8814|""02245321-n"""
47825,2147,set_statement,Done,,,Q6994314,"Q6994314|P5063|""i47296"""
47825,2148,set_statement,Done,,,Q1154489,"Q1154489|P8814|""02245468-n"""
47825,2149,set_statement,Done,,,Q1154489,"Q1154489|P5063|""i47297"""
47825,2150,set_statement,Done,,,Q5170727,"Q5170727|P8814|""02245717-n"""
47825,2151,set_statement,Done,,,Q5170727,"Q5170727|P5063|""i47299"""
47825,2152,set_statement,Done,,,Q3761252,"Q3761252|P8814|""02246003-n"""
47825,2153,set_statement,Done,,,Q3761252,"Q3761252|P5063|""i47301"""
47825,2154,set_statement,Done,,,Q10504469,"Q10504469|P8814|""02246396-n"""
47825,2155,set_statement,Done,,,Q10504469,"Q10504469|P5063|""i47303"""
47825,2156,set_statement,Done,,,Q768510,"Q768510|P8814|""02246659-n"""
47825,2157,set_statement,Done,,,Q768510,"Q768510|P5063|""i47305"""
47825,2158,set_statement,Done,,,Q1889325,"Q1889325|P8814|""02247048-n"""
47825,2159,set_statement,Done,,,Q1889325,"Q1889325|P5063|""i47307"""
47825,2160,set_statement,Done,,,Q15707964,"Q15707964|P8814|""02247322-n"""
47825,2161,set_statement,Done,,,Q15707964,"Q15707964|P5063|""i47309"""
47825,2162,set_statement,Done,,,Q10478309,"Q10478309|P8814|""02247891-n"""
47825,2163,set_statement,Done,,,Q10478309,"Q10478309|P5063|""i47313"""
47825,2164,set_statement,Done,,,Q2150614,"Q2150614|P8814|""02249139-n"""
47825,2165,set_statement,Done,,,Q2150614,"Q2150614|P5063|""i47318"""
47825,2166,set_statement,Done,,,Q2767258,"Q2767258|P8814|""02250015-n"""
47825,2167,set_statement,Done,,,Q2767258,"Q2767258|P5063|""i47324"""
47825,2168,set_statement,Done,,,Q1632202,"Q1632202|P8814|""02251396-n"""
47825,2169,set_statement,Done,,,Q1632202,"Q1632202|P5063|""i47332"""
47825,2170,set_statement,Done,,,Q775953,"Q775953|P8814|""02251663-n"""
47825,2171,set_statement,Done,,,Q775953,"Q775953|P5063|""i47334"""
47825,2172,set_statement,Done,,,Q373290,"Q373290|P8814|""02252017-n"""
47825,2173,set_statement,Done,,,Q373290,"Q373290|P5063|""i47337"""
47825,2174,set_statement,Done,,,Q1458247,"Q1458247|P8814|""02252325-n"""
47825,2175,set_statement,Done,,,Q1458247,"Q1458247|P5063|""i47339"""
47825,2176,set_statement,Done,,,Q18549936,"Q18549936|P8814|""02252647-n"""
47825,2177,set_statement,Done,,,Q18549936,"Q18549936|P5063|""i47341"""
47825,2178,set_statement,Done,,,Q677616,"Q677616|P8814|""02252785-n"""
47825,2179,set_statement,Done,,,Q677616,"Q677616|P5063|""i47342"""
47825,2180,set_statement,Done,,,Q10632934,"Q10632934|P8814|""02254104-n"""
47825,2181,set_statement,Done,,,Q10632934,"Q10632934|P5063|""i47349"""
47825,2182,set_statement,Done,,,Q10488197,"Q10488197|P8814|""02256244-n"""
47825,2183,set_statement,Done,,,Q10488197,"Q10488197|P5063|""i47362"""
47825,2184,set_statement,Done,,,Q7247417,"Q7247417|P8814|""02256762-n"""
47825,2185,set_statement,Done,,,Q7247417,"Q7247417|P5063|""i47365"""
47825,2186,set_statement,Done,,,Q10631863,"Q10631863|P8814|""02257796-n"""
47825,2187,set_statement,Done,,,Q10631863,"Q10631863|P5063|""i47372"""
47825,2188,set_statement,Done,,,Q2671139,"Q2671139|P8814|""02258219-n"""
47825,2189,set_statement,Done,,,Q2671139,"Q2671139|P5063|""i47375"""
47825,2190,set_statement,Done,,,Q18104594,"Q18104594|P8814|""02258350-n"""
47825,2191,set_statement,Done,,,Q18104594,"Q18104594|P5063|""i47376"""
47825,2192,set_statement,Done,,,Q18347690,"Q18347690|P8814|""02259194-n"""
47825,2193,set_statement,Done,,,Q18347690,"Q18347690|P5063|""i47381"""
47825,2194,set_statement,Done,,,Q7800449,"Q7800449|P8814|""02259534-n"""
47825,2195,set_statement,Done,,,Q7800449,"Q7800449|P5063|""i47383"""
47825,2196,set_statement,Done,,,Q49664,"Q49664|P8814|""02259801-n"""
47825,2197,set_statement,Done,,,Q49664,"Q49664|P5063|""i47385"""
47825,2198,set_statement,Done,,,Q1949240,"Q1949240|P8814|""02260717-n"""
47825,2199,set_statement,Done,,,Q1949240,"Q1949240|P5063|""i47390"""
47825,2200,set_statement,Done,,,Q33134010,"Q33134010|P8814|""02261562-n"""
47825,2201,set_statement,Done,,,Q33134010,"Q33134010|P5063|""i47396"""
47825,2202,set_statement,Done,,,Q3430220,"Q3430220|P8814|""02263275-n"""
47825,2203,set_statement,Done,,,Q3430220,"Q3430220|P5063|""i47406"""
47825,2204,set_statement,Done,,,Q10563111,"Q10563111|P8814|""02263938-n"""
47825,2205,set_statement,Done,,,Q10563111,"Q10563111|P5063|""i47410"""
47825,2206,set_statement,Done,,,Q17560372,"Q17560372|P8814|""02264282-n"""
47825,2207,set_statement,Done,,,Q17560372,"Q17560372|P5063|""i47412"""
47825,2208,set_statement,Done,,,Q1194030,"Q1194030|P8814|""02264976-n"""
47825,2209,set_statement,Done,,,Q1194030,"Q1194030|P5063|""i47417"""
47825,2210,set_statement,Done,,,Q11787636,"Q11787636|P8814|""02266500-n"""
47825,2211,set_statement,Done,,,Q11787636,"Q11787636|P5063|""i47424"""
47825,2212,set_statement,Done,,,Q790667,"Q790667|P8814|""02267829-n"""
47825,2213,set_statement,Done,,,Q790667,"Q790667|P5063|""i47432"""
47825,2214,set_statement,Done,,,Q1936061,"Q1936061|P8814|""02268369-n"""
47825,2215,set_statement,Done,,,Q1936061,"Q1936061|P5063|""i47435"""
47825,2216,set_statement,Done,,,Q929599,"Q929599|P8814|""02269671-n"""
47825,2217,set_statement,Done,,,Q929599,"Q929599|P5063|""i47443"""
47825,2218,set_statement,Done,,,Q226951,"Q226951|P8814|""02272481-n"""
47825,2219,set_statement,Done,,,Q226951,"Q226951|P5063|""i47460"""
47825,2220,set_statement,Done,,,Q1066550,"Q1066550|P8814|""02272978-n"""
47825,2221,set_statement,Done,,,Q1066550,"Q1066550|P5063|""i47463"""
47825,2222,set_statement,Done,,,Q7783129,"Q7783129|P8814|""02273462-n"""
47825,2223,set_statement,Done,,,Q7783129,"Q7783129|P5063|""i47466"""
47825,2224,set_statement,Done,,,Q134098,"Q134098|P8814|""02273739-n"""
47825,2225,set_statement,Done,,,Q134098,"Q134098|P5063|""i47468"""
47825,2226,set_statement,Done,,,Q3752044,"Q3752044|P8814|""02274804-n"""
47825,2227,set_statement,Done,,,Q3752044,"Q3752044|P5063|""i47474"""
47825,2228,set_statement,Done,,,Q7798266,"Q7798266|P8814|""02275080-n"""
47825,2229,set_statement,Done,,,Q7798266,"Q7798266|P5063|""i47476"""
47825,2230,set_statement,Done,,,Q1931619,"Q1931619|P8814|""02275772-n"""
47825,2231,set_statement,Done,,,Q1931619,"Q1931619|P5063|""i47480"""
47825,2232,set_statement,Done,,,Q3024850,"Q3024850|P8814|""02275906-n"""
47825,2233,set_statement,Done,,,Q3024850,"Q3024850|P5063|""i47481"""
47825,2234,set_statement,Done,,,Q28319,"Q28319|P8814|""02276197-n"""
47825,2235,set_statement,Done,,,Q28319,"Q28319|P5063|""i47483"""
47825,2236,set_statement,Done,,,Q32440,"Q32440|P8814|""02278024-n"""
47825,2237,set_statement,Done,,,Q32440,"Q32440|P5063|""i47488"""
47825,2238,set_statement,Done,,,Q311218,"Q311218|P8814|""02278573-n"""
47825,2239,set_statement,Done,,,Q311218,"Q311218|P5063|""i47491"""
47825,2240,set_statement,Done,,,Q1064168,"Q1064168|P8814|""02279179-n"""
47825,2241,set_statement,Done,,,Q1064168,"Q1064168|P5063|""i47495"""
47825,2242,set_statement,Done,,,Q612468,"Q612468|P8814|""02280208-n"""
47825,2243,set_statement,Done,,,Q612468,"Q612468|P5063|""i47501"""
47825,2244,set_statement,Done,,,Q2716199,"Q2716199|P8814|""02280995-n"""
47825,2245,set_statement,Done,,,Q2716199,"Q2716199|P5063|""i47506"""
47825,2246,set_statement,Done,,,Q286622,"Q286622|P8814|""02281253-n"""
47825,2247,set_statement,Done,,,Q286622,"Q286622|P5063|""i47508"""
47825,2248,set_statement,Done,,,Q1083863,"Q1083863|P8814|""02281356-n"""
47825,2249,set_statement,Done,,,Q1083863,"Q1083863|P5063|""i47509"""
47825,2250,set_statement,Done,,,Q13135251,"Q13135251|P8814|""02281779-n"""
47825,2251,set_statement,Done,,,Q13135251,"Q13135251|P5063|""i47512"""
47825,2252,set_statement,Done,,,Q3013286,"Q3013286|P8814|""02282094-n"""
47825,2253,set_statement,Done,,,Q3013286,"Q3013286|P5063|""i47514"""
47825,2254,set_statement,Done,,,Q662991,"Q662991|P8814|""02282471-n"""
47825,2255,set_statement,Done,,,Q662991,"Q662991|P5063|""i47516"""
47825,2256,set_statement,Done,,,Q997547,"Q997547|P8814|""02283497-n"""
47825,2257,set_statement,Done,,,Q997547,"Q997547|P5063|""i47521"""
47825,2258,set_statement,Done,,,Q258719,"Q258719|P8814|""02284639-n"""
47825,2259,set_statement,Done,,,Q258719,"Q258719|P5063|""i47528"""
47825,2260,set_statement,Done,,,Q1354777,"Q1354777|P8814|""02285368-n"""
47825,2261,set_statement,Done,,,Q1354777,"Q1354777|P5063|""i47532"""
47825,2262,set_statement,Done,,,Q1311036,"Q1311036|P8814|""02287019-n"""
47825,2263,set_statement,Done,,,Q1311036,"Q1311036|P5063|""i47540"""
47825,2264,set_statement,Done,,,Q10768136,"Q10768136|P8814|""02287165-n"""
47825,2265,set_statement,Done,,,Q10768136,"Q10768136|P5063|""i47541"""
47825,2266,set_statement,Done,,,Q23072903,"Q23072903|P8814|""02287704-n"""
47825,2267,set_statement,Done,,,Q23072903,"Q23072903|P5063|""i47545"""
47825,2268,set_statement,Done,,,Q162734,"Q162734|P8814|""02288011-n"""
47825,2269,set_statement,Done,,,Q162734,"Q162734|P5063|""i47547"""
47825,2270,set_statement,Done,,,Q1315974,"Q1315974|P8814|""02288561-n"""
47825,2271,set_statement,Done,,,Q1315974,"Q1315974|P5063|""i47550"""
47825,2272,set_statement,Done,,,Q5410920,"Q5410920|P8814|""02288923-n"""
47825,2273,set_statement,Done,,,Q5410920,"Q5410920|P5063|""i47552"""
47825,2274,set_statement,Done,,,Q140563,"Q140563|P8814|""02290128-n"""
47825,2275,set_statement,Done,,,Q140563,"Q140563|P5063|""i47559"""
47825,2276,set_statement,Done,,,Q14867415,"Q14867415|P8814|""02291829-n"""
47825,2277,set_statement,Done,,,Q14867415,"Q14867415|P5063|""i47568"""
47825,2278,set_statement,Done,,,Q149486,"Q149486|P8814|""02292118-n"""
47825,2279,set_statement,Done,,,Q149486,"Q149486|P5063|""i47570"""
47825,2280,set_statement,Done,,,Q14846366,"Q14846366|P8814|""02292497-n"""
47825,2281,set_statement,Done,,,Q14846366,"Q14846366|P5063|""i47572"""
47825,2282,set_statement,Done,,,Q2473551,"Q2473551|P8814|""02294043-n"""
47825,2283,set_statement,Done,,,Q2473551,"Q2473551|P5063|""i47581"""
47825,2284,set_statement,Done,,,Q721100,"Q721100|P8814|""02295502-n"""
47825,2285,set_statement,Done,,,Q721100,"Q721100|P5063|""i47590"""
47825,2286,set_statement,Done,,,Q778491,"Q778491|P8814|""02295787-n"""
47825,2287,set_statement,Done,,,Q778491,"Q778491|P5063|""i47592"""
47825,2288,set_statement,Done,,,Q5121983,"Q5121983|P8814|""02296212-n"""
47825,2289,set_statement,Done,,,Q5121983,"Q5121983|P5063|""i47594"""
47825,2290,set_statement,Done,,,Q1062824,"Q1062824|P8814|""02298222-n"""
47825,2291,set_statement,Done,,,Q1062824,"Q1062824|P5063|""i47605"""
47825,2292,set_statement,Done,,,Q2450100,"Q2450100|P8814|""02298369-n"""
47825,2293,set_statement,Done,,,Q2450100,"Q2450100|P5063|""i47606"""
47825,2294,set_statement,Done,,,Q587379,"Q587379|P8814|""02299132-n"""
47825,2295,set_statement,Done,,,Q587379,"Q587379|P5063|""i47611"""
47825,2296,set_statement,Done,,,Q5105108,"Q5105108|P8814|""02299408-n"""
47825,2297,set_statement,Done,,,Q5105108,"Q5105108|P5063|""i47613"""
47825,2298,set_statement,Done,,,Q15647093,"Q15647093|P8814|""02299779-n"""
47825,2299,set_statement,Done,,,Q15647093,"Q15647093|P5063|""i47615"""
47825,2300,set_statement,Done,,,Q2492887,"Q2492887|P8814|""02300287-n"""
47825,2301,set_statement,Done,,,Q2492887,"Q2492887|P5063|""i47618"""
47825,2302,set_statement,Done,,,Q157683,"Q157683|P8814|""02301031-n"""
47825,2303,set_statement,Done,,,Q157683,"Q157683|P5063|""i47623"""
47825,2304,set_statement,Done,,,Q134774,"Q134774|P8814|""02301485-n"""
47825,2305,set_statement,Done,,,Q134774,"Q134774|P5063|""i47625"""
47825,2306,set_statement,Done,,,Q312009,"Q312009|P8814|""02302367-n"""
47825,2307,set_statement,Done,,,Q312009,"Q312009|P5063|""i47630"""
47825,2308,set_statement,Done,,,Q1325847,"Q1325847|P8814|""02304434-n"""
47825,2309,set_statement,Done,,,Q1325847,"Q1325847|P5063|""i47639"""
47825,2310,set_statement,Done,,,Q27868,"Q27868|P8814|""02304776-n"""
47825,2311,set_statement,Done,,,Q27868,"Q27868|P5063|""i47641"""
47825,2312,set_statement,Done,,,Q134540,"Q134540|P8814|""02305505-n"""
47825,2313,set_statement,Done,,,Q134540,"Q134540|P5063|""i47645"""
47825,2314,set_statement,Done,,,Q310032,"Q310032|P8814|""02305819-n"""
47825,2315,set_statement,Done,,,Q310032,"Q310032|P5063|""i47647"""
47825,2316,set_statement,Done,,,Q1759132,"Q1759132|P8814|""02306100-n"""
47825,2317,set_statement,Done,,,Q1759132,"Q1759132|P5063|""i47649"""
47825,2318,set_statement,Done,,,Q44776,"Q44776|P8814|""02306569-n"""
47825,2319,set_statement,Done,,,Q44776,"Q44776|P5063|""i47652"""
47825,2320,set_statement,Done,,,Q135431,"Q135431|P8814|""02306881-n"""
47825,2321,set_statement,Done,,,Q135431,"Q135431|P5063|""i47654"""
47825,2322,set_statement,Done,,,Q26260766,"Q26260766|P8814|""02307619-n"""
47825,2323,set_statement,Done,,,Q26260766,"Q26260766|P5063|""i47658"""
47825,2324,set_statement,Done,,,Q15043775,"Q15043775|P8814|""02307897-n"""
47825,2325,set_statement,Done,,,Q15043775,"Q15043775|P5063|""i47660"""
47825,2326,set_statement,Done,,,Q2934200,"Q2934200|P8814|""02308451-n"""
47825,2327,set_statement,Done,,,Q2934200,"Q2934200|P5063|""i47663"""
47825,2328,set_statement,Done,,,Q3218309,"Q3218309|P8814|""02309324-n"""
47825,2329,set_statement,Done,,,Q3218309,"Q3218309|P5063|""i47667"""
47825,2330,set_statement,Done,,,Q10790185,"Q10790185|P8814|""02309659-n"""
47825,2331,set_statement,Done,,,Q10790185,"Q10790185|P5063|""i47669"""
47825,2332,set_statement,Done,,,Q205712,"Q205712|P8814|""02318348-n"""
47825,2333,set_statement,Done,,,Q205712,"Q205712|P5063|""i47717"""
47825,2334,set_statement,Done,,,Q59256,"Q59256|P8814|""02320140-n"""
47825,2335,set_statement,Done,,,Q59256,"Q59256|P5063|""i47726"""
47825,2336,set_statement,Done,,,Q21444553,"Q21444553|P8814|""02321089-n"""
47825,2337,set_statement,Done,,,Q21444553,"Q21444553|P5063|""i47731"""
47825,2338,set_statement,Done,,,Q2868606,"Q2868606|P8814|""02321190-n"""
47825,2339,set_statement,Done,,,Q2868606,"Q2868606|P5063|""i47732"""
47825,2340,set_statement,Done,,,Q1071960,"Q1071960|P8814|""02322075-n"""
47825,2341,set_statement,Done,,,Q1071960,"Q1071960|P5063|""i47738"""
47825,2342,set_statement,Done,,,Q631141,"Q631141|P8814|""02322341-n"""
47825,2343,set_statement,Done,,,Q631141,"Q631141|P5063|""i47740"""
47825,2344,set_statement,Done,,,Q18606085,"Q18606085|P8814|""02322991-n"""
47825,2345,set_statement,Done,,,Q18606085,"Q18606085|P5063|""i47744"""
47825,2346,set_statement,Done,,,Q2852646,"Q2852646|P8814|""02323273-n"""
47825,2347,set_statement,Done,,,Q2852646,"Q2852646|P5063|""i47746"""
47825,2348,set_statement,Done,,,Q19819363,"Q19819363|P8814|""02323421-n"""
47825,2349,set_statement,Done,,,Q19819363,"Q19819363|P5063|""i47747"""
47825,2350,set_statement,Done,,,Q2852647,"Q2852647|P8814|""02323540-n"""
47825,2351,set_statement,Done,,,Q2852647,"Q2852647|P5063|""i47748"""
47825,2352,set_statement,Done,,,Q18602072,"Q18602072|P8814|""02323714-n"""
47825,2353,set_statement,Done,,,Q18602072,"Q18602072|P5063|""i47749"""
47825,2354,set_statement,Done,,,Q2490529,"Q2490529|P8814|""02324411-n"""
47825,2355,set_statement,Done,,,Q2490529,"Q2490529|P5063|""i47753"""
47825,2356,set_statement,Done,,,Q1408044,"Q1408044|P8814|""02324555-n"""
47825,2357,set_statement,Done,,,Q1408044,"Q1408044|P5063|""i47754"""
47825,2358,set_statement,Done,,,Q10803279,"Q10803279|P8814|""02327369-n"""
47825,2359,set_statement,Done,,,Q10803279,"Q10803279|P5063|""i47770"""
47825,2360,set_statement,Done,,,Q748448,"Q748448|P8814|""02327863-n"""
47825,2361,set_statement,Done,,,Q748448,"Q748448|P5063|""i47772"""
47825,2362,set_statement,Done,,,Q4364126,"Q4364126|P8814|""02330922-n"""
47825,2363,set_statement,Done,,,Q4364126,"Q4364126|P5063|""i47788"""
47825,2364,set_statement,Done,,,Q25916,"Q25916|P8814|""02334131-n"""
47825,2365,set_statement,Done,,,Q25916,"Q25916|P5063|""i47800"""
47825,2366,set_statement,Done,,,Q39275,"Q39275|P8814|""02334612-n"""
47825,2367,set_statement,Done,,,Q39275,"Q39275|P5063|""i47802"""
47825,2368,set_statement,Done,,,Q2895175,"Q2895175|P8814|""02334967-n"""
47825,2369,set_statement,Done,,,Q2895175,"Q2895175|P5063|""i47804"""
47825,2370,set_statement,Done,,,Q739059,"Q739059|P8814|""02335258-n"""
47825,2371,set_statement,Done,,,Q739059,"Q739059|P5063|""i47806"""
47825,2372,set_statement,Done,,,Q36396,"Q36396|P8814|""02336020-n"""
47825,2373,set_statement,Done,,,Q36396,"Q36396|P5063|""i47810"""
47825,2374,set_statement,Done,,,Q930095,"Q930095|P8814|""02336731-n"""
47825,2375,set_statement,Done,,,Q930095,"Q930095|P5063|""i47815"""
47825,2376,set_statement,Done,,,Q738245,"Q738245|P8814|""02336989-n"""
47825,2377,set_statement,Done,,,Q738245,"Q738245|P5063|""i47817"""
47825,2378,set_statement,Done,,,Q782974,"Q782974|P8814|""02337261-n"""
47825,2379,set_statement,Done,,,Q782974,"Q782974|P5063|""i47819"""
47825,2380,set_statement,Done,,,Q193061,"Q193061|P8814|""02338001-n"""
47825,2381,set_statement,Done,,,Q193061,"Q193061|P5063|""i47825"""
47825,2382,set_statement,Done,,,Q469583,"Q469583|P8814|""02340132-n"""
47825,2383,set_statement,Done,,,Q469583,"Q469583|P5063|""i47835"""
47825,2384,set_statement,Done,,,Q12829163,"Q12829163|P8814|""02340681-n"""
47825,2385,set_statement,Done,,,Q12829163,"Q12829163|P5063|""i47839"""
47825,2386,set_statement,Done,,,Q10797614,"Q10797614|P8814|""02340971-n"""
47825,2387,set_statement,Done,,,Q10797614,"Q10797614|P5063|""i47841"""
47825,2388,set_statement,Done,,,Q609460,"Q609460|P8814|""02341244-n"""
47825,2389,set_statement,Done,,,Q609460,"Q609460|P5063|""i47843"""
47825,2390,set_statement,Done,,,Q50577682,"Q50577682|P8814|""02343465-n"""
47825,2391,set_statement,Done,,,Q50577682,"Q50577682|P5063|""i47854"""
47825,2392,set_statement,Done,,,Q539670,"Q539670|P8814|""02344457-n"""
47825,2393,set_statement,Done,,,Q539670,"Q539670|P5063|""i47860"""
47825,2394,set_statement,Done,,,Q11842375,"Q11842375|P8814|""02344761-n"""
47825,2395,set_statement,Done,,,Q11842375,"Q11842375|P5063|""i47862"""
47825,2396,set_statement,Done,,,Q847196,"Q847196|P8814|""02345065-n"""
47825,2397,set_statement,Done,,,Q847196,"Q847196|P5063|""i47864"""
47825,2398,set_statement,Done,,,Q10750831,"Q10750831|P8814|""02345379-n"""
47825,2399,set_statement,Done,,,Q10750831,"Q10750831|P5063|""i47866"""
47825,2400,set_statement,Done,,,Q389919,"Q389919|P8814|""02345839-n"""
47825,2401,set_statement,Done,,,Q389919,"Q389919|P5063|""i47869"""
47825,2402,set_statement,Done,,,Q517079,"Q517079|P8814|""02346285-n"""
47825,2403,set_statement,Done,,,Q517079,"Q517079|P5063|""i47872"""
47825,2404,set_statement,Done,,,Q941160,"Q941160|P8814|""02346658-n"""
47825,2405,set_statement,Done,,,Q941160,"Q941160|P5063|""i47874"""
47825,2406,set_statement,Done,,,Q12263990,"Q12263990|P8814|""02347865-n"""
47825,2407,set_statement,Done,,,Q12263990,"Q12263990|P5063|""i47882"""
47825,2408,set_statement,Done,,,Q370070,"Q370070|P8814|""02348123-n"""
47825,2409,set_statement,Done,,,Q370070,"Q370070|P5063|""i47884"""
47825,2410,set_statement,Done,,,Q339937,"Q339937|P8814|""02348542-n"""
47825,2411,set_statement,Done,,,Q339937,"Q339937|P5063|""i47887"""
47825,2412,set_statement,Done,,,Q302006,"Q302006|P8814|""02349475-n"""
47825,2413,set_statement,Done,,,Q302006,"Q302006|P5063|""i47892"""
47825,2414,set_statement,Done,,,Q780143,"Q780143|P8814|""02349792-n"""
47825,2415,set_statement,Done,,,Q780143,"Q780143|P5063|""i47894"""
47825,2416,set_statement,Done,,,Q10827991,"Q10827991|P8814|""02350095-n"""
47825,2417,set_statement,Done,,,Q10827991,"Q10827991|P5063|""i47896"""
47825,2418,set_statement,Done,,,Q732499,"Q732499|P8814|""02350688-n"""
47825,2419,set_statement,Done,,,Q732499,"Q732499|P5063|""i47900"""
47825,2420,set_statement,Done,,,Q607610,"Q607610|P8814|""02351057-n"""
47825,2421,set_statement,Done,,,Q607610,"Q607610|P5063|""i47902"""
47825,2422,set_statement,Done,,,Q912104,"Q912104|P8814|""02352382-n"""
47825,2423,set_statement,Done,,,Q912104,"Q912104|P5063|""i47908"""
47825,2424,set_statement,Done,,,Q922132,"Q922132|P8814|""02353189-n"""
47825,2425,set_statement,Done,,,Q922132,"Q922132|P5063|""i47913"""
47825,2426,set_statement,Done,,,Q13174621,"Q13174621|P8814|""02353497-n"""
47825,2427,set_statement,Done,,,Q13174621,"Q13174621|P5063|""i47915"""
47825,2428,set_statement,Done,,,Q524430,"Q524430|P8814|""02353864-n"""
47825,2429,set_statement,Done,,,Q524430,"Q524430|P5063|""i47917"""
47825,2430,set_statement,Done,,,Q12256276,"Q12256276|P8814|""02354338-n"""
47825,2431,set_statement,Done,,,Q12256276,"Q12256276|P5063|""i47920"""
47825,2432,set_statement,Done,,,Q1072121,"Q1072121|P8814|""02354827-n"""
47825,2433,set_statement,Done,,,Q1072121,"Q1072121|P5063|""i47923"""
47825,2434,set_statement,Done,,,Q12263932,"Q12263932|P8814|""02355689-n"""
47825,2435,set_statement,Done,,,Q12263932,"Q12263932|P5063|""i47929"""
47825,2436,set_statement,Done,,,Q1094704,"Q1094704|P8814|""02357122-n"""
47825,2437,set_statement,Done,,,Q1094704,"Q1094704|P5063|""i47938"""
47825,2438,set_statement,Done,,,Q935907,"Q935907|P8814|""02359932-n"""
47825,2439,set_statement,Done,,,Q935907,"Q935907|P5063|""i47951"""
47825,2440,set_statement,Done,,,Q199251,"Q199251|P8814|""02360393-n"""
47825,2441,set_statement,Done,,,Q199251,"Q199251|P5063|""i47954"""
47825,2442,set_statement,Done,,,Q30359,"Q30359|P8814|""02361856-n"""
47825,2443,set_statement,Done,,,Q30359,"Q30359|P5063|""i47962"""
47825,2444,set_statement,Done,,,Q22364,"Q22364|P8814|""02362427-n"""
47825,2445,set_statement,Done,,,Q22364,"Q22364|P5063|""i47966"""
47825,2446,set_statement,Done,,,Q5414381,"Q5414381|P8814|""02362787-n"""
47825,2447,set_statement,Done,,,Q5414381,"Q5414381|P5063|""i47968"""
47825,2448,set_statement,Done,,,Q1010970,"Q1010970|P8814|""02363295-n"""
47825,2449,set_statement,Done,,,Q1010970,"Q1010970|P5063|""i47971"""
47825,2450,set_statement,Done,,,Q1080535,"Q1080535|P8814|""02365072-n"""
47825,2451,set_statement,Done,,,Q1080535,"Q1080535|P5063|""i47982"""
47825,2452,set_statement,Done,,,Q1887673,"Q1887673|P8814|""02366333-n"""
47825,2453,set_statement,Done,,,Q1887673,"Q1887673|P5063|""i47990"""
47825,2454,set_statement,Done,,,Q10734562,"Q10734562|P8814|""02366470-n"""
47825,2455,set_statement,Done,,,Q10734562,"Q10734562|P5063|""i47991"""
47825,2456,set_statement,Done,,,Q685772,"Q685772|P8814|""02366873-n"""
47825,2457,set_statement,Done,,,Q685772,"Q685772|P5063|""i47993"""
47825,2458,set_statement,Done,,,Q24188433,"Q24188433|P8814|""02367896-n"""
47825,2459,set_statement,Done,,,Q24188433,"Q24188433|P5063|""i48000"""
47825,2460,set_statement,Done,,,Q902454,"Q902454|P8814|""02368008-n"""
47825,2461,set_statement,Done,,,Q902454,"Q902454|P5063|""i48001"""
47825,2462,set_statement,Done,,,Q651787,"Q651787|P8814|""02369354-n"""
47825,2463,set_statement,Done,,,Q651787,"Q651787|P5063|""i48010"""
47825,2464,set_statement,Done,,,Q10795801,"Q10795801|P8814|""02369477-n"""
47825,2465,set_statement,Done,,,Q10795801,"Q10795801|P5063|""i48011"""
47825,2466,set_statement,Done,,,Q650915,"Q650915|P8814|""02369783-n"""
47825,2467,set_statement,Done,,,Q650915,"Q650915|P5063|""i48013"""
47825,2468,set_statement,Done,,,Q1195501,"Q1195501|P8814|""02370330-n"""
47825,2469,set_statement,Done,,,Q1195501,"Q1195501|P5063|""i48016"""
47825,2470,set_statement,Done,,,Q480789,"Q480789|P8814|""02370932-n"""
47825,2471,set_statement,Done,,,Q480789,"Q480789|P5063|""i48020"""
47825,2472,set_statement,Done,,,Q951670,"Q951670|P8814|""02371339-n"""
47825,2473,set_statement,Done,,,Q951670,"Q951670|P5063|""i48023"""
47825,2474,set_statement,Done,,,Q750383,"Q750383|P8814|""02371664-n"""
47825,2475,set_statement,Done,,,Q750383,"Q750383|P5063|""i48025"""
47825,2476,set_statement,Done,,,Q791322,"Q791322|P8814|""02371822-n"""
47825,2477,set_statement,Done,,,Q791322,"Q791322|P5063|""i48026"""
47825,2478,set_statement,Done,,,Q12259103,"Q12259103|P8814|""02372076-n"""
47825,2479,set_statement,Done,,,Q12259103,"Q12259103|P5063|""i48028"""
47825,2480,set_statement,Done,,,Q132815,"Q132815|P8814|""02374123-n"""
47825,2481,set_statement,Done,,,Q132815,"Q132815|P5063|""i48039"""
47825,2482,set_statement,Done,,,Q2663297,"Q2663297|P8814|""02374299-n"""
47825,2483,set_statement,Done,,,Q2663297,"Q2663297|P5063|""i48040"""
47825,2484,set_statement,Done,,,Q25374,"Q25374|P8814|""02375745-n"""
47825,2485,set_statement,Done,,,Q25374,"Q25374|P5063|""i48049"""
47825,2486,set_statement,Done,,,Q27022,"Q27022|P8814|""02376495-n"""
47825,2487,set_statement,Done,,,Q27022,"Q27022|P5063|""i48052"""
47825,2488,set_statement,Done,,,Q5762446,"Q5762446|P8814|""02395362-n"""
47825,2489,set_statement,Done,,,Q5762446,"Q5762446|P5063|""i48185"""
47825,2490,set_statement,Done,,,Q18511101,"Q18511101|P8814|""02395676-n"""
47825,2491,set_statement,Done,,,Q18511101,"Q18511101|P5063|""i48187"""
47825,2492,set_statement,Done,,,Q128001,"Q128001|P8814|""02396097-n"""
47825,2493,set_statement,Done,,,Q128001,"Q128001|P5063|""i48190"""
47825,2494,set_statement,Done,,,Q10798,"Q10798|P8814|""02397896-n"""
47825,2495,set_statement,Done,,,Q10798,"Q10798|P5063|""i48198"""
47825,2496,set_statement,Done,,,Q3645260,"Q3645260|P8814|""02399622-n"""
47825,2497,set_statement,Done,,,Q3645260,"Q3645260|P5063|""i48209"""
47825,2498,set_statement,Done,,,Q10824139,"Q10824139|P8814|""02400029-n"""
47825,2499,set_statement,Done,,,Q10824139,"Q10824139|P5063|""i48212"""
47825,2500,set_statement,Done,,,Q213336,"Q213336|P8814|""02400904-n"""
47825,2501,set_statement,Done,,,Q213336,"Q213336|P5063|""i48217"""
47825,2502,set_statement,Done,,,Q629680,"Q629680|P8814|""02401038-n"""
47825,2503,set_statement,Done,,,Q629680,"Q629680|P5063|""i48218"""
47825,2504,set_statement,Done,,,Q237993,"Q237993|P8814|""02404313-n"""
47825,2505,set_statement,Done,,,Q237993,"Q237993|P5063|""i48230"""
47825,2506,set_statement,Done,,,Q83521,"Q83521|P8814|""02410863-n"""
47825,2507,set_statement,Done,,,Q83521,"Q83521|P5063|""i48271"""
47825,2508,set_statement,Done,,,Q122848966,"Q122848966|P8814|""02411549-n"""
47825,2509,set_statement,Done,,,Q122848966,"Q122848966|P5063|""i48275"""
47825,2510,set_statement,Done,,,Q10822466,"Q10822466|P8814|""02412015-n"""
47825,2511,set_statement,Done,,,Q10822466,"Q10822466|P5063|""i48278"""
47825,2512,set_statement,Done,,,Q21441827,"Q21441827|P8814|""02412348-n"""
47825,2513,set_statement,Done,,,Q21441827,"Q21441827|P5063|""i48280"""
47825,2514,set_statement,Done,,,Q19817365,"Q19817365|P8814|""02413721-n"""
47825,2515,set_statement,Done,,,Q19817365,"Q19817365|P5063|""i48288"""
47825,2516,set_statement,Done,,,Q10732899,"Q10732899|P8814|""02418617-n"""
47825,2517,set_statement,Done,,,Q10732899,"Q10732899|P5063|""i48321"""
47825,2518,set_statement,Done,,,Q172923,"Q172923|P8814|""02419056-n"""
47825,2519,set_statement,Done,,,Q172923,"Q172923|P5063|""i48324"""
47825,2520,set_statement,Done,,,Q1370188,"Q1370188|P8814|""02421294-n"""
47825,2521,set_statement,Done,,,Q1370188,"Q1370188|P5063|""i48339"""
47825,2522,set_statement,Done,,,Q912026,"Q912026|P8814|""02421863-n"""
47825,2523,set_statement,Done,,,Q912026,"Q912026|P5063|""i48343"""
47825,2524,set_statement,Done,,,Q10741556,"Q10741556|P8814|""02422161-n"""
47825,2525,set_statement,Done,,,Q10741556,"Q10741556|P5063|""i48345"""
47825,2526,set_statement,Done,,,Q1416078,"Q1416078|P8814|""02423035-n"""
47825,2527,set_statement,Done,,,Q1416078,"Q1416078|P5063|""i48348"""
47825,2528,set_statement,Done,,,Q19817358,"Q19817358|P8814|""02423321-n"""
47825,2529,set_statement,Done,,,Q19817358,"Q19817358|P5063|""i48350"""
47825,2530,set_statement,Done,,,Q10730701,"Q10730701|P8814|""02423640-n"""
47825,2531,set_statement,Done,,,Q10730701,"Q10730701|P5063|""i48352"""
47825,2532,set_statement,Done,,,Q2086371,"Q2086371|P8814|""02424895-n"""
47825,2533,set_statement,Done,,,Q2086371,"Q2086371|P5063|""i48360"""
47825,2534,set_statement,Done,,,Q10730799,"Q10730799|P8814|""02425207-n"""
47825,2535,set_statement,Done,,,Q10730799,"Q10730799|P5063|""i48362"""
47825,2536,set_statement,Done,,,Q10734306,"Q10734306|P8814|""02426111-n"""
47825,2537,set_statement,Done,,,Q10734306,"Q10734306|P5063|""i48368"""
47825,2538,set_statement,Done,,,Q311375,"Q311375|P8814|""02426433-n"""
47825,2539,set_statement,Done,,,Q311375,"Q311375|P5063|""i48370"""
47825,2540,set_statement,Done,,,Q10740872,"Q10740872|P8814|""02428039-n"""
47825,2541,set_statement,Done,,,Q10740872,"Q10740872|P5063|""i48379"""
47825,2542,set_statement,Done,,,Q516624,"Q516624|P8814|""02428402-n"""
47825,2543,set_statement,Done,,,Q516624,"Q516624|P5063|""i48381"""
47825,2544,set_statement,Done,,,Q3016753,"Q3016753|P8814|""02428700-n"""
47825,2545,set_statement,Done,,,Q3016753,"Q3016753|P5063|""i48383"""
47825,2546,set_statement,Done,,,Q2345033,"Q2345033|P8814|""02428985-n"""
47825,2547,set_statement,Done,,,Q2345033,"Q2345033|P5063|""i48385"""
47825,2548,set_statement,Done,,,Q550036,"Q550036|P8814|""02429983-n"""
47825,2549,set_statement,Done,,,Q550036,"Q550036|P5063|""i48391"""
47825,2550,set_statement,Done,,,Q11830630,"Q11830630|P8814|""02431299-n"""
47825,2551,set_statement,Done,,,Q11830630,"Q11830630|P5063|""i48400"""
47825,2552,set_statement,Done,,,Q3581369,"Q3581369|P8814|""02431769-n"""
47825,2553,set_statement,Done,,,Q3581369,"Q3581369|P5063|""i48402"""
47825,2554,set_statement,Done,,,Q19817351,"Q19817351|P8814|""02431922-n"""
47825,2555,set_statement,Done,,,Q19817351,"Q19817351|P5063|""i48403"""
47825,2556,set_statement,Done,,,Q10731891,"Q10731891|P8814|""02435513-n"""
47825,2557,set_statement,Done,,,Q10731891,"Q10731891|P5063|""i48423"""
47825,2558,set_statement,Done,,,Q912336,"Q912336|P8814|""02435836-n"""
47825,2559,set_statement,Done,,,Q912336,"Q912336|P5063|""i48425"""
47825,2560,set_statement,Done,,,Q1043583,"Q1043583|P8814|""02436057-n"""
47825,2561,set_statement,Done,,,Q1043583,"Q1043583|P5063|""i48427"""
47825,2562,set_statement,Done,,,Q15303567,"Q15303567|P8814|""02436427-n"""
47825,2563,set_statement,Done,,,Q15303567,"Q15303567|P5063|""i48430"""
47825,2564,set_statement,Done,,,Q911770,"Q911770|P8814|""02437229-n"""
47825,2565,set_statement,Done,,,Q911770,"Q911770|P5063|""i48434"""
47825,2566,set_statement,Done,,,Q3866060,"Q3866060|P8814|""02437730-n"""
47825,2567,set_statement,Done,,,Q3866060,"Q3866060|P5063|""i48438"""
47825,2568,set_statement,Done,,,Q10758204,"Q10758204|P8814|""02438017-n"""
47825,2569,set_statement,Done,,,Q10758204,"Q10758204|P5063|""i48440"""
47825,2570,set_statement,Done,,,Q1987747,"Q1987747|P8814|""02438698-n"""
47825,2571,set_statement,Done,,,Q1987747,"Q1987747|P5063|""i48444"""
47825,2572,set_statement,Done,,,Q19817324,"Q19817324|P8814|""02439145-n"""
47825,2573,set_statement,Done,,,Q19817324,"Q19817324|P5063|""i48447"""
47825,2574,set_statement,Done,,,Q135022,"Q135022|P8814|""02439444-n"""
47825,2575,set_statement,Done,,,Q135022,"Q135022|P5063|""i48449"""
47825,2576,set_statement,Done,,,Q753853,"Q753853|P8814|""02440456-n"""
47825,2577,set_statement,Done,,,Q753853,"Q753853|P5063|""i48455"""
47825,2578,set_statement,Done,,,Q2703941,"Q2703941|P8814|""02441083-n"""
47825,2579,set_statement,Done,,,Q2703941,"Q2703941|P5063|""i48459"""
47825,2580,set_statement,Done,,,Q186154,"Q186154|P8814|""02441405-n"""
47825,2581,set_statement,Done,,,Q186154,"Q186154|P5063|""i48461"""
47825,2582,set_statement,Done,,,Q1872039,"Q1872039|P8814|""02441917-n"""
47825,2583,set_statement,Done,,,Q1872039,"Q1872039|P5063|""i48464"""
47825,2584,set_statement,Done,,,Q10808040,"Q10808040|P8814|""02446314-n"""
47825,2585,set_statement,Done,,,Q10808040,"Q10808040|P5063|""i48487"""
47825,2586,set_statement,Done,,,Q446882,"Q446882|P8814|""02447278-n"""
47825,2587,set_statement,Done,,,Q446882,"Q446882|P5063|""i48494"""
47825,2588,set_statement,Done,,,Q5832825,"Q5832825|P8814|""02447907-n"""
47825,2589,set_statement,Done,,,Q5832825,"Q5832825|P5063|""i48498"""
47825,2590,set_statement,Done,,,Q11950979,"Q11950979|P8814|""02450222-n"""
47825,2591,set_statement,Done,,,Q11950979,"Q11950979|P5063|""i48511"""
47825,2592,set_statement,Done,,,Q1345042,"Q1345042|P8814|""02450527-n"""
47825,2593,set_statement,Done,,,Q1345042,"Q1345042|P5063|""i48513"""
47825,2594,set_statement,Done,,,Q13564654,"Q13564654|P8814|""02450831-n"""
47825,2595,set_statement,Done,,,Q13564654,"Q13564654|P5063|""i48515"""
47825,2596,set_statement,Done,,,Q1366503,"Q1366503|P8814|""02451133-n"""
47825,2597,set_statement,Done,,,Q1366503,"Q1366503|P5063|""i48517"""
47825,2598,set_statement,Done,,,Q11906411,"Q11906411|P8814|""02451385-n"""
47825,2599,set_statement,Done,,,Q11906411,"Q11906411|P5063|""i48519"""
47825,2600,set_statement,Done,,,Q16894566,"Q16894566|P8814|""02451691-n"""
47825,2601,set_statement,Done,,,Q16894566,"Q16894566|P5063|""i48521"""
47825,2602,set_statement,Done,,,Q25606482,"Q25606482|P8814|""02452095-n"""
47825,2603,set_statement,Done,,,Q25606482,"Q25606482|P5063|""i48524"""
47825,2604,set_statement,Done,,,Q756008,"Q756008|P8814|""02452213-n"""
47825,2605,set_statement,Done,,,Q756008,"Q756008|P5063|""i48525"""
47825,2606,set_statement,Done,,,Q15631638,"Q15631638|P8814|""02453923-n"""
47825,2607,set_statement,Done,,,Q15631638,"Q15631638|P5063|""i48536"""
47825,2608,set_statement,Done,,,Q47867,"Q47867|P8814|""02456750-n"""
47825,2609,set_statement,Done,,,Q47867,"Q47867|P5063|""i48553"""
47825,2610,set_statement,Done,,,Q902499,"Q902499|P8814|""02457288-n"""
47825,2611,set_statement,Done,,,Q902499,"Q902499|P5063|""i48555"""
47825,2612,set_statement,Done,,,Q1080942,"Q1080942|P8814|""02457630-n"""
47825,2613,set_statement,Done,,,Q1080942,"Q1080942|P5063|""i48557"""
47825,2614,set_statement,Done,,,Q10759617,"Q10759617|P8814|""02458215-n"""
47825,2615,set_statement,Done,,,Q10759617,"Q10759617|P5063|""i48561"""
47825,2616,set_statement,Done,,,Q10808428,"Q10808428|P8814|""02458518-n"""
47825,2617,set_statement,Done,,,Q10808428,"Q10808428|P5063|""i48563"""
47825,2618,set_statement,Done,,,Q19816366,"Q19816366|P8814|""02458778-n"""
47825,2619,set_statement,Done,,,Q19816366,"Q19816366|P5063|""i48565"""
47825,2620,set_statement,Done,,,Q4999415,"Q4999415|P8814|""02459136-n"""
47825,2621,set_statement,Done,,,Q4999415,"Q4999415|P5063|""i48567"""
47825,2622,set_statement,Done,,,Q15407789,"Q15407789|P8814|""02459407-n"""
47825,2623,set_statement,Done,,,Q15407789,"Q15407789|P5063|""i48569"""
47825,2624,set_statement,Done,,,Q3259942,"Q3259942|P8814|""02460217-n"""
47825,2625,set_statement,Done,,,Q3259942,"Q3259942|P5063|""i48573"""
47825,2626,set_statement,Done,,,Q511079,"Q511079|P8814|""02460387-n"""
47825,2627,set_statement,Done,,,Q511079,"Q511079|P5063|""i48574"""
47825,2628,set_statement,Done,,,Q784732,"Q784732|P8814|""02460987-n"""
47825,2629,set_statement,Done,,,Q784732,"Q784732|P5063|""i48577"""
47825,2630,set_statement,Done,,,Q310387,"Q310387|P8814|""02461306-n"""
47825,2631,set_statement,Done,,,Q310387,"Q310387|P5063|""i48579"""
47825,2632,set_statement,Done,,,Q1749282,"Q1749282|P8814|""02461632-n"""
47825,2633,set_statement,Done,,,Q1749282,"Q1749282|P5063|""i48581"""
47825,2634,set_statement,Done,,,Q206538,"Q206538|P8814|""02462439-n"""
47825,2635,set_statement,Done,,,Q206538,"Q206538|P5063|""i48586"""
47825,2636,set_statement,Done,,,Q10795875,"Q10795875|P8814|""02462906-n"""
47825,2637,set_statement,Done,,,Q10795875,"Q10795875|P5063|""i48588"""
47825,2638,set_statement,Done,,,Q19816375,"Q19816375|P8814|""02463315-n"""
47825,2639,set_statement,Done,,,Q19816375,"Q19816375|P5063|""i48590"""
47825,2640,set_statement,Done,,,Q9027425,"Q9027425|P8814|""02464187-n"""
47825,2641,set_statement,Done,,,Q9027425,"Q9027425|P5063|""i48595"""
47825,2642,set_statement,Done,,,Q25397,"Q25397|P8814|""02464332-n"""
47825,2643,set_statement,Done,,,Q25397,"Q25397|P5063|""i48596"""
47825,2644,set_statement,Done,,,Q7380,"Q7380|P8814|""02472219-n"""
47825,2645,set_statement,Done,,,Q7380,"Q7380|P5063|""i48645"""
47825,2646,set_statement,Done,,,Q56425569,"Q56425569|P8814|""02478705-n"""
47825,2647,set_statement,Done,,,Q56425569,"Q56425569|P5063|""i48674"""
47825,2648,set_statement,Done,,,Q131637,"Q131637|P8814|""02480521-n"""
47825,2649,set_statement,Done,,,Q131637,"Q131637|P5063|""i48685"""
47825,2650,set_statement,Done,,,Q14516253,"Q14516253|P8814|""02481047-n"""
47825,2651,set_statement,Done,,,Q14516253,"Q14516253|P5063|""i48688"""
47825,2652,set_statement,Done,,,Q138078,"Q138078|P8814|""02481170-n"""
47825,2653,set_statement,Done,,,Q138078,"Q138078|P5063|""i48689"""
47825,2654,set_statement,Done,,,Q18604603,"Q18604603|P8814|""02481836-n"""
47825,2655,set_statement,Done,,,Q18604603,"Q18604603|P5063|""i48693"""
47825,2656,set_statement,Done,,,Q3396223,"Q3396223|P8814|""02482527-n"""
47825,2657,set_statement,Done,,,Q3396223,"Q3396223|P5063|""i48697"""
47825,2658,set_statement,Done,,,Q36611,"Q36611|P8814|""02483304-n"""
47825,2659,set_statement,Done,,,Q36611,"Q36611|P5063|""i48701"""
47825,2660,set_statement,Done,,,Q80174,"Q80174|P8814|""02484260-n"""
47825,2661,set_statement,Done,,,Q80174,"Q80174|P5063|""i48707"""
47825,2662,set_statement,Done,,,Q185939,"Q185939|P8814|""02485451-n"""
47825,2663,set_statement,Done,,,Q185939,"Q185939|P5063|""i48713"""
47825,2664,set_statement,Done,,,Q1962797,"Q1962797|P8814|""02486195-n"""
47825,2665,set_statement,Done,,,Q1962797,"Q1962797|P5063|""i48717"""
47825,2666,set_statement,Done,,,Q182968,"Q182968|P8814|""02486546-n"""
47825,2667,set_statement,Done,,,Q182968,"Q182968|P5063|""i48719"""
47825,2668,set_statement,Done,,,Q1070855,"Q1070855|P8814|""02488496-n"""
47825,2669,set_statement,Done,,,Q1070855,"Q1070855|P5063|""i48728"""
47825,2670,set_statement,Done,,,Q10758998,"Q10758998|P8814|""02488769-n"""
47825,2671,set_statement,Done,,,Q10758998,"Q10758998|P5063|""i48730"""
47825,2672,set_statement,Done,,,Q798426,"Q798426|P8814|""02489418-n"""
47825,2673,set_statement,Done,,,Q798426,"Q798426|P5063|""i48735"""
47825,2674,set_statement,Done,,,Q857471,"Q857471|P8814|""02490780-n"""
47825,2675,set_statement,Done,,,Q857471,"Q857471|P5063|""i48744"""
47825,2676,set_statement,Done,,,Q3336165,"Q3336165|P8814|""02491691-n"""
47825,2677,set_statement,Done,,,Q3336165,"Q3336165|P5063|""i48750"""
47825,2678,set_statement,Done,,,Q574338,"Q574338|P8814|""02492661-n"""
47825,2679,set_statement,Done,,,Q574338,"Q574338|P5063|""i48754"""
47825,2680,set_statement,Done,,,Q19826010,"Q19826010|P8814|""02493317-n"""
47825,2681,set_statement,Done,,,Q19826010,"Q19826010|P5063|""i48758"""
47825,2682,set_statement,Done,,,Q25384537,"Q25384537|P8814|""02493595-n"""
47825,2683,set_statement,Done,,,Q25384537,"Q25384537|P5063|""i48760"""
47825,2684,set_statement,Done,,,Q425707,"Q425707|P8814|""02494221-n"""
47825,2685,set_statement,Done,,,Q425707,"Q425707|P5063|""i48764"""
47825,2686,set_statement,Done,,,Q8447051,"Q8447051|P8814|""02494537-n"""
47825,2687,set_statement,Done,,,Q8447051,"Q8447051|P5063|""i48765"""
47825,2688,set_statement,Done,,,Q469636,"Q469636|P8814|""02494871-n"""
47825,2689,set_statement,Done,,,Q469636,"Q469636|P5063|""i48767"""
47825,2690,set_statement,Done,,,Q841159,"Q841159|P8814|""02495464-n"""
47825,2691,set_statement,Done,,,Q841159,"Q841159|P5063|""i48771"""
47825,2692,set_statement,Done,,,Q1048171,"Q1048171|P8814|""02495740-n"""
47825,2693,set_statement,Done,,,Q1048171,"Q1048171|P5063|""i48773"""
47825,2694,set_statement,Done,,,Q203649,"Q203649|P8814|""02496021-n"""
47825,2695,set_statement,Done,,,Q203649,"Q203649|P5063|""i48775"""
47825,2696,set_statement,Done,,,Q258244,"Q258244|P8814|""02496304-n"""
47825,2697,set_statement,Done,,,Q258244,"Q258244|P5063|""i48777"""
47825,2698,set_statement,Done,,,Q309200,"Q309200|P8814|""02496605-n"""
47825,2699,set_statement,Done,,,Q309200,"Q309200|P5063|""i48779"""
47825,2700,set_statement,Done,,,Q1061113,"Q1061113|P8814|""02496888-n"""
47825,2701,set_statement,Done,,,Q1061113,"Q1061113|P5063|""i48781"""
47825,2702,set_statement,Done,,,Q231550,"Q231550|P8814|""02497169-n"""
47825,2703,set_statement,Done,,,Q231550,"Q231550|P5063|""i48783"""
47825,2704,set_statement,Done,,,Q10809520,"Q10809520|P8814|""02498077-n"""
47825,2705,set_statement,Done,,,Q10809520,"Q10809520|P5063|""i48787"""
47825,2706,set_statement,Done,,,Q2340126,"Q2340126|P8814|""02500181-n"""
47825,2707,set_statement,Done,,,Q2340126,"Q2340126|P5063|""i48796"""
47825,2708,set_statement,Done,,,Q12358399,"Q12358399|P8814|""02500463-n"""
47825,2709,set_statement,Done,,,Q12358399,"Q12358399|P5063|""i48798"""
47825,2710,set_statement,Done,,,Q368623,"Q368623|P8814|""02500986-n"""
47825,2711,set_statement,Done,,,Q368623,"Q368623|P5063|""i48801"""
47825,2712,set_statement,Done,,,Q3259581,"Q3259581|P8814|""02501251-n"""
47825,2713,set_statement,Done,,,Q3259581,"Q3259581|P5063|""i48802"""
47825,2714,set_statement,Done,,,Q74941,"Q74941|P8814|""02501519-n"""
47825,2715,set_statement,Done,,,Q74941,"Q74941|P5063|""i48804"""
47825,2716,set_statement,Done,,,Q1019157,"Q1019157|P8814|""02502065-n"""
47825,2717,set_statement,Done,,,Q1019157,"Q1019157|P5063|""i48808"""
47825,2718,set_statement,Done,,,Q285214,"Q285214|P8814|""02502331-n"""
47825,2719,set_statement,Done,,,Q285214,"Q285214|P5063|""i48810"""
47825,2720,set_statement,Done,,,Q175626,"Q175626|P8814|""02502621-n"""
47825,2721,set_statement,Done,,,Q175626,"Q175626|P5063|""i48812"""
47825,2722,set_statement,Done,,,Q19816385,"Q19816385|P8814|""02502775-n"""
47825,2723,set_statement,Done,,,Q19816385,"Q19816385|P5063|""i48813"""
47825,2724,set_statement,Done,,,Q1064408,"Q1064408|P8814|""02503103-n"""
47825,2725,set_statement,Done,,,Q1064408,"Q1064408|P5063|""i48815"""
47825,2726,set_statement,Done,,,Q60205,"Q60205|P8814|""02504063-n"""
47825,2727,set_statement,Done,,,Q60205,"Q60205|P5063|""i48820"""
47825,2728,set_statement,Done,,,Q183383,"Q183383|P8814|""02504716-n"""
47825,2729,set_statement,Done,,,Q183383,"Q183383|P5063|""i48824"""
47825,2730,set_statement,Done,,,Q11762767,"Q11762767|P8814|""02504843-n"""
47825,2731,set_statement,Done,,,Q11762767,"Q11762767|P5063|""i48825"""
47825,2732,set_statement,Done,,,Q10751360,"Q10751360|P8814|""02504988-n"""
47825,2733,set_statement,Done,,,Q10751360,"Q10751360|P5063|""i48826"""
47825,2734,set_statement,Done,,,Q2372824,"Q2372824|P8814|""02505944-n"""
47825,2735,set_statement,Done,,,Q2372824,"Q2372824|P5063|""i48831"""
47825,2736,set_statement,Done,,,Q310746,"Q310746|P8814|""02506499-n"""
47825,2737,set_statement,Done,,,Q310746,"Q310746|P5063|""i48834"""
47825,2738,set_statement,Done,,,Q185038,"Q185038|P8814|""02506954-n"""
47825,2739,set_statement,Done,,,Q185038,"Q185038|P5063|""i48837"""
47825,2740,set_statement,Done,,,Q2701841,"Q2701841|P8814|""02507973-n"""
47825,2741,set_statement,Done,,,Q2701841,"Q2701841|P5063|""i48843"""
47825,2742,set_statement,Done,,,Q192272,"Q192272|P8814|""02508440-n"""
47825,2743,set_statement,Done,,,Q192272,"Q192272|P5063|""i48846"""
47825,2744,set_statement,Done,,,Q132604,"Q132604|P8814|""02509261-n"""
47825,2745,set_statement,Done,,,Q132604,"Q132604|P5063|""i48850"""
47825,2746,set_statement,Done,,,Q10808340,"Q10808340|P8814|""02511702-n"""
47825,2747,set_statement,Done,,,Q10808340,"Q10808340|P5063|""i48863"""
47825,2748,set_statement,Done,,,Q148628,"Q148628|P8814|""02512036-n"""
47825,2749,set_statement,Done,,,Q148628,"Q148628|P5063|""i48865"""
47825,2750,set_statement,Done,,,Q19817309,"Q19817309|P8814|""02512325-n"""
47825,2751,set_statement,Done,,,Q19817309,"Q19817309|P5063|""i48867"""
47825,2752,set_statement,Done,,,Q104468335,"Q104468335|P8814|""02512696-n"""
47825,2753,set_statement,Done,,,Q104468335,"Q104468335|P5063|""i48869"""
47825,2754,set_statement,Done,,,Q535979,"Q535979|P8814|""02512871-n"""
47825,2755,set_statement,Done,,,Q535979,"Q535979|P5063|""i48870"""
47825,2756,set_statement,Done,,,Q503788,"Q503788|P8814|""02516829-n"""
47825,2757,set_statement,Done,,,Q503788,"Q503788|P5063|""i48891"""
47825,2758,set_statement,Done,,,Q3218487,"Q3218487|P8814|""02518041-n"""
47825,2759,set_statement,Done,,,Q3218487,"Q3218487|P5063|""i48897"""
47825,2760,set_statement,Done,,,Q133019,"Q133019|P8814|""02518191-n"""
47825,2761,set_statement,Done,,,Q133019,"Q133019|P5063|""i48898"""
47825,2762,set_statement,Done,,,Q3544436,"Q3544436|P8814|""02519058-n"""
47825,2763,set_statement,Done,,,Q3544436,"Q3544436|P5063|""i48902"""
47825,2764,set_statement,Done,,,Q782345,"Q782345|P8814|""02519625-n"""
47825,2765,set_statement,Done,,,Q782345,"Q782345|P5063|""i48906"""
47825,2766,set_statement,Done,,,Q150645,"Q150645|P8814|""02520809-n"""
47825,2767,set_statement,Done,,,Q150645,"Q150645|P5063|""i48911"""
47825,2768,set_statement,Done,,,Q1883238,"Q1883238|P8814|""02521119-n"""
47825,2769,set_statement,Done,,,Q1883238,"Q1883238|P5063|""i48913"""
47825,2770,set_statement,Done,,,Q578666,"Q578666|P8814|""02521444-n"""
47825,2771,set_statement,Done,,,Q578666,"Q578666|P5063|""i48915"""
47825,2772,set_statement,Done,,,Q601085,"Q601085|P8814|""02521621-n"""
47825,2773,set_statement,Done,,,Q601085,"Q601085|P5063|""i48916"""
47825,2774,set_statement,Done,,,Q18677545,"Q18677545|P8814|""02522646-n"""
47825,2775,set_statement,Done,,,Q18677545,"Q18677545|P5063|""i48923"""
47825,2776,set_statement,Done,,,Q663380,"Q663380|P8814|""02523022-n"""
47825,2777,set_statement,Done,,,Q663380,"Q663380|P5063|""i48925"""
47825,2778,set_statement,Done,,,Q2141569,"Q2141569|P8814|""02523616-n"""
47825,2779,set_statement,Done,,,Q2141569,"Q2141569|P5063|""i48929"""
47825,2780,set_statement,Done,,,Q208028,"Q208028|P8814|""02524547-n"""
47825,2781,set_statement,Done,,,Q208028,"Q208028|P5063|""i48934"""
47825,2782,set_statement,Done,,,Q248924,"Q248924|P8814|""02524878-n"""
47825,2783,set_statement,Done,,,Q248924,"Q248924|P5063|""i48935"""
47825,2784,set_statement,Done,,,Q11777489,"Q11777489|P8814|""02525621-n"""
47825,2785,set_statement,Done,,,Q11777489,"Q11777489|P5063|""i48940"""
47825,2786,set_statement,Done,,,Q15278263,"Q15278263|P8814|""02525969-n"""
47825,2787,set_statement,Done,,,Q15278263,"Q15278263|P5063|""i48942"""
47825,2788,set_statement,Done,,,Q17379593,"Q17379593|P8814|""02526381-n"""
47825,2789,set_statement,Done,,,Q17379593,"Q17379593|P5063|""i48945"""
47825,2790,set_statement,Done,,,Q733110,"Q733110|P8814|""02527055-n"""
47825,2791,set_statement,Done,,,Q733110,"Q733110|P5063|""i48949"""
47825,2792,set_statement,Done,,,Q2067751,"Q2067751|P8814|""02527442-n"""
47825,2793,set_statement,Done,,,Q2067751,"Q2067751|P5063|""i48952"""
47825,2794,set_statement,Done,,,Q1042112,"Q1042112|P8814|""02527643-n"""
47825,2795,set_statement,Done,,,Q1042112,"Q1042112|P5063|""i48954"""
47825,2796,set_statement,Done,,,Q13171457,"Q13171457|P8814|""02527918-n"""
47825,2797,set_statement,Done,,,Q13171457,"Q13171457|P5063|""i48956"""
47825,2798,set_statement,Done,,,Q766678,"Q766678|P8814|""02528174-n"""
47825,2799,set_statement,Done,,,Q766678,"Q766678|P5063|""i48958"""
47825,2800,set_statement,Done,,,Q212239,"Q212239|P8814|""02529117-n"""
47825,2801,set_statement,Done,,,Q212239,"Q212239|P5063|""i48963"""
47825,2802,set_statement,Done,,,Q9154612,"Q9154612|P8814|""02529304-n"""
47825,2803,set_statement,Done,,,Q9154612,"Q9154612|P5063|""i48964"""
47825,2804,set_statement,Done,,,Q126476679,"Q126476679|P8814|""02531165-n"""
47825,2805,set_statement,Done,,,Q126476679,"Q126476679|P5063|""i48973"""
47825,2806,set_statement,Done,,,Q14266423,"Q14266423|P8814|""02531580-n"""
47825,2807,set_statement,Done,,,Q14266423,"Q14266423|P5063|""i48974"""
47825,2808,set_statement,Done,,,Q22106396,"Q22106396|P8814|""02531742-n"""
47825,2809,set_statement,Done,,,Q22106396,"Q22106396|P5063|""i48975"""
47825,2810,set_statement,Done,,,Q27141,"Q27141|P8814|""02532146-n"""
47825,2811,set_statement,Done,,,Q27141,"Q27141|P5063|""i48977"""
47825,2812,set_statement,Done,,,Q344999,"Q344999|P8814|""02532925-n"""
47825,2813,set_statement,Done,,,Q344999,"Q344999|P5063|""i48981"""
47825,2814,set_statement,Done,,,Q107268960,"Q107268960|P8814|""02533993-n"""
47825,2815,set_statement,Done,,,Q107268960,"Q107268960|P5063|""i48987"""
47825,2816,set_statement,Done,,,Q4844347,"Q4844347|P8814|""02534134-n"""
47825,2817,set_statement,Done,,,Q4844347,"Q4844347|P5063|""i48988"""
47825,2818,set_statement,Done,,,Q209907,"Q209907|P8814|""02534451-n"""
47825,2819,set_statement,Done,,,Q209907,"Q209907|P5063|""i48990"""
47825,2820,set_statement,Done,,,Q15694866,"Q15694866|P8814|""02535706-n"""
47825,2821,set_statement,Done,,,Q15694866,"Q15694866|P5063|""i48997"""
47825,2822,set_statement,Done,,,Q13403032,"Q13403032|P8814|""02536055-n"""
47825,2823,set_statement,Done,,,Q13403032,"Q13403032|P5063|""i48999"""
47825,2824,set_statement,Done,,,Q192662,"Q192662|P8814|""02536339-n"""
47825,2825,set_statement,Done,,,Q192662,"Q192662|P5063|""i49001"""
47825,2826,set_statement,Done,,,Q281043,"Q281043|P8814|""02536667-n"""
47825,2827,set_statement,Done,,,Q281043,"Q281043|P5063|""i49003"""
47825,2828,set_statement,Done,,,Q310436,"Q310436|P8814|""02537980-n"""
47825,2829,set_statement,Done,,,Q310436,"Q310436|P5063|""i49011"""
47825,2830,set_statement,Done,,,Q782971,"Q782971|P8814|""02541361-n"""
47825,2831,set_statement,Done,,,Q782971,"Q782971|P5063|""i49028"""
47825,2832,set_statement,Done,,,Q311392,"Q311392|P8814|""02541882-n"""
47825,2833,set_statement,Done,,,Q311392,"Q311392|P5063|""i49030"""
47825,2834,set_statement,Done,,,Q2701013,"Q2701013|P8814|""02543268-n"""
47825,2835,set_statement,Done,,,Q2701013,"Q2701013|P5063|""i49038"""
47825,2836,set_statement,Done,,,Q18748434,"Q18748434|P8814|""02543770-n"""
47825,2837,set_statement,Done,,,Q18748434,"Q18748434|P5063|""i49041"""
47825,2838,set_statement,Done,,,Q15220778,"Q15220778|P8814|""02544062-n"""
47825,2839,set_statement,Done,,,Q15220778,"Q15220778|P5063|""i49043"""
47825,2840,set_statement,Done,,,Q1759766,"Q1759766|P8814|""02544214-n"""
47825,2841,set_statement,Done,,,Q1759766,"Q1759766|P5063|""i49044"""
47825,2842,set_statement,Done,,,Q3279738,"Q3279738|P8814|""02544793-n"""
47825,2843,set_statement,Done,,,Q3279738,"Q3279738|P5063|""i49048"""
47825,2844,set_statement,Done,,,Q2669163,"Q2669163|P8814|""02544914-n"""
47825,2845,set_statement,Done,,,Q2669163,"Q2669163|P5063|""i49049"""
47825,2846,set_statement,Done,,,Q2183754,"Q2183754|P8814|""02545435-n"""
47825,2847,set_statement,Done,,,Q2183754,"Q2183754|P5063|""i49052"""
47825,2848,set_statement,Done,,,Q12782074,"Q12782074|P8814|""02546717-n"""
47825,2849,set_statement,Done,,,Q12782074,"Q12782074|P5063|""i49060"""
47825,2850,set_statement,Done,,,Q546243,"Q546243|P8814|""02547385-n"""
47825,2851,set_statement,Done,,,Q546243,"Q546243|P5063|""i49064"""
47825,2852,set_statement,Done,,,Q1766674,"Q1766674|P8814|""02547591-n"""
47825,2853,set_statement,Done,,,Q1766674,"Q1766674|P5063|""i49065"""
47825,2854,set_statement,Done,,,Q135567,"Q135567|P8814|""02548018-n"""
47825,2855,set_statement,Done,,,Q135567,"Q135567|P5063|""i49067"""
47825,2856,set_statement,Done,,,Q16607623,"Q16607623|P8814|""02548200-n"""
47825,2857,set_statement,Done,,,Q16607623,"Q16607623|P5063|""i49068"""
47825,2858,set_statement,Done,,,Q2697754,"Q2697754|P8814|""02549504-n"""
47825,2859,set_statement,Done,,,Q2697754,"Q2697754|P5063|""i49077"""
47825,2860,set_statement,Done,,,Q643135,"Q643135|P8814|""02550759-n"""
47825,2861,set_statement,Done,,,Q643135,"Q643135|P5063|""i49083"""
47825,2862,set_statement,Done,,,Q867549,"Q867549|P8814|""02551153-n"""
47825,2863,set_statement,Done,,,Q867549,"Q867549|P5063|""i49085"""
47825,2864,set_statement,Done,,,Q329667,"Q329667|P8814|""02552164-n"""
47825,2865,set_statement,Done,,,Q329667,"Q329667|P5063|""i49091"""
47825,2866,set_statement,Done,,,Q1342872,"Q1342872|P8814|""02553947-n"""
47825,2867,set_statement,Done,,,Q1342872,"Q1342872|P5063|""i49101"""
47825,2868,set_statement,Done,,,Q3475985,"Q3475985|P8814|""02554125-n"""
47825,2869,set_statement,Done,,,Q3475985,"Q3475985|P5063|""i49102"""
47825,2870,set_statement,Done,,,Q61882741,"Q61882741|P8814|""02555368-n"""
47825,2871,set_statement,Done,,,Q61882741,"Q61882741|P5063|""i49106"""
47825,2872,set_statement,Done,,,Q19917281,"Q19917281|P8814|""02555525-n"""
47825,2873,set_statement,Done,,,Q19917281,"Q19917281|P5063|""i49107"""
47825,2874,set_statement,Done,,,Q797543,"Q797543|P8814|""02558645-n"""
47825,2875,set_statement,Done,,,Q797543,"Q797543|P5063|""i49113"""
47825,2876,set_statement,Done,,,Q2372331,"Q2372331|P8814|""02558826-n"""
47825,2877,set_statement,Done,,,Q2372331,"Q2372331|P5063|""i49114"""
47825,2878,set_statement,Done,,,Q746136,"Q746136|P8814|""02559254-n"""
47825,2879,set_statement,Done,,,Q746136,"Q746136|P5063|""i49116"""
47825,2880,set_statement,Done,,,Q600262,"Q600262|P8814|""02559664-n"""
47825,2881,set_statement,Done,,,Q600262,"Q600262|P5063|""i49118"""
47825,2882,set_statement,Done,,,Q107270743,"Q107270743|P8814|""02560092-n"""
47825,2883,set_statement,Done,,,Q107270743,"Q107270743|P5063|""i49121"""
47825,2884,set_statement,Done,,,Q2195856,"Q2195856|P8814|""02560710-n"""
47825,2885,set_statement,Done,,,Q2195856,"Q2195856|P5063|""i49125"""
47825,2886,set_statement,Done,,,Q134421,"Q134421|P8814|""02560981-n"""
47825,2887,set_statement,Done,,,Q134421,"Q134421|P5063|""i49127"""
47825,2888,set_statement,Done,,,Q35079527,"Q35079527|P8814|""02561611-n"""
47825,2889,set_statement,Done,,,Q35079527,"Q35079527|P5063|""i49131"""
47825,2890,set_statement,Done,,,Q3332482,"Q3332482|P8814|""02562237-n"""
47825,2891,set_statement,Done,,,Q3332482,"Q3332482|P5063|""i49135"""
47825,2892,set_statement,Done,,,Q2140510,"Q2140510|P8814|""02562605-n"""
47825,2893,set_statement,Done,,,Q2140510,"Q2140510|P5063|""i49137"""
47825,2894,set_statement,Done,,,Q787185,"Q787185|P8814|""02563014-n"""
47825,2895,set_statement,Done,,,Q787185,"Q787185|P5063|""i49140"""
47825,2896,set_statement,Done,,,Q1987393,"Q1987393|P8814|""02563454-n"""
47825,2897,set_statement,Done,,,Q1987393,"Q1987393|P5063|""i49142"""
47825,2898,set_statement,Done,,,Q251730,"Q251730|P8814|""02566128-n"""
47825,2899,set_statement,Done,,,Q251730,"Q251730|P5063|""i49157"""
47825,2900,set_statement,Done,,,Q605688,"Q605688|P8814|""02568956-n"""
47825,2901,set_statement,Done,,,Q605688,"Q605688|P5063|""i49172"""
47825,2902,set_statement,Done,,,Q2494913,"Q2494913|P8814|""02570115-n"""
47825,2903,set_statement,Done,,,Q2494913,"Q2494913|P5063|""i49178"""
47825,2904,set_statement,Done,,,Q281106,"Q281106|P8814|""02570957-n"""
47825,2905,set_statement,Done,,,Q281106,"Q281106|P5063|""i49183"""
47825,2906,set_statement,Done,,,Q1071020,"Q1071020|P8814|""02571267-n"""
47825,2907,set_statement,Done,,,Q1071020,"Q1071020|P5063|""i49185"""
47825,2908,set_statement,Done,,,Q284420,"Q284420|P8814|""02571782-n"""
47825,2909,set_statement,Done,,,Q284420,"Q284420|P5063|""i49188"""
47825,2910,set_statement,Done,,,Q2286852,"Q2286852|P8814|""02572669-n"""
47825,2911,set_statement,Done,,,Q2286852,"Q2286852|P5063|""i49194"""
47825,2912,set_statement,Done,,,Q1970835,"Q1970835|P8814|""02572943-n"""
47825,2913,set_statement,Done,,,Q1970835,"Q1970835|P5063|""i49196"""
47825,2914,set_statement,Done,,,Q2479995,"Q2479995|P8814|""02573665-n"""
47825,2915,set_statement,Done,,,Q2479995,"Q2479995|P5063|""i49200"""
47825,2916,set_statement,Done,,,Q2964100,"Q2964100|P8814|""02574117-n"""
47825,2917,set_statement,Done,,,Q2964100,"Q2964100|P5063|""i49203"""
47825,2918,set_statement,Done,,,Q728422,"Q728422|P8814|""02574614-n"""
47825,2919,set_statement,Done,,,Q728422,"Q728422|P5063|""i49206"""
47825,2920,set_statement,Done,,,Q773694,"Q773694|P8814|""02575000-n"""
47825,2921,set_statement,Done,,,Q773694,"Q773694|P5063|""i49208"""
47825,2922,set_statement,Done,,,Q779231,"Q779231|P8814|""02575259-n"""
47825,2923,set_statement,Done,,,Q779231,"Q779231|P5063|""i49210"""
47825,2924,set_statement,Done,,,Q2534510,"Q2534510|P8814|""02575706-n"""
47825,2925,set_statement,Done,,,Q2534510,"Q2534510|P5063|""i49213"""
47825,2926,set_statement,Done,,,Q12809595,"Q12809595|P8814|""02576037-n"""
47825,2927,set_statement,Done,,,Q12809595,"Q12809595|P5063|""i49215"""
47825,2928,set_statement,Done,,,Q10351126,"Q10351126|P8814|""02576194-n"""
47825,2929,set_statement,Done,,,Q10351126,"Q10351126|P5063|""i49216"""
47825,2930,set_statement,Done,,,Q13035888,"Q13035888|P8814|""02576549-n"""
47825,2931,set_statement,Done,,,Q13035888,"Q13035888|P5063|""i49218"""
47825,2932,set_statement,Done,,,Q14250612,"Q14250612|P8814|""02576724-n"""
47825,2933,set_statement,Done,,,Q14250612,"Q14250612|P5063|""i49219"""
47825,2934,set_statement,Done,,,Q239771,"Q239771|P8814|""02577282-n"""
47825,2935,set_statement,Done,,,Q239771,"Q239771|P5063|""i49222"""
47825,2936,set_statement,Done,,,Q2709145,"Q2709145|P8814|""02577799-n"""
47825,2937,set_statement,Done,,,Q2709145,"Q2709145|P5063|""i49224"""
47825,2938,set_statement,Done,,,Q107270439,"Q107270439|P8814|""02578086-n"""
47825,2939,set_statement,Done,,,Q107270439,"Q107270439|P5063|""i49226"""
47825,2940,set_statement,Done,,,Q139783,"Q139783|P8814|""02579091-n"""
47825,2941,set_statement,Done,,,Q139783,"Q139783|P5063|""i49230"""
47825,2942,set_statement,Done,,,Q15240873,"Q15240873|P8814|""02579922-n"""
47825,2943,set_statement,Done,,,Q15240873,"Q15240873|P5063|""i49235"""
47825,2944,set_statement,Done,,,Q2963482,"Q2963482|P8814|""02580454-n"""
47825,2945,set_statement,Done,,,Q2963482,"Q2963482|P5063|""i49239"""
47825,2946,set_statement,Done,,,Q671979,"Q671979|P8814|""02580756-n"""
47825,2947,set_statement,Done,,,Q671979,"Q671979|P5063|""i49241"""
47825,2948,set_statement,Done,,,Q1093514,"Q1093514|P8814|""02581235-n"""
47825,2949,set_statement,Done,,,Q1093514,"Q1093514|P5063|""i49244"""
47825,2950,set_statement,Done,,,Q17141301,"Q17141301|P8814|""02582686-n"""
47825,2951,set_statement,Done,,,Q17141301,"Q17141301|P5063|""i49253"""
47825,2952,set_statement,Done,,,Q745504,"Q745504|P8814|""02583622-n"""
47825,2953,set_statement,Done,,,Q745504,"Q745504|P5063|""i49259"""
47825,2954,set_statement,Done,,,Q903235,"Q903235|P8814|""02583920-n"""
47825,2955,set_statement,Done,,,Q903235,"Q903235|P5063|""i49261"""
47825,2956,set_statement,Done,,,Q13170001,"Q13170001|P8814|""02584434-n"""
47825,2957,set_statement,Done,,,Q13170001,"Q13170001|P5063|""i49264"""
47825,2958,set_statement,Done,,,Q1053062,"Q1053062|P8814|""02585222-n"""
47825,2959,set_statement,Done,,,Q1053062,"Q1053062|P5063|""i49269"""
47825,2960,set_statement,Done,,,Q33135518,"Q33135518|P8814|""02585550-n"""
47825,2961,set_statement,Done,,,Q33135518,"Q33135518|P5063|""i49271"""
47825,2962,set_statement,Done,,,Q134548,"Q134548|P8814|""02586399-n"""
47825,2963,set_statement,Done,,,Q134548,"Q134548|P5063|""i49276"""
47825,2964,set_statement,Done,,,Q132910,"Q132910|P8814|""02586635-n"""
47825,2965,set_statement,Done,,,Q132910,"Q132910|P5063|""i49278"""
47825,2966,set_statement,Done,,,Q972721,"Q972721|P8814|""02586956-n"""
47825,2967,set_statement,Done,,,Q972721,"Q972721|P5063|""i49280"""
47825,2968,set_statement,Done,,,Q1770703,"Q1770703|P8814|""02588760-n"""
47825,2969,set_statement,Done,,,Q1770703,"Q1770703|P5063|""i49289"""
47825,2970,set_statement,Done,,,Q849160,"Q849160|P8814|""02589013-n"""
47825,2971,set_statement,Done,,,Q849160,"Q849160|P5063|""i49291"""
47825,2972,set_statement,Done,,,Q139141,"Q139141|P8814|""02589496-n"""
47825,2973,set_statement,Done,,,Q139141,"Q139141|P5063|""i49293"""
47825,2974,set_statement,Done,,,Q2212925,"Q2212925|P8814|""02590391-n"""
47825,2975,set_statement,Done,,,Q2212925,"Q2212925|P5063|""i49298"""
47825,2976,set_statement,Done,,,Q772044,"Q772044|P8814|""02591210-n"""
47825,2977,set_statement,Done,,,Q772044,"Q772044|P5063|""i49302"""
47825,2978,set_statement,Done,,,Q432412,"Q432412|P8814|""02593835-n"""
47825,2979,set_statement,Done,,,Q432412,"Q432412|P5063|""i49317"""
47825,2980,set_statement,Done,,,Q1654733,"Q1654733|P8814|""02594123-n"""
47825,2981,set_statement,Done,,,Q1654733,"Q1654733|P5063|""i49319"""
47825,2982,set_statement,Done,,,Q2623566,"Q2623566|P8814|""02594387-n"""
47825,2983,set_statement,Done,,,Q2623566,"Q2623566|P5063|""i49321"""
47825,2984,set_statement,Done,,,Q13217680,"Q13217680|P8814|""02594874-n"""
47825,2985,set_statement,Done,,,Q13217680,"Q13217680|P5063|""i49324"""
47825,2986,set_statement,Done,,,Q2729463,"Q2729463|P8814|""02595237-n"""
47825,2987,set_statement,Done,,,Q2729463,"Q2729463|P5063|""i49326"""
47825,2988,set_statement,Done,,,Q19851071,"Q19851071|P8814|""02595496-n"""
47825,2989,set_statement,Done,,,Q19851071,"Q19851071|P5063|""i49328"""
47825,2990,set_statement,Done,,,Q1980894,"Q1980894|P8814|""02595983-n"""
47825,2991,set_statement,Done,,,Q1980894,"Q1980894|P5063|""i49331"""
47825,2992,set_statement,Done,,,Q216634,"Q216634|P8814|""02596493-n"""
47825,2993,set_statement,Done,,,Q216634,"Q216634|P5063|""i49334"""
47825,2994,set_statement,Done,,,Q145353,"Q145353|P8814|""02597847-n"""
47825,2995,set_statement,Done,,,Q145353,"Q145353|P5063|""i49340"""
47825,2996,set_statement,Done,,,Q14718316,"Q14718316|P8814|""02598199-n"""
47825,2997,set_statement,Done,,,Q14718316,"Q14718316|P5063|""i49342"""
47825,2998,set_statement,Done,,,Q2260146,"Q2260146|P8814|""02598532-n"""
47825,2999,set_statement,Done,,,Q2260146,"Q2260146|P5063|""i49344"""
47825,3000,set_statement,Done,,,Q2705026,"Q2705026|P8814|""02599222-n"""
47825,3001,set_statement,Done,,,Q2705026,"Q2705026|P5063|""i49348"""
47825,3002,set_statement,Done,,,Q2478227,"Q2478227|P8814|""02599518-n"""
47825,3003,set_statement,Done,,,Q2478227,"Q2478227|P5063|""i49350"""
47825,3004,set_statement,Done,,,Q135256,"Q135256|P8814|""02599803-n"""
47825,3005,set_statement,Done,,,Q135256,"Q135256|P5063|""i49352"""
47825,3006,set_statement,Done,,,Q17152657,"Q17152657|P8814|""02601068-n"""
47825,3007,set_statement,Done,,,Q17152657,"Q17152657|P5063|""i49359"""
47825,3008,set_statement,Done,,,Q14721204,"Q14721204|P8814|""02601377-n"""
47825,3009,set_statement,Done,,,Q14721204,"Q14721204|P5063|""i49361"""
47825,3010,set_statement,Done,,,Q1289177,"Q1289177|P8814|""02602765-n"""
47825,3011,set_statement,Done,,,Q1289177,"Q1289177|P5063|""i49369"""
47825,3012,set_statement,Done,,,Q2265003,"Q2265003|P8814|""02603287-n"""
47825,3013,set_statement,Done,,,Q2265003,"Q2265003|P5063|""i49372"""
47825,3014,set_statement,Done,,,Q2636021,"Q2636021|P8814|""02605250-n"""
47825,3015,set_statement,Done,,,Q2636021,"Q2636021|P5063|""i49383"""
47825,3016,set_statement,Done,,,Q13166704,"Q13166704|P8814|""02605600-n"""
47825,3017,set_statement,Done,,,Q13166704,"Q13166704|P5063|""i49385"""
47825,3018,set_statement,Done,,,Q193921,"Q193921|P8814|""02605804-n"""
47825,3019,set_statement,Done,,,Q193921,"Q193921|P5063|""i49386"""
47825,3020,set_statement,Done,,,Q1130631,"Q1130631|P8814|""02606644-n"""
47825,3021,set_statement,Done,,,Q1130631,"Q1130631|P5063|""i49391"""
47825,3022,set_statement,Done,,,Q637670,"Q637670|P8814|""02607287-n"""
47825,3023,set_statement,Done,,,Q637670,"Q637670|P5063|""i49395"""
47825,3024,set_statement,Done,,,Q596898,"Q596898|P8814|""02607441-n"""
47825,3025,set_statement,Done,,,Q596898,"Q596898|P5063|""i49396"""
47825,3026,set_statement,Done,,,Q762409,"Q762409|P8814|""02608439-n"""
47825,3027,set_statement,Done,,,Q762409,"Q762409|P5063|""i49402"""
47825,3028,set_statement,Done,,,Q501720,"Q501720|P8814|""02608824-n"""
47825,3029,set_statement,Done,,,Q501720,"Q501720|P5063|""i49405"""
47825,3030,set_statement,Done,,,Q934789,"Q934789|P8814|""02609220-n"""
47825,3031,set_statement,Done,,,Q934789,"Q934789|P5063|""i49407"""
47825,3032,set_statement,Done,,,Q6193348,"Q6193348|P8814|""02609556-n"""
47825,3033,set_statement,Done,,,Q6193348,"Q6193348|P5063|""i49409"""
47825,3034,set_statement,Done,,,Q132841,"Q132841|P8814|""02609975-n"""
47825,3035,set_statement,Done,,,Q132841,"Q132841|P5063|""i49412"""
47825,3036,set_statement,Done,,,Q370454,"Q370454|P8814|""02610781-n"""
47825,3037,set_statement,Done,,,Q370454,"Q370454|P5063|""i49416"""
47825,3038,set_statement,Done,,,Q134935,"Q134935|P8814|""02611338-n"""
47825,3039,set_statement,Done,,,Q134935,"Q134935|P5063|""i49420"""
47825,3040,set_statement,Done,,,Q137133,"Q137133|P8814|""02611799-n"""
47825,3041,set_statement,Done,,,Q137133,"Q137133|P5063|""i49423"""
47825,3042,set_statement,Done,,,Q50376969,"Q50376969|P8814|""02612096-n"""
47825,3043,set_statement,Done,,,Q50376969,"Q50376969|P5063|""i49425"""
47825,3044,set_statement,Done,,,Q1928709,"Q1928709|P8814|""02616064-n"""
47825,3045,set_statement,Done,,,Q1928709,"Q1928709|P5063|""i49448"""
47825,3046,set_statement,Done,,,Q3951720,"Q3951720|P8814|""02616317-n"""
47825,3047,set_statement,Done,,,Q3951720,"Q3951720|P5063|""i49450"""
47825,3048,set_statement,Done,,,Q2371271,"Q2371271|P8814|""02616918-n"""
47825,3049,set_statement,Done,,,Q2371271,"Q2371271|P5063|""i49454"""
47825,3050,set_statement,Done,,,Q2704983,"Q2704983|P8814|""02617787-n"""
47825,3051,set_statement,Done,,,Q2704983,"Q2704983|P5063|""i49459"""
47825,3052,set_statement,Done,,,Q300929,"Q300929|P8814|""02619659-n"""
47825,3053,set_statement,Done,,,Q300929,"Q300929|P5063|""i49471"""
47825,3054,set_statement,Done,,,Q620717,"Q620717|P8814|""02620319-n"""
47825,3055,set_statement,Done,,,Q620717,"Q620717|P5063|""i49475"""
47825,3056,set_statement,Done,,,Q107271202,"Q107271202|P8814|""02620586-n"""
47825,3057,set_statement,Done,,,Q107271202,"Q107271202|P5063|""i49477"""
47825,3058,set_statement,Done,,,Q695712,"Q695712|P8814|""02620874-n"""
47825,3059,set_statement,Done,,,Q695712,"Q695712|P5063|""i49479"""
47825,3060,set_statement,Done,,,Q2624613,"Q2624613|P8814|""02621002-n"""
47825,3061,set_statement,Done,,,Q2624613,"Q2624613|P5063|""i49480"""
47825,3062,set_statement,Done,,,Q662601,"Q662601|P8814|""02622039-n"""
47825,3063,set_statement,Done,,,Q662601,"Q662601|P5063|""i49486"""
47825,3064,set_statement,Done,,,Q1651138,"Q1651138|P8814|""02622663-n"""
47825,3065,set_statement,Done,,,Q1651138,"Q1651138|P5063|""i49490"""
47825,3066,set_statement,Done,,,Q15207743,"Q15207743|P8814|""02622948-n"""
47825,3067,set_statement,Done,,,Q15207743,"Q15207743|P5063|""i49492"""
47825,3068,set_statement,Done,,,Q732534,"Q732534|P8814|""02623073-n"""
47825,3069,set_statement,Done,,,Q732534,"Q732534|P5063|""i49493"""
47825,3070,set_statement,Done,,,Q1093168,"Q1093168|P8814|""02623456-n"""
47825,3071,set_statement,Done,,,Q1093168,"Q1093168|P5063|""i49495"""
47825,3072,set_statement,Done,,,Q648200,"Q648200|P8814|""02624049-n"""
47825,3073,set_statement,Done,,,Q648200,"Q648200|P5063|""i49499"""
47825,3074,set_statement,Done,,,Q14265654,"Q14265654|P8814|""02624760-n"""
47825,3075,set_statement,Done,,,Q14265654,"Q14265654|P5063|""i49503"""
47825,3076,set_statement,Done,,,Q12816990,"Q12816990|P8814|""02625038-n"""
47825,3077,set_statement,Done,,,Q12816990,"Q12816990|P5063|""i49505"""
47825,3078,set_statement,Done,,,Q3593412,"Q3593412|P8814|""02627007-n"""
47825,3079,set_statement,Done,,,Q3593412,"Q3593412|P5063|""i49514"""
47825,3080,set_statement,Done,,,Q17152321,"Q17152321|P8814|""02627762-n"""
47825,3081,set_statement,Done,,,Q17152321,"Q17152321|P5063|""i49518"""
47825,3082,set_statement,Done,,,Q2346039,"Q2346039|P8814|""02629220-n"""
47825,3083,set_statement,Done,,,Q2346039,"Q2346039|P5063|""i49526"""
47825,3084,set_statement,Done,,,Q250377,"Q250377|P8814|""02631097-n"""
47825,3085,set_statement,Done,,,Q250377,"Q250377|P5063|""i49535"""
47825,3086,set_statement,Done,,,Q17152354,"Q17152354|P8814|""02631486-n"""
47825,3087,set_statement,Done,,,Q17152354,"Q17152354|P5063|""i49537"""
47825,3088,set_statement,Done,,,Q567749,"Q567749|P8814|""02632065-n"""
47825,3089,set_statement,Done,,,Q567749,"Q567749|P5063|""i49540"""
47825,3090,set_statement,Done,,,Q14182864,"Q14182864|P8814|""02632211-n"""
47825,3091,set_statement,Done,,,Q14182864,"Q14182864|P5063|""i49541"""
47825,3092,set_statement,Done,,,Q30961,"Q30961|P8814|""02632682-n"""
47825,3093,set_statement,Done,,,Q30961,"Q30961|P5063|""i49543"""
47825,3094,set_statement,Done,,,Q517091,"Q517091|P8814|""02634529-n"""
47825,3095,set_statement,Done,,,Q517091,"Q517091|P5063|""i49554"""
47825,3096,set_statement,Done,,,Q1817202,"Q1817202|P8814|""02634869-n"""
47825,3097,set_statement,Done,,,Q1817202,"Q1817202|P5063|""i49556"""
47825,3098,set_statement,Done,,,Q16573319,"Q16573319|P8814|""02634989-n"""
47825,3099,set_statement,Done,,,Q16573319,"Q16573319|P5063|""i49557"""
47825,3100,set_statement,Done,,,Q2714710,"Q2714710|P8814|""02636474-n"""
47825,3101,set_statement,Done,,,Q2714710,"Q2714710|P5063|""i49565"""
47825,3102,set_statement,Done,,,Q1887029,"Q1887029|P8814|""02636786-n"""
47825,3103,set_statement,Done,,,Q1887029,"Q1887029|P5063|""i49567"""
47825,3104,set_statement,Done,,,Q2116400,"Q2116400|P8814|""02637347-n"""
47825,3105,set_statement,Done,,,Q2116400,"Q2116400|P5063|""i49571"""
47825,3106,set_statement,Done,,,Q559345,"Q559345|P8814|""02637940-n"""
47825,3107,set_statement,Done,,,Q559345,"Q559345|P5063|""i49575"""
47825,3108,set_statement,Done,,,Q1989044,"Q1989044|P8814|""02638089-n"""
47825,3109,set_statement,Done,,,Q1989044,"Q1989044|P5063|""i49576"""
47825,3110,set_statement,Done,,,Q270322,"Q270322|P8814|""02639296-n"""
47825,3111,set_statement,Done,,,Q270322,"Q270322|P5063|""i49584"""
47825,3112,set_statement,Done,,,Q2029813,"Q2029813|P8814|""02639967-n"""
47825,3113,set_statement,Done,,,Q2029813,"Q2029813|P5063|""i49588"""
47825,3114,set_statement,Done,,,Q141948,"Q141948|P8814|""02641465-n"""
47825,3115,set_statement,Done,,,Q141948,"Q141948|P5063|""i49596"""
47825,3116,set_statement,Done,,,Q4064288,"Q4064288|P8814|""02641590-n"""
47825,3117,set_statement,Done,,,Q4064288,"Q4064288|P5063|""i49597"""
47825,3118,set_statement,Done,,,Q858011,"Q858011|P8814|""02641942-n"""
47825,3119,set_statement,Done,,,Q858011,"Q858011|P5063|""i49599"""
47825,3120,set_statement,Done,,,Q18521053,"Q18521053|P8814|""02642416-n"""
47825,3121,set_statement,Done,,,Q18521053,"Q18521053|P5063|""i49602"""
47825,3122,set_statement,Done,,,Q181871,"Q181871|P8814|""02642723-n"""
47825,3123,set_statement,Done,,,Q181871,"Q181871|P5063|""i49604"""
47825,3124,set_statement,Done,,,Q174020,"Q174020|P8814|""02643083-n"""
47825,3125,set_statement,Done,,,Q174020,"Q174020|P5063|""i49606"""
47825,3126,set_statement,Done,,,Q506144,"Q506144|P8814|""02643693-n"""
47825,3127,set_statement,Done,,,Q506144,"Q506144|P5063|""i49609"""
47825,3128,set_statement,Done,,,Q208777,"Q208777|P8814|""02644238-n"""
47825,3129,set_statement,Done,,,Q208777,"Q208777|P5063|""i49612"""
47825,3130,set_statement,Done,,,Q13396094,"Q13396094|P8814|""02646343-n"""
47825,3131,set_statement,Done,,,Q13396094,"Q13396094|P5063|""i49622"""
47825,3132,set_statement,Done,,,Q149077,"Q149077|P8814|""02646619-n"""
47825,3133,set_statement,Done,,,Q149077,"Q149077|P5063|""i49624"""
47825,3134,set_statement,Done,,,Q513998,"Q513998|P8814|""02647597-n"""
47825,3135,set_statement,Done,,,Q513998,"Q513998|P5063|""i49630"""
47825,3136,set_statement,Done,,,Q134913,"Q134913|P8814|""02647773-n"""
47825,3137,set_statement,Done,,,Q134913,"Q134913|P5063|""i49631"""
47825,3138,set_statement,Done,,,Q107269468,"Q107269468|P8814|""02648747-n"""
47825,3139,set_statement,Done,,,Q107269468,"Q107269468|P5063|""i49637"""
47825,3140,set_statement,Done,,,Q4057200,"Q4057200|P8814|""02649007-n"""
47825,3141,set_statement,Done,,,Q4057200,"Q4057200|P5063|""i49639"""
47825,3142,set_statement,Done,,,Q18001776,"Q18001776|P8814|""02649138-n"""
47825,3143,set_statement,Done,,,Q18001776,"Q18001776|P5063|""i49640"""
47825,3144,set_statement,Done,,,Q1030003,"Q1030003|P8814|""02650133-n"""
47825,3145,set_statement,Done,,,Q1030003,"Q1030003|P5063|""i49646"""
47825,3146,set_statement,Done,,,Q1449104,"Q1449104|P8814|""02650804-n"""
47825,3147,set_statement,Done,,,Q1449104,"Q1449104|P5063|""i49650"""
47825,3148,set_statement,Done,,,Q2183433,"Q2183433|P8814|""02651712-n"""
47825,3149,set_statement,Done,,,Q2183433,"Q2183433|P5063|""i49656"""
47825,3150,set_statement,Done,,,Q1072599,"Q1072599|P8814|""02652030-n"""
47825,3151,set_statement,Done,,,Q1072599,"Q1072599|P5063|""i49658"""
47825,3152,set_statement,Done,,,Q14506504,"Q14506504|P8814|""02652912-n"""
47825,3153,set_statement,Done,,,Q14506504,"Q14506504|P5063|""i49662"""
47825,3154,set_statement,Done,,,Q1951787,"Q1951787|P8814|""02654042-n"""
47825,3155,set_statement,Done,,,Q1951787,"Q1951787|P5063|""i49669"""
47825,3156,set_statement,Done,,,Q16538599,"Q16538599|P8814|""02654635-n"""
47825,3157,set_statement,Done,,,Q16538599,"Q16538599|P5063|""i49672"""
47825,3158,set_statement,Done,,,Q211837,"Q211837|P8814|""02654965-n"""
47825,3159,set_statement,Done,,,Q211837,"Q211837|P5063|""i49674"""
47825,3160,set_statement,Done,,,Q35016,"Q35016|P8814|""02655989-n"""
47825,3161,set_statement,Done,,,Q35016,"Q35016|P5063|""i49678"""
47825,3162,set_statement,Done,,,Q948098,"Q948098|P8814|""02656285-n"""
47825,3163,set_statement,Done,,,Q948098,"Q948098|P5063|""i49680"""
47825,3164,set_statement,Done,,,Q56847,"Q56847|P8814|""02656595-n"""
47825,3165,set_statement,Done,,,Q56847,"Q56847|P5063|""i49682"""
47825,3166,set_statement,Done,,,Q82855,"Q82855|P8814|""02657239-n"""
47825,3167,set_statement,Done,,,Q82855,"Q82855|P5063|""i49686"""
47825,3168,set_statement,Done,,,Q1809104,"Q1809104|P8814|""02658324-n"""
47825,3169,set_statement,Done,,,Q1809104,"Q1809104|P5063|""i49692"""
47825,3170,set_statement,Done,,,Q2690499,"Q2690499|P8814|""02658801-n"""
47825,3171,set_statement,Done,,,Q2690499,"Q2690499|P5063|""i49695"""
47825,3172,set_statement,Done,,,Q1178471,"Q1178471|P8814|""02659180-n"""
47825,3173,set_statement,Done,,,Q1178471,"Q1178471|P5063|""i49698"""
47825,3174,set_statement,Done,,,Q572495,"Q572495|P8814|""02661011-n"""
47825,3175,set_statement,Done,,,Q572495,"Q572495|P5063|""i49706"""
47825,3176,set_statement,Done,,,Q849396,"Q849396|P8814|""02661300-n"""
47825,3177,set_statement,Done,,,Q849396,"Q849396|P5063|""i49708"""
47825,3178,set_statement,Done,,,Q549006,"Q549006|P8814|""02662297-n"""
47825,3179,set_statement,Done,,,Q549006,"Q549006|P5063|""i49714"""
47825,3180,set_statement,Done,,,Q2697230,"Q2697230|P8814|""02663042-n"""
47825,3181,set_statement,Done,,,Q2697230,"Q2697230|P5063|""i49719"""
47825,3182,set_statement,Done,,,Q838524,"Q838524|P8814|""02663399-n"""
47825,3183,set_statement,Done,,,Q838524,"Q838524|P5063|""i49722"""
47825,3184,set_statement,Done,,,Q5404893,"Q5404893|P8814|""02664395-n"""
47825,3185,set_statement,Done,,,Q5404893,"Q5404893|P5063|""i49727"""
47825,3186,set_statement,Done,,,Q2491501,"Q2491501|P8814|""02664711-n"""
47825,3187,set_statement,Done,,,Q2491501,"Q2491501|P5063|""i49729"""
47825,3188,set_statement,Done,,,Q2705790,"Q2705790|P8814|""02665318-n"""
47825,3189,set_statement,Done,,,Q2705790,"Q2705790|P5063|""i49733"""
47825,3190,set_statement,Done,,,Q2499212,"Q2499212|P8814|""02665716-n"""
47825,3191,set_statement,Done,,,Q2499212,"Q2499212|P5063|""i49736"""
47825,3192,set_statement,Done,,,Q531725,"Q531725|P8814|""02666766-n"""
47825,3193,set_statement,Done,,,Q531725,"Q531725|P5063|""i49742"""
47825,3194,set_statement,Done,,,Q3014512,"Q3014512|P8814|""02667141-n"""
47825,3195,set_statement,Done,,,Q3014512,"Q3014512|P5063|""i49745"""
47825,3196,set_statement,Done,,,Q14672291,"Q14672291|P8814|""02667453-n"""
47825,3197,set_statement,Done,,,Q14672291,"Q14672291|P5063|""i49747"""
47825,3198,set_statement,Done,,,Q224890,"Q224890|P8814|""02667749-n"""
47825,3199,set_statement,Done,,,Q224890,"Q224890|P5063|""i49749"""
47825,3200,set_statement,Error,combining_failed,The next command failed,Q65159628,"Q65159628|P8814|""09009061-n"""
47825,3201,set_statement,Error,api_user_error,Error 409 ('redirected-item'): Item Q65159628 has been redirected to Q49333691.,Q65159628,"Q65159628|P5063|""i83914"""
47825,3202,set_statement,Done,,,Q1423009,"Q1423009|P8814|""10826216-n"""
47825,3203,set_statement,Done,,,Q1423009,"Q1423009|P5063|""i94235"""
47825,3204,set_statement,Done,,,Q164720,"Q164720|P8814|""11351058-n"""
47825,3205,set_statement,Done,,,Q164720,"Q164720|P5063|""i97099"""
47825,3206,set_statement,Done,,,Q5696912,"Q5696912|P8814|""11558792-n"""
47825,3207,set_statement,Done,,,Q5696912,"Q5696912|P5063|""i98233"""
47825,3208,set_statement,Done,,,Q1050205,"Q1050205|P8814|""11559033-n"""
47825,3209,set_statement,Done,,,Q1050205,"Q1050205|P5063|""i98234"""
47825,3210,set_statement,Done,,,Q831482,"Q831482|P8814|""11559386-n"""
47825,3211,set_statement,Done,,,Q831482,"Q831482|P5063|""i98237"""
47825,3212,set_statement,Done,,,Q2846441,"Q2846441|P8814|""11560126-n"""
47825,3213,set_statement,Done,,,Q2846441,"Q2846441|P5063|""i98240"""
47825,3214,set_statement,Done,,,Q140344,"Q140344|P8814|""11560451-n"""
47825,3215,set_statement,Done,,,Q140344,"Q140344|P5063|""i98242"""
47825,3216,set_statement,Done,,,Q141514,"Q141514|P8814|""11560681-n"""
47825,3217,set_statement,Done,,,Q141514,"Q141514|P5063|""i98243"""
47825,3218,set_statement,Done,,,Q17277039,"Q17277039|P8814|""11561198-n"""
47825,3219,set_statement,Done,,,Q17277039,"Q17277039|P5063|""i98246"""
47825,3220,set_statement,Done,,,Q140324,"Q140324|P8814|""11561421-n"""
47825,3221,set_statement,Done,,,Q140324,"Q140324|P5063|""i98247"""
47825,3222,set_statement,Done,,,Q146228,"Q146228|P8814|""11561562-n"""
47825,3223,set_statement,Done,,,Q146228,"Q146228|P5063|""i98248"""
47825,3224,set_statement,Done,,,Q1138673,"Q1138673|P8814|""11562164-n"""
47825,3225,set_statement,Done,,,Q1138673,"Q1138673|P5063|""i98251"""
47825,3226,set_statement,Done,,,Q16111747,"Q16111747|P8814|""11562792-n"""
47825,3227,set_statement,Done,,,Q16111747,"Q16111747|P5063|""i98254"""
47825,3228,set_statement,Done,,,Q139099,"Q139099|P8814|""11563880-n"""
47825,3229,set_statement,Done,,,Q139099,"Q139099|P5063|""i98259"""
47825,3230,set_statement,Done,,,Q138798,"Q138798|P8814|""11564053-n"""
47825,3231,set_statement,Done,,,Q138798,"Q138798|P5063|""i98260"""
47825,3232,set_statement,Done,,,Q147918,"Q147918|P8814|""11564582-n"""
47825,3233,set_statement,Done,,,Q147918,"Q147918|P5063|""i98263"""
47825,3234,set_statement,Done,,,Q5625083,"Q5625083|P8814|""11615763-n"""
47825,3235,set_statement,Done,,,Q5625083,"Q5625083|P5063|""i98330"""
47825,3236,set_statement,Done,,,Q1011212,"Q1011212|P8814|""11616937-n"""
47825,3237,set_statement,Done,,,Q1011212,"Q1011212|P5063|""i98333"""
47825,3238,set_statement,Done,,,Q2705562,"Q2705562|P8814|""11617296-n"""
47825,3239,set_statement,Done,,,Q2705562,"Q2705562|P5063|""i98334"""
47825,3240,set_statement,Done,,,Q2056554,"Q2056554|P8814|""11617577-n"""
47825,3241,set_statement,Done,,,Q2056554,"Q2056554|P5063|""i98335"""
47825,3242,set_statement,Done,,,Q10376735,"Q10376735|P8814|""11618375-n"""
47825,3243,set_statement,Done,,,Q10376735,"Q10376735|P5063|""i98338"""
47825,3244,set_statement,Done,,,Q8342894,"Q8342894|P8814|""11618551-n"""
47825,3245,set_statement,Done,,,Q8342894,"Q8342894|P5063|""i98339"""
47825,3246,set_statement,Done,,,Q10780833,"Q10780833|P8814|""11619442-n"""
47825,3247,set_statement,Done,,,Q10780833,"Q10780833|P5063|""i98344"""
47825,3248,set_statement,Done,,,Q15044266,"Q15044266|P8814|""11619616-n"""
47825,3249,set_statement,Done,,,Q15044266,"Q15044266|P5063|""i98345"""
47825,3250,set_statement,Done,,,Q5605610,"Q5605610|P8814|""11620145-n"""
47825,3251,set_statement,Done,,,Q5605610,"Q5605610|P5063|""i98347"""
47825,3252,set_statement,Done,,,Q11773804,"Q11773804|P8814|""11621122-n"""
47825,3253,set_statement,Done,,,Q11773804,"Q11773804|P5063|""i98350"""
47825,3254,set_statement,Done,,,Q133329,"Q133329|P8814|""11621938-n"""
47825,3255,set_statement,Done,,,Q133329,"Q133329|P5063|""i98354"""
47825,3256,set_statement,Done,,,Q132823,"Q132823|P8814|""11624676-n"""
47825,3257,set_statement,Done,,,Q132823,"Q132823|P5063|""i98368"""
47825,3258,set_statement,Done,,,Q15050378,"Q15050378|P8814|""11624844-n"""
47825,3259,set_statement,Done,,,Q15050378,"Q15050378|P5063|""i98369"""
47825,3260,set_statement,Done,,,Q15617175,"Q15617175|P8814|""11625149-n"""
47825,3261,set_statement,Done,,,Q15617175,"Q15617175|P5063|""i98371"""
47825,3262,set_statement,Done,,,Q573940,"Q573940|P8814|""11625355-n"""
47825,3263,set_statement,Done,,,Q573940,"Q573940|P5063|""i98372"""
47825,3264,set_statement,Done,,,Q3840994,"Q3840994|P8814|""11625847-n"""
47825,3265,set_statement,Done,,,Q3840994,"Q3840994|P5063|""i98374"""
47825,3266,set_statement,Done,,,Q16050271,"Q16050271|P8814|""11626159-n"""
47825,3267,set_statement,Done,,,Q16050271,"Q16050271|P5063|""i98376"""
47825,3268,set_statement,Done,,,Q1329304,"Q1329304|P8814|""11627522-n"""
47825,3269,set_statement,Done,,,Q1329304,"Q1329304|P5063|""i98380"""
47825,3270,set_statement,Done,,,Q14107023,"Q14107023|P8814|""11627843-n"""
47825,3271,set_statement,Done,,,Q14107023,"Q14107023|P5063|""i98381"""
47825,3272,set_statement,Done,,,Q101680,"Q101680|P8814|""11628190-n"""
47825,3273,set_statement,Done,,,Q101680,"Q101680|P5063|""i98382"""
47825,3274,set_statement,Done,,,Q12024,"Q12024|P8814|""11628506-n"""
47825,3275,set_statement,Done,,,Q12024,"Q12024|P5063|""i98383"""
47825,3276,set_statement,Done,,,Q25618,"Q25618|P8814|""11639201-n"""
47825,3277,set_statement,Done,,,Q25618,"Q25618|P5063|""i98432"""
47825,3278,set_statement,Done,,,Q128550,"Q128550|P8814|""11643439-n"""
47825,3279,set_statement,Done,,,Q128550,"Q128550|P5063|""i98454"""
47825,3280,set_statement,Done,,,Q158771,"Q158771|P8814|""11648735-n"""
47825,3281,set_statement,Done,,,Q158771,"Q158771|P5063|""i98482"""
47825,3282,set_statement,Done,,,Q1543178,"Q1543178|P8814|""11649662-n"""
47825,3283,set_statement,Done,,,Q1543178,"Q1543178|P5063|""i98487"""
47825,3284,set_statement,Done,,,Q146037,"Q146037|P8814|""11649952-n"""
47825,3285,set_statement,Done,,,Q146037,"Q146037|P5063|""i98489"""
47825,3286,set_statement,Done,,,Q1368777,"Q1368777|P8814|""11653245-n"""
47825,3287,set_statement,Done,,,Q1368777,"Q1368777|P5063|""i98502"""
47825,3288,set_statement,Done,,,Q1072934,"Q1072934|P8814|""11653567-n"""
47825,3289,set_statement,Done,,,Q1072934,"Q1072934|P5063|""i98504"""
47825,3290,set_statement,Done,,,Q765246,"Q765246|P8814|""11654977-n"""
47825,3291,set_statement,Done,,,Q765246,"Q765246|P5063|""i98512"""
47825,3292,set_statement,Done,,,Q12323064,"Q12323064|P8814|""11656519-n"""
47825,3293,set_statement,Done,,,Q12323064,"Q12323064|P5063|""i98519"""
47825,3294,set_statement,Done,,,Q2340419,"Q2340419|P8814|""11659353-n"""
47825,3295,set_statement,Done,,,Q2340419,"Q2340419|P5063|""i98534"""
47825,3296,set_statement,Done,,,Q1825748,"Q1825748|P8814|""11660314-n"""
47825,3297,set_statement,Done,,,Q1825748,"Q1825748|P5063|""i98539"""
47825,3298,set_statement,Done,,,Q14707792,"Q14707792|P8814|""11661726-n"""
47825,3299,set_statement,Done,,,Q14707792,"Q14707792|P5063|""i98545"""
47825,3300,set_statement,Done,,,Q147392,"Q147392|P8814|""11662239-n"""
47825,3301,set_statement,Done,,,Q147392,"Q147392|P5063|""i98547"""
47825,3302,set_statement,Done,,,Q13091238,"Q13091238|P8814|""11663363-n"""
47825,3303,set_statement,Done,,,Q13091238,"Q13091238|P5063|""i98552"""
47825,3304,set_statement,Done,,,Q12317810,"Q12317810|P8814|""11665163-n"""
47825,3305,set_statement,Done,,,Q12317810,"Q12317810|P5063|""i98561"""
47825,3306,set_statement,Done,,,Q217697,"Q217697|P8814|""11665722-n"""
47825,3307,set_statement,Done,,,Q217697,"Q217697|P5063|""i98565"""
47825,3308,set_statement,Done,,,Q933520,"Q933520|P8814|""11669068-n"""
47825,3309,set_statement,Done,,,Q933520,"Q933520|P5063|""i98582"""
47825,3310,set_statement,Done,,,Q429944,"Q429944|P8814|""11669463-n"""
47825,3311,set_statement,Done,,,Q429944,"Q429944|P5063|""i98584"""
47825,3312,set_statement,Done,,,Q33138051,"Q33138051|P8814|""11670048-n"""
47825,3313,set_statement,Done,,,Q33138051,"Q33138051|P5063|""i98587"""
47825,3314,set_statement,Done,,,Q134249,"Q134249|P8814|""11670200-n"""
47825,3315,set_statement,Done,,,Q134249,"Q134249|P5063|""i98588"""
47825,3316,set_statement,Done,,,Q1482244,"Q1482244|P8814|""11674575-n"""
47825,3317,set_statement,Done,,,Q1482244,"Q1482244|P5063|""i98610"""
47825,3318,set_statement,Done,,,Q133717,"Q133717|P8814|""11675118-n"""
47825,3319,set_statement,Done,,,Q133717,"Q133717|P5063|""i98613"""
47825,3320,set_statement,Done,,,Q3216153,"Q3216153|P8814|""11676215-n"""
47825,3321,set_statement,Done,,,Q3216153,"Q3216153|P5063|""i98618"""
47825,3322,set_statement,Done,,,Q135762,"Q135762|P8814|""11677425-n"""
47825,3323,set_statement,Done,,,Q135762,"Q135762|P5063|""i98624"""
47825,3324,set_statement,Done,,,Q13077228,"Q13077228|P8814|""11678214-n"""
47825,3325,set_statement,Done,,,Q13077228,"Q13077228|P5063|""i98628"""
47825,3326,set_statement,Done,,,Q138257,"Q138257|P8814|""11679323-n"""
47825,3327,set_statement,Done,,,Q138257,"Q138257|P5063|""i98634"""
47825,3328,set_statement,Done,,,Q13080853,"Q13080853|P8814|""11679519-n"""
47825,3329,set_statement,Done,,,Q13080853,"Q13080853|P5063|""i98635"""
47825,3330,set_statement,Done,,,Q13080891,"Q13080891|P8814|""11679951-n"""
47825,3331,set_statement,Done,,,Q13080891,"Q13080891|P5063|""i98637"""
47825,3332,set_statement,Done,,,Q520165,"Q520165|P8814|""11680360-n"""
47825,3333,set_statement,Done,,,Q520165,"Q520165|P5063|""i98639"""
47825,3334,set_statement,Done,,,Q3065538,"Q3065538|P8814|""11680572-n"""
47825,3335,set_statement,Done,,,Q3065538,"Q3065538|P5063|""i98640"""
47825,3336,set_statement,Done,,,Q99048207,"Q99048207|P8814|""11680988-n"""
47825,3337,set_statement,Done,,,Q99048207,"Q99048207|P5063|""i98642"""
47825,3338,set_statement,Done,,,Q2697797,"Q2697797|P8814|""11681299-n"""
47825,3339,set_statement,Done,,,Q2697797,"Q2697797|P5063|""i98643"""
47825,3340,set_statement,Done,,,Q27355,"Q27355|P8814|""11681658-n"""
47825,3341,set_statement,Done,,,Q27355,"Q27355|P5063|""i98645"""
47825,3342,set_statement,Done,,,Q13052844,"Q13052844|P8814|""11683215-n"""
47825,3343,set_statement,Done,,,Q13052844,"Q13052844|P5063|""i98652"""
47825,3344,set_statement,Done,,,Q13080832,"Q13080832|P8814|""11683587-n"""
47825,3345,set_statement,Done,,,Q13080832,"Q13080832|P5063|""i98654"""
47825,3346,set_statement,Done,,,Q10788836,"Q10788836|P8814|""11683900-n"""
47825,3347,set_statement,Done,,,Q10788836,"Q10788836|P5063|""i98656"""
47825,3348,set_statement,Done,,,Q835097,"Q835097|P8814|""11684264-n"""
47825,3349,set_statement,Done,,,Q835097,"Q835097|P5063|""i98657"""
47825,3350,set_statement,Done,,,Q149461,"Q149461|P8814|""11684752-n"""
47825,3351,set_statement,Done,,,Q149461,"Q149461|P5063|""i98659"""
47825,3352,set_statement,Done,,,Q220025,"Q220025|P8814|""11714035-n"""
47825,3353,set_statement,Done,,,Q220025,"Q220025|P5063|""i98797"""
47825,3354,set_statement,Done,,,Q3264724,"Q3264724|P8814|""11716282-n"""
47825,3355,set_statement,Done,,,Q3264724,"Q3264724|P5063|""i98808"""
47825,3356,set_statement,Done,,,Q1331220,"Q1331220|P8814|""11716807-n"""
47825,3357,set_statement,Done,,,Q1331220,"Q1331220|P5063|""i98811"""
47825,3358,set_statement,Done,,,Q2234889,"Q2234889|P8814|""11717245-n"""
47825,3359,set_statement,Done,,,Q2234889,"Q2234889|P5063|""i98814"""
47825,3360,set_statement,Done,,,Q155949,"Q155949|P8814|""11717627-n"""
47825,3361,set_statement,Done,,,Q155949,"Q155949|P5063|""i98816"""
47825,3362,set_statement,Done,,,Q2671028,"Q2671028|P8814|""11718902-n"""
47825,3363,set_statement,Done,,,Q2671028,"Q2671028|P5063|""i98822"""
47825,3364,set_statement,Done,,,Q157379,"Q157379|P8814|""11719752-n"""
47825,3365,set_statement,Done,,,Q157379,"Q157379|P5063|""i98826"""
47825,3366,set_statement,Done,,,Q732308,"Q732308|P8814|""11720384-n"""
47825,3367,set_statement,Done,,,Q732308,"Q732308|P5063|""i98829"""
47825,3368,set_statement,Done,,,Q867622,"Q867622|P8814|""11720870-n"""
47825,3369,set_statement,Done,,,Q867622,"Q867622|P5063|""i98832"""
47825,3370,set_statement,Done,,,Q12012524,"Q12012524|P8814|""11722372-n"""
47825,3371,set_statement,Done,,,Q12012524,"Q12012524|P5063|""i98839"""
47825,3372,set_statement,Done,,,Q858028,"Q858028|P8814|""11723035-n"""
47825,3373,set_statement,Done,,,Q858028,"Q858028|P5063|""i98843"""
47825,3374,set_statement,Done,,,Q840758,"Q840758|P8814|""11723468-n"""
47825,3375,set_statement,Done,,,Q840758,"Q840758|P5063|""i98845"""
47825,3376,set_statement,Done,,,Q2603764,"Q2603764|P8814|""11723674-n"""
47825,3377,set_statement,Done,,,Q2603764,"Q2603764|P5063|""i98846"""
47825,3378,set_statement,Done,,,Q21188,"Q21188|P8814|""11724404-n"""
47825,3379,set_statement,Done,,,Q21188,"Q21188|P5063|""i98849"""
47825,3380,set_statement,Done,,,Q27282,"Q27282|P8814|""11724870-n"""
47825,3381,set_statement,Done,,,Q27282,"Q27282|P5063|""i98851"""
47825,3382,set_statement,Done,,,Q311790,"Q311790|P8814|""11726390-n"""
47825,3383,set_statement,Done,,,Q311790,"Q311790|P5063|""i98859"""
47825,3384,set_statement,Done,,,Q18337957,"Q18337957|P8814|""11726589-n"""
47825,3385,set_statement,Done,,,Q18337957,"Q18337957|P5063|""i98860"""
47825,3386,set_statement,Done,,,Q132039,"Q132039|P8814|""11727098-n"""
47825,3387,set_statement,Done,,,Q132039,"Q132039|P5063|""i98862"""
47825,3388,set_statement,Done,,,Q15933047,"Q15933047|P8814|""11728137-n"""
47825,3389,set_statement,Done,,,Q15933047,"Q15933047|P5063|""i98868"""
47825,3390,set_statement,Done,,,Q120228,"Q120228|P8814|""11728650-n"""
47825,3391,set_statement,Done,,,Q120228,"Q120228|P5063|""i98870"""
47825,3392,set_statement,Done,,,Q5492045,"Q5492045|P8814|""11728911-n"""
47825,3393,set_statement,Done,,,Q5492045,"Q5492045|P5063|""i98871"""
47825,3394,set_statement,Done,,,Q157017,"Q157017|P8814|""11729919-n"""
47825,3395,set_statement,Done,,,Q157017,"Q157017|P5063|""i98876"""
47825,3396,set_statement,Done,,,Q157236,"Q157236|P8814|""11732622-n"""
47825,3397,set_statement,Done,,,Q157236,"Q157236|P5063|""i98888"""
47825,3398,set_statement,Done,,,Q855116,"Q855116|P8814|""11733296-n"""
47825,3399,set_statement,Done,,,Q855116,"Q855116|P5063|""i98891"""
47825,3400,set_statement,Done,,,Q1152946,"Q1152946|P8814|""11734097-n"""
47825,3401,set_statement,Done,,,Q1152946,"Q1152946|P5063|""i98895"""
47825,3402,set_statement,Done,,,Q161214,"Q161214|P8814|""11734429-n"""
47825,3403,set_statement,Done,,,Q161214,"Q161214|P5063|""i98897"""
47825,3404,set_statement,Done,,,Q148650,"Q148650|P8814|""11735087-n"""
47825,3405,set_statement,Done,,,Q148650,"Q148650|P5063|""i98900"""
47825,3406,set_statement,Done,,,Q146628,"Q146628|P8814|""11735676-n"""
47825,3407,set_statement,Done,,,Q146628,"Q146628|P5063|""i98902"""
47825,3408,set_statement,Done,,,Q4095708,"Q4095708|P8814|""11738990-n"""
47825,3409,set_statement,Done,,,Q4095708,"Q4095708|P5063|""i98919"""
47825,3410,set_statement,Done,,,Q3360397,"Q3360397|P8814|""11739380-n"""
47825,3411,set_statement,Done,,,Q3360397,"Q3360397|P5063|""i98921"""
47825,3412,set_statement,Done,,,Q145869,"Q145869|P8814|""11739937-n"""
47825,3413,set_statement,Done,,,Q145869,"Q145869|P5063|""i98924"""
47825,3414,set_statement,Done,,,Q15976207,"Q15976207|P8814|""11747038-n"""
47825,3415,set_statement,Done,,,Q15976207,"Q15976207|P5063|""i98959"""
47825,3416,set_statement,Done,,,Q148547,"Q148547|P8814|""11748445-n"""
47825,3417,set_statement,Done,,,Q148547,"Q148547|P5063|""i98966"""
47825,3418,set_statement,Done,,,Q135562,"Q135562|P8814|""11752330-n"""
47825,3419,set_statement,Done,,,Q135562,"Q135562|P5063|""i98986"""
47825,3420,set_statement,Done,,,Q157591,"Q157591|P8814|""11752778-n"""
47825,3421,set_statement,Done,,,Q157591,"Q157591|P5063|""i98988"""
47825,3422,set_statement,Done,,,Q160107,"Q160107|P8814|""11753326-n"""
47825,3423,set_statement,Done,,,Q160107,"Q160107|P5063|""i98990"""
47825,3424,set_statement,Done,,,Q157775,"Q157775|P8814|""11753893-n"""
47825,3425,set_statement,Done,,,Q157775,"Q157775|P5063|""i98993"""
47825,3426,set_statement,Done,,,Q157505,"Q157505|P8814|""11755341-n"""
47825,3427,set_statement,Done,,,Q157505,"Q157505|P5063|""i99001"""
47825,3428,set_statement,Done,,,Q9005595,"Q9005595|P8814|""11755794-n"""
47825,3429,set_statement,Done,,,Q9005595,"Q9005595|P5063|""i99003"""
47825,3430,set_statement,Done,,,Q1007528,"Q1007528|P8814|""11756291-n"""
47825,3431,set_statement,Done,,,Q1007528,"Q1007528|P5063|""i99005"""
47825,3432,set_statement,Done,,,Q5968671,"Q5968671|P8814|""11756685-n"""
47825,3433,set_statement,Done,,,Q5968671,"Q5968671|P5063|""i99007"""
47825,3434,set_statement,Done,,,Q7835851,"Q7835851|P8814|""11759301-n"""
47825,3435,set_statement,Done,,,Q7835851,"Q7835851|P5063|""i99021"""
47825,3436,set_statement,Done,,,Q161588,"Q161588|P8814|""11759668-n"""
47825,3437,set_statement,Done,,,Q161588,"Q161588|P5063|""i99023"""
47825,3438,set_statement,Done,,,Q749412,"Q749412|P8814|""11760278-n"""
47825,3439,set_statement,Done,,,Q749412,"Q749412|P5063|""i99026"""
47825,3440,set_statement,Done,,,Q2106238,"Q2106238|P8814|""11761124-n"""
47825,3441,set_statement,Done,,,Q2106238,"Q2106238|P5063|""i99030"""
47825,3442,set_statement,Done,,,Q843892,"Q843892|P8814|""11761293-n"""
47825,3443,set_statement,Done,,,Q843892,"Q843892|P5063|""i99031"""
47825,3444,set_statement,Done,,,Q16879998,"Q16879998|P8814|""11762644-n"""
47825,3445,set_statement,Done,,,Q16879998,"Q16879998|P5063|""i99038"""
47825,3446,set_statement,Done,,,Q13107376,"Q13107376|P8814|""11763000-n"""
47825,3447,set_statement,Done,,,Q13107376,"Q13107376|P5063|""i99040"""
47825,3448,set_statement,Done,,,Q13070310,"Q13070310|P8814|""11763214-n"""
47825,3449,set_statement,Done,,,Q13070310,"Q13070310|P5063|""i99041"""
47825,3450,set_statement,Done,,,Q156169,"Q156169|P8814|""11763578-n"""
47825,3451,set_statement,Done,,,Q156169,"Q156169|P5063|""i99043"""
47825,3452,set_statement,Done,,,Q131661,"Q131661|P8814|""11766693-n"""
47825,3453,set_statement,Done,,,Q131661,"Q131661|P5063|""i99056"""
47825,3454,set_statement,Done,,,Q44448,"Q44448|P8814|""11767245-n"""
47825,3455,set_statement,Done,,,Q44448,"Q44448|P5063|""i99059"""
47825,3456,set_statement,Done,,,Q4979921,"Q4979921|P8814|""11769405-n"""
47825,3457,set_statement,Done,,,Q4979921,"Q4979921|P5063|""i99065"""
47825,3458,set_statement,Done,,,Q5062982,"Q5062982|P8814|""11769931-n"""
47825,3459,set_statement,Done,,,Q5062982,"Q5062982|P5063|""i99068"""
47825,3460,set_statement,Done,,,Q3061312,"Q3061312|P8814|""11774405-n"""
47825,3461,set_statement,Done,,,Q3061312,"Q3061312|P5063|""i99092"""
47825,3462,set_statement,Done,,,Q311423,"Q311423|P8814|""11782706-n"""
47825,3463,set_statement,Done,,,Q311423,"Q311423|P5063|""i99129"""
47825,3464,set_statement,Done,,,Q6710182,"Q6710182|P8814|""11783175-n"""
47825,3465,set_statement,Done,,,Q6710182,"Q6710182|P5063|""i99131"""
47825,3466,set_statement,Done,,,Q135404,"Q135404|P8814|""11783942-n"""
47825,3467,set_statement,Done,,,Q135404,"Q135404|P5063|""i99135"""
47825,3468,set_statement,Done,,,Q2717810,"Q2717810|P8814|""11784700-n"""
47825,3469,set_statement,Done,,,Q2717810,"Q2717810|P5063|""i99139"""
47825,3470,set_statement,Done,,,Q133422,"Q133422|P8814|""11785568-n"""
47825,3471,set_statement,Done,,,Q133422,"Q133422|P5063|""i99142"""
47825,3472,set_statement,Done,,,Q133242,"Q133242|P8814|""11787665-n"""
47825,3473,set_statement,Done,,,Q133242,"Q133242|P5063|""i99150"""
47825,3474,set_statement,Done,,,Q1822458,"Q1822458|P8814|""11788711-n"""
47825,3475,set_statement,Done,,,Q1822458,"Q1822458|P5063|""i99155"""
47825,3476,set_statement,Done,,,Q913594,"Q913594|P8814|""11789471-n"""
47825,3477,set_statement,Done,,,Q913594,"Q913594|P5063|""i99158"""
47825,3478,set_statement,Done,,,Q2475725,"Q2475725|P8814|""11790482-n"""
47825,3479,set_statement,Done,,,Q2475725,"Q2475725|P5063|""i99163"""
47825,3480,set_statement,Done,,,Q478077,"Q478077|P8814|""11790995-n"""
47825,3481,set_statement,Done,,,Q478077,"Q478077|P5063|""i99165"""
47825,3482,set_statement,Done,,,Q3311674,"Q3311674|P8814|""11791438-n"""
47825,3483,set_statement,Done,,,Q3311674,"Q3311674|P5063|""i99167"""
47825,3484,set_statement,Done,,,Q1050790,"Q1050790|P8814|""11792623-n"""
47825,3485,set_statement,Done,,,Q1050790,"Q1050790|P5063|""i99173"""
47825,3486,set_statement,Done,,,Q15972122,"Q15972122|P8814|""11793171-n"""
47825,3487,set_statement,Done,,,Q15972122,"Q15972122|P5063|""i99175"""
47825,3488,set_statement,Done,,,Q218123,"Q218123|P8814|""11794748-n"""
47825,3489,set_statement,Done,,,Q218123,"Q218123|P5063|""i99182"""
47825,3490,set_statement,Done,,,Q310915,"Q310915|P8814|""11796806-n"""
47825,3491,set_statement,Done,,,Q310915,"Q310915|P5063|""i99192"""
47825,3492,set_statement,Done,,,Q1549062,"Q1549062|P8814|""11797834-n"""
47825,3493,set_statement,Done,,,Q1549062,"Q1549062|P5063|""i99196"""
47825,3494,set_statement,Done,,,Q161121,"Q161121|P8814|""11800270-n"""
47825,3495,set_statement,Done,,,Q161121,"Q161121|P5063|""i99205"""
47825,3496,set_statement,Done,,,Q133284,"Q133284|P8814|""11804792-n"""
47825,3497,set_statement,Done,,,Q133284,"Q133284|P5063|""i99227"""
47825,3498,set_statement,Done,,,Q2447519,"Q2447519|P8814|""11805569-n"""
47825,3499,set_statement,Done,,,Q2447519,"Q2447519|P5063|""i99230"""
47825,3500,set_statement,Done,,,Q1521382,"Q1521382|P8814|""11805944-n"""
47825,3501,set_statement,Done,,,Q1521382,"Q1521382|P5063|""i99232"""
47825,3502,set_statement,Done,,,Q1945962,"Q1945962|P8814|""11806486-n"""
47825,3503,set_statement,Done,,,Q1945962,"Q1945962|P5063|""i99235"""
47825,3504,set_statement,Done,,,Q310882,"Q310882|P8814|""11806834-n"""
47825,3505,set_statement,Done,,,Q310882,"Q310882|P5063|""i99237"""
47825,3506,set_statement,Done,,,Q738915,"Q738915|P8814|""11807860-n"""
47825,3507,set_statement,Done,,,Q738915,"Q738915|P5063|""i99242"""
47825,3508,set_statement,Done,,,Q1295844,"Q1295844|P8814|""11809005-n"""
47825,3509,set_statement,Done,,,Q1295844,"Q1295844|P5063|""i99248"""
47825,3510,set_statement,Done,,,Q1784347,"Q1784347|P8814|""11809395-n"""
47825,3511,set_statement,Done,,,Q1784347,"Q1784347|P5063|""i99250"""
47825,3512,set_statement,Done,,,Q11799321,"Q11799321|P8814|""11810708-n"""
47825,3513,set_statement,Done,,,Q11799321,"Q11799321|P5063|""i99258"""
47825,3514,set_statement,Done,,,Q578875,"Q578875|P8814|""11811093-n"""
47825,3515,set_statement,Done,,,Q578875,"Q578875|P5063|""i99260"""
47825,3516,set_statement,Done,,,Q13077266,"Q13077266|P8814|""11811915-n"""
47825,3517,set_statement,Done,,,Q13077266,"Q13077266|P5063|""i99265"""
47825,3518,set_statement,Done,,,Q2624761,"Q2624761|P8814|""11812288-n"""
47825,3519,set_statement,Done,,,Q2624761,"Q2624761|P5063|""i99267"""
47825,3520,set_statement,Done,,,Q7233044,"Q7233044|P8814|""11813067-n"""
47825,3521,set_statement,Done,,,Q7233044,"Q7233044|P5063|""i99271"""
47825,3522,set_statement,Done,,,Q2448411,"Q2448411|P8814|""11813501-n"""
47825,3523,set_statement,Done,,,Q2448411,"Q2448411|P5063|""i99273"""
47825,3524,set_statement,Done,,,Q14293890,"Q14293890|P8814|""11814736-n"""
47825,3525,set_statement,Done,,,Q14293890,"Q14293890|P5063|""i99280"""
47825,3526,set_statement,Done,,,Q161458,"Q161458|P8814|""11815835-n"""
47825,3527,set_statement,Done,,,Q161458,"Q161458|P5063|""i99285"""
47825,3528,set_statement,Done,,,Q163015,"Q163015|P8814|""11816243-n"""
47825,3529,set_statement,Done,,,Q163015,"Q163015|P5063|""i99287"""
47825,3530,set_statement,Done,,,Q9377653,"Q9377653|P8814|""11816787-n"""
47825,3531,set_statement,Done,,,Q9377653,"Q9377653|P5063|""i99290"""
47825,3532,set_statement,Done,,,Q193335,"Q193335|P8814|""11817213-n"""
47825,3533,set_statement,Done,,,Q193335,"Q193335|P5063|""i99292"""
47825,3534,set_statement,Done,,,Q7213683,"Q7213683|P8814|""11819989-n"""
47825,3535,set_statement,Done,,,Q7213683,"Q7213683|P5063|""i99305"""
47825,3536,set_statement,Done,,,Q1973300,"Q1973300|P8814|""11821268-n"""
47825,3537,set_statement,Done,,,Q1973300,"Q1973300|P5063|""i99311"""
47825,3538,set_statement,Done,,,Q156446,"Q156446|P8814|""11821507-n"""
47825,3539,set_statement,Done,,,Q156446,"Q156446|P5063|""i99312"""
47825,3540,set_statement,Done,,,Q156212,"Q156212|P8814|""11821716-n"""
47825,3541,set_statement,Done,,,Q156212,"Q156212|P5063|""i99313"""
47825,3542,set_statement,Done,,,Q157019,"Q157019|P8814|""11823587-n"""
47825,3543,set_statement,Done,,,Q157019,"Q157019|P5063|""i99323"""
47825,3544,set_statement,Done,,,Q132628,"Q132628|P8814|""11823746-n"""
47825,3545,set_statement,Done,,,Q132628,"Q132628|P5063|""i99324"""
47825,3546,set_statement,Done,,,Q21808,"Q21808|P8814|""11824551-n"""
47825,3547,set_statement,Done,,,Q21808,"Q21808|P5063|""i99326"""
47825,3548,set_statement,Done,,,Q25995,"Q25995|P8814|""11825073-n"""
47825,3549,set_statement,Done,,,Q25995,"Q25995|P5063|""i99328"""
47825,3550,set_statement,Done,,,Q148897,"Q148897|P8814|""11825849-n"""
47825,3551,set_statement,Done,,,Q148897,"Q148897|P5063|""i99330"""
47825,3552,set_statement,Done,,,Q161948,"Q161948|P8814|""11830659-n"""
47825,3553,set_statement,Done,,,Q161948,"Q161948|P5063|""i99357"""
47825,3554,set_statement,Done,,,Q164172,"Q164172|P8814|""11831028-n"""
47825,3555,set_statement,Done,,,Q164172,"Q164172|P5063|""i99359"""
47825,3556,set_statement,Done,,,Q158863,"Q158863|P8814|""11831777-n"""
47825,3557,set_statement,Done,,,Q158863,"Q158863|P5063|""i99363"""
47825,3558,set_statement,Done,,,Q163073,"Q163073|P8814|""11832827-n"""
47825,3559,set_statement,Done,,,Q163073,"Q163073|P5063|""i99368"""
47825,3560,set_statement,Done,,,Q10348998,"Q10348998|P8814|""11834299-n"""
47825,3561,set_statement,Done,,,Q10348998,"Q10348998|P5063|""i99374"""
47825,3562,set_statement,Done,,,Q157500,"Q157500|P8814|""11834909-n"""
47825,3563,set_statement,Done,,,Q157500,"Q157500|P5063|""i99377"""
47825,3564,set_statement,Done,,,Q158561,"Q158561|P8814|""11835293-n"""
47825,3565,set_statement,Done,,,Q158561,"Q158561|P5063|""i99379"""
47825,3566,set_statement,Done,,,Q163048,"Q163048|P8814|""11837798-n"""
47825,3567,set_statement,Done,,,Q163048,"Q163048|P5063|""i99391"""
47825,3568,set_statement,Done,,,Q161470,"Q161470|P8814|""11838984-n"""
47825,3569,set_statement,Done,,,Q161470,"Q161470|P5063|""i99397"""
47825,3570,set_statement,Done,,,Q156219,"Q156219|P8814|""11839414-n"""
47825,3571,set_statement,Done,,,Q156219,"Q156219|P5063|""i99399"""
47825,3572,set_statement,Done,,,Q143939,"Q143939|P8814|""11840220-n"""
47825,3573,set_statement,Done,,,Q143939,"Q143939|P5063|""i99402"""
47825,3574,set_statement,Done,,,Q2639601,"Q2639601|P8814|""11841884-n"""
47825,3575,set_statement,Done,,,Q2639601,"Q2639601|P5063|""i99410"""
47825,3576,set_statement,Done,,,Q133932,"Q133932|P8814|""11842636-n"""
47825,3577,set_statement,Done,,,Q133932,"Q133932|P5063|""i99414"""
47825,3578,set_statement,Done,,,Q155931,"Q155931|P8814|""11843026-n"""
47825,3579,set_statement,Done,,,Q155931,"Q155931|P5063|""i99416"""
47825,3580,set_statement,Done,,,Q1446121,"Q1446121|P8814|""11846457-n"""
47825,3581,set_statement,Done,,,Q1446121,"Q1446121|P5063|""i99432"""
47825,3582,set_statement,Done,,,Q1672624,"Q1672624|P8814|""11846885-n"""
47825,3583,set_statement,Done,,,Q1672624,"Q1672624|P5063|""i99434"""
47825,3584,set_statement,Done,,,Q17377912,"Q17377912|P8814|""11847468-n"""
47825,3585,set_statement,Done,,,Q17377912,"Q17377912|P5063|""i99437"""
47825,3586,set_statement,Done,,,Q2094045,"Q2094045|P8814|""11847638-n"""
47825,3587,set_statement,Done,,,Q2094045,"Q2094045|P5063|""i99438"""
47825,3588,set_statement,Done,,,Q157881,"Q157881|P8814|""11848244-n"""
47825,3589,set_statement,Done,,,Q157881,"Q157881|P5063|""i99441"""
47825,3590,set_statement,Done,,,Q158343,"Q158343|P8814|""11852199-n"""
47825,3591,set_statement,Done,,,Q158343,"Q158343|P5063|""i99460"""
47825,3592,set_statement,Done,,,Q159525,"Q159525|P8814|""11854617-n"""
47825,3593,set_statement,Done,,,Q159525,"Q159525|P5063|""i99473"""
47825,3594,set_statement,Done,,,Q156227,"Q156227|P8814|""11856275-n"""
47825,3595,set_statement,Done,,,Q156227,"Q156227|P5063|""i99482"""
47825,3596,set_statement,Done,,,Q10338319,"Q10338319|P8814|""11856606-n"""
47825,3597,set_statement,Done,,,Q10338319,"Q10338319|P5063|""i99483"""
47825,3598,set_statement,Done,,,Q312349,"Q312349|P8814|""11857025-n"""
47825,3599,set_statement,Done,,,Q312349,"Q312349|P5063|""i99485"""
47825,3600,set_statement,Done,,,Q950253,"Q950253|P8814|""11858735-n"""
47825,3601,set_statement,Done,,,Q950253,"Q950253|P5063|""i99493"""
47825,3602,set_statement,Done,,,Q158323,"Q158323|P8814|""11859766-n"""
47825,3603,set_statement,Done,,,Q158323,"Q158323|P5063|""i99498"""
47825,3604,set_statement,Done,,,Q135334,"Q135334|P8814|""11861530-n"""
47825,3605,set_statement,Done,,,Q135334,"Q135334|P5063|""i99506"""
47825,3606,set_statement,Done,,,Q14915568,"Q14915568|P8814|""11861837-n"""
47825,3607,set_statement,Done,,,Q14915568,"Q14915568|P5063|""i99508"""
47825,3608,set_statement,Done,,,Q131642,"Q131642|P8814|""11864178-n"""
47825,3609,set_statement,Done,,,Q131642,"Q131642|P5063|""i99515"""
47825,3610,set_statement,Done,,,Q8175886,"Q8175886|P8814|""11864672-n"""
47825,3611,set_statement,Done,,,Q8175886,"Q8175886|P5063|""i99517"""
47825,3612,set_statement,Done,,,Q5317148,"Q5317148|P8814|""11865120-n"""
47825,3613,set_statement,Done,,,Q5317148,"Q5317148|P5063|""i99519"""
47825,3614,set_statement,Done,,,Q131641,"Q131641|P8814|""11867883-n"""
47825,3615,set_statement,Done,,,Q131641,"Q131641|P5063|""i99534"""
47825,3616,set_statement,Done,,,Q133985,"Q133985|P8814|""11868084-n"""
47825,3617,set_statement,Done,,,Q133985,"Q133985|P5063|""i99535"""
47825,3618,set_statement,Done,,,Q133297,"Q133297|P8814|""11868310-n"""
47825,3619,set_statement,Done,,,Q133297,"Q133297|P5063|""i99536"""
47825,3620,set_statement,Done,,,Q133960,"Q133960|P8814|""11868722-n"""
47825,3621,set_statement,Done,,,Q133960,"Q133960|P5063|""i99538"""
47825,3622,set_statement,Done,,,Q14931532,"Q14931532|P8814|""11869079-n"""
47825,3623,set_statement,Done,,,Q14931532,"Q14931532|P5063|""i99540"""
47825,3624,set_statement,Done,,,Q132102,"Q132102|P8814|""11869486-n"""
47825,3625,set_statement,Done,,,Q132102,"Q132102|P5063|""i99542"""
47825,3626,set_statement,Done,,,Q133563,"Q133563|P8814|""11871217-n"""
47825,3627,set_statement,Done,,,Q133563,"Q133563|P5063|""i99551"""
47825,3628,set_statement,Done,,,Q10859058,"Q10859058|P8814|""11871570-n"""
47825,3629,set_statement,Done,,,Q10859058,"Q10859058|P5063|""i99553"""
47825,3630,set_statement,Done,,,Q131724,"Q131724|P8814|""11872724-n"""
47825,3631,set_statement,Done,,,Q131724,"Q131724|P5063|""i99560"""
47825,3632,set_statement,Done,,,Q132870,"Q132870|P8814|""11874113-n"""
47825,3633,set_statement,Done,,,Q132870,"Q132870|P5063|""i99566"""
47825,3634,set_statement,Done,,,Q15710811,"Q15710811|P8814|""11874701-n"""
47825,3635,set_statement,Done,,,Q15710811,"Q15710811|P5063|""i99569"""
47825,3636,set_statement,Done,,,Q5390212,"Q5390212|P8814|""11876524-n"""
47825,3637,set_statement,Done,,,Q5390212,"Q5390212|P5063|""i99577"""
47825,3638,set_statement,Done,,,Q1348619,"Q1348619|P8814|""11876740-n"""
47825,3639,set_statement,Done,,,Q1348619,"Q1348619|P5063|""i99578"""
47825,3640,set_statement,Done,,,Q3004024,"Q3004024|P8814|""11877284-n"""
47825,3641,set_statement,Done,,,Q3004024,"Q3004024|P5063|""i99581"""
47825,3642,set_statement,Done,,,Q160046,"Q160046|P8814|""11881270-n"""
47825,3643,set_statement,Done,,,Q160046,"Q160046|P5063|""i99598"""
47825,3644,set_statement,Done,,,Q10373941,"Q10373941|P8814|""11882558-n"""
47825,3645,set_statement,Done,,,Q10373941,"Q10373941|P5063|""i99604"""
47825,3646,set_statement,Done,,,Q138395,"Q138395|P8814|""11883067-n"""
47825,3647,set_statement,Done,,,Q138395,"Q138395|P5063|""i99606"""
47825,3648,set_statement,Done,,,Q2206636,"Q2206636|P8814|""11884833-n"""
47825,3649,set_statement,Done,,,Q2206636,"Q2206636|P5063|""i99613"""
47825,3650,set_statement,Done,,,Q35146354,"Q35146354|P8814|""11885071-n"""
47825,3651,set_statement,Done,,,Q35146354,"Q35146354|P5063|""i99614"""
47825,3652,set_statement,Done,,,Q2277970,"Q2277970|P8814|""11887539-n"""
47825,3653,set_statement,Done,,,Q2277970,"Q2277970|P5063|""i99627"""
47825,3654,set_statement,Done,,,Q14559266,"Q14559266|P8814|""11891385-n"""
47825,3655,set_statement,Done,,,Q14559266,"Q14559266|P5063|""i99639"""
47825,3656,set_statement,Done,,,Q157892,"Q157892|P8814|""11891763-n"""
47825,3657,set_statement,Done,,,Q157892,"Q157892|P5063|""i99641"""
47825,3658,set_statement,Done,,,Q157396,"Q157396|P8814|""11892385-n"""
47825,3659,set_statement,Done,,,Q157396,"Q157396|P5063|""i99644"""
47825,3660,set_statement,Done,,,Q157614,"Q157614|P8814|""11893865-n"""
47825,3661,set_statement,Done,,,Q157614,"Q157614|P5063|""i99652"""
47825,3662,set_statement,Done,,,Q599498,"Q599498|P8814|""11895176-n"""
47825,3663,set_statement,Done,,,Q599498,"Q599498|P5063|""i99658"""
47825,3664,set_statement,Done,,,Q158349,"Q158349|P8814|""11900687-n"""
47825,3665,set_statement,Done,,,Q158349,"Q158349|P5063|""i99686"""
47825,3666,set_statement,Done,,,Q163520,"Q163520|P8814|""11901079-n"""
47825,3667,set_statement,Done,,,Q163520,"Q163520|P5063|""i99688"""
47825,3668,set_statement,Done,,,Q157786,"Q157786|P8814|""11901532-n"""
47825,3669,set_statement,Done,,,Q157786,"Q157786|P5063|""i99690"""
47825,3670,set_statement,Done,,,Q9397832,"Q9397832|P8814|""11902032-n"""
47825,3671,set_statement,Done,,,Q9397832,"Q9397832|P5063|""i99693"""
47825,3672,set_statement,Done,,,Q11913648,"Q11913648|P8814|""11903606-n"""
47825,3673,set_statement,Done,,,Q11913648,"Q11913648|P5063|""i99701"""
47825,3674,set_statement,Done,,,Q162902,"Q162902|P8814|""11904667-n"""
47825,3675,set_statement,Done,,,Q162902,"Q162902|P5063|""i99706"""
47825,3676,set_statement,Done,,,Q162770,"Q162770|P8814|""11905136-n"""
47825,3677,set_statement,Done,,,Q162770,"Q162770|P5063|""i99708"""
47825,3678,set_statement,Done,,,Q158032,"Q158032|P8814|""11905617-n"""
47825,3679,set_statement,Done,,,Q158032,"Q158032|P5063|""i99710"""
47825,3680,set_statement,Done,,,Q162865,"Q162865|P8814|""11906849-n"""
47825,3681,set_statement,Done,,,Q162865,"Q162865|P5063|""i99716"""
47825,3682,set_statement,Done,,,Q165206,"Q165206|P8814|""11907257-n"""
47825,3683,set_statement,Done,,,Q165206,"Q165206|P5063|""i99718"""
47825,3684,set_statement,Done,,,Q3303714,"Q3303714|P8814|""11909090-n"""
47825,3685,set_statement,Done,,,Q3303714,"Q3303714|P5063|""i99726"""
47825,3686,set_statement,Done,,,Q3767758,"Q3767758|P8814|""11909547-n"""
47825,3687,set_statement,Done,,,Q3767758,"Q3767758|P5063|""i99728"""
47825,3688,set_statement,Done,,,Q157382,"Q157382|P8814|""11910316-n"""
47825,3689,set_statement,Done,,,Q157382,"Q157382|P5063|""i99732"""
47825,3690,set_statement,Done,,,Q146217,"Q146217|P8814|""11910798-n"""
47825,3691,set_statement,Done,,,Q146217,"Q146217|P5063|""i99735"""
47825,3692,set_statement,Done,,,Q2713145,"Q2713145|P8814|""11911192-n"""
47825,3693,set_statement,Done,,,Q2713145,"Q2713145|P5063|""i99737"""
47825,3694,set_statement,Done,,,Q2593152,"Q2593152|P8814|""11911519-n"""
47825,3695,set_statement,Done,,,Q2593152,"Q2593152|P5063|""i99739"""
47825,3696,set_statement,Done,,,Q2914608,"Q2914608|P8814|""11912307-n"""
47825,3697,set_statement,Done,,,Q2914608,"Q2914608|P5063|""i99743"""
47825,3698,set_statement,Done,,,Q945619,"Q945619|P8814|""11913920-n"""
47825,3699,set_statement,Done,,,Q945619,"Q945619|P5063|""i99751"""
47825,3700,set_statement,Done,,,Q7431603,"Q7431603|P8814|""11916449-n"""
47825,3701,set_statement,Done,,,Q7431603,"Q7431603|P5063|""i99764"""
47825,3702,set_statement,Done,,,Q150072,"Q150072|P8814|""11916834-n"""
47825,3703,set_statement,Done,,,Q150072,"Q150072|P5063|""i99766"""
47825,3704,set_statement,Done,,,Q158183,"Q158183|P8814|""11917373-n"""
47825,3705,set_statement,Done,,,Q158183,"Q158183|P5063|""i99769"""
47825,3706,set_statement,Done,,,Q2708462,"Q2708462|P8814|""11917811-n"""
47825,3707,set_statement,Done,,,Q2708462,"Q2708462|P5063|""i99771"""
47825,3708,set_statement,Done,,,Q5392954,"Q5392954|P8814|""11918229-n"""
47825,3709,set_statement,Done,,,Q5392954,"Q5392954|P5063|""i99773"""
47825,3710,set_statement,Done,,,Q5734076,"Q5734076|P8814|""11919901-n"""
47825,3711,set_statement,Done,,,Q5734076,"Q5734076|P5063|""i99782"""
47825,3712,set_statement,Done,,,Q15985041,"Q15985041|P8814|""11920064-n"""
47825,3713,set_statement,Done,,,Q15985041,"Q15985041|P5063|""i99783"""
47825,3714,set_statement,Done,,,Q12723971,"Q12723971|P8814|""11923994-n"""
47825,3715,set_statement,Done,,,Q12723971,"Q12723971|P5063|""i99801"""
47825,3716,set_statement,Done,,,Q18603090,"Q18603090|P8814|""11925705-n"""
47825,3717,set_statement,Done,,,Q18603090,"Q18603090|P5063|""i99810"""
47825,3718,set_statement,Done,,,Q158826,"Q158826|P8814|""11926053-n"""
47825,3719,set_statement,Done,,,Q158826,"Q158826|P5063|""i99812"""
47825,3720,set_statement,Done,,,Q16325285,"Q16325285|P8814|""11926458-n"""
47825,3721,set_statement,Done,,,Q16325285,"Q16325285|P5063|""i99814"""
47825,3722,set_statement,Done,,,Q1029455,"Q1029455|P8814|""11927736-n"""
47825,3723,set_statement,Done,,,Q1029455,"Q1029455|P5063|""i99821"""
47825,3724,set_statement,Done,,,Q18335946,"Q18335946|P8814|""11928900-n"""
47825,3725,set_statement,Done,,,Q18335946,"Q18335946|P5063|""i99827"""
47825,3726,set_statement,Done,,,Q156610,"Q156610|P8814|""11929517-n"""
47825,3727,set_statement,Done,,,Q156610,"Q156610|P5063|""i99831"""
47825,3728,set_statement,Done,,,Q25400,"Q25400|P8814|""11932060-n"""
47825,3729,set_statement,Done,,,Q25400,"Q25400|P5063|""i99842"""
47825,3730,set_statement,Done,,,Q87140572,"Q87140572|P8814|""11937655-n"""
47825,3731,set_statement,Done,,,Q87140572,"Q87140572|P5063|""i99850"""
47825,3732,set_statement,Done,,,Q65707888,"Q65707888|P8814|""11939701-n"""
47825,3733,set_statement,Done,,,Q65707888,"Q65707888|P5063|""i99860"""
47825,3734,set_statement,Done,,,Q828427,"Q828427|P8814|""11941336-n"""
47825,3735,set_statement,Done,,,Q828427,"Q828427|P5063|""i99868"""
47825,3736,set_statement,Done,,,Q602788,"Q602788|P8814|""11942418-n"""
47825,3737,set_statement,Done,,,Q602788,"Q602788|P5063|""i99874"""
47825,3738,set_statement,Done,,,Q847930,"Q847930|P8814|""11943485-n"""
47825,3739,set_statement,Done,,,Q847930,"Q847930|P5063|""i99881"""
47825,3740,set_statement,Done,,,Q2714312,"Q2714312|P8814|""11944296-n"""
47825,3741,set_statement,Done,,,Q2714312,"Q2714312|P5063|""i99885"""
47825,3742,set_statement,Done,,,Q2290011,"Q2290011|P8814|""11945609-n"""
47825,3743,set_statement,Done,,,Q2290011,"Q2290011|P5063|""i99891"""
47825,3744,set_statement,Done,,,Q133909,"Q133909|P8814|""11946189-n"""
47825,3745,set_statement,Done,,,Q133909,"Q133909|P5063|""i99894"""
47825,3746,set_statement,Done,,,Q15985096,"Q15985096|P8814|""11948085-n"""
47825,3747,set_statement,Done,,,Q15985096,"Q15985096|P5063|""i99903"""
47825,3748,set_statement,Done,,,Q156421,"Q156421|P8814|""11948370-n"""
47825,3749,set_statement,Done,,,Q156421,"Q156421|P5063|""i99905"""
47825,3750,set_statement,Done,,,Q517130,"Q517130|P8814|""11952225-n"""
47825,3751,set_statement,Done,,,Q517130,"Q517130|P5063|""i99923"""
47825,3752,set_statement,Done,,,Q133834,"Q133834|P8814|""11958434-n"""
47825,3753,set_statement,Done,,,Q133834,"Q133834|P5063|""i99967"""
47825,3754,set_statement,Done,,,Q4940265,"Q4940265|P8814|""11961730-n"""
47825,3755,set_statement,Done,,,Q4940265,"Q4940265|P5063|""i99985"""
47825,3756,set_statement,Done,,,Q87176002,"Q87176002|P8814|""11962188-n"""
47825,3757,set_statement,Done,,,Q87176002,"Q87176002|P5063|""i99987"""
47825,3758,set_statement,Done,,,Q4965994,"Q4965994|P8814|""11962613-n"""
47825,3759,set_statement,Done,,,Q4965994,"Q4965994|P5063|""i99989"""
47825,3760,set_statement,Done,,,Q1445138,"Q1445138|P8814|""11963344-n"""
47825,3761,set_statement,Done,,,Q1445138,"Q1445138|P5063|""i99993"""
47825,3762,set_statement,Done,,,Q12358274,"Q12358274|P8814|""11964293-n"""
47825,3763,set_statement,Done,,,Q12358274,"Q12358274|P5063|""i99998"""
47825,3764,set_statement,Done,,,Q1427205,"Q1427205|P8814|""11969686-n"""
47825,3765,set_statement,Done,,,Q1427205,"Q1427205|P5063|""i100026"""
47825,3766,set_statement,Done,,,Q5580003,"Q5580003|P8814|""11971854-n"""
47825,3767,set_statement,Done,,,Q5580003,"Q5580003|P5063|""i100036"""
47825,3768,set_statement,Done,,,Q5162107,"Q5162107|P8814|""11976239-n"""
47825,3769,set_statement,Done,,,Q5162107,"Q5162107|P5063|""i100059"""
47825,3770,set_statement,Done,,,Q828737,"Q828737|P8814|""11976677-n"""
47825,3771,set_statement,Done,,,Q828737,"Q828737|P5063|""i100061"""
47825,3772,set_statement,Done,,,Q476937,"Q476937|P8814|""11978381-n"""
47825,3773,set_statement,Done,,,Q476937,"Q476937|P5063|""i100069"""
47825,3774,set_statement,Done,,,Q1807600,"Q1807600|P8814|""11978785-n"""
47825,3775,set_statement,Done,,,Q1807600,"Q1807600|P5063|""i100071"""
47825,3776,set_statement,Done,,,Q5182455,"Q5182455|P8814|""11979211-n"""
47825,3777,set_statement,Done,,,Q5182455,"Q5182455|P5063|""i100073"""
47825,3778,set_statement,Done,,,Q727610,"Q727610|P8814|""11979573-n"""
47825,3779,set_statement,Done,,,Q727610,"Q727610|P5063|""i100075"""
47825,3780,set_statement,Done,,,Q19070,"Q19070|P8814|""11979958-n"""
47825,3781,set_statement,Done,,,Q19070,"Q19070|P5063|""i100077"""
47825,3782,set_statement,Done,,,Q16029211,"Q16029211|P8814|""11981009-n"""
47825,3783,set_statement,Done,,,Q16029211,"Q16029211|P5063|""i100082"""
47825,3784,set_statement,Done,,,Q4157859,"Q4157859|P8814|""11981412-n"""
47825,3785,set_statement,Done,,,Q4157859,"Q4157859|P5063|""i100084"""
47825,3786,set_statement,Done,,,Q2698290,"Q2698290|P8814|""11981735-n"""
47825,3787,set_statement,Done,,,Q2698290,"Q2698290|P5063|""i100086"""
47825,3788,set_statement,Done,,,Q1642983,"Q1642983|P8814|""11982577-n"""
47825,3789,set_statement,Done,,,Q1642983,"Q1642983|P5063|""i100090"""
47825,3790,set_statement,Done,,,Q650106,"Q650106|P8814|""11982969-n"""
47825,3791,set_statement,Done,,,Q650106,"Q650106|P5063|""i100092"""
47825,3792,set_statement,Done,,,Q5359423,"Q5359423|P8814|""11983322-n"""
47825,3793,set_statement,Done,,,Q5359423,"Q5359423|P5063|""i100094"""
47825,3794,set_statement,Done,,,Q5371629,"Q5371629|P8814|""11983627-n"""
47825,3795,set_statement,Done,,,Q5371629,"Q5371629|P5063|""i100096"""
47825,3796,set_statement,Done,,,Q3232518,"Q3232518|P8814|""11985523-n"""
47825,3797,set_statement,Done,,,Q3232518,"Q3232518|P5063|""i100105"""
47825,3798,set_statement,Done,,,Q745253,"Q745253|P8814|""11985847-n"""
47825,3799,set_statement,Done,,,Q745253,"Q745253|P5063|""i100107"""
47825,3800,set_statement,Done,,,Q1123970,"Q1123970|P8814|""11988573-n"""
47825,3801,set_statement,Done,,,Q1123970,"Q1123970|P5063|""i100120"""
47825,3802,set_statement,Done,,,Q338143,"Q338143|P8814|""11989879-n"""
47825,3803,set_statement,Done,,,Q338143,"Q338143|P5063|""i100126"""
47825,3804,set_statement,Done,,,Q1415764,"Q1415764|P8814|""11990446-n"""
47825,3805,set_statement,Done,,,Q1415764,"Q1415764|P5063|""i100129"""
47825,3806,set_statement,Done,,,Q2711348,"Q2711348|P8814|""11992610-n"""
47825,3807,set_statement,Done,,,Q2711348,"Q2711348|P5063|""i100141"""
47825,3808,set_statement,Done,,,Q2702875,"Q2702875|P8814|""11993628-n"""
47825,3809,set_statement,Done,,,Q2702875,"Q2702875|P5063|""i100146"""
47825,3810,set_statement,Done,,,Q2392615,"Q2392615|P8814|""11996322-n"""
47825,3811,set_statement,Done,,,Q2392615,"Q2392615|P5063|""i100159"""
47825,3812,set_statement,Done,,,Q5687694,"Q5687694|P8814|""11997184-n"""
47825,3813,set_statement,Done,,,Q5687694,"Q5687694|P5063|""i100163"""
47825,3814,set_statement,Done,,,Q28195,"Q28195|P8814|""12000557-n"""
47825,3815,set_statement,Done,,,Q28195,"Q28195|P5063|""i100180"""
47825,3816,set_statement,Done,,,Q5221176,"Q5221176|P8814|""12001336-n"""
47825,3817,set_statement,Done,,,Q5221176,"Q5221176|P5063|""i100184"""
47825,3818,set_statement,Done,,,Q970748,"Q970748|P8814|""12001783-n"""
47825,3819,set_statement,Done,,,Q970748,"Q970748|P5063|""i100186"""
47825,3820,set_statement,Done,,,Q2605211,"Q2605211|P8814|""12003193-n"""
47825,3821,set_statement,Done,,,Q2605211,"Q2605211|P5063|""i100192"""
47825,3822,set_statement,Done,,,Q2464876,"Q2464876|P8814|""12003629-n"""
47825,3823,set_statement,Done,,,Q2464876,"Q2464876|P5063|""i100194"""
47825,3824,set_statement,Done,,,Q9005567,"Q9005567|P8814|""12004208-n"""
47825,3825,set_statement,Done,,,Q9005567,"Q9005567|P5063|""i100197"""
47825,3826,set_statement,Done,,,Q5220402,"Q5220402|P8814|""12008191-n"""
47825,3827,set_statement,Done,,,Q5220402,"Q5220402|P5063|""i100217"""
47825,3828,set_statement,Done,,,Q614059,"Q614059|P8814|""12008425-n"""
47825,3829,set_statement,Done,,,Q614059,"Q614059|P5063|""i100218"""
47825,3830,set_statement,Done,,,Q27909,"Q27909|P8814|""12009243-n"""
47825,3831,set_statement,Done,,,Q27909,"Q27909|P5063|""i100222"""
47825,3832,set_statement,Done,,,Q10317683,"Q10317683|P8814|""12011273-n"""
47825,3833,set_statement,Done,,,Q10317683,"Q10317683|P5063|""i100232"""
47825,3834,set_statement,Done,,,Q1580155,"Q1580155|P8814|""12011549-n"""
47825,3835,set_statement,Done,,,Q1580155,"Q1580155|P5063|""i100234"""
47825,3836,set_statement,Done,,,Q1156814,"Q1156814|P8814|""12012462-n"""
47825,3837,set_statement,Done,,,Q1156814,"Q1156814|P5063|""i100238"""
47825,3838,set_statement,Done,,,Q3132945,"Q3132945|P8814|""12012809-n"""
47825,3839,set_statement,Done,,,Q3132945,"Q3132945|P5063|""i100240"""
47825,3840,set_statement,Done,,,Q254419,"Q254419|P8814|""12013143-n"""
47825,3841,set_statement,Done,,,Q254419,"Q254419|P5063|""i100242"""
47825,3842,set_statement,Done,,,Q547333,"Q547333|P8814|""12013476-n"""
47825,3843,set_statement,Done,,,Q547333,"Q547333|P5063|""i100244"""
47825,3844,set_statement,Done,,,Q27618,"Q27618|P8814|""12015296-n"""
47825,3845,set_statement,Done,,,Q27618,"Q27618|P5063|""i100253"""
47825,3846,set_statement,Done,,,Q5487724,"Q5487724|P8814|""12017261-n"""
47825,3847,set_statement,Done,,,Q5487724,"Q5487724|P5063|""i100262"""
47825,3848,set_statement,Done,,,Q28104,"Q28104|P8814|""12019117-n"""
47825,3849,set_statement,Done,,,Q28104,"Q28104|P5063|""i100270"""
47825,3850,set_statement,Done,,,Q2713153,"Q2713153|P8814|""12019924-n"""
47825,3851,set_statement,Done,,,Q2713153,"Q2713153|P5063|""i100274"""
47825,3852,set_statement,Done,,,Q3004070,"Q3004070|P8814|""12020427-n"""
47825,3853,set_statement,Done,,,Q3004070,"Q3004070|P5063|""i100276"""
47825,3854,set_statement,Done,,,Q3236767,"Q3236767|P8814|""12021078-n"""
47825,3855,set_statement,Done,,,Q3236767,"Q3236767|P5063|""i100279"""
47825,3856,set_statement,Done,,,Q2709984,"Q2709984|P8814|""12022034-n"""
47825,3857,set_statement,Done,,,Q2709984,"Q2709984|P5063|""i100283"""
47825,3858,set_statement,Done,,,Q5230471,"Q5230471|P8814|""12024779-n"""
47825,3859,set_statement,Done,,,Q5230471,"Q5230471|P5063|""i100296"""
47825,3860,set_statement,Done,,,Q87178995,"Q87178995|P8814|""12025617-n"""
47825,3861,set_statement,Done,,,Q87178995,"Q87178995|P5063|""i100300"""
47825,3862,set_statement,Done,,,Q671075,"Q671075|P8814|""12025969-n"""
47825,3863,set_statement,Done,,,Q671075,"Q671075|P5063|""i100302"""
47825,3864,set_statement,Done,,,Q16269373,"Q16269373|P8814|""12026338-n"""
47825,3865,set_statement,Done,,,Q16269373,"Q16269373|P5063|""i100304"""
47825,3866,set_statement,Done,,,Q310366,"Q310366|P8814|""12026550-n"""
47825,3867,set_statement,Done,,,Q310366,"Q310366|P5063|""i100305"""
47825,3868,set_statement,Done,,,Q1638845,"Q1638845|P8814|""12030085-n"""
47825,3869,set_statement,Done,,,Q1638845,"Q1638845|P5063|""i100321"""
47825,3870,set_statement,Done,,,Q2530127,"Q2530127|P8814|""12030927-n"""
47825,3871,set_statement,Done,,,Q2530127,"Q2530127|P5063|""i100325"""
47825,3872,set_statement,Done,,,Q209596,"Q209596|P8814|""12031536-n"""
47825,3873,set_statement,Done,,,Q209596,"Q209596|P5063|""i100328"""
47825,3874,set_statement,Done,,,Q7454921,"Q7454921|P8814|""12034280-n"""
47825,3875,set_statement,Done,,,Q7454921,"Q7454921|P5063|""i100341"""
47825,3876,set_statement,Done,,,Q729352,"Q729352|P8814|""12035545-n"""
47825,3877,set_statement,Done,,,Q729352,"Q729352|P5063|""i100347"""
47825,3878,set_statement,Done,,,Q1521997,"Q1521997|P8814|""12035853-n"""
47825,3879,set_statement,Done,,,Q1521997,"Q1521997|P5063|""i100349"""
47825,3880,set_statement,Done,,,Q2711319,"Q2711319|P8814|""12039659-n"""
47825,3881,set_statement,Done,,,Q2711319,"Q2711319|P5063|""i100372"""
47825,3882,set_statement,Done,,,Q16269591,"Q16269591|P8814|""12040517-n"""
47825,3883,set_statement,Done,,,Q16269591,"Q16269591|P5063|""i100376"""
47825,3884,set_statement,Done,,,Q147552,"Q147552|P8814|""12040857-n"""
47825,3885,set_statement,Done,,,Q147552,"Q147552|P5063|""i100378"""
47825,3886,set_statement,Done,,,Q5234663,"Q5234663|P8814|""12045488-n"""
47825,3887,set_statement,Done,,,Q5234663,"Q5234663|P5063|""i100397"""
47825,3888,set_statement,Done,,,Q136941,"Q136941|P8814|""12046318-n"""
47825,3889,set_statement,Done,,,Q136941,"Q136941|P5063|""i100400"""
47825,3890,set_statement,Done,,,Q2708411,"Q2708411|P8814|""12046775-n"""
47825,3891,set_statement,Done,,,Q2708411,"Q2708411|P5063|""i100402"""
47825,3892,set_statement,Done,,,Q7842001,"Q7842001|P8814|""12048333-n"""
47825,3893,set_statement,Done,,,Q7842001,"Q7842001|P5063|""i100409"""
47825,3894,set_statement,Done,,,Q2297615,"Q2297615|P8814|""12049795-n"""
47825,3895,set_statement,Done,,,Q2297615,"Q2297615|P5063|""i100415"""
47825,3896,set_statement,Done,,,Q87140608,"Q87140608|P8814|""12050948-n"""
47825,3897,set_statement,Done,,,Q87140608,"Q87140608|P5063|""i100420"""
47825,3898,set_statement,Done,,,Q5221410,"Q5221410|P8814|""12052684-n"""
47825,3899,set_statement,Done,,,Q5221410,"Q5221410|P5063|""i100428"""
47825,3900,set_statement,Done,,,Q599518,"Q599518|P8814|""12055297-n"""
47825,3901,set_statement,Done,,,Q599518,"Q599518|P5063|""i100440"""
47825,3902,set_statement,Done,,,Q155802,"Q155802|P8814|""12057002-n"""
47825,3903,set_statement,Done,,,Q155802,"Q155802|P5063|""i100449"""
47825,3904,set_statement,Done,,,Q1771937,"Q1771937|P8814|""12059993-n"""
47825,3905,set_statement,Done,,,Q1771937,"Q1771937|P5063|""i100464"""
47825,3906,set_statement,Done,,,Q21139,"Q21139|P8814|""12065040-n"""
47825,3907,set_statement,Done,,,Q21139,"Q21139|P5063|""i100474"""
47825,3908,set_statement,Done,,,Q20846,"Q20846|P8814|""12065473-n"""
47825,3909,set_statement,Done,,,Q20846,"Q20846|P5063|""i100476"""
47825,3910,set_statement,Done,,,Q20815,"Q20815|P8814|""12065821-n"""
47825,3911,set_statement,Done,,,Q20815,"Q20815|P5063|""i100478"""
47825,3912,set_statement,Done,,,Q133789,"Q133789|P8814|""12066164-n"""
47825,3913,set_statement,Done,,,Q133789,"Q133789|P5063|""i100480"""
47825,3914,set_statement,Done,,,Q133743,"Q133743|P8814|""12067089-n"""
47825,3915,set_statement,Done,,,Q133743,"Q133743|P5063|""i100485"""
47825,3916,set_statement,Done,,,Q13398625,"Q13398625|P8814|""12069881-n"""
47825,3917,set_statement,Done,,,Q13398625,"Q13398625|P5063|""i100500"""
47825,3918,set_statement,Done,,,Q133751,"Q133751|P8814|""12070265-n"""
47825,3919,set_statement,Done,,,Q133751,"Q133751|P5063|""i100502"""
47825,3920,set_statement,Done,,,Q134020,"Q134020|P8814|""12071754-n"""
47825,3921,set_statement,Done,,,Q134020,"Q134020|P5063|""i100509"""
47825,3922,set_statement,Done,,,Q161295,"Q161295|P8814|""12072522-n"""
47825,3923,set_statement,Done,,,Q161295,"Q161295|P5063|""i100512"""
47825,3924,set_statement,Done,,,Q163537,"Q163537|P8814|""12073607-n"""
47825,3925,set_statement,Done,,,Q163537,"Q163537|P5063|""i100517"""
47825,3926,set_statement,Done,,,Q599025,"Q599025|P8814|""12079980-n"""
47825,3927,set_statement,Done,,,Q599025,"Q599025|P5063|""i100544"""
47825,3928,set_statement,Done,,,Q133719,"Q133719|P8814|""12080352-n"""
47825,3929,set_statement,Done,,,Q133719,"Q133719|P5063|""i100546"""
47825,3930,set_statement,Done,,,Q87201444,"Q87201444|P8814|""12080881-n"""
47825,3931,set_statement,Done,,,Q87201444,"Q87201444|P5063|""i100548"""
47825,3932,set_statement,Done,,,Q133786,"Q133786|P8814|""12081317-n"""
47825,3933,set_statement,Done,,,Q133786,"Q133786|P5063|""i100550"""
47825,3934,set_statement,Done,,,Q133728,"Q133728|P8814|""12082350-n"""
47825,3935,set_statement,Done,,,Q133728,"Q133728|P5063|""i100554"""
47825,3936,set_statement,Done,,,Q2670108,"Q2670108|P8814|""12083567-n"""
47825,3937,set_statement,Done,,,Q2670108,"Q2670108|P5063|""i100560"""
47825,3938,set_statement,Done,,,Q2372901,"Q2372901|P8814|""12084388-n"""
47825,3939,set_statement,Done,,,Q2372901,"Q2372901|P5063|""i100564"""
47825,3940,set_statement,Done,,,Q162057,"Q162057|P8814|""12084684-n"""
47825,3941,set_statement,Done,,,Q162057,"Q162057|P5063|""i100565"""
47825,3942,set_statement,Done,,,Q3906361,"Q3906361|P8814|""12085315-n"""
47825,3943,set_statement,Done,,,Q3906361,"Q3906361|P5063|""i100568"""
47825,3944,set_statement,Done,,,Q3291967,"Q3291967|P8814|""12089325-n"""
47825,3945,set_statement,Done,,,Q3291967,"Q3291967|P5063|""i100586"""
47825,3946,set_statement,Done,,,Q157544,"Q157544|P8814|""12095179-n"""
47825,3947,set_statement,Done,,,Q157544,"Q157544|P5063|""i100613"""
47825,3948,set_statement,Done,,,Q133897,"Q133897|P8814|""12096882-n"""
47825,3949,set_statement,Done,,,Q133897,"Q133897|P5063|""i100622"""
47825,3950,set_statement,Done,,,Q1300407,"Q1300407|P8814|""12097563-n"""
47825,3951,set_statement,Done,,,Q1300407,"Q1300407|P5063|""i100625"""
47825,3952,set_statement,Done,,,Q132709,"Q132709|P8814|""12098006-n"""
47825,3953,set_statement,Done,,,Q132709,"Q132709|P5063|""i100627"""
47825,3954,set_statement,Done,,,Q161849,"Q161849|P8814|""12098233-n"""
47825,3955,set_statement,Done,,,Q161849,"Q161849|P5063|""i100628"""
47825,3956,set_statement,Done,,,Q1989603,"Q1989603|P8814|""12099455-n"""
47825,3957,set_statement,Done,,,Q1989603,"Q1989603|P5063|""i100634"""
47825,3958,set_statement,Done,,,Q2673653,"Q2673653|P8814|""12100700-n"""
47825,3959,set_statement,Done,,,Q2673653,"Q2673653|P5063|""i100640"""
47825,3960,set_statement,Done,,,Q134246,"Q134246|P8814|""12101523-n"""
47825,3961,set_statement,Done,,,Q134246,"Q134246|P5063|""i100644"""
47825,3962,set_statement,Done,,,Q1300371,"Q1300371|P8814|""12101989-n"""
47825,3963,set_statement,Done,,,Q1300371,"Q1300371|P5063|""i100646"""
47825,3964,set_statement,Done,,,Q3308291,"Q3308291|P8814|""12102858-n"""
47825,3965,set_statement,Done,,,Q3308291,"Q3308291|P5063|""i100650"""
47825,3966,set_statement,Done,,,Q138016,"Q138016|P8814|""12103265-n"""
47825,3967,set_statement,Done,,,Q138016,"Q138016|P5063|""i100652"""
47825,3968,set_statement,Done,,,Q163541,"Q163541|P8814|""12103840-n"""
47825,3969,set_statement,Done,,,Q163541,"Q163541|P5063|""i100655"""
47825,3970,set_statement,Done,,,Q7840728,"Q7840728|P8814|""12105986-n"""
47825,3971,set_statement,Done,,,Q7840728,"Q7840728|P5063|""i100665"""
47825,3972,set_statement,Done,,,Q141307,"Q141307|P8814|""12107925-n"""
47825,3973,set_statement,Done,,,Q141307,"Q141307|P5063|""i100675"""
47825,3974,set_statement,Done,,,Q161220,"Q161220|P8814|""12108167-n"""
47825,3975,set_statement,Done,,,Q161220,"Q161220|P5063|""i100676"""
47825,3976,set_statement,Done,,,Q157115,"Q157115|P8814|""12110835-n"""
47825,3977,set_statement,Done,,,Q157115,"Q157115|P5063|""i100690"""
47825,3978,set_statement,Done,,,Q14565146,"Q14565146|P8814|""12114286-n"""
47825,3979,set_statement,Done,,,Q14565146,"Q14565146|P5063|""i100708"""
47825,3980,set_statement,Done,,,Q161260,"Q161260|P8814|""12117315-n"""
47825,3981,set_statement,Done,,,Q161260,"Q161260|P5063|""i100727"""
47825,3982,set_statement,Done,,,Q159796,"Q159796|P8814|""12117530-n"""
47825,3983,set_statement,Done,,,Q159796,"Q159796|P5063|""i100728"""
47825,3984,set_statement,Done,,,Q2059792,"Q2059792|P8814|""12118263-n"""
47825,3985,set_statement,Done,,,Q2059792,"Q2059792|P5063|""i100732"""
47825,3986,set_statement,Done,,,Q156141,"Q156141|P8814|""12118444-n"""
47825,3987,set_statement,Done,,,Q156141,"Q156141|P5063|""i100733"""
47825,3988,set_statement,Done,,,Q158399,"Q158399|P8814|""12119182-n"""
47825,3989,set_statement,Done,,,Q158399,"Q158399|P5063|""i100737"""
47825,3990,set_statement,Done,,,Q157375,"Q157375|P8814|""12119737-n"""
47825,3991,set_statement,Done,,,Q157375,"Q157375|P5063|""i100740"""
47825,3992,set_statement,Done,,,Q132048,"Q132048|P8814|""12120073-n"""
47825,3993,set_statement,Done,,,Q132048,"Q132048|P5063|""i100742"""
47825,3994,set_statement,Done,,,Q309936,"Q309936|P8814|""12120320-n"""
47825,3995,set_statement,Done,,,Q309936,"Q309936|P5063|""i100743"""
47825,3996,set_statement,Done,,,Q28502,"Q28502|P8814|""12120899-n"""
47825,3997,set_statement,Done,,,Q28502,"Q28502|P5063|""i100746"""
47825,3998,set_statement,Done,,,Q43238,"Q43238|P8814|""12121055-n"""
47825,3999,set_statement,Done,,,Q43238,"Q43238|P5063|""i100747"""
47825,4000,set_statement,Done,,,Q1764888,"Q1764888|P8814|""12125131-n"""
47825,4001,set_statement,Done,,,Q1764888,"Q1764888|P5063|""i100758"""
47825,4002,set_statement,Done,,,Q162731,"Q162731|P8814|""12125460-n"""
47825,4003,set_statement,Done,,,Q162731,"Q162731|P5063|""i100760"""
47825,4004,set_statement,Done,,,Q161137,"Q161137|P8814|""12127057-n"""
47825,4005,set_statement,Done,,,Q161137,"Q161137|P5063|""i100768"""
47825,4006,set_statement,Done,,,Q165263,"Q165263|P8814|""12129706-n"""
47825,4007,set_statement,Done,,,Q165263,"Q165263|P5063|""i100781"""
47825,4008,set_statement,Done,,,Q146760,"Q146760|P8814|""12130236-n"""
47825,4009,set_statement,Done,,,Q146760,"Q146760|P5063|""i100784"""
47825,4010,set_statement,Done,,,Q15102508,"Q15102508|P8814|""12133005-n"""
47825,4011,set_statement,Done,,,Q15102508,"Q15102508|P5063|""i100801"""
47825,4012,set_statement,Done,,,Q430325,"Q430325|P8814|""12133988-n"""
47825,4013,set_statement,Done,,,Q430325,"Q430325|P5063|""i100807"""
47825,4014,set_statement,Done,,,Q2147082,"Q2147082|P8814|""12134743-n"""
47825,4015,set_statement,Done,,,Q2147082,"Q2147082|P5063|""i100811"""
47825,4016,set_statement,Done,,,Q941632,"Q941632|P8814|""12135498-n"""
47825,4017,set_statement,Done,,,Q941632,"Q941632|P5063|""i100815"""
47825,4018,set_statement,Done,,,Q959222,"Q959222|P8814|""12136080-n"""
47825,4019,set_statement,Done,,,Q959222,"Q959222|P5063|""i100818"""
47825,4020,set_statement,Done,,,Q1047931,"Q1047931|P8814|""12136784-n"""
47825,4021,set_statement,Done,,,Q1047931,"Q1047931|P5063|""i100821"""
47825,4022,set_statement,Done,,,Q163915,"Q163915|P8814|""12137398-n"""
47825,4023,set_statement,Done,,,Q163915,"Q163915|P5063|""i100825"""
47825,4024,set_statement,Done,,,Q163965,"Q163965|P8814|""12138024-n"""
47825,4025,set_statement,Done,,,Q163965,"Q163965|P5063|""i100829"""
47825,4026,set_statement,Done,,,Q1072892,"Q1072892|P8814|""12139429-n"""
47825,4027,set_statement,Done,,,Q1072892,"Q1072892|P5063|""i100835"""
47825,4028,set_statement,Done,,,Q161088,"Q161088|P8814|""12140464-n"""
47825,4029,set_statement,Done,,,Q161088,"Q161088|P5063|""i100842"""
47825,4030,set_statement,Done,,,Q2731014,"Q2731014|P8814|""12141329-n"""
47825,4031,set_statement,Done,,,Q2731014,"Q2731014|P5063|""i100846"""
47825,4032,set_statement,Done,,,Q157515,"Q157515|P8814|""12142641-n"""
47825,4033,set_statement,Done,,,Q157515,"Q157515|P5063|""i100853"""
47825,4034,set_statement,Done,,,Q1542804,"Q1542804|P8814|""12144875-n"""
47825,4035,set_statement,Done,,,Q1542804,"Q1542804|P5063|""i100866"""
47825,4036,set_statement,Done,,,Q690633,"Q690633|P8814|""12146299-n"""
47825,4037,set_statement,Done,,,Q690633,"Q690633|P5063|""i100874"""
47825,4038,set_statement,Done,,,Q934037,"Q934037|P8814|""12147428-n"""
47825,4039,set_statement,Done,,,Q934037,"Q934037|P5063|""i100881"""
47825,4040,set_statement,Done,,,Q157573,"Q157573|P8814|""12150042-n"""
47825,4041,set_statement,Done,,,Q157573,"Q157573|P5063|""i100895"""
47825,4042,set_statement,Done,,,Q2708217,"Q2708217|P8814|""12153849-n"""
47825,4043,set_statement,Done,,,Q2708217,"Q2708217|P5063|""i100913"""
47825,4044,set_statement,Done,,,Q12111,"Q12111|P8814|""12157461-n"""
47825,4045,set_statement,Done,,,Q12111,"Q12111|P5063|""i100931"""
47825,4046,set_statement,Done,,,Q159038,"Q159038|P8814|""12159884-n"""
47825,4047,set_statement,Done,,,Q159038,"Q159038|P5063|""i100944"""
47825,4048,set_statement,Done,,,Q2603825,"Q2603825|P8814|""12160654-n"""
47825,4049,set_statement,Done,,,Q2603825,"Q2603825|P5063|""i100948"""
47825,4050,set_statement,Done,,,Q12106,"Q12106|P8814|""12162407-n"""
47825,4051,set_statement,Done,,,Q12106,"Q12106|P5063|""i100957"""
47825,4052,set_statement,Done,,,Q542456,"Q542456|P8814|""12164089-n"""
47825,4053,set_statement,Done,,,Q542456,"Q542456|P5063|""i100966"""
47825,4054,set_statement,Done,,,Q831681,"Q831681|P8814|""12166319-n"""
47825,4055,set_statement,Done,,,Q831681,"Q831681|P5063|""i100978"""
47825,4056,set_statement,Done,,,Q2700649,"Q2700649|P8814|""12168596-n"""
47825,4057,set_statement,Done,,,Q2700649,"Q2700649|P5063|""i100990"""
47825,4058,set_statement,Done,,,Q2718894,"Q2718894|P8814|""12169127-n"""
47825,4059,set_statement,Done,,,Q2718894,"Q2718894|P5063|""i100993"""
47825,4060,set_statement,Done,,,Q161224,"Q161224|P8814|""12170964-n"""
47825,4061,set_statement,Done,,,Q161224,"Q161224|P5063|""i101001"""
47825,4062,set_statement,Done,,,Q158501,"Q158501|P8814|""12172331-n"""
47825,4063,set_statement,Done,,,Q158501,"Q158501|P5063|""i101007"""
47825,4064,set_statement,Done,,,Q159220,"Q159220|P8814|""12173386-n"""
47825,4065,set_statement,Done,,,Q159220,"Q159220|P5063|""i101013"""
47825,4066,set_statement,Done,,,Q161871,"Q161871|P8814|""12173910-n"""
47825,4067,set_statement,Done,,,Q161871,"Q161871|P5063|""i101016"""
47825,4068,set_statement,Done,,,Q157075,"Q157075|P8814|""12176825-n"""
47825,4069,set_statement,Done,,,Q157075,"Q157075|P5063|""i101032"""
47825,4070,set_statement,Done,,,Q1196275,"Q1196275|P8814|""12177001-n"""
47825,4071,set_statement,Done,,,Q1196275,"Q1196275|P5063|""i101033"""
47825,4072,set_statement,Done,,,Q8314,"Q8314|P8814|""12177793-n"""
47825,4073,set_statement,Done,,,Q8314,"Q8314|P5063|""i101038"""
47825,4074,set_statement,Done,,,Q5339301,"Q5339301|P8814|""12178665-n"""
47825,4075,set_statement,Done,,,Q5339301,"Q5339301|P5063|""i101042"""
47825,4076,set_statement,Done,,,Q132239,"Q132239|P8814|""12184166-n"""
47825,4077,set_statement,Done,,,Q132239,"Q132239|P5063|""i101066"""
47825,4078,set_statement,Done,,,Q148758,"Q148758|P8814|""12184732-n"""
47825,4079,set_statement,Done,,,Q148758,"Q148758|P5063|""i101069"""
47825,4080,set_statement,Done,,,Q547938,"Q547938|P8814|""12188266-n"""
47825,4081,set_statement,Done,,,Q547938,"Q547938|P5063|""i101087"""
47825,4082,set_statement,Done,,,Q10726796,"Q10726796|P8814|""12188643-n"""
47825,4083,set_statement,Done,,,Q10726796,"Q10726796|P5063|""i101089"""
47825,4084,set_statement,Done,,,Q156551,"Q156551|P8814|""12190293-n"""
47825,4085,set_statement,Done,,,Q156551,"Q156551|P5063|""i101097"""
47825,4086,set_statement,Done,,,Q132638,"Q132638|P8814|""12193232-n"""
47825,4087,set_statement,Done,,,Q132638,"Q132638|P5063|""i101107"""
47825,4088,set_statement,Done,,,Q1148371,"Q1148371|P8814|""12193924-n"""
47825,4089,set_statement,Done,,,Q1148371,"Q1148371|P5063|""i101110"""
47825,4090,set_statement,Done,,,Q3626558,"Q3626558|P8814|""12195259-n"""
47825,4091,set_statement,Done,,,Q3626558,"Q3626558|P5063|""i101116"""
47825,4092,set_statement,Done,,,Q719312,"Q719312|P8814|""12196314-n"""
47825,4093,set_statement,Done,,,Q719312,"Q719312|P5063|""i101121"""
47825,4094,set_statement,Done,,,Q157124,"Q157124|P8814|""12198109-n"""
47825,4095,set_statement,Done,,,Q157124,"Q157124|P5063|""i101130"""
47825,4096,set_statement,Done,,,Q956342,"Q956342|P8814|""12201664-n"""
47825,4097,set_statement,Done,,,Q956342,"Q956342|P5063|""i101145"""
47825,4098,set_statement,Done,,,Q3773987,"Q3773987|P8814|""12202368-n"""
47825,4099,set_statement,Done,,,Q3773987,"Q3773987|P5063|""i101148"""
47825,4100,set_statement,Done,,,Q1415570,"Q1415570|P8814|""12202931-n"""
47825,4101,set_statement,Done,,,Q1415570,"Q1415570|P5063|""i101151"""
47825,4102,set_statement,Done,,,Q3335868,"Q3335868|P8814|""12204854-n"""
47825,4103,set_statement,Done,,,Q3335868,"Q3335868|P5063|""i101161"""
47825,4104,set_statement,Done,,,Q9060360,"Q9060360|P8814|""12205595-n"""
47825,4105,set_statement,Done,,,Q9060360,"Q9060360|P5063|""i101165"""
47825,4106,set_statement,Done,,,Q311463,"Q311463|P8814|""12206633-n"""
47825,4107,set_statement,Done,,,Q311463,"Q311463|P5063|""i101170"""
47825,4108,set_statement,Done,,,Q5219981,"Q5219981|P8814|""12207547-n"""
47825,4109,set_statement,Done,,,Q5219981,"Q5219981|P5063|""i101174"""
47825,4110,set_statement,Done,,,Q1149349,"Q1149349|P8814|""12208637-n"""
47825,4111,set_statement,Done,,,Q1149349,"Q1149349|P5063|""i101179"""
47825,4112,set_statement,Done,,,Q2006755,"Q2006755|P8814|""12209502-n"""
47825,4113,set_statement,Done,,,Q2006755,"Q2006755|P5063|""i101183"""
47825,4114,set_statement,Done,,,Q719028,"Q719028|P8814|""12209810-n"""
47825,4115,set_statement,Done,,,Q719028,"Q719028|P5063|""i101184"""
47825,4116,set_statement,Done,,,Q157991,"Q157991|P8814|""12210137-n"""
47825,4117,set_statement,Done,,,Q157991,"Q157991|P5063|""i101186"""
47825,4118,set_statement,Done,,,Q284019,"Q284019|P8814|""12210758-n"""
47825,4119,set_statement,Done,,,Q284019,"Q284019|P5063|""i101189"""
47825,4120,set_statement,Done,,,Q2309085,"Q2309085|P8814|""12211229-n"""
47825,4121,set_statement,Done,,,Q2309085,"Q2309085|P5063|""i101191"""
47825,4122,set_statement,Done,,,Q6022764,"Q6022764|P8814|""12211592-n"""
47825,4123,set_statement,Done,,,Q6022764,"Q6022764|P5063|""i101193"""
47825,4124,set_statement,Done,,,Q5221618,"Q5221618|P8814|""12212482-n"""
47825,4125,set_statement,Done,,,Q5221618,"Q5221618|P5063|""i101198"""
47825,4126,set_statement,Done,,,Q131280,"Q131280|P8814|""12212890-n"""
47825,4127,set_statement,Done,,,Q131280,"Q131280|P5063|""i101200"""
47825,4128,set_statement,Done,,,Q29128,"Q29128|P8814|""12213239-n"""
47825,4129,set_statement,Done,,,Q29128,"Q29128|P5063|""i101201"""
47825,4130,set_statement,Done,,,Q2372406,"Q2372406|P8814|""12213975-n"""
47825,4131,set_statement,Done,,,Q2372406,"Q2372406|P5063|""i101205"""
47825,4132,set_statement,Done,,,Q10333250,"Q10333250|P8814|""12214481-n"""
47825,4133,set_statement,Done,,,Q10333250,"Q10333250|P5063|""i101207"""
47825,4134,set_statement,Done,,,Q1071125,"Q1071125|P8814|""12215293-n"""
47825,4135,set_statement,Done,,,Q1071125,"Q1071125|P5063|""i101211"""
47825,4136,set_statement,Done,,,Q427914,"Q427914|P8814|""12218657-n"""
47825,4137,set_statement,Done,,,Q427914,"Q427914|P5063|""i101227"""
47825,4138,set_statement,Done,,,Q3312735,"Q3312735|P8814|""12219547-n"""
47825,4139,set_statement,Done,,,Q3312735,"Q3312735|P5063|""i101231"""
47825,4140,set_statement,Done,,,Q148716,"Q148716|P8814|""12220081-n"""
47825,4141,set_statement,Done,,,Q148716,"Q148716|P5063|""i101234"""
47825,4142,set_statement,Done,,,Q368955,"Q368955|P8814|""12220832-n"""
47825,4143,set_statement,Done,,,Q368955,"Q368955|P5063|""i101238"""
47825,4144,set_statement,Done,,,Q2702537,"Q2702537|P8814|""12221264-n"""
47825,4145,set_statement,Done,,,Q2702537,"Q2702537|P5063|""i101240"""
47825,4146,set_statement,Done,,,Q15814211,"Q15814211|P8814|""12221683-n"""
47825,4147,set_statement,Done,,,Q15814211,"Q15814211|P5063|""i101242"""
47825,4148,set_statement,Done,,,Q162078,"Q162078|P8814|""12221973-n"""
47825,4149,set_statement,Done,,,Q162078,"Q162078|P5063|""i101244"""
47825,4150,set_statement,Done,,,Q127849,"Q127849|P8814|""12223229-n"""
47825,4151,set_statement,Done,,,Q127849,"Q127849|P5063|""i101250"""
47825,4152,set_statement,Done,,,Q15813022,"Q15813022|P8814|""12224922-n"""
47825,4153,set_statement,Done,,,Q15813022,"Q15813022|P5063|""i101258"""
47825,4154,set_statement,Done,,,Q80212,"Q80212|P8814|""12225442-n"""
47825,4155,set_statement,Done,,,Q80212,"Q80212|P5063|""i101261"""
47825,4156,set_statement,Done,,,Q87302332,"Q87302332|P8814|""12225825-n"""
47825,4157,set_statement,Done,,,Q87302332,"Q87302332|P5063|""i101263"""
47825,4158,set_statement,Done,,,Q14856870,"Q14856870|P8814|""12233714-n"""
47825,4159,set_statement,Done,,,Q14856870,"Q14856870|P5063|""i101269"""
47825,4160,set_statement,Done,,,Q157228,"Q157228|P8814|""12234152-n"""
47825,4161,set_statement,Done,,,Q157228,"Q157228|P5063|""i101271"""
47825,4162,set_statement,Done,,,Q2711732,"Q2711732|P8814|""12234762-n"""
47825,4163,set_statement,Done,,,Q2711732,"Q2711732|P5063|""i101272"""
47825,4164,set_statement,Done,,,Q2705208,"Q2705208|P8814|""12236545-n"""
47825,4165,set_statement,Done,,,Q2705208,"Q2705208|P5063|""i101280"""
47825,4166,set_statement,Done,,,Q3355974,"Q3355974|P8814|""12236899-n"""
47825,4167,set_statement,Done,,,Q3355974,"Q3355974|P5063|""i101282"""
47825,4168,set_statement,Done,,,Q3104697,"Q3104697|P8814|""12237353-n"""
47825,4169,set_statement,Done,,,Q3104697,"Q3104697|P5063|""i101284"""
47825,4170,set_statement,Done,,,Q1545761,"Q1545761|P8814|""12237728-n"""
47825,4171,set_statement,Done,,,Q1545761,"Q1545761|P5063|""i101286"""
47825,4172,set_statement,Done,,,Q141826,"Q141826|P8814|""12239138-n"""
47825,4173,set_statement,Done,,,Q141826,"Q141826|P5063|""i101293"""
47825,4174,set_statement,Done,,,Q9017763,"Q9017763|P8814|""12240012-n"""
47825,4175,set_statement,Done,,,Q9017763,"Q9017763|P5063|""i101297"""
47825,4176,set_statement,Done,,,Q2712665,"Q2712665|P8814|""12240392-n"""
47825,4177,set_statement,Done,,,Q2712665,"Q2712665|P5063|""i101299"""
47825,4178,set_statement,Done,,,Q159466,"Q159466|P8814|""12240764-n"""
47825,4179,set_statement,Done,,,Q159466,"Q159466|P5063|""i101301"""
47825,4180,set_statement,Done,,,Q138331,"Q138331|P8814|""12242851-n"""
47825,4181,set_statement,Done,,,Q138331,"Q138331|P5063|""i101312"""
47825,4182,set_statement,Done,,,Q2261590,"Q2261590|P8814|""12244826-n"""
47825,4183,set_statement,Done,,,Q2261590,"Q2261590|P5063|""i101322"""
47825,4184,set_statement,Done,,,Q474620,"Q474620|P8814|""12245039-n"""
47825,4185,set_statement,Done,,,Q474620,"Q474620|P5063|""i101323"""
47825,4186,set_statement,Done,,,Q21737,"Q21737|P8814|""12246526-n"""
47825,4187,set_statement,Done,,,Q21737,"Q21737|P5063|""i101330"""
47825,4188,set_statement,Done,,,Q975872,"Q975872|P8814|""12246839-n"""
47825,4189,set_statement,Done,,,Q975872,"Q975872|P5063|""i101331"""
47825,4190,set_statement,Done,,,Q206998,"Q206998|P8814|""12247737-n"""
47825,4191,set_statement,Done,,,Q206998,"Q206998|P5063|""i101333"""
47825,4192,set_statement,Done,,,Q2846938,"Q2846938|P8814|""12249799-n"""
47825,4193,set_statement,Done,,,Q2846938,"Q2846938|P5063|""i101344"""
47825,4194,set_statement,Done,,,Q19888183,"Q19888183|P8814|""12253200-n"""
47825,4195,set_statement,Done,,,Q19888183,"Q19888183|P5063|""i101360"""
47825,4196,set_statement,Done,,,Q6983007,"Q6983007|P8814|""12253927-n"""
47825,4197,set_statement,Done,,,Q6983007,"Q6983007|P5063|""i101364"""
47825,4198,set_statement,Done,,,Q574564,"Q574564|P8814|""12254276-n"""
47825,4199,set_statement,Done,,,Q574564,"Q574564|P5063|""i101366"""
47825,4200,set_statement,Done,,,Q3502448,"Q3502448|P8814|""12254693-n"""
47825,4201,set_statement,Done,,,Q3502448,"Q3502448|P5063|""i101368"""
47825,4202,set_statement,Done,,,Q24156,"Q24156|P8814|""12255030-n"""
47825,4203,set_statement,Done,,,Q24156,"Q24156|P5063|""i101370"""
47825,4204,set_statement,Done,,,Q1626776,"Q1626776|P8814|""12255780-n"""
47825,4205,set_statement,Done,,,Q1626776,"Q1626776|P5063|""i101374"""
47825,4206,set_statement,Done,,,Q2001352,"Q2001352|P8814|""12258823-n"""
47825,4207,set_statement,Done,,,Q2001352,"Q2001352|P5063|""i101388"""
47825,4208,set_statement,Done,,,Q3502252,"Q3502252|P8814|""12259617-n"""
47825,4209,set_statement,Done,,,Q3502252,"Q3502252|P5063|""i101392"""
47825,4210,set_statement,Done,,,Q6980968,"Q6980968|P8814|""12260852-n"""
47825,4211,set_statement,Done,,,Q6980968,"Q6980968|P5063|""i101398"""
47825,4212,set_statement,Done,,,Q2664959,"Q2664959|P8814|""12261232-n"""
47825,4213,set_statement,Done,,,Q2664959,"Q2664959|P5063|""i101400"""
47825,4214,set_statement,Done,,,Q32269,"Q32269|P8814|""12262216-n"""
47825,4215,set_statement,Done,,,Q32269,"Q32269|P5063|""i101404"""
47825,4216,set_statement,Done,,,Q15940594,"Q15940594|P8814|""12262804-n"""
47825,4217,set_statement,Done,,,Q15940594,"Q15940594|P5063|""i101407"""
47825,4218,set_statement,Done,,,Q2417381,"Q2417381|P8814|""12263185-n"""
47825,4219,set_statement,Done,,,Q2417381,"Q2417381|P5063|""i101409"""
47825,4220,set_statement,Done,,,Q132967,"Q132967|P8814|""12263809-n"""
47825,4221,set_statement,Done,,,Q132967,"Q132967|P5063|""i101412"""
47825,4222,set_statement,Done,,,Q157454,"Q157454|P8814|""12270338-n"""
47825,4223,set_statement,Done,,,Q157454,"Q157454|P5063|""i101442"""
47825,4224,set_statement,Done,,,Q7179462,"Q7179462|P8814|""12271391-n"""
47825,4225,set_statement,Done,,,Q7179462,"Q7179462|P5063|""i101447"""
47825,4226,set_statement,Done,,,Q14565066,"Q14565066|P8814|""12271654-n"""
47825,4227,set_statement,Done,,,Q14565066,"Q14565066|P5063|""i101449"""
47825,4228,set_statement,Done,,,Q9064979,"Q9064979|P8814|""12272094-n"""
47825,4229,set_statement,Done,,,Q9064979,"Q9064979|P5063|""i101451"""
47825,4230,set_statement,Done,,,Q2333338,"Q2333338|P8814|""12273137-n"""
47825,4231,set_statement,Done,,,Q2333338,"Q2333338|P5063|""i101456"""
47825,4232,set_statement,Done,,,Q218908,"Q218908|P8814|""12274531-n"""
47825,4233,set_statement,Done,,,Q218908,"Q218908|P5063|""i101463"""
47825,4234,set_statement,Done,,,Q2593020,"Q2593020|P8814|""12274995-n"""
47825,4235,set_statement,Done,,,Q2593020,"Q2593020|P5063|""i101465"""
47825,4236,set_statement,Done,,,Q73917,"Q73917|P8814|""12275603-n"""
47825,4237,set_statement,Done,,,Q73917,"Q73917|P5063|""i101468"""
47825,4238,set_statement,Done,,,Q14302093,"Q14302093|P8814|""12275969-n"""
47825,4239,set_statement,Done,,,Q14302093,"Q14302093|P5063|""i101470"""
47825,4240,set_statement,Done,,,Q49733,"Q49733|P8814|""12276176-n"""
47825,4241,set_statement,Done,,,Q49733,"Q49733|P5063|""i101471"""
47825,4242,set_statement,Done,,,Q157528,"Q157528|P8814|""12276451-n"""
47825,4243,set_statement,Done,,,Q157528,"Q157528|P5063|""i101472"""
47825,4244,set_statement,Done,,,Q1552593,"Q1552593|P8814|""12277657-n"""
47825,4245,set_statement,Done,,,Q1552593,"Q1552593|P5063|""i101478"""
47825,4246,set_statement,Done,,,Q159496,"Q159496|P8814|""12278437-n"""
47825,4247,set_statement,Done,,,Q159496,"Q159496|P5063|""i101482"""
47825,4248,set_statement,Done,,,Q1411022,"Q1411022|P8814|""12278897-n"""
47825,4249,set_statement,Done,,,Q1411022,"Q1411022|P5063|""i101484"""
47825,4250,set_statement,Done,,,Q15940528,"Q15940528|P8814|""12279639-n"""
47825,4251,set_statement,Done,,,Q15940528,"Q15940528|P5063|""i101487"""
47825,4252,set_statement,Done,,,Q15940650,"Q15940650|P8814|""12280132-n"""
47825,4253,set_statement,Done,,,Q15940650,"Q15940650|P5063|""i101489"""
47825,4254,set_statement,Done,,,Q21881,"Q21881|P8814|""12280538-n"""
47825,4255,set_statement,Done,,,Q21881,"Q21881|P5063|""i101491"""
47825,4256,set_statement,Done,,,Q145977,"Q145977|P8814|""12280725-n"""
47825,4257,set_statement,Done,,,Q145977,"Q145977|P5063|""i101492"""
47825,4258,set_statement,Done,,,Q25403,"Q25403|P8814|""12281110-n"""
47825,4259,set_statement,Done,,,Q25403,"Q25403|P5063|""i101493"""
47825,4260,set_statement,Done,,,Q137054,"Q137054|P8814|""12285138-n"""
47825,4261,set_statement,Done,,,Q137054,"Q137054|P5063|""i101512"""
47825,4262,set_statement,Done,,,Q218274,"Q218274|P8814|""12286417-n"""
47825,4263,set_statement,Done,,,Q218274,"Q218274|P5063|""i101519"""
47825,4264,set_statement,Done,,,Q12004,"Q12004|P8814|""12288613-n"""
47825,4265,set_statement,Done,,,Q12004,"Q12004|P5063|""i101532"""
47825,4266,set_statement,Done,,,Q25243,"Q25243|P8814|""12301403-n"""
47825,4267,set_statement,Done,,,Q25243,"Q25243|P5063|""i101587"""
47825,4268,set_statement,Done,,,Q25239,"Q25239|P8814|""12304498-n"""
47825,4269,set_statement,Done,,,Q25239,"Q25239|P5063|""i101600"""
47825,4270,set_statement,Done,,,Q85332884,"Q85332884|P8814|""12306889-n"""
47825,4271,set_statement,Done,,,Q85332884,"Q85332884|P5063|""i101612"""
47825,4272,set_statement,Done,,,Q158513,"Q158513|P8814|""12307098-n"""
47825,4273,set_statement,Done,,,Q158513,"Q158513|P5063|""i101613"""
47825,4274,set_statement,Done,,,Q311254,"Q311254|P8814|""12308705-n"""
47825,4275,set_statement,Done,,,Q311254,"Q311254|P5063|""i101621"""
47825,4276,set_statement,Done,,,Q2008610,"Q2008610|P8814|""12308939-n"""
47825,4277,set_statement,Done,,,Q2008610,"Q2008610|P5063|""i101622"""
47825,4278,set_statement,Done,,,Q21754,"Q21754|P8814|""12310261-n"""
47825,4279,set_statement,Done,,,Q21754,"Q21754|P5063|""i101629"""
47825,4280,set_statement,Done,,,Q157216,"Q157216|P8814|""12310633-n"""
47825,4281,set_statement,Done,,,Q157216,"Q157216|P5063|""i101630"""
47825,4282,set_statement,Done,,,Q3314768,"Q3314768|P8814|""12312802-n"""
47825,4283,set_statement,Done,,,Q3314768,"Q3314768|P5063|""i101641"""
47825,4284,set_statement,Done,,,Q8962722,"Q8962722|P8814|""12313172-n"""
47825,4285,set_statement,Done,,,Q8962722,"Q8962722|P5063|""i101643"""
47825,4286,set_statement,Done,,,Q2984595,"Q2984595|P8814|""12318195-n"""
47825,4287,set_statement,Done,,,Q2984595,"Q2984595|P5063|""i101666"""
47825,4288,set_statement,Done,,,Q6801770,"Q6801770|P8814|""12318520-n"""
47825,4289,set_statement,Done,,,Q6801770,"Q6801770|P5063|""i101668"""
47825,4290,set_statement,Done,,,Q163970,"Q163970|P8814|""12319300-n"""
47825,4291,set_statement,Done,,,Q163970,"Q163970|P5063|""i101672"""
47825,4292,set_statement,Done,,,Q1068569,"Q1068569|P8814|""12319682-n"""
47825,4293,set_statement,Done,,,Q1068569,"Q1068569|P5063|""i101674"""
47825,4294,set_statement,Done,,,Q2616418,"Q2616418|P8814|""12319942-n"""
47825,4295,set_statement,Done,,,Q2616418,"Q2616418|P5063|""i101675"""
47825,4296,set_statement,Done,,,Q155966,"Q155966|P8814|""12320505-n"""
47825,4297,set_statement,Done,,,Q155966,"Q155966|P5063|""i101677"""
47825,4298,set_statement,Done,,,Q11798074,"Q11798074|P8814|""12320958-n"""
47825,4299,set_statement,Done,,,Q11798074,"Q11798074|P5063|""i101678"""
47825,4300,set_statement,Done,,,Q296910,"Q296910|P8814|""12321142-n"""
47825,4301,set_statement,Done,,,Q296910,"Q296910|P5063|""i101679"""
47825,4302,set_statement,Done,,,Q615000,"Q615000|P8814|""12322434-n"""
47825,4303,set_statement,Done,,,Q615000,"Q615000|P5063|""i101686"""
47825,4304,set_statement,Done,,,Q128887,"Q128887|P8814|""12323866-n"""
47825,4305,set_statement,Done,,,Q128887,"Q128887|P5063|""i101694"""
47825,4306,set_statement,Done,,,Q618810,"Q618810|P8814|""12329920-n"""
47825,4307,set_statement,Done,,,Q618810,"Q618810|P5063|""i101727"""
47825,4308,set_statement,Done,,,Q1512683,"Q1512683|P8814|""12330367-n"""
47825,4309,set_statement,Done,,,Q1512683,"Q1512683|P5063|""i101729"""
47825,4310,set_statement,Done,,,Q9001832,"Q9001832|P8814|""12332793-n"""
47825,4311,set_statement,Done,,,Q9001832,"Q9001832|P5063|""i101742"""
47825,4312,set_statement,Done,,,Q1795386,"Q1795386|P8814|""12332922-n"""
47825,4313,set_statement,Done,,,Q1795386,"Q1795386|P5063|""i101743"""
47825,4314,set_statement,Done,,,Q2696900,"Q2696900|P8814|""12334663-n"""
47825,4315,set_statement,Done,,,Q2696900,"Q2696900|P5063|""i101749"""
47825,4316,set_statement,Done,,,Q148479,"Q148479|P8814|""12334832-n"""
47825,4317,set_statement,Done,,,Q148479,"Q148479|P5063|""i101750"""
47825,4318,set_statement,Done,,,Q148463,"Q148463|P8814|""12335169-n"""
47825,4319,set_statement,Done,,,Q148463,"Q148463|P5063|""i101751"""
47825,4320,set_statement,Done,,,Q183543,"Q183543|P8814|""12336817-n"""
47825,4321,set_statement,Done,,,Q183543,"Q183543|P5063|""i101759"""
47825,4322,set_statement,Done,,,Q7139851,"Q7139851|P8814|""12338128-n"""
47825,4323,set_statement,Done,,,Q7139851,"Q7139851|P5063|""i101767"""
47825,4324,set_statement,Done,,,Q2697385,"Q2697385|P8814|""12338280-n"""
47825,4325,set_statement,Done,,,Q2697385,"Q2697385|P5063|""i101768"""
47825,4326,set_statement,Done,,,Q2453469,"Q2453469|P8814|""12338681-n"""
47825,4327,set_statement,Done,,,Q2453469,"Q2453469|P5063|""i101770"""
47825,4328,set_statement,Done,,,Q1420126,"Q1420126|P8814|""12342876-n"""
47825,4329,set_statement,Done,,,Q1420126,"Q1420126|P5063|""i101789"""
47825,4330,set_statement,Done,,,Q9371647,"Q9371647|P8814|""12343404-n"""
47825,4331,set_statement,Done,,,Q9371647,"Q9371647|P5063|""i101792"""
47825,4332,set_statement,Done,,,Q44002,"Q44002|P8814|""12343928-n"""
47825,4333,set_statement,Done,,,Q44002,"Q44002|P5063|""i101793"""
47825,4334,set_statement,Done,,,Q260261,"Q260261|P8814|""12345273-n"""
47825,4335,set_statement,Done,,,Q260261,"Q260261|P5063|""i101800"""
47825,4336,set_statement,Done,,,Q2705317,"Q2705317|P8814|""12345610-n"""
47825,4337,set_statement,Done,,,Q2705317,"Q2705317|P5063|""i101802"""
47825,4338,set_statement,Done,,,Q156326,"Q156326|P8814|""12346014-n"""
47825,4339,set_statement,Done,,,Q156326,"Q156326|P5063|""i101804"""
47825,4340,set_statement,Done,,,Q161929,"Q161929|P8814|""12347726-n"""
47825,4341,set_statement,Done,,,Q161929,"Q161929|P5063|""i101813"""
47825,4342,set_statement,Done,,,Q5608540,"Q5608540|P8814|""12347924-n"""
47825,4343,set_statement,Done,,,Q5608540,"Q5608540|P5063|""i101814"""
47825,4344,set_statement,Done,,,Q2899339,"Q2899339|P8814|""12348235-n"""
47825,4345,set_statement,Done,,,Q2899339,"Q2899339|P5063|""i101816"""
47825,4346,set_statement,Done,,,Q156022,"Q156022|P8814|""12348543-n"""
47825,4347,set_statement,Done,,,Q156022,"Q156022|P5063|""i101818"""
47825,4348,set_statement,Done,,,Q775229,"Q775229|P8814|""12349537-n"""
47825,4349,set_statement,Done,,,Q775229,"Q775229|P5063|""i101823"""
47825,4350,set_statement,Done,,,Q165152,"Q165152|P8814|""12350853-n"""
47825,4351,set_statement,Done,,,Q165152,"Q165152|P5063|""i101829"""
47825,4352,set_statement,Done,,,Q975998,"Q975998|P8814|""12351932-n"""
47825,4353,set_statement,Done,,,Q975998,"Q975998|P5063|""i101836"""
47825,4354,set_statement,Done,,,Q83638494,"Q83638494|P8814|""12352939-n"""
47825,4355,set_statement,Done,,,Q83638494,"Q83638494|P5063|""i101841"""
47825,4356,set_statement,Done,,,Q87289773,"Q87289773|P8814|""12353235-n"""
47825,4357,set_statement,Done,,,Q87289773,"Q87289773|P5063|""i101843"""
47825,4358,set_statement,Done,,,Q204564,"Q204564|P8814|""12360489-n"""
47825,4359,set_statement,Done,,,Q204564,"Q204564|P5063|""i101883"""
47825,4360,set_statement,Done,,,Q158100,"Q158100|P8814|""12361929-n"""
47825,4361,set_statement,Done,,,Q158100,"Q158100|P5063|""i101890"""
47825,4362,set_statement,Done,,,Q740873,"Q740873|P8814|""12366012-n"""
47825,4363,set_statement,Done,,,Q740873,"Q740873|P5063|""i101911"""
47825,4364,set_statement,Done,,,Q131521,"Q131521|P8814|""12366226-n"""
47825,4365,set_statement,Done,,,Q131521,"Q131521|P5063|""i101912"""
47825,4366,set_statement,Done,,,Q156109,"Q156109|P8814|""12366696-n"""
47825,4367,set_statement,Done,,,Q156109,"Q156109|P5063|""i101914"""
47825,4368,set_statement,Done,,,Q3487223,"Q3487223|P8814|""12368007-n"""
47825,4369,set_statement,Done,,,Q3487223,"Q3487223|P5063|""i101921"""
47825,4370,set_statement,Done,,,Q648380,"Q648380|P8814|""12369291-n"""
47825,4371,set_statement,Done,,,Q648380,"Q648380|P5063|""i101928"""
47825,4372,set_statement,Done,,,Q2464325,"Q2464325|P8814|""12369608-n"""
47825,4373,set_statement,Done,,,Q2464325,"Q2464325|P5063|""i101929"""
47825,4374,set_statement,Done,,,Q1100242,"Q1100242|P8814|""12370008-n"""
47825,4375,set_statement,Done,,,Q1100242,"Q1100242|P5063|""i101931"""
47825,4376,set_statement,Done,,,Q7320496,"Q7320496|P8814|""12370433-n"""
47825,4377,set_statement,Done,,,Q7320496,"Q7320496|P5063|""i101933"""
47825,4378,set_statement,Done,,,Q99438741,"Q99438741|P8814|""12370751-n"""
47825,4379,set_statement,Done,,,Q99438741,"Q99438741|P5063|""i101935"""
47825,4380,set_statement,Done,,,Q160012,"Q160012|P8814|""12370950-n"""
47825,4381,set_statement,Done,,,Q160012,"Q160012|P5063|""i101936"""
47825,4382,set_statement,Done,,,Q156525,"Q156525|P8814|""12372492-n"""
47825,4383,set_statement,Done,,,Q156525,"Q156525|P5063|""i101945"""
47825,4384,set_statement,Done,,,Q8666090,"Q8666090|P8814|""12372667-n"""
47825,4385,set_statement,Done,,,Q8666090,"Q8666090|P5063|""i101946"""
47825,4386,set_statement,Done,,,Q147867,"Q147867|P8814|""12374585-n"""
47825,4387,set_statement,Done,,,Q147867,"Q147867|P5063|""i101955"""
47825,4388,set_statement,Done,,,Q932196,"Q932196|P8814|""12375366-n"""
47825,4389,set_statement,Done,,,Q932196,"Q932196|P5063|""i101958"""
47825,4390,set_statement,Done,,,Q163563,"Q163563|P8814|""12376111-n"""
47825,4391,set_statement,Done,,,Q163563,"Q163563|P5063|""i101961"""
47825,4392,set_statement,Done,,,Q33551,"Q33551|P8814|""12376772-n"""
47825,4393,set_statement,Done,,,Q33551,"Q33551|P5063|""i101964"""
47825,4394,set_statement,Done,,,Q150572,"Q150572|P8814|""12377185-n"""
47825,4395,set_statement,Done,,,Q150572,"Q150572|P5063|""i101966"""
47825,4396,set_statement,Done,,,Q2607361,"Q2607361|P8814|""12378319-n"""
47825,4397,set_statement,Done,,,Q2607361,"Q2607361|P5063|""i101971"""
47825,4398,set_statement,Done,,,Q312218,"Q312218|P8814|""12378690-n"""
47825,4399,set_statement,Done,,,Q312218,"Q312218|P5063|""i101973"""
47825,4400,set_statement,Done,,,Q99394804,"Q99394804|P8814|""12379543-n"""
47825,4401,set_statement,Done,,,Q99394804,"Q99394804|P5063|""i101976"""
47825,4402,set_statement,Done,,,Q2279424,"Q2279424|P8814|""12380095-n"""
47825,4403,set_statement,Done,,,Q2279424,"Q2279424|P5063|""i101977"""
47825,4404,set_statement,Done,,,Q161189,"Q161189|P8814|""12380251-n"""
47825,4405,set_statement,Done,,,Q161189,"Q161189|P5063|""i101978"""
47825,4406,set_statement,Done,,,Q756019,"Q756019|P8814|""12383361-n"""
47825,4407,set_statement,Done,,,Q756019,"Q756019|P5063|""i101993"""
47825,4408,set_statement,Done,,,Q2709465,"Q2709465|P8814|""12384097-n"""
47825,4409,set_statement,Done,,,Q2709465,"Q2709465|P5063|""i101996"""
47825,4410,set_statement,Done,,,Q158185,"Q158185|P8814|""12387639-n"""
47825,4411,set_statement,Done,,,Q158185,"Q158185|P5063|""i102014"""
47825,4412,set_statement,Done,,,Q156935,"Q156935|P8814|""12387823-n"""
47825,4413,set_statement,Done,,,Q156935,"Q156935|P5063|""i102015"""
47825,4414,set_statement,Done,,,Q3237856,"Q3237856|P8814|""12390901-n"""
47825,4415,set_statement,Done,,,Q3237856,"Q3237856|P5063|""i102029"""
47825,4416,set_statement,Done,,,Q131304,"Q131304|P8814|""12392428-n"""
47825,4417,set_statement,Done,,,Q131304,"Q131304|P5063|""i102036"""
47825,4418,set_statement,Done,,,Q131345,"Q131345|P8814|""12393878-n"""
47825,4419,set_statement,Done,,,Q131345,"Q131345|P5063|""i102043"""
47825,4420,set_statement,Done,,,Q3137293,"Q3137293|P8814|""12396899-n"""
47825,4421,set_statement,Done,,,Q3137293,"Q3137293|P5063|""i102057"""
47825,4422,set_statement,Done,,,Q580593,"Q580593|P8814|""12397467-n"""
47825,4423,set_statement,Done,,,Q580593,"Q580593|P5063|""i102060"""
47825,4424,set_statement,Done,,,Q132419,"Q132419|P8814|""12397845-n"""
47825,4425,set_statement,Done,,,Q132419,"Q132419|P5063|""i102062"""
47825,4426,set_statement,Done,,,Q778168,"Q778168|P8814|""12398326-n"""
47825,4427,set_statement,Done,,,Q778168,"Q778168|P5063|""i102065"""
47825,4428,set_statement,Done,,,Q610295,"Q610295|P8814|""12398597-n"""
47825,4429,set_statement,Done,,,Q610295,"Q610295|P5063|""i102066"""
47825,4430,set_statement,Done,,,Q611140,"Q611140|P8814|""12399063-n"""
47825,4431,set_statement,Done,,,Q611140,"Q611140|P5063|""i102068"""
47825,4432,set_statement,Done,,,Q2234756,"Q2234756|P8814|""12399795-n"""
47825,4433,set_statement,Done,,,Q2234756,"Q2234756|P5063|""i102071"""
47825,4434,set_statement,Done,,,Q1284309,"Q1284309|P8814|""12400714-n"""
47825,4435,set_statement,Done,,,Q1284309,"Q1284309|P5063|""i102075"""
47825,4436,set_statement,Done,,,Q9017548,"Q9017548|P8814|""12401114-n"""
47825,4437,set_statement,Done,,,Q9017548,"Q9017548|P5063|""i102077"""
47825,4438,set_statement,Done,,,Q1209796,"Q1209796|P8814|""12401838-n"""
47825,4439,set_statement,Done,,,Q1209796,"Q1209796|P5063|""i102081"""
47825,4440,set_statement,Done,,,Q133319,"Q133319|P8814|""12403001-n"""
47825,4441,set_statement,Done,,,Q133319,"Q133319|P5063|""i102086"""
47825,4442,set_statement,Done,,,Q573859,"Q573859|P8814|""12403216-n"""
47825,4443,set_statement,Done,,,Q573859,"Q573859|P5063|""i102087"""
47825,4444,set_statement,Done,,,Q157164,"Q157164|P8814|""12403590-n"""
47825,4445,set_statement,Done,,,Q157164,"Q157164|P5063|""i102089"""
47825,4446,set_statement,Done,,,Q161244,"Q161244|P8814|""12406556-n"""
47825,4447,set_statement,Done,,,Q161244,"Q161244|P5063|""i102105"""
47825,4448,set_statement,Done,,,Q156060,"Q156060|P8814|""12407718-n"""
47825,4449,set_statement,Done,,,Q156060,"Q156060|P5063|""i102111"""
47825,4450,set_statement,Done,,,Q3309645,"Q3309645|P8814|""12411431-n"""
47825,4451,set_statement,Done,,,Q3309645,"Q3309645|P5063|""i102130"""
47825,4452,set_statement,Done,,,Q3015095,"Q3015095|P8814|""12411628-n"""
47825,4453,set_statement,Done,,,Q3015095,"Q3015095|P5063|""i102131"""
47825,4454,set_statement,Done,,,Q156332,"Q156332|P8814|""12412262-n"""
47825,4455,set_statement,Done,,,Q156332,"Q156332|P5063|""i102134"""
47825,4456,set_statement,Done,,,Q2130176,"Q2130176|P8814|""12413460-n"""
47825,4457,set_statement,Done,,,Q2130176,"Q2130176|P5063|""i102139"""
47825,4458,set_statement,Done,,,Q2706200,"Q2706200|P8814|""12414044-n"""
47825,4459,set_statement,Done,,,Q2706200,"Q2706200|P5063|""i102142"""
47825,4460,set_statement,Done,,,Q139118,"Q139118|P8814|""12414459-n"""
47825,4461,set_statement,Done,,,Q139118,"Q139118|P5063|""i102144"""
47825,4462,set_statement,Done,,,Q7222652,"Q7222652|P8814|""12415378-n"""
47825,4463,set_statement,Done,,,Q7222652,"Q7222652|P5063|""i102149"""
47825,4464,set_statement,Done,,,Q374148,"Q374148|P8814|""12416234-n"""
47825,4465,set_statement,Done,,,Q374148,"Q374148|P5063|""i102153"""
47825,4466,set_statement,Done,,,Q156338,"Q156338|P8814|""12416772-n"""
47825,4467,set_statement,Done,,,Q156338,"Q156338|P5063|""i102156"""
47825,4468,set_statement,Done,,,Q44789,"Q44789|P8814|""12419495-n"""
47825,4469,set_statement,Done,,,Q44789,"Q44789|P5063|""i102167"""
47825,4470,set_statement,Done,,,Q600114,"Q600114|P8814|""12424367-n"""
47825,4471,set_statement,Done,,,Q600114,"Q600114|P5063|""i102189"""
47825,4472,set_statement,Done,,,Q2801817,"Q2801817|P8814|""12424819-n"""
47825,4473,set_statement,Done,,,Q2801817,"Q2801817|P5063|""i102191"""
47825,4474,set_statement,Done,,,Q156311,"Q156311|P8814|""12425448-n"""
47825,4475,set_statement,Done,,,Q156311,"Q156311|P5063|""i102194"""
47825,4476,set_statement,Done,,,Q131113,"Q131113|P8814|""12425714-n"""
47825,4477,set_statement,Done,,,Q131113,"Q131113|P5063|""i102195"""
47825,4478,set_statement,Done,,,Q945999,"Q945999|P8814|""12430710-n"""
47825,4479,set_statement,Done,,,Q945999,"Q945999|P5063|""i102219"""
47825,4480,set_statement,Done,,,Q53478,"Q53478|P8814|""12431220-n"""
47825,4481,set_statement,Done,,,Q53478,"Q53478|P5063|""i102221"""
47825,4482,set_statement,Done,,,Q155941,"Q155941|P8814|""12431589-n"""
47825,4483,set_statement,Done,,,Q155941,"Q155941|P5063|""i102222"""
47825,4484,set_statement,Done,,,Q19286980,"Q19286980|P8814|""12436416-n"""
47825,4485,set_statement,Done,,,Q19286980,"Q19286980|P5063|""i102247"""
47825,4486,set_statement,Done,,,Q134748,"Q134748|P8814|""12438191-n"""
47825,4487,set_statement,Done,,,Q134748,"Q134748|P5063|""i102256"""
47825,4488,set_statement,Done,,,Q2357709,"Q2357709|P8814|""12438570-n"""
47825,4489,set_statement,Done,,,Q2357709,"Q2357709|P5063|""i102258"""
47825,4490,set_statement,Done,,,Q124864,"Q124864|P8814|""12438861-n"""
47825,4491,set_statement,Done,,,Q124864,"Q124864|P5063|""i102260"""
47825,4492,set_statement,Done,,,Q155848,"Q155848|P8814|""12439185-n"""
47825,4493,set_statement,Done,,,Q155848,"Q155848|P5063|""i102262"""
47825,4494,set_statement,Done,,,Q161577,"Q161577|P8814|""12439722-n"""
47825,4495,set_statement,Done,,,Q161577,"Q161577|P5063|""i102264"""
47825,4496,set_statement,Done,,,Q891753,"Q891753|P8814|""12440097-n"""
47825,4497,set_statement,Done,,,Q891753,"Q891753|P5063|""i102266"""
47825,4498,set_statement,Done,,,Q159042,"Q159042|P8814|""12442904-n"""
47825,4499,set_statement,Done,,,Q159042,"Q159042|P5063|""i102280"""
47825,4500,set_statement,Done,,,Q131282,"Q131282|P8814|""12443256-n"""
47825,4501,set_statement,Done,,,Q131282,"Q131282|P5063|""i102282"""
47825,4502,set_statement,Done,,,Q4308690,"Q4308690|P8814|""12443436-n"""
47825,4503,set_statement,Done,,,Q4308690,"Q4308690|P5063|""i102283"""
47825,4504,set_statement,Done,,,Q53480,"Q53480|P8814|""12444070-n"""
47825,4505,set_statement,Done,,,Q53480,"Q53480|P5063|""i102286"""
47825,4506,set_statement,Done,,,Q5194627,"Q5194627|P8814|""12446605-n"""
47825,4507,set_statement,Done,,,Q5194627,"Q5194627|P5063|""i102288"""
47825,4508,set_statement,Done,,,Q14554991,"Q14554991|P8814|""12451383-n"""
47825,4509,set_statement,Done,,,Q14554991,"Q14554991|P5063|""i102312"""
47825,4510,set_statement,Done,,,Q1806950,"Q1806950|P8814|""12456765-n"""
47825,4511,set_statement,Done,,,Q1806950,"Q1806950|P5063|""i102340"""
47825,4512,set_statement,Done,,,Q660752,"Q660752|P8814|""12458551-n"""
47825,4513,set_statement,Done,,,Q660752,"Q660752|P5063|""i102349"""
47825,4514,set_statement,Done,,,Q16868575,"Q16868575|P8814|""12459482-n"""
47825,4515,set_statement,Done,,,Q16868575,"Q16868575|P5063|""i102353"""
47825,4516,set_statement,Done,,,Q158937,"Q158937|P8814|""12459905-n"""
47825,4517,set_statement,Done,,,Q158937,"Q158937|P5063|""i102355"""
47825,4518,set_statement,Done,,,Q13835212,"Q13835212|P8814|""12460633-n"""
47825,4519,set_statement,Done,,,Q13835212,"Q13835212|P5063|""i102358"""
47825,4520,set_statement,Done,,,Q2858279,"Q2858279|P8814|""12460890-n"""
47825,4521,set_statement,Done,,,Q2858279,"Q2858279|P5063|""i102359"""
47825,4522,set_statement,Done,,,Q157167,"Q157167|P8814|""12461128-n"""
47825,4523,set_statement,Done,,,Q157167,"Q157167|P5063|""i102360"""
47825,4524,set_statement,Done,,,Q2853420,"Q2853420|P8814|""12461374-n"""
47825,4525,set_statement,Done,,,Q2853420,"Q2853420|P5063|""i102361"""
47825,4526,set_statement,Done,,,Q14554941,"Q14554941|P8814|""12462275-n"""
47825,4527,set_statement,Done,,,Q14554941,"Q14554941|P5063|""i102365"""
47825,4528,set_statement,Done,,,Q382873,"Q382873|P8814|""12463370-n"""
47825,4529,set_statement,Done,,,Q382873,"Q382873|P5063|""i102370"""
47825,4530,set_statement,Done,,,Q1429377,"Q1429377|P8814|""12463649-n"""
47825,4531,set_statement,Done,,,Q1429377,"Q1429377|P5063|""i102371"""
47825,4532,set_statement,Done,,,Q2710558,"Q2710558|P8814|""12464052-n"""
47825,4533,set_statement,Done,,,Q2710558,"Q2710558|P5063|""i102373"""
47825,4534,set_statement,Done,,,Q137543,"Q137543|P8814|""12464434-n"""
47825,4535,set_statement,Done,,,Q137543,"Q137543|P5063|""i102375"""
47825,4536,set_statement,Done,,,Q2711355,"Q2711355|P8814|""12464766-n"""
47825,4537,set_statement,Done,,,Q2711355,"Q2711355|P5063|""i102377"""
47825,4538,set_statement,Done,,,Q4951022,"Q4951022|P8814|""12465171-n"""
47825,4539,set_statement,Done,,,Q4951022,"Q4951022|P5063|""i102379"""
47825,4540,set_statement,Done,,,Q93201,"Q93201|P8814|""12474526-n"""
47825,4541,set_statement,Done,,,Q93201,"Q93201|P5063|""i102420"""
47825,4542,set_statement,Done,,,Q186181,"Q186181|P8814|""12475606-n"""
47825,4543,set_statement,Done,,,Q186181,"Q186181|P5063|""i102427"""
47825,4544,set_statement,Done,,,Q1454851,"Q1454851|P8814|""12476292-n"""
47825,4545,set_statement,Done,,,Q1454851,"Q1454851|P5063|""i102430"""
47825,4546,set_statement,Done,,,Q10375920,"Q10375920|P8814|""12476783-n"""
47825,4547,set_statement,Done,,,Q10375920,"Q10375920|P5063|""i102432"""
47825,4548,set_statement,Done,,,Q2668294,"Q2668294|P8814|""12477755-n"""
47825,4549,set_statement,Done,,,Q2668294,"Q2668294|P5063|""i102436"""
47825,4550,set_statement,Done,,,Q623347,"Q623347|P8814|""12478024-n"""
47825,4551,set_statement,Done,,,Q623347,"Q623347|P5063|""i102437"""
47825,4552,set_statement,Done,,,Q13833438,"Q13833438|P8814|""12478507-n"""
47825,4553,set_statement,Done,,,Q13833438,"Q13833438|P5063|""i102439"""
47825,4554,set_statement,Done,,,Q159311,"Q159311|P8814|""12479553-n"""
47825,4555,set_statement,Done,,,Q159311,"Q159311|P5063|""i102445"""
47825,4556,set_statement,Done,,,Q161151,"Q161151|P8814|""12481054-n"""
47825,4557,set_statement,Done,,,Q161151,"Q161151|P5063|""i102452"""
47825,4558,set_statement,Done,,,Q10388250,"Q10388250|P8814|""12482906-n"""
47825,4559,set_statement,Done,,,Q10388250,"Q10388250|P5063|""i102462"""
47825,4560,set_statement,Done,,,Q157234,"Q157234|P8814|""12483827-n"""
47825,4561,set_statement,Done,,,Q157234,"Q157234|P5063|""i102467"""
47825,4562,set_statement,Done,,,Q2721029,"Q2721029|P8814|""12485408-n"""
47825,4563,set_statement,Done,,,Q2721029,"Q2721029|P5063|""i102475"""
47825,4564,set_statement,Done,,,Q331169,"Q331169|P8814|""12485612-n"""
47825,4565,set_statement,Done,,,Q331169,"Q331169|P5063|""i102476"""
47825,4566,set_statement,Done,,,Q136216,"Q136216|P8814|""12485826-n"""
47825,4567,set_statement,Done,,,Q136216,"Q136216|P5063|""i102477"""
47825,4568,set_statement,Done,,,Q767448,"Q767448|P8814|""12486539-n"""
47825,4569,set_statement,Done,,,Q767448,"Q767448|P5063|""i102480"""
47825,4570,set_statement,Done,,,Q2707469,"Q2707469|P8814|""12486955-n"""
47825,4571,set_statement,Done,,,Q2707469,"Q2707469|P5063|""i102482"""
47825,4572,set_statement,Done,,,Q165315,"Q165315|P8814|""12490441-n"""
47825,4573,set_statement,Done,,,Q165315,"Q165315|P5063|""i102498"""
47825,4574,set_statement,Done,,,Q1023651,"Q1023651|P8814|""12491655-n"""
47825,4575,set_statement,Done,,,Q1023651,"Q1023651|P5063|""i102503"""
47825,4576,set_statement,Done,,,Q1065926,"Q1065926|P8814|""12493516-n"""
47825,4577,set_statement,Done,,,Q1065926,"Q1065926|P5063|""i102511"""
47825,4578,set_statement,Done,,,Q161152,"Q161152|P8814|""12494511-n"""
47825,4579,set_statement,Done,,,Q161152,"Q161152|P5063|""i102516"""
47825,4580,set_statement,Done,,,Q2623950,"Q2623950|P8814|""12495333-n"""
47825,4581,set_statement,Done,,,Q2623950,"Q2623950|P5063|""i102520"""
47825,4582,set_statement,Done,,,Q2630221,"Q2630221|P8814|""12495955-n"""
47825,4583,set_statement,Done,,,Q2630221,"Q2630221|P5063|""i102523"""
47825,4584,set_statement,Done,,,Q311670,"Q311670|P8814|""12496098-n"""
47825,4585,set_statement,Done,,,Q311670,"Q311670|P5063|""i102524"""
47825,4586,set_statement,Done,,,Q218221,"Q218221|P8814|""12496541-n"""
47825,4587,set_statement,Done,,,Q218221,"Q218221|P5063|""i102526"""
47825,4588,set_statement,Done,,,Q1543189,"Q1543189|P8814|""12498788-n"""
47825,4589,set_statement,Done,,,Q1543189,"Q1543189|P5063|""i102535"""
47825,4590,set_statement,Done,,,Q158009,"Q158009|P8814|""12499808-n"""
47825,4591,set_statement,Done,,,Q158009,"Q158009|P5063|""i102539"""
47825,4592,set_statement,Done,,,Q139062,"Q139062|P8814|""12500326-n"""
47825,4593,set_statement,Done,,,Q139062,"Q139062|P5063|""i102542"""
47825,4594,set_statement,Done,,,Q2346876,"Q2346876|P8814|""12500738-n"""
47825,4595,set_statement,Done,,,Q2346876,"Q2346876|P5063|""i102544"""
47825,4596,set_statement,Done,,,Q161177,"Q161177|P8814|""12504918-n"""
47825,4597,set_statement,Done,,,Q161177,"Q161177|P5063|""i102564"""
47825,4598,set_statement,Done,,,Q12179906,"Q12179906|P8814|""12505117-n"""
47825,4599,set_statement,Done,,,Q12179906,"Q12179906|P5063|""i102565"""
47825,4600,set_statement,Done,,,Q500842,"Q500842|P8814|""12505627-n"""
47825,4601,set_statement,Done,,,Q500842,"Q500842|P5063|""i102567"""
47825,4602,set_statement,Done,,,Q1757681,"Q1757681|P8814|""12505836-n"""
47825,4603,set_statement,Done,,,Q1757681,"Q1757681|P5063|""i102568"""
47825,4604,set_statement,Done,,,Q87179161,"Q87179161|P8814|""12506028-n"""
47825,4605,set_statement,Done,,,Q87179161,"Q87179161|P5063|""i102569"""
47825,4606,set_statement,Done,,,Q134232,"Q134232|P8814|""12506316-n"""
47825,4607,set_statement,Done,,,Q134232,"Q134232|P5063|""i102571"""
47825,4608,set_statement,Done,,,Q155951,"Q155951|P8814|""12506759-n"""
47825,4609,set_statement,Done,,,Q155951,"Q155951|P5063|""i102573"""
47825,4610,set_statement,Done,,,Q161100,"Q161100|P8814|""12506902-n"""
47825,4611,set_statement,Done,,,Q161100,"Q161100|P5063|""i102574"""
47825,4612,set_statement,Done,,,Q4348640,"Q4348640|P8814|""12507237-n"""
47825,4613,set_statement,Done,,,Q4348640,"Q4348640|P5063|""i102576"""
47825,4614,set_statement,Done,,,Q2677138,"Q2677138|P8814|""12507899-n"""
47825,4615,set_statement,Done,,,Q2677138,"Q2677138|P5063|""i102580"""
47825,4616,set_statement,Done,,,Q608215,"Q608215|P8814|""12508626-n"""
47825,4617,set_statement,Done,,,Q608215,"Q608215|P5063|""i102582"""
47825,4618,set_statement,Done,,,Q3279279,"Q3279279|P8814|""12510835-n"""
47825,4619,set_statement,Done,,,Q3279279,"Q3279279|P5063|""i102592"""
47825,4620,set_statement,Done,,,Q287313,"Q287313|P8814|""12511176-n"""
47825,4621,set_statement,Done,,,Q287313,"Q287313|P5063|""i102594"""
47825,4622,set_statement,Done,,,Q135604,"Q135604|P8814|""12511705-n"""
47825,4623,set_statement,Done,,,Q135604,"Q135604|P5063|""i102597"""
47825,4624,set_statement,Done,,,Q16326803,"Q16326803|P8814|""12514204-n"""
47825,4625,set_statement,Done,,,Q16326803,"Q16326803|P5063|""i102608"""
47825,4626,set_statement,Done,,,Q2948035,"Q2948035|P8814|""12514620-n"""
47825,4627,set_statement,Done,,,Q2948035,"Q2948035|P5063|""i102610"""
47825,4628,set_statement,Done,,,Q161250,"Q161250|P8814|""12516014-n"""
47825,4629,set_statement,Done,,,Q161250,"Q161250|P5063|""i102616"""
47825,4630,set_statement,Done,,,Q429179,"Q429179|P8814|""12516712-n"""
47825,4631,set_statement,Done,,,Q429179,"Q429179|P5063|""i102619"""
47825,4632,set_statement,Done,,,Q1826576,"Q1826576|P8814|""12517997-n"""
47825,4633,set_statement,Done,,,Q1826576,"Q1826576|P5063|""i102624"""
47825,4634,set_statement,Done,,,Q14566708,"Q14566708|P8814|""12521540-n"""
47825,4635,set_statement,Done,,,Q14566708,"Q14566708|P5063|""i102638"""
47825,4636,set_statement,Done,,,Q2615411,"Q2615411|P8814|""12522042-n"""
47825,4637,set_statement,Done,,,Q2615411,"Q2615411|P5063|""i102640"""
47825,4638,set_statement,Done,,,Q3310152,"Q3310152|P8814|""12525537-n"""
47825,4639,set_statement,Done,,,Q3310152,"Q3310152|P5063|""i102647"""
47825,4640,set_statement,Done,,,Q2576870,"Q2576870|P8814|""12526492-n"""
47825,4641,set_statement,Done,,,Q2576870,"Q2576870|P5063|""i102651"""
47825,4642,set_statement,Done,,,Q751134,"Q751134|P8814|""12527119-n"""
47825,4643,set_statement,Done,,,Q751134,"Q751134|P5063|""i102654"""
47825,4644,set_statement,Done,,,Q2537603,"Q2537603|P8814|""12527741-n"""
47825,4645,set_statement,Done,,,Q2537603,"Q2537603|P5063|""i102657"""
47825,4646,set_statement,Done,,,Q3322044,"Q3322044|P8814|""12530702-n"""
47825,4647,set_statement,Done,,,Q3322044,"Q3322044|P5063|""i102673"""
47825,4648,set_statement,Done,,,Q3239959,"Q3239959|P8814|""12531074-n"""
47825,4649,set_statement,Done,,,Q3239959,"Q3239959|P5063|""i102675"""
47825,4650,set_statement,Done,,,Q849443,"Q849443|P8814|""12532208-n"""
47825,4651,set_statement,Done,,,Q849443,"Q849443|P5063|""i102680"""
47825,4652,set_statement,Done,,,Q10438724,"Q10438724|P8814|""12532965-n"""
47825,4653,set_statement,Done,,,Q10438724,"Q10438724|P5063|""i102684"""
47825,4654,set_statement,Done,,,Q964986,"Q964986|P8814|""12534829-n"""
47825,4655,set_statement,Done,,,Q964986,"Q964986|P5063|""i102692"""
47825,4656,set_statement,Done,,,Q5104990,"Q5104990|P8814|""12535307-n"""
47825,4657,set_statement,Done,,,Q5104990,"Q5104990|P5063|""i102694"""
47825,4658,set_statement,Done,,,Q1306236,"Q1306236|P8814|""12535724-n"""
47825,4659,set_statement,Done,,,Q1306236,"Q1306236|P5063|""i102696"""
47825,4660,set_statement,Done,,,Q2472930,"Q2472930|P8814|""12537758-n"""
47825,4661,set_statement,Done,,,Q2472930,"Q2472930|P5063|""i102707"""
47825,4662,set_statement,Done,,,Q157674,"Q157674|P8814|""12538810-n"""
47825,4663,set_statement,Done,,,Q157674,"Q157674|P5063|""i102712"""
47825,4664,set_statement,Done,,,Q2716243,"Q2716243|P8814|""12545023-n"""
47825,4665,set_statement,Done,,,Q2716243,"Q2716243|P5063|""i102741"""
47825,4666,set_statement,Done,,,Q3466310,"Q3466310|P8814|""12546480-n"""
47825,4667,set_statement,Done,,,Q3466310,"Q3466310|P5063|""i102748"""
47825,4668,set_statement,Done,,,Q5280036,"Q5280036|P8814|""12547451-n"""
47825,4669,set_statement,Done,,,Q5280036,"Q5280036|P5063|""i102753"""
47825,4670,set_statement,Done,,,Q526727,"Q526727|P8814|""12547896-n"""
47825,4671,set_statement,Done,,,Q526727,"Q526727|P5063|""i102755"""
47825,4672,set_statement,Done,,,Q1340386,"Q1340386|P8814|""12548074-n"""
47825,4673,set_statement,Done,,,Q1340386,"Q1340386|P5063|""i102756"""
47825,4674,set_statement,Done,,,Q311395,"Q311395|P8814|""12552513-n"""
47825,4675,set_statement,Done,,,Q311395,"Q311395|P5063|""i102776"""
47825,4676,set_statement,Done,,,Q157830,"Q157830|P8814|""12553225-n"""
47825,4677,set_statement,Done,,,Q157830,"Q157830|P5063|""i102779"""
47825,4678,set_statement,Done,,,Q861520,"Q861520|P8814|""12554093-n"""
47825,4679,set_statement,Done,,,Q861520,"Q861520|P5063|""i102783"""
47825,4680,set_statement,Done,,,Q148973,"Q148973|P8814|""12554958-n"""
47825,4681,set_statement,Done,,,Q148973,"Q148973|P5063|""i102787"""
47825,4682,set_statement,Done,,,Q133632,"Q133632|P8814|""12555606-n"""
47825,4683,set_statement,Done,,,Q133632,"Q133632|P5063|""i102790"""
47825,4684,set_statement,Done,,,Q310648,"Q310648|P8814|""12556325-n"""
47825,4685,set_statement,Done,,,Q310648,"Q310648|P5063|""i102794"""
47825,4686,set_statement,Done,,,Q1308636,"Q1308636|P8814|""12556960-n"""
47825,4687,set_statement,Done,,,Q1308636,"Q1308636|P5063|""i102797"""
47825,4688,set_statement,Done,,,Q16625423,"Q16625423|P8814|""12557942-n"""
47825,4689,set_statement,Done,,,Q16625423,"Q16625423|P5063|""i102802"""
47825,4690,set_statement,Done,,,Q1017395,"Q1017395|P8814|""12563154-n"""
47825,4691,set_statement,Done,,,Q1017395,"Q1017395|P5063|""i102825"""
47825,4692,set_statement,Done,,,Q1756340,"Q1756340|P8814|""12565151-n"""
47825,4693,set_statement,Done,,,Q1756340,"Q1756340|P5063|""i102834"""
47825,4694,set_statement,Done,,,Q3645698,"Q3645698|P8814|""12565595-n"""
47825,4695,set_statement,Done,,,Q3645698,"Q3645698|P5063|""i102836"""
47825,4696,set_statement,Done,,,Q589643,"Q589643|P8814|""12571473-n"""
47825,4697,set_statement,Done,,,Q589643,"Q589643|P5063|""i102864"""
47825,4698,set_statement,Done,,,Q2872596,"Q2872596|P8814|""12573819-n"""
47825,4699,set_statement,Done,,,Q2872596,"Q2872596|P5063|""i102874"""
47825,4700,set_statement,Done,,,Q1424322,"Q1424322|P8814|""12574747-n"""
47825,4701,set_statement,Done,,,Q1424322,"Q1424322|P5063|""i102878"""
47825,4702,set_statement,Done,,,Q1361402,"Q1361402|P8814|""12575574-n"""
47825,4703,set_statement,Done,,,Q1361402,"Q1361402|P5063|""i102882"""
47825,4704,set_statement,Done,,,Q9059394,"Q9059394|P8814|""12579407-n"""
47825,4705,set_statement,Done,,,Q9059394,"Q9059394|P5063|""i102901"""
47825,4706,set_statement,Done,,,Q2037012,"Q2037012|P8814|""12579807-n"""
47825,4707,set_statement,Done,,,Q2037012,"Q2037012|P5063|""i102903"""
47825,4708,set_statement,Done,,,Q388267,"Q388267|P8814|""12582201-n"""
47825,4709,set_statement,Done,,,Q388267,"Q388267|P5063|""i102915"""
47825,4710,set_statement,Done,,,Q5222889,"Q5222889|P8814|""12582925-n"""
47825,4711,set_statement,Done,,,Q5222889,"Q5222889|P5063|""i102918"""
47825,4712,set_statement,Done,,,Q2717831,"Q2717831|P8814|""12584072-n"""
47825,4713,set_statement,Done,,,Q2717831,"Q2717831|P5063|""i102924"""
47825,4714,set_statement,Done,,,Q3310331,"Q3310331|P8814|""12584418-n"""
47825,4715,set_statement,Done,,,Q3310331,"Q3310331|P5063|""i102926"""
47825,4716,set_statement,Done,,,Q2699268,"Q2699268|P8814|""12587821-n"""
47825,4717,set_statement,Done,,,Q2699268,"Q2699268|P5063|""i102941"""
47825,4718,set_statement,Done,,,Q309213,"Q309213|P8814|""12590631-n"""
47825,4719,set_statement,Done,,,Q309213,"Q309213|P5063|""i102954"""
47825,4720,set_statement,Done,,,Q14566707,"Q14566707|P8814|""12591699-n"""
47825,4721,set_statement,Done,,,Q14566707,"Q14566707|P5063|""i102958"""
47825,4722,set_statement,Done,,,Q1610712,"Q1610712|P8814|""12592526-n"""
47825,4723,set_statement,Done,,,Q1610712,"Q1610712|P5063|""i102962"""
47825,4724,set_statement,Done,,,Q2465131,"Q2465131|P8814|""12593583-n"""
47825,4725,set_statement,Done,,,Q2465131,"Q2465131|P5063|""i102968"""
47825,4726,set_statement,Done,,,Q732394,"Q732394|P8814|""12594265-n"""
47825,4727,set_statement,Done,,,Q732394,"Q732394|P5063|""i102972"""
47825,4728,set_statement,Done,,,Q147337,"Q147337|P8814|""12595594-n"""
47825,4729,set_statement,Done,,,Q147337,"Q147337|P5063|""i102979"""
47825,4730,set_statement,Done,,,Q132634,"Q132634|P8814|""12597505-n"""
47825,4731,set_statement,Done,,,Q132634,"Q132634|P5063|""i102989"""
47825,4732,set_statement,Done,,,Q2083913,"Q2083913|P8814|""12599990-n"""
47825,4733,set_statement,Done,,,Q2083913,"Q2083913|P5063|""i102997"""
47825,4734,set_statement,Done,,,Q7933846,"Q7933846|P8814|""12600341-n"""
47825,4735,set_statement,Done,,,Q7933846,"Q7933846|P5063|""i102999"""
47825,4736,set_statement,Done,,,Q261903,"Q261903|P8814|""12600952-n"""
47825,4737,set_statement,Done,,,Q261903,"Q261903|P5063|""i103002"""
47825,4738,set_statement,Done,,,Q1096533,"Q1096533|P8814|""12601978-n"""
47825,4739,set_statement,Done,,,Q1096533,"Q1096533|P5063|""i103008"""
47825,4740,set_statement,Done,,,Q3642755,"Q3642755|P8814|""12604277-n"""
47825,4741,set_statement,Done,,,Q3642755,"Q3642755|P5063|""i103015"""
47825,4742,set_statement,Done,,,Q157289,"Q157289|P8814|""12604805-n"""
47825,4743,set_statement,Done,,,Q157289,"Q157289|P5063|""i103018"""
47825,4744,set_statement,Done,,,Q142023,"Q142023|P8814|""12605320-n"""
47825,4745,set_statement,Done,,,Q142023,"Q142023|P5063|""i103021"""
47825,4746,set_statement,Done,,,Q141226,"Q141226|P8814|""12605731-n"""
47825,4747,set_statement,Done,,,Q141226,"Q141226|P5063|""i103023"""
47825,4748,set_statement,Done,,,Q137815,"Q137815|P8814|""12608127-n"""
47825,4749,set_statement,Done,,,Q137815,"Q137815|P5063|""i103036"""
47825,4750,set_statement,Done,,,Q13099531,"Q13099531|P8814|""12608447-n"""
47825,4751,set_statement,Done,,,Q13099531,"Q13099531|P5063|""i103038"""
47825,4752,set_statement,Done,,,Q135429,"Q135429|P8814|""12608917-n"""
47825,4753,set_statement,Done,,,Q135429,"Q135429|P5063|""i103041"""
47825,4754,set_statement,Done,,,Q87148432,"Q87148432|P8814|""12609750-n"""
47825,4755,set_statement,Done,,,Q87148432,"Q87148432|P5063|""i103045"""
47825,4756,set_statement,Done,,,Q7609983,"Q7609983|P8814|""12610878-n"""
47825,4757,set_statement,Done,,,Q7609983,"Q7609983|P5063|""i103051"""
47825,4758,set_statement,Done,,,Q132712,"Q132712|P8814|""12611603-n"""
47825,4759,set_statement,Done,,,Q132712,"Q132712|P5063|""i103056"""
47825,4760,set_statement,Done,,,Q312187,"Q312187|P8814|""12612284-n"""
47825,4761,set_statement,Done,,,Q312187,"Q312187|P5063|""i103060"""
47825,4762,set_statement,Done,,,Q16060743,"Q16060743|P8814|""12612658-n"""
47825,4763,set_statement,Done,,,Q16060743,"Q16060743|P5063|""i103062"""
47825,4764,set_statement,Done,,,Q10341267,"Q10341267|P8814|""12613112-n"""
47825,4765,set_statement,Done,,,Q10341267,"Q10341267|P5063|""i103064"""
47825,4766,set_statement,Done,,,Q132826,"Q132826|P8814|""12617767-n"""
47825,4767,set_statement,Done,,,Q132826,"Q132826|P5063|""i103089"""
47825,4768,set_statement,Done,,,Q16060807,"Q16060807|P8814|""12618094-n"""
47825,4769,set_statement,Done,,,Q16060807,"Q16060807|P5063|""i103091"""
47825,4770,set_statement,Done,,,Q142326,"Q142326|P8814|""12618401-n"""
47825,4771,set_statement,Done,,,Q142326,"Q142326|P5063|""i103093"""
47825,4772,set_statement,Done,,,Q1748235,"Q1748235|P8814|""12619170-n"""
47825,4773,set_statement,Done,,,Q1748235,"Q1748235|P5063|""i103097"""
47825,4774,set_statement,Done,,,Q923240,"Q923240|P8814|""12621178-n"""
47825,4775,set_statement,Done,,,Q923240,"Q923240|P5063|""i103106"""
47825,4776,set_statement,Done,,,Q156117,"Q156117|P8814|""12621335-n"""
47825,4777,set_statement,Done,,,Q156117,"Q156117|P5063|""i103107"""
47825,4778,set_statement,Done,,,Q271400,"Q271400|P8814|""12621649-n"""
47825,4779,set_statement,Done,,,Q271400,"Q271400|P5063|""i103108"""
47825,4780,set_statement,Done,,,Q7217716,"Q7217716|P8814|""12623611-n"""
47825,4781,set_statement,Done,,,Q7217716,"Q7217716|P5063|""i103117"""
47825,4782,set_statement,Done,,,Q157264,"Q157264|P8814|""12624545-n"""
47825,4783,set_statement,Done,,,Q157264,"Q157264|P5063|""i103122"""
47825,4784,set_statement,Done,,,Q131613,"Q131613|P8814|""12626076-n"""
47825,4785,set_statement,Done,,,Q131613,"Q131613|P5063|""i103129"""
47825,4786,set_statement,Done,,,Q157498,"Q157498|P8814|""12627558-n"""
47825,4787,set_statement,Done,,,Q157498,"Q157498|P5063|""i103138"""
47825,4788,set_statement,Done,,,Q156529,"Q156529|P8814|""12627668-n"""
47825,4789,set_statement,Done,,,Q156529,"Q156529|P5063|""i103139"""
47825,4790,set_statement,Done,,,Q147316,"Q147316|P8814|""12627959-n"""
47825,4791,set_statement,Done,,,Q147316,"Q147316|P5063|""i103140"""
47825,4792,set_statement,Done,,,Q13701399,"Q13701399|P8814|""12629208-n"""
47825,4793,set_statement,Done,,,Q13701399,"Q13701399|P5063|""i103145"""
47825,4794,set_statement,Done,,,Q131609,"Q131609|P8814|""12629381-n"""
47825,4795,set_statement,Done,,,Q131609,"Q131609|P5063|""i103146"""
47825,4796,set_statement,Done,,,Q131516,"Q131516|P8814|""12629539-n"""
47825,4797,set_statement,Done,,,Q131516,"Q131516|P5063|""i103147"""
47825,4798,set_statement,Done,,,Q131321,"Q131321|P8814|""12629702-n"""
47825,4799,set_statement,Done,,,Q131321,"Q131321|P5063|""i103148"""
47825,4800,set_statement,Done,,,Q725748,"Q725748|P8814|""12630399-n"""
47825,4801,set_statement,Done,,,Q725748,"Q725748|P5063|""i103151"""
47825,4802,set_statement,Done,,,Q1112837,"Q1112837|P8814|""12631694-n"""
47825,4803,set_statement,Done,,,Q1112837,"Q1112837|P5063|""i103158"""
47825,4804,set_statement,Done,,,Q2720121,"Q2720121|P8814|""12632004-n"""
47825,4805,set_statement,Done,,,Q2720121,"Q2720121|P5063|""i103159"""
47825,4806,set_statement,Done,,,Q156025,"Q156025|P8814|""12632576-n"""
47825,4807,set_statement,Done,,,Q156025,"Q156025|P5063|""i103162"""
47825,4808,set_statement,Done,,,Q157350,"Q157350|P8814|""12632781-n"""
47825,4809,set_statement,Done,,,Q157350,"Q157350|P5063|""i103163"""
47825,4810,set_statement,Done,,,Q156029,"Q156029|P8814|""12633674-n"""
47825,4811,set_statement,Done,,,Q156029,"Q156029|P5063|""i103169"""
47825,4812,set_statement,Done,,,Q643368,"Q643368|P8814|""12634729-n"""
47825,4813,set_statement,Done,,,Q643368,"Q643368|P5063|""i103174"""
47825,4814,set_statement,Done,,,Q164297,"Q164297|P8814|""12635723-n"""
47825,4815,set_statement,Done,,,Q164297,"Q164297|P5063|""i103180"""
47825,4816,set_statement,Done,,,Q156233,"Q156233|P8814|""12636188-n"""
47825,4817,set_statement,Done,,,Q156233,"Q156233|P5063|""i103183"""
47825,4818,set_statement,Done,,,Q163477,"Q163477|P8814|""12637586-n"""
47825,4819,set_statement,Done,,,Q163477,"Q163477|P5063|""i103189"""
47825,4820,set_statement,Done,,,Q862544,"Q862544|P8814|""12637901-n"""
47825,4821,set_statement,Done,,,Q862544,"Q862544|P5063|""i103191"""
47825,4822,set_statement,Done,,,Q2494235,"Q2494235|P8814|""12638500-n"""
47825,4823,set_statement,Done,,,Q2494235,"Q2494235|P5063|""i103194"""
47825,4824,set_statement,Done,,,Q21037,"Q21037|P8814|""12639097-n"""
47825,4825,set_statement,Done,,,Q21037,"Q21037|P5063|""i103197"""
47825,4826,set_statement,Done,,,Q21895,"Q21895|P8814|""12639703-n"""
47825,4827,set_statement,Done,,,Q21895,"Q21895|P5063|""i103200"""
47825,4828,set_statement,Done,,,Q46299,"Q46299|P8814|""12640067-n"""
47825,4829,set_statement,Done,,,Q46299,"Q46299|P5063|""i103201"""
47825,4830,set_statement,Done,,,Q264427,"Q264427|P8814|""12643414-n"""
47825,4831,set_statement,Done,,,Q264427,"Q264427|P5063|""i103217"""
47825,4832,set_statement,Done,,,Q157616,"Q157616|P8814|""12645010-n"""
47825,4833,set_statement,Done,,,Q157616,"Q157616|P5063|""i103225"""
47825,4834,set_statement,Done,,,Q2719919,"Q2719919|P8814|""12645634-n"""
47825,4835,set_statement,Done,,,Q2719919,"Q2719919|P5063|""i103229"""
47825,4836,set_statement,Done,,,Q13418162,"Q13418162|P8814|""12649633-n"""
47825,4837,set_statement,Done,,,Q13418162,"Q13418162|P5063|""i103247"""
47825,4838,set_statement,Done,,,Q123279,"Q123279|P8814|""12649948-n"""
47825,4839,set_statement,Done,,,Q123279,"Q123279|P5063|""i103249"""
47825,4840,set_statement,Done,,,Q2655434,"Q2655434|P8814|""12653636-n"""
47825,4841,set_statement,Done,,,Q2655434,"Q2655434|P5063|""i103268"""
47825,4842,set_statement,Done,,,Q148723,"Q148723|P8814|""12656868-n"""
47825,4843,set_statement,Done,,,Q148723,"Q148723|P5063|""i103283"""
47825,4844,set_statement,Done,,,Q1070845,"Q1070845|P8814|""12657191-n"""
47825,4845,set_statement,Done,,,Q1070845,"Q1070845|P5063|""i103285"""
47825,4846,set_statement,Done,,,Q7234870,"Q7234870|P8814|""12658080-n"""
47825,4847,set_statement,Done,,,Q7234870,"Q7234870|P5063|""i103289"""
47825,4848,set_statement,Done,,,Q2505501,"Q2505501|P8814|""12665225-n"""
47825,4849,set_statement,Done,,,Q2505501,"Q2505501|P5063|""i103324"""
47825,4850,set_statement,Done,,,Q14566635,"Q14566635|P8814|""12665474-n"""
47825,4851,set_statement,Done,,,Q14566635,"Q14566635|P5063|""i103325"""
47825,4852,set_statement,Done,,,Q2102991,"Q2102991|P8814|""12680491-n"""
47825,4853,set_statement,Done,,,Q2102991,"Q2102991|P5063|""i103401"""
47825,4854,set_statement,Done,,,Q156569,"Q156569|P8814|""12680770-n"""
47825,4855,set_statement,Done,,,Q156569,"Q156569|P5063|""i103402"""
47825,4856,set_statement,Done,,,Q5024620,"Q5024620|P8814|""12682634-n"""
47825,4857,set_statement,Done,,,Q5024620,"Q5024620|P5063|""i103410"""
47825,4858,set_statement,Done,,,Q2963804,"Q2963804|P8814|""12682984-n"""
47825,4859,set_statement,Done,,,Q2963804,"Q2963804|P5063|""i103412"""
47825,4860,set_statement,Done,,,Q3236710,"Q3236710|P8814|""12689125-n"""
47825,4861,set_statement,Done,,,Q3236710,"Q3236710|P5063|""i103442"""
47825,4862,set_statement,Done,,,Q2719941,"Q2719941|P8814|""12689493-n"""
47825,4863,set_statement,Done,,,Q2719941,"Q2719941|P5063|""i103444"""
47825,4864,set_statement,Done,,,Q9059889,"Q9059889|P8814|""12689918-n"""
47825,4865,set_statement,Done,,,Q9059889,"Q9059889|P5063|""i103446"""
47825,4866,set_statement,Done,,,Q904250,"Q904250|P8814|""12690402-n"""
47825,4867,set_statement,Done,,,Q904250,"Q904250|P5063|""i103448"""
47825,4868,set_statement,Done,,,Q2473658,"Q2473658|P8814|""12691319-n"""
47825,4869,set_statement,Done,,,Q2473658,"Q2473658|P5063|""i103453"""
47825,4870,set_statement,Done,,,Q156301,"Q156301|P8814|""12691918-n"""
47825,4871,set_statement,Done,,,Q156301,"Q156301|P5063|""i103456"""
47825,4872,set_statement,Done,,,Q158261,"Q158261|P8814|""12692290-n"""
47825,4873,set_statement,Done,,,Q158261,"Q158261|P5063|""i103457"""
47825,4874,set_statement,Done,,,Q2697991,"Q2697991|P8814|""12692659-n"""
47825,4875,set_statement,Done,,,Q2697991,"Q2697991|P5063|""i103459"""
47825,4876,set_statement,Done,,,Q139038,"Q139038|P8814|""12693604-n"""
47825,4877,set_statement,Done,,,Q139038,"Q139038|P5063|""i103464"""
47825,4878,set_statement,Done,,,Q5114721,"Q5114721|P8814|""12693939-n"""
47825,4879,set_statement,Done,,,Q5114721,"Q5114721|P5063|""i103466"""
47825,4880,set_statement,Done,,,Q3312339,"Q3312339|P8814|""12700473-n"""
47825,4881,set_statement,Done,,,Q3312339,"Q3312339|P5063|""i103497"""
47825,4882,set_statement,Done,,,Q156665,"Q156665|P8814|""12702815-n"""
47825,4883,set_statement,Done,,,Q156665,"Q156665|P5063|""i103508"""
47825,4884,set_statement,Done,,,Q14272,"Q14272|P8814|""12705401-n"""
47825,4885,set_statement,Done,,,Q14272,"Q14272|P5063|""i103521"""
47825,4886,set_statement,Done,,,Q155945,"Q155945|P8814|""12705975-n"""
47825,4887,set_statement,Done,,,Q155945,"Q155945|P5063|""i103522"""
47825,4888,set_statement,Done,,,Q162920,"Q162920|P8814|""12709287-n"""
47825,4889,set_statement,Done,,,Q162920,"Q162920|P5063|""i103538"""
47825,4890,set_statement,Done,,,Q157231,"Q157231|P8814|""12710402-n"""
47825,4891,set_statement,Done,,,Q157231,"Q157231|P5063|""i103543"""
47825,4892,set_statement,Done,,,Q158138,"Q158138|P8814|""12710569-n"""
47825,4893,set_statement,Done,,,Q158138,"Q158138|P5063|""i103544"""
47825,4894,set_statement,Done,,,Q161237,"Q161237|P8814|""12711149-n"""
47825,4895,set_statement,Done,,,Q161237,"Q161237|P5063|""i103547"""
47825,4896,set_statement,Done,,,Q1648255,"Q1648255|P8814|""12713084-n"""
47825,4897,set_statement,Done,,,Q1648255,"Q1648255|P5063|""i103556"""
47825,4898,set_statement,Done,,,Q2261600,"Q2261600|P8814|""12713794-n"""
47825,4899,set_statement,Done,,,Q2261600,"Q2261600|P5063|""i103560"""
47825,4900,set_statement,Done,,,Q2703020,"Q2703020|P8814|""12714351-n"""
47825,4901,set_statement,Done,,,Q2703020,"Q2703020|P5063|""i103564"""
47825,4902,set_statement,Done,,,Q156846,"Q156846|P8814|""12714495-n"""
47825,4903,set_statement,Done,,,Q156846,"Q156846|P5063|""i103565"""
47825,4904,set_statement,Done,,,Q768283,"Q768283|P8814|""12714954-n"""
47825,4905,set_statement,Done,,,Q768283,"Q768283|P5063|""i103568"""
47825,4906,set_statement,Done,,,Q158979,"Q158979|P8814|""12715468-n"""
47825,4907,set_statement,Done,,,Q158979,"Q158979|P5063|""i103571"""
47825,4908,set_statement,Done,,,Q2703639,"Q2703639|P8814|""12716521-n"""
47825,4909,set_statement,Done,,,Q2703639,"Q2703639|P5063|""i103574"""
47825,4910,set_statement,Done,,,Q162792,"Q162792|P8814|""12717782-n"""
47825,4911,set_statement,Done,,,Q162792,"Q162792|P5063|""i103579"""
47825,4912,set_statement,Done,,,Q13055458,"Q13055458|P8814|""12718121-n"""
47825,4913,set_statement,Done,,,Q13055458,"Q13055458|P5063|""i103581"""
47825,4914,set_statement,Done,,,Q133937,"Q133937|P8814|""12718643-n"""
47825,4915,set_statement,Done,,,Q133937,"Q133937|P5063|""i103584"""
47825,4916,set_statement,Done,,,Q134051,"Q134051|P8814|""12719665-n"""
47825,4917,set_statement,Done,,,Q134051,"Q134051|P5063|""i103590"""
47825,4918,set_statement,Done,,,Q11983219,"Q11983219|P8814|""12719917-n"""
47825,4919,set_statement,Done,,,Q11983219,"Q11983219|P5063|""i103592"""
47825,4920,set_statement,Done,,,Q133418,"Q133418|P8814|""12720538-n"""
47825,4921,set_statement,Done,,,Q133418,"Q133418|P5063|""i103596"""
47825,4922,set_statement,Done,,,Q2697430,"Q2697430|P8814|""12720979-n"""
47825,4923,set_statement,Done,,,Q2697430,"Q2697430|P5063|""i103599"""
47825,4924,set_statement,Done,,,Q2235097,"Q2235097|P8814|""12721591-n"""
47825,4925,set_statement,Done,,,Q2235097,"Q2235097|P5063|""i103603"""
47825,4926,set_statement,Done,,,Q132073,"Q132073|P8814|""12721938-n"""
47825,4927,set_statement,Done,,,Q132073,"Q132073|P5063|""i103605"""
47825,4928,set_statement,Done,,,Q9284783,"Q9284783|P8814|""12722661-n"""
47825,4929,set_statement,Done,,,Q9284783,"Q9284783|P5063|""i103608"""
47825,4930,set_statement,Done,,,Q156360,"Q156360|P8814|""12725396-n"""
47825,4931,set_statement,Done,,,Q156360,"Q156360|P5063|""i103622"""
47825,4932,set_statement,Done,,,Q146030,"Q146030|P8814|""12727404-n"""
47825,4933,set_statement,Done,,,Q146030,"Q146030|P5063|""i103631"""
47825,4934,set_statement,Done,,,Q165250,"Q165250|P8814|""12727800-n"""
47825,4935,set_statement,Done,,,Q165250,"Q165250|P5063|""i103632"""
47825,4936,set_statement,Done,,,Q21396652,"Q21396652|P8814|""12732909-n"""
47825,4937,set_statement,Done,,,Q21396652,"Q21396652|P5063|""i103655"""
47825,4938,set_statement,Done,,,Q2643074,"Q2643074|P8814|""12733248-n"""
47825,4939,set_statement,Done,,,Q2643074,"Q2643074|P5063|""i103657"""
47825,4940,set_statement,Done,,,Q106090,"Q106090|P8814|""12733580-n"""
47825,4941,set_statement,Done,,,Q106090,"Q106090|P5063|""i103659"""
47825,4942,set_statement,Done,,,Q147050,"Q147050|P8814|""12735310-n"""
47825,4943,set_statement,Done,,,Q147050,"Q147050|P5063|""i103667"""
47825,4944,set_statement,Done,,,Q156679,"Q156679|P8814|""12736329-n"""
47825,4945,set_statement,Done,,,Q156679,"Q156679|P5063|""i103672"""
47825,4946,set_statement,Done,,,Q3308399,"Q3308399|P8814|""12736926-n"""
47825,4947,set_statement,Done,,,Q3308399,"Q3308399|P5063|""i103674"""
47825,4948,set_statement,Done,,,Q2293602,"Q2293602|P8814|""12738674-n"""
47825,4949,set_statement,Done,,,Q2293602,"Q2293602|P5063|""i103682"""
47825,4950,set_statement,Done,,,Q163937,"Q163937|P8814|""12740037-n"""
47825,4951,set_statement,Done,,,Q163937,"Q163937|P5063|""i103689"""
47825,4952,set_statement,Done,,,Q158271,"Q158271|P8814|""12740215-n"""
47825,4953,set_statement,Done,,,Q158271,"Q158271|P5063|""i103690"""
47825,4954,set_statement,Done,,,Q155982,"Q155982|P8814|""12741292-n"""
47825,4955,set_statement,Done,,,Q155982,"Q155982|P5063|""i103695"""
47825,4956,set_statement,Done,,,Q245426,"Q245426|P8814|""12741653-n"""
47825,4957,set_statement,Done,,,Q245426,"Q245426|P5063|""i103696"""
47825,4958,set_statement,Done,,,Q1949708,"Q1949708|P8814|""12742117-n"""
47825,4959,set_statement,Done,,,Q1949708,"Q1949708|P5063|""i103698"""
47825,4960,set_statement,Done,,,Q2521134,"Q2521134|P8814|""12743644-n"""
47825,4961,set_statement,Done,,,Q2521134,"Q2521134|P5063|""i103706"""
47825,4962,set_statement,Done,,,Q1017217,"Q1017217|P8814|""12744206-n"""
47825,4963,set_statement,Done,,,Q1017217,"Q1017217|P5063|""i103709"""
47825,4964,set_statement,Done,,,Q158487,"Q158487|P8814|""12744745-n"""
47825,4965,set_statement,Done,,,Q158487,"Q158487|P5063|""i103712"""
47825,4966,set_statement,Done,,,Q36050,"Q36050|P8814|""12744961-n"""
47825,4967,set_statement,Done,,,Q36050,"Q36050|P5063|""i103713"""
47825,4968,set_statement,Done,,,Q25356,"Q25356|P8814|""12751962-n"""
47825,4969,set_statement,Done,,,Q25356,"Q25356|P5063|""i103744"""
47825,4970,set_statement,Done,,,Q21851,"Q21851|P8814|""12755206-n"""
47825,4971,set_statement,Done,,,Q21851,"Q21851|P5063|""i103760"""
47825,4972,set_statement,Done,,,Q327639,"Q327639|P8814|""12755482-n"""
47825,4973,set_statement,Done,,,Q327639,"Q327639|P5063|""i103761"""
47825,4974,set_statement,Done,,,Q5150546,"Q5150546|P8814|""12756824-n"""
47825,4975,set_statement,Done,,,Q5150546,"Q5150546|P5063|""i103767"""
47825,4976,set_statement,Done,,,Q87151592,"Q87151592|P8814|""12757215-n"""
47825,4977,set_statement,Done,,,Q87151592,"Q87151592|P5063|""i103769"""
47825,4978,set_statement,Done,,,Q156691,"Q156691|P8814|""12758143-n"""
47825,4979,set_statement,Done,,,Q156691,"Q156691|P5063|""i103774"""
47825,4980,set_statement,Done,,,Q163517,"Q163517|P8814|""12758505-n"""
47825,4981,set_statement,Done,,,Q163517,"Q163517|P5063|""i103775"""
47825,4982,set_statement,Done,,,Q15102057,"Q15102057|P8814|""12759240-n"""
47825,4983,set_statement,Done,,,Q15102057,"Q15102057|P5063|""i103779"""
47825,4984,set_statement,Done,,,Q145544,"Q145544|P8814|""12759619-n"""
47825,4985,set_statement,Done,,,Q145544,"Q145544|P5063|""i103781"""
47825,4986,set_statement,Done,,,Q144322,"Q144322|P8814|""12760355-n"""
47825,4987,set_statement,Done,,,Q144322,"Q144322|P5063|""i103784"""
47825,4988,set_statement,Done,,,Q26316,"Q26316|P8814|""12760956-n"""
47825,4989,set_statement,Done,,,Q26316,"Q26316|P5063|""i103787"""
47825,4990,set_statement,Done,,,Q27147,"Q27147|P8814|""12761274-n"""
47825,4991,set_statement,Done,,,Q27147,"Q27147|P5063|""i103788"""
47825,4992,set_statement,Done,,,Q1021709,"Q1021709|P8814|""12762801-n"""
47825,4993,set_statement,Done,,,Q1021709,"Q1021709|P5063|""i103795"""
47825,4994,set_statement,Done,,,Q2702934,"Q2702934|P8814|""12763306-n"""
47825,4995,set_statement,Done,,,Q2702934,"Q2702934|P5063|""i103797"""
47825,4996,set_statement,Done,,,Q655597,"Q655597|P8814|""12765037-n"""
47825,4997,set_statement,Done,,,Q655597,"Q655597|P5063|""i103807"""
47825,4998,set_statement,Done,,,Q2697447,"Q2697447|P8814|""12765920-n"""
47825,4999,set_statement,Done,,,Q2697447,"Q2697447|P5063|""i103811"""
47825,5000,set_statement,Done,,,Q156680,"Q156680|P8814|""12766548-n"""
47825,5001,set_statement,Done,,,Q156680,"Q156680|P5063|""i103814"""
47825,5002,set_statement,Done,,,Q135336,"Q135336|P8814|""12768323-n"""
47825,5003,set_statement,Done,,,Q135336,"Q135336|P5063|""i103823"""
47825,5004,set_statement,Done,,,Q811662,"Q811662|P8814|""12768721-n"""
47825,5005,set_statement,Done,,,Q811662,"Q811662|P5063|""i103825"""
47825,5006,set_statement,Done,,,Q1227342,"Q1227342|P8814|""12776819-n"""
47825,5007,set_statement,Done,,,Q1227342,"Q1227342|P5063|""i103864"""
47825,5008,set_statement,Done,,,Q156589,"Q156589|P8814|""12779399-n"""
47825,5009,set_statement,Done,,,Q156589,"Q156589|P5063|""i103882"""
47825,5010,set_statement,Done,,,Q11690375,"Q11690375|P8814|""12781482-n"""
47825,5011,set_statement,Done,,,Q11690375,"Q11690375|P5063|""i103891"""
47825,5012,set_statement,Done,,,Q35987,"Q35987|P8814|""12782231-n"""
47825,5013,set_statement,Done,,,Q35987,"Q35987|P5063|""i103895"""
47825,5014,set_statement,Done,,,Q10360410,"Q10360410|P8814|""12783005-n"""
47825,5015,set_statement,Done,,,Q10360410,"Q10360410|P5063|""i103899"""
47825,5016,set_statement,Done,,,Q786249,"Q786249|P8814|""12785463-n"""
47825,5017,set_statement,Done,,,Q786249,"Q786249|P5063|""i103910"""
47825,5018,set_statement,Done,,,Q311460,"Q311460|P8814|""12786439-n"""
47825,5019,set_statement,Done,,,Q311460,"Q311460|P5063|""i103914"""
47825,5020,set_statement,Done,,,Q1777115,"Q1777115|P8814|""12787001-n"""
47825,5021,set_statement,Done,,,Q1777115,"Q1777115|P5063|""i103917"""
47825,5022,set_statement,Done,,,Q635009,"Q635009|P8814|""12788711-n"""
47825,5023,set_statement,Done,,,Q635009,"Q635009|P5063|""i103923"""
47825,5024,set_statement,Done,,,Q158752,"Q158752|P8814|""12788937-n"""
47825,5025,set_statement,Done,,,Q158752,"Q158752|P5063|""i103924"""
47825,5026,set_statement,Done,,,Q157386,"Q157386|P8814|""12790190-n"""
47825,5027,set_statement,Done,,,Q157386,"Q157386|P5063|""i103932"""
47825,5028,set_statement,Done,,,Q165258,"Q165258|P8814|""12791037-n"""
47825,5029,set_statement,Done,,,Q165258,"Q165258|P5063|""i103936"""
47825,5030,set_statement,Done,,,Q158981,"Q158981|P8814|""12792841-n"""
47825,5031,set_statement,Done,,,Q158981,"Q158981|P5063|""i103945"""
47825,5032,set_statement,Done,,,Q14566630,"Q14566630|P8814|""12793179-n"""
47825,5033,set_statement,Done,,,Q14566630,"Q14566630|P5063|""i103946"""
47825,5034,set_statement,Done,,,Q59922303,"Q59922303|P8814|""12793317-n"""
47825,5035,set_statement,Done,,,Q59922303,"Q59922303|P5063|""i103947"""
47825,5036,set_statement,Done,,,Q87145833,"Q87145833|P8814|""12794094-n"""
47825,5037,set_statement,Done,,,Q87145833,"Q87145833|P5063|""i103951"""
47825,5038,set_statement,Done,,,Q2105812,"Q2105812|P8814|""12794248-n"""
47825,5039,set_statement,Done,,,Q2105812,"Q2105812|P5063|""i103952"""
47825,5040,set_statement,Done,,,Q309947,"Q309947|P8814|""12794887-n"""
47825,5041,set_statement,Done,,,Q309947,"Q309947|P5063|""i103955"""
47825,5042,set_statement,Done,,,Q160364,"Q160364|P8814|""12795651-n"""
47825,5043,set_statement,Done,,,Q160364,"Q160364|P5063|""i103959"""
47825,5044,set_statement,Done,,,Q598477,"Q598477|P8814|""12795985-n"""
47825,5045,set_statement,Done,,,Q598477,"Q598477|P5063|""i103961"""
47825,5046,set_statement,Done,,,Q588797,"Q588797|P8814|""12796972-n"""
47825,5047,set_statement,Done,,,Q588797,"Q588797|P5063|""i103966"""
47825,5048,set_statement,Done,,,Q133714,"Q133714|P8814|""12797151-n"""
47825,5049,set_statement,Done,,,Q133714,"Q133714|P5063|""i103967"""
47825,5050,set_statement,Done,,,Q14914658,"Q14914658|P8814|""12799686-n"""
47825,5051,set_statement,Done,,,Q14914658,"Q14914658|P5063|""i103981"""
47825,5052,set_statement,Done,,,Q15582088,"Q15582088|P8814|""12801612-n"""
47825,5053,set_statement,Done,,,Q15582088,"Q15582088|P5063|""i103989"""
47825,5054,set_statement,Done,,,Q1758059,"Q1758059|P8814|""12802001-n"""
47825,5055,set_statement,Done,,,Q1758059,"Q1758059|P5063|""i103991"""
47825,5056,set_statement,Done,,,Q217530,"Q217530|P8814|""12802574-n"""
47825,5057,set_statement,Done,,,Q217530,"Q217530|P5063|""i103994"""
47825,5058,set_statement,Done,,,Q156185,"Q156185|P8814|""12802868-n"""
47825,5059,set_statement,Done,,,Q156185,"Q156185|P5063|""i103996"""
47825,5060,set_statement,Done,,,Q12311673,"Q12311673|P8814|""12803534-n"""
47825,5061,set_statement,Done,,,Q12311673,"Q12311673|P5063|""i103999"""
47825,5062,set_statement,Done,,,Q13107254,"Q13107254|P8814|""12804361-n"""
47825,5063,set_statement,Done,,,Q13107254,"Q13107254|P5063|""i104003"""
47825,5064,set_statement,Done,,,Q2946333,"Q2946333|P8814|""12805303-n"""
47825,5065,set_statement,Done,,,Q2946333,"Q2946333|P5063|""i104008"""
47825,5066,set_statement,Done,,,Q2181577,"Q2181577|P8814|""12805498-n"""
47825,5067,set_statement,Done,,,Q2181577,"Q2181577|P5063|""i104009"""
47825,5068,set_statement,Done,,,Q155938,"Q155938|P8814|""12805870-n"""
47825,5069,set_statement,Done,,,Q155938,"Q155938|P5063|""i104011"""
47825,5070,set_statement,Done,,,Q158253,"Q158253|P8814|""12806072-n"""
47825,5071,set_statement,Done,,,Q158253,"Q158253|P5063|""i104012"""
47825,5072,set_statement,Done,,,Q156609,"Q156609|P8814|""12808325-n"""
47825,5073,set_statement,Done,,,Q156609,"Q156609|P5063|""i104024"""
47825,5074,set_statement,Done,,,Q5045752,"Q5045752|P8814|""12810159-n"""
47825,5075,set_statement,Done,,,Q5045752,"Q5045752|P5063|""i104032"""
47825,5076,set_statement,Done,,,Q3932024,"Q3932024|P8814|""12810527-n"""
47825,5077,set_statement,Done,,,Q3932024,"Q3932024|P5063|""i104034"""
47825,5078,set_statement,Done,,,Q3310749,"Q3310749|P8814|""12812299-n"""
47825,5079,set_statement,Done,,,Q3310749,"Q3310749|P5063|""i104042"""
47825,5080,set_statement,Done,,,Q2543932,"Q2543932|P8814|""12812801-n"""
47825,5081,set_statement,Done,,,Q2543932,"Q2543932|P5063|""i104044"""
47825,5082,set_statement,Done,,,Q143754,"Q143754|P8814|""12816952-n"""
47825,5083,set_statement,Done,,,Q143754,"Q143754|P5063|""i104061"""
47825,5084,set_statement,Done,,,Q157593,"Q157593|P8814|""12817377-n"""
47825,5085,set_statement,Done,,,Q157593,"Q157593|P5063|""i104063"""
47825,5086,set_statement,Done,,,Q13099524,"Q13099524|P8814|""12817973-n"""
47825,5087,set_statement,Done,,,Q13099524,"Q13099524|P5063|""i104066"""
47825,5088,set_statement,Done,,,Q17442513,"Q17442513|P8814|""12818453-n"""
47825,5089,set_statement,Done,,,Q17442513,"Q17442513|P5063|""i104068"""
47825,5090,set_statement,Done,,,Q13390024,"Q13390024|P8814|""12819879-n"""
47825,5091,set_statement,Done,,,Q13390024,"Q13390024|P5063|""i104075"""
47825,5092,set_statement,Done,,,Q13390019,"Q13390019|P8814|""12823747-n"""
47825,5093,set_statement,Done,,,Q13390019,"Q13390019|P5063|""i104091"""
47825,5094,set_statement,Done,,,Q15704941,"Q15704941|P8814|""12824976-n"""
47825,5095,set_statement,Done,,,Q15704941,"Q15704941|P5063|""i104096"""
47825,5096,set_statement,Done,,,Q41387,"Q41387|P8814|""12825381-n"""
47825,5097,set_statement,Done,,,Q41387,"Q41387|P5063|""i104098"""
47825,5098,set_statement,Done,,,Q171425,"Q171425|P8814|""12827030-n"""
47825,5099,set_statement,Done,,,Q171425,"Q171425|P5063|""i104106"""
47825,5100,set_statement,Done,,,Q157168,"Q157168|P8814|""12829693-n"""
47825,5101,set_statement,Done,,,Q157168,"Q157168|P5063|""i104117"""
47825,5102,set_statement,Done,,,Q2713077,"Q2713077|P8814|""12832054-n"""
47825,5103,set_statement,Done,,,Q2713077,"Q2713077|P5063|""i104128"""
47825,5104,set_statement,Done,,,Q53475,"Q53475|P8814|""12832616-n"""
47825,5105,set_statement,Done,,,Q53475,"Q53475|P5063|""i104131"""
47825,5106,set_statement,Done,,,Q1936027,"Q1936027|P8814|""12833425-n"""
47825,5107,set_statement,Done,,,Q1936027,"Q1936027|P5063|""i104135"""
47825,5108,set_statement,Done,,,Q162036,"Q162036|P8814|""12833784-n"""
47825,5109,set_statement,Done,,,Q162036,"Q162036|P5063|""i104137"""
47825,5110,set_statement,Done,,,Q213453,"Q213453|P8814|""12834153-n"""
47825,5111,set_statement,Done,,,Q213453,"Q213453|P5063|""i104139"""
47825,5112,set_statement,Done,,,Q158072,"Q158072|P8814|""12835177-n"""
47825,5113,set_statement,Done,,,Q158072,"Q158072|P5063|""i104144"""
47825,5114,set_statement,Done,,,Q16744460,"Q16744460|P8814|""12835820-n"""
47825,5115,set_statement,Done,,,Q16744460,"Q16744460|P5063|""i104148"""
47825,5116,set_statement,Done,,,Q1321860,"Q1321860|P8814|""12836194-n"""
47825,5117,set_statement,Done,,,Q1321860,"Q1321860|P5063|""i104150"""
47825,5118,set_statement,Done,,,Q26568,"Q26568|P8814|""12836685-n"""
47825,5119,set_statement,Done,,,Q26568,"Q26568|P5063|""i104153"""
47825,5120,set_statement,Done,,,Q149122,"Q149122|P8814|""12837119-n"""
47825,5121,set_statement,Done,,,Q149122,"Q149122|P5063|""i104154"""
47825,5122,set_statement,Done,,,Q2354690,"Q2354690|P8814|""12837513-n"""
47825,5123,set_statement,Done,,,Q2354690,"Q2354690|P5063|""i104156"""
47825,5124,set_statement,Done,,,Q716132,"Q716132|P8814|""12838907-n"""
47825,5125,set_statement,Done,,,Q716132,"Q716132|P5063|""i104164"""
47825,5126,set_statement,Done,,,Q157711,"Q157711|P8814|""12840320-n"""
47825,5127,set_statement,Done,,,Q157711,"Q157711|P5063|""i104171"""
47825,5128,set_statement,Done,,,Q5222530,"Q5222530|P8814|""12840713-n"""
47825,5129,set_statement,Done,,,Q5222530,"Q5222530|P5063|""i104173"""
47825,5130,set_statement,Done,,,Q765547,"Q765547|P8814|""12842017-n"""
47825,5131,set_statement,Done,,,Q765547,"Q765547|P5063|""i104180"""
47825,5132,set_statement,Done,,,Q9052508,"Q9052508|P8814|""12843044-n"""
47825,5133,set_statement,Done,,,Q9052508,"Q9052508|P5063|""i104185"""
47825,5134,set_statement,Done,,,Q145777,"Q145777|P8814|""12843924-n"""
47825,5135,set_statement,Done,,,Q145777,"Q145777|P5063|""i104190"""
47825,5136,set_statement,Done,,,Q161173,"Q161173|P8814|""12847155-n"""
47825,5137,set_statement,Done,,,Q161173,"Q161173|P5063|""i104206"""
47825,5138,set_statement,Done,,,Q156686,"Q156686|P8814|""12849859-n"""
47825,5139,set_statement,Done,,,Q156686,"Q156686|P5063|""i104220"""
47825,5140,set_statement,Done,,,Q590832,"Q590832|P8814|""12851734-n"""
47825,5141,set_statement,Done,,,Q590832,"Q590832|P5063|""i104229"""
47825,5142,set_statement,Done,,,Q159407,"Q159407|P8814|""12854101-n"""
47825,5143,set_statement,Done,,,Q159407,"Q159407|P5063|""i104242"""
47825,5144,set_statement,Done,,,Q3053009,"Q3053009|P8814|""12855956-n"""
47825,5145,set_statement,Done,,,Q3053009,"Q3053009|P5063|""i104251"""
47825,5146,set_statement,Done,,,Q147134,"Q147134|P8814|""12856338-n"""
47825,5147,set_statement,Done,,,Q147134,"Q147134|P5063|""i104253"""
47825,5148,set_statement,Done,,,Q7187096,"Q7187096|P8814|""12858403-n"""
47825,5149,set_statement,Done,,,Q7187096,"Q7187096|P5063|""i104264"""
47825,5150,set_statement,Done,,,Q53476,"Q53476|P8814|""12858787-n"""
47825,5151,set_statement,Done,,,Q53476,"Q53476|P5063|""i104266"""
47825,5152,set_statement,Done,,,Q158853,"Q158853|P8814|""12862446-n"""
47825,5153,set_statement,Done,,,Q158853,"Q158853|P5063|""i104281"""
47825,5154,set_statement,Done,,,Q164026,"Q164026|P8814|""12864604-n"""
47825,5155,set_statement,Done,,,Q164026,"Q164026|P5063|""i104292"""
47825,5156,set_statement,Done,,,Q17114803,"Q17114803|P8814|""12865457-n"""
47825,5157,set_statement,Done,,,Q17114803,"Q17114803|P5063|""i104296"""
47825,5158,set_statement,Done,,,Q161675,"Q161675|P8814|""12867629-n"""
47825,5159,set_statement,Done,,,Q161675,"Q161675|P5063|""i104306"""
47825,5160,set_statement,Done,,,Q604345,"Q604345|P8814|""12868014-n"""
47825,5161,set_statement,Done,,,Q604345,"Q604345|P5063|""i104308"""
47825,5162,set_statement,Done,,,Q3776462,"Q3776462|P8814|""12868509-n"""
47825,5163,set_statement,Done,,,Q3776462,"Q3776462|P5063|""i104310"""
47825,5164,set_statement,Done,,,Q146675,"Q146675|P8814|""12869630-n"""
47825,5165,set_statement,Done,,,Q146675,"Q146675|P5063|""i104316"""
47825,5166,set_statement,Done,,,Q952840,"Q952840|P8814|""12871478-n"""
47825,5167,set_statement,Done,,,Q952840,"Q952840|P5063|""i104326"""
47825,5168,set_statement,Done,,,Q2836393,"Q2836393|P8814|""12872433-n"""
47825,5169,set_statement,Done,,,Q2836393,"Q2836393|P5063|""i104331"""
47825,5170,set_statement,Done,,,Q10323229,"Q10323229|P8814|""12873690-n"""
47825,5171,set_statement,Done,,,Q10323229,"Q10323229|P5063|""i104338"""
47825,5172,set_statement,Done,,,Q920402,"Q920402|P8814|""12875203-n"""
47825,5173,set_statement,Done,,,Q920402,"Q920402|P5063|""i104346"""
47825,5174,set_statement,Done,,,Q2916241,"Q2916241|P8814|""12878354-n"""
47825,5175,set_statement,Done,,,Q2916241,"Q2916241|P5063|""i104362"""
47825,5176,set_statement,Done,,,Q5223309,"Q5223309|P8814|""12880248-n"""
47825,5177,set_statement,Done,,,Q5223309,"Q5223309|P5063|""i104372"""
47825,5178,set_statement,Done,,,Q303820,"Q303820|P8814|""12880633-n"""
47825,5179,set_statement,Done,,,Q303820,"Q303820|P5063|""i104374"""
47825,5180,set_statement,Done,,,Q7168518,"Q7168518|P8814|""12881602-n"""
47825,5181,set_statement,Done,,,Q7168518,"Q7168518|P5063|""i104379"""
47825,5182,set_statement,Done,,,Q2702592,"Q2702592|P8814|""12882511-n"""
47825,5183,set_statement,Done,,,Q2702592,"Q2702592|P5063|""i104384"""
47825,5184,set_statement,Done,,,Q855490,"Q855490|P8814|""12883408-n"""
47825,5185,set_statement,Done,,,Q855490,"Q855490|P5063|""i104389"""
47825,5186,set_statement,Done,,,Q148652,"Q148652|P8814|""12883786-n"""
47825,5187,set_statement,Done,,,Q148652,"Q148652|P5063|""i104391"""
47825,5188,set_statement,Done,,,Q157151,"Q157151|P8814|""12885123-n"""
47825,5189,set_statement,Done,,,Q157151,"Q157151|P5063|""i104398"""
47825,5190,set_statement,Done,,,Q431310,"Q431310|P8814|""12889008-n"""
47825,5191,set_statement,Done,,,Q431310,"Q431310|P5063|""i104419"""
47825,5192,set_statement,Done,,,Q156294,"Q156294|P8814|""12889394-n"""
47825,5193,set_statement,Done,,,Q156294,"Q156294|P5063|""i104421"""
47825,5194,set_statement,Done,,,Q131224,"Q131224|P8814|""12891152-n"""
47825,5195,set_statement,Done,,,Q131224,"Q131224|P5063|""i104430"""
47825,5196,set_statement,Done,,,Q161952,"Q161952|P8814|""12892752-n"""
47825,5197,set_statement,Done,,,Q161952,"Q161952|P5063|""i104439"""
47825,5198,set_statement,Done,,,Q53477,"Q53477|P8814|""12894406-n"""
47825,5199,set_statement,Done,,,Q53477,"Q53477|P5063|""i104446"""
47825,5200,set_statement,Done,,,Q156192,"Q156192|P8814|""12894991-n"""
47825,5201,set_statement,Done,,,Q156192,"Q156192|P5063|""i104449"""
47825,5202,set_statement,Done,,,Q161187,"Q161187|P8814|""12895189-n"""
47825,5203,set_statement,Done,,,Q161187,"Q161187|P5063|""i104450"""
47825,5204,set_statement,Done,,,Q47334,"Q47334|P8814|""12895402-n"""
47825,5205,set_statement,Done,,,Q47334,"Q47334|P5063|""i104451"""
47825,5206,set_statement,Done,,,Q137309,"Q137309|P8814|""12895756-n"""
47825,5207,set_statement,Done,,,Q137309,"Q137309|P5063|""i104453"""
47825,5208,set_statement,Done,,,Q53473,"Q53473|P8814|""12896792-n"""
47825,5209,set_statement,Done,,,Q53473,"Q53473|P5063|""i104458"""
47825,5210,set_statement,Done,,,Q7217568,"Q7217568|P8814|""12898779-n"""
47825,5211,set_statement,Done,,,Q7217568,"Q7217568|P5063|""i104466"""
47825,5212,set_statement,Done,,,Q311122,"Q311122|P8814|""12900479-n"""
47825,5213,set_statement,Done,,,Q311122,"Q311122|P5063|""i104474"""
47825,5214,set_statement,Done,,,Q1828247,"Q1828247|P8814|""12902189-n"""
47825,5215,set_statement,Done,,,Q1828247,"Q1828247|P5063|""i104482"""
47825,5216,set_statement,Done,,,Q4108065,"Q4108065|P8814|""12903081-n"""
47825,5217,set_statement,Done,,,Q4108065,"Q4108065|P5063|""i104486"""
47825,5218,set_statement,Done,,,Q4691145,"Q4691145|P8814|""12904493-n"""
47825,5219,set_statement,Done,,,Q4691145,"Q4691145|P5063|""i104493"""
47825,5220,set_statement,Done,,,Q809265,"Q809265|P8814|""12905283-n"""
47825,5221,set_statement,Done,,,Q809265,"Q809265|P5063|""i104497"""
47825,5222,set_statement,Done,,,Q146555,"Q146555|P8814|""12913854-n"""
47825,5223,set_statement,Done,,,Q146555,"Q146555|P5063|""i104532"""
47825,5224,set_statement,Done,,,Q1364444,"Q1364444|P8814|""12923057-n"""
47825,5225,set_statement,Done,,,Q1364444,"Q1364444|P5063|""i104570"""
47825,5226,set_statement,Done,,,Q14944340,"Q14944340|P8814|""12923647-n"""
47825,5227,set_statement,Done,,,Q14944340,"Q14944340|P5063|""i104573"""
47825,5228,set_statement,Done,,,Q286158,"Q286158|P8814|""12924554-n"""
47825,5229,set_statement,Done,,,Q286158,"Q286158|P5063|""i104578"""
47825,5230,set_statement,Done,,,Q158510,"Q158510|P8814|""12924908-n"""
47825,5231,set_statement,Done,,,Q158510,"Q158510|P5063|""i104580"""
47825,5232,set_statement,Done,,,Q3268411,"Q3268411|P8814|""12925480-n"""
47825,5233,set_statement,Done,,,Q3268411,"Q3268411|P5063|""i104583"""
47825,5234,set_statement,Done,,,Q12339542,"Q12339542|P8814|""12926415-n"""
47825,5235,set_statement,Done,,,Q12339542,"Q12339542|P5063|""i104587"""
47825,5236,set_statement,Done,,,Q3339559,"Q3339559|P8814|""12927686-n"""
47825,5237,set_statement,Done,,,Q3339559,"Q3339559|P5063|""i104594"""
47825,5238,set_statement,Done,,,Q158663,"Q158663|P8814|""12930901-n"""
47825,5239,set_statement,Done,,,Q158663,"Q158663|P5063|""i104611"""
47825,5240,set_statement,Done,,,Q1431469,"Q1431469|P8814|""12934112-n"""
47825,5241,set_statement,Done,,,Q1431469,"Q1431469|P5063|""i104627"""
47825,5242,set_statement,Done,,,Q136929,"Q136929|P8814|""12934405-n"""
47825,5243,set_statement,Done,,,Q136929,"Q136929|P5063|""i104629"""
47825,5244,set_statement,Done,,,Q3500355,"Q3500355|P8814|""12934808-n"""
47825,5245,set_statement,Done,,,Q3500355,"Q3500355|P5063|""i104631"""
47825,5246,set_statement,Done,,,Q156960,"Q156960|P8814|""12935193-n"""
47825,5247,set_statement,Done,,,Q156960,"Q156960|P5063|""i104633"""
47825,5248,set_statement,Done,,,Q132645,"Q132645|P8814|""12935990-n"""
47825,5249,set_statement,Done,,,Q132645,"Q132645|P5063|""i104637"""
47825,5250,set_statement,Done,,,Q664810,"Q664810|P8814|""12936160-n"""
47825,5251,set_statement,Done,,,Q664810,"Q664810|P5063|""i104638"""
47825,5252,set_statement,Done,,,Q4687573,"Q4687573|P8814|""12936785-n"""
47825,5253,set_statement,Done,,,Q4687573,"Q4687573|P5063|""i104641"""
47825,5254,set_statement,Done,,,Q156584,"Q156584|P8814|""12937695-n"""
47825,5255,set_statement,Done,,,Q156584,"Q156584|P5063|""i104646"""
47825,5256,set_statement,Done,,,Q157606,"Q157606|P8814|""12944599-n"""
47825,5257,set_statement,Done,,,Q157606,"Q157606|P5063|""i104677"""
47825,5258,set_statement,Done,,,Q9069137,"Q9069137|P8814|""12945212-n"""
47825,5259,set_statement,Done,,,Q9069137,"Q9069137|P5063|""i104680"""
47825,5260,set_statement,Done,,,Q2711979,"Q2711979|P8814|""12945744-n"""
47825,5261,set_statement,Done,,,Q2711979,"Q2711979|P5063|""i104682"""
47825,5262,set_statement,Done,,,Q152986,"Q152986|P8814|""12946154-n"""
47825,5263,set_statement,Done,,,Q152986,"Q152986|P5063|""i104684"""
47825,5264,set_statement,Done,,,Q10347160,"Q10347160|P8814|""12948681-n"""
47825,5265,set_statement,Done,,,Q10347160,"Q10347160|P5063|""i104696"""
47825,5266,set_statement,Done,,,Q5220377,"Q5220377|P8814|""12949450-n"""
47825,5267,set_statement,Done,,,Q5220377,"Q5220377|P5063|""i104700"""
47825,5268,set_statement,Done,,,Q156574,"Q156574|P8814|""12949821-n"""
47825,5269,set_statement,Done,,,Q156574,"Q156574|P5063|""i104702"""
47825,5270,set_statement,Done,,,Q2274537,"Q2274537|P8814|""12951869-n"""
47825,5271,set_statement,Done,,,Q2274537,"Q2274537|P5063|""i104710"""
47825,5272,set_statement,Done,,,Q2542121,"Q2542121|P8814|""12952209-n"""
47825,5273,set_statement,Done,,,Q2542121,"Q2542121|P5063|""i104712"""
47825,5274,set_statement,Done,,,Q745445,"Q745445|P8814|""12953292-n"""
47825,5275,set_statement,Done,,,Q745445,"Q745445|P5063|""i104718"""
47825,5276,set_statement,Done,,,Q2284228,"Q2284228|P8814|""12953924-n"""
47825,5277,set_statement,Done,,,Q2284228,"Q2284228|P5063|""i104721"""
47825,5278,set_statement,Done,,,Q149079,"Q149079|P8814|""12955128-n"""
47825,5279,set_statement,Done,,,Q149079,"Q149079|P5063|""i104728"""
47825,5280,set_statement,Done,,,Q6491516,"Q6491516|P8814|""12956217-n"""
47825,5281,set_statement,Done,,,Q6491516,"Q6491516|P5063|""i104734"""
47825,5282,set_statement,Done,,,Q2511981,"Q2511981|P8814|""12957473-n"""
47825,5283,set_statement,Done,,,Q2511981,"Q2511981|P5063|""i104740"""
47825,5284,set_statement,Done,,,Q27030,"Q27030|P8814|""12959657-n"""
47825,5285,set_statement,Done,,,Q27030,"Q27030|P5063|""i104751"""
47825,5286,set_statement,Done,,,Q327106,"Q327106|P8814|""12960424-n"""
47825,5287,set_statement,Done,,,Q327106,"Q327106|P5063|""i104755"""
47825,5288,set_statement,Done,,,Q2701345,"Q2701345|P8814|""12960820-n"""
47825,5289,set_statement,Done,,,Q2701345,"Q2701345|P5063|""i104757"""
47825,5290,set_statement,Done,,,Q2737226,"Q2737226|P8814|""12961538-n"""
47825,5291,set_statement,Done,,,Q2737226,"Q2737226|P5063|""i104761"""
47825,5292,set_statement,Done,,,Q310933,"Q310933|P8814|""12963030-n"""
47825,5293,set_statement,Done,,,Q310933,"Q310933|P5063|""i104769"""
47825,5294,set_statement,Done,,,Q588740,"Q588740|P8814|""12963690-n"""
47825,5295,set_statement,Done,,,Q588740,"Q588740|P5063|""i104773"""
47825,5296,set_statement,Done,,,Q592341,"Q592341|P8814|""12964998-n"""
47825,5297,set_statement,Done,,,Q592341,"Q592341|P5063|""i104780"""
47825,5298,set_statement,Done,,,Q4361719,"Q4361719|P8814|""12965350-n"""
47825,5299,set_statement,Done,,,Q4361719,"Q4361719|P5063|""i104782"""
47825,5300,set_statement,Done,,,Q943721,"Q943721|P8814|""12965720-n"""
47825,5301,set_statement,Done,,,Q943721,"Q943721|P5063|""i104784"""
47825,5302,set_statement,Done,,,Q161403,"Q161403|P8814|""12966848-n"""
47825,5303,set_statement,Done,,,Q161403,"Q161403|P5063|""i104790"""
47825,5304,set_statement,Done,,,Q162931,"Q162931|P8814|""12967192-n"""
47825,5305,set_statement,Done,,,Q162931,"Q162931|P5063|""i104791"""
47825,5306,set_statement,Done,,,Q284644,"Q284644|P8814|""12969609-n"""
47825,5307,set_statement,Done,,,Q284644,"Q284644|P5063|""i104803"""
47825,5308,set_statement,Done,,,Q135212,"Q135212|P8814|""12969738-n"""
47825,5309,set_statement,Done,,,Q135212,"Q135212|P5063|""i104804"""
47825,5310,set_statement,Done,,,Q156682,"Q156682|P8814|""12970482-n"""
47825,5311,set_statement,Done,,,Q156682,"Q156682|P5063|""i104808"""
47825,5312,set_statement,Done,,,Q159559,"Q159559|P8814|""12970715-n"""
47825,5313,set_statement,Done,,,Q159559,"Q159559|P5063|""i104809"""
47825,5314,set_statement,Done,,,Q161504,"Q161504|P8814|""12971261-n"""
47825,5315,set_statement,Done,,,Q161504,"Q161504|P5063|""i104812"""
47825,5316,set_statement,Done,,,Q543142,"Q543142|P8814|""12971744-n"""
47825,5317,set_statement,Done,,,Q543142,"Q543142|P5063|""i104815"""
47825,5318,set_statement,Done,,,Q1066700,"Q1066700|P8814|""12972225-n"""
47825,5319,set_statement,Done,,,Q1066700,"Q1066700|P5063|""i104818"""
47825,5320,set_statement,Done,,,Q2704784,"Q2704784|P8814|""12972782-n"""
47825,5321,set_statement,Done,,,Q2704784,"Q2704784|P5063|""i104821"""
47825,5322,set_statement,Done,,,Q843318,"Q843318|P8814|""12973612-n"""
47825,5323,set_statement,Done,,,Q843318,"Q843318|P5063|""i104826"""
47825,5324,set_statement,Done,,,Q1427328,"Q1427328|P8814|""12973839-n"""
47825,5325,set_statement,Done,,,Q1427328,"Q1427328|P5063|""i104827"""
47825,5326,set_statement,Done,,,Q3978390,"Q3978390|P8814|""12975394-n"""
47825,5327,set_statement,Done,,,Q3978390,"Q3978390|P5063|""i104834"""
47825,5328,set_statement,Done,,,Q7431556,"Q7431556|P8814|""12975738-n"""
47825,5329,set_statement,Done,,,Q7431556,"Q7431556|P5063|""i104836"""
47825,5330,set_statement,Done,,,Q3353348,"Q3353348|P8814|""12976399-n"""
47825,5331,set_statement,Done,,,Q3353348,"Q3353348|P5063|""i104839"""
47825,5332,set_statement,Done,,,Q2491168,"Q2491168|P8814|""12976789-n"""
47825,5333,set_statement,Done,,,Q2491168,"Q2491168|P5063|""i104841"""
47825,5334,set_statement,Done,,,Q6894349,"Q6894349|P8814|""12977551-n"""
47825,5335,set_statement,Done,,,Q6894349,"Q6894349|P5063|""i104845"""
47825,5336,set_statement,Done,,,Q1115420,"Q1115420|P8814|""12978058-n"""
47825,5337,set_statement,Done,,,Q1115420,"Q1115420|P5063|""i104848"""
47825,5338,set_statement,Done,,,Q2363141,"Q2363141|P8814|""12978227-n"""
47825,5339,set_statement,Done,,,Q2363141,"Q2363141|P5063|""i104849"""
47825,5340,set_statement,Done,,,Q1813370,"Q1813370|P8814|""12978900-n"""
47825,5341,set_statement,Done,,,Q1813370,"Q1813370|P5063|""i104853"""
47825,5342,set_statement,Done,,,Q867194,"Q867194|P8814|""12979532-n"""
47825,5343,set_statement,Done,,,Q867194,"Q867194|P5063|""i104857"""
47825,5344,set_statement,Done,,,Q836341,"Q836341|P8814|""12979681-n"""
47825,5345,set_statement,Done,,,Q836341,"Q836341|P5063|""i104858"""
47825,5346,set_statement,Done,,,Q19384228,"Q19384228|P8814|""12979986-n"""
47825,5347,set_statement,Done,,,Q19384228,"Q19384228|P5063|""i104860"""
47825,5348,set_statement,Done,,,Q1128633,"Q1128633|P8814|""12980131-n"""
47825,5349,set_statement,Done,,,Q1128633,"Q1128633|P5063|""i104861"""
47825,5350,set_statement,Done,,,Q767431,"Q767431|P8814|""12980562-n"""
47825,5351,set_statement,Done,,,Q767431,"Q767431|P5063|""i104863"""
47825,5352,set_statement,Done,,,Q740217,"Q740217|P8814|""12980727-n"""
47825,5353,set_statement,Done,,,Q740217,"Q740217|P5063|""i104864"""
47825,5354,set_statement,Done,,,Q934008,"Q934008|P8814|""12983900-n"""
47825,5355,set_statement,Done,,,Q934008,"Q934008|P5063|""i104884"""
47825,5356,set_statement,Done,,,Q1755354,"Q1755354|P8814|""12984067-n"""
47825,5357,set_statement,Done,,,Q1755354,"Q1755354|P5063|""i104885"""
47825,5358,set_statement,Done,,,Q5396379,"Q5396379|P8814|""12984254-n"""
47825,5359,set_statement,Done,,,Q5396379,"Q5396379|P5063|""i104886"""
47825,5360,set_statement,Done,,,Q143039,"Q143039|P8814|""12984556-n"""
47825,5361,set_statement,Done,,,Q143039,"Q143039|P5063|""i104888"""
47825,5362,set_statement,Done,,,Q4429008,"Q4429008|P8814|""12984890-n"""
47825,5363,set_statement,Done,,,Q4429008,"Q4429008|P5063|""i104889"""
47825,5364,set_statement,Done,,,Q309943,"Q309943|P8814|""12985081-n"""
47825,5365,set_statement,Done,,,Q309943,"Q309943|P5063|""i104890"""
47825,5366,set_statement,Done,,,Q3144255,"Q3144255|P8814|""12985969-n"""
47825,5367,set_statement,Done,,,Q3144255,"Q3144255|P5063|""i104895"""
47825,5368,set_statement,Done,,,Q1755367,"Q1755367|P8814|""12987146-n"""
47825,5369,set_statement,Done,,,Q1755367,"Q1755367|P5063|""i104902"""
47825,5370,set_statement,Done,,,Q1625602,"Q1625602|P8814|""12987341-n"""
47825,5371,set_statement,Done,,,Q1625602,"Q1625602|P5063|""i104903"""
47825,5372,set_statement,Done,,,Q134490,"Q134490|P8814|""12988041-n"""
47825,5373,set_statement,Done,,,Q134490,"Q134490|P5063|""i104907"""
47825,5374,set_statement,Done,,,Q5709958,"Q5709958|P8814|""12988416-n"""
47825,5375,set_statement,Done,,,Q5709958,"Q5709958|P5063|""i104909"""
47825,5376,set_statement,Done,,,Q2292808,"Q2292808|P8814|""12988536-n"""
47825,5377,set_statement,Done,,,Q2292808,"Q2292808|P5063|""i104910"""
47825,5378,set_statement,Done,,,Q10706187,"Q10706187|P8814|""12991139-n"""
47825,5379,set_statement,Done,,,Q10706187,"Q10706187|P5063|""i104923"""
47825,5380,set_statement,Done,,,Q1339567,"Q1339567|P8814|""12991917-n"""
47825,5381,set_statement,Done,,,Q1339567,"Q1339567|P5063|""i104927"""
47825,5382,set_statement,Done,,,Q874176,"Q874176|P8814|""12992384-n"""
47825,5383,set_statement,Done,,,Q874176,"Q874176|P5063|""i104929"""
47825,5384,set_statement,Done,,,Q3543148,"Q3543148|P8814|""12993389-n"""
47825,5385,set_statement,Done,,,Q3543148,"Q3543148|P5063|""i104934"""
47825,5386,set_statement,Done,,,Q141280,"Q141280|P8814|""12993578-n"""
47825,5387,set_statement,Done,,,Q141280,"Q141280|P5063|""i104935"""
47825,5388,set_statement,Done,,,Q3268436,"Q3268436|P8814|""12993726-n"""
47825,5389,set_statement,Done,,,Q3268436,"Q3268436|P5063|""i104936"""
47825,5390,set_statement,Done,,,Q1257561,"Q1257561|P8814|""12995046-n"""
47825,5391,set_statement,Done,,,Q1257561,"Q1257561|P5063|""i104943"""
47825,5392,set_statement,Done,,,Q4532109,"Q4532109|P8814|""12995217-n"""
47825,5393,set_statement,Done,,,Q4532109,"Q4532109|P5063|""i104944"""
47825,5394,set_statement,Done,,,Q4532108,"Q4532108|P8814|""12995422-n"""
47825,5395,set_statement,Done,,,Q4532108,"Q4532108|P5063|""i104945"""
47825,5396,set_statement,Done,,,Q19830063,"Q19830063|P8814|""12996368-n"""
47825,5397,set_statement,Done,,,Q19830063,"Q19830063|P5063|""i104949"""
47825,5398,set_statement,Done,,,Q17146891,"Q17146891|P8814|""12997149-n"""
47825,5399,set_statement,Done,,,Q17146891,"Q17146891|P5063|""i104953"""
47825,5400,set_statement,Done,,,Q21445833,"Q21445833|P8814|""12998056-n"""
47825,5401,set_statement,Done,,,Q21445833,"Q21445833|P5063|""i104957"""
47825,5402,set_statement,Done,,,Q1137709,"Q1137709|P8814|""12998325-n"""
47825,5403,set_statement,Done,,,Q1137709,"Q1137709|P5063|""i104958"""
47825,5404,set_statement,Done,,,Q10452650,"Q10452650|P8814|""12998992-n"""
47825,5405,set_statement,Done,,,Q10452650,"Q10452650|P5063|""i104961"""
47825,5406,set_statement,Done,,,Q882055,"Q882055|P8814|""12999141-n"""
47825,5407,set_statement,Done,,,Q882055,"Q882055|P5063|""i104962"""
47825,5408,set_statement,Done,,,Q10431050,"Q10431050|P8814|""12999414-n"""
47825,5409,set_statement,Done,,,Q10431050,"Q10431050|P5063|""i104963"""
47825,5410,set_statement,Done,,,Q9174248,"Q9174248|P8814|""12999586-n"""
47825,5411,set_statement,Done,,,Q9174248,"Q9174248|P5063|""i104964"""
47825,5412,set_statement,Done,,,Q10687374,"Q10687374|P8814|""12999729-n"""
47825,5413,set_statement,Done,,,Q10687374,"Q10687374|P5063|""i104965"""
47825,5414,set_statement,Done,,,Q10687375,"Q10687375|P8814|""12999889-n"""
47825,5415,set_statement,Done,,,Q10687375,"Q10687375|P5063|""i104966"""
47825,5416,set_statement,Done,,,Q134922,"Q134922|P8814|""13000390-n"""
47825,5417,set_statement,Done,,,Q134922,"Q134922|P5063|""i104969"""
47825,5418,set_statement,Done,,,Q1650703,"Q1650703|P8814|""13001412-n"""
47825,5419,set_statement,Done,,,Q1650703,"Q1650703|P5063|""i104974"""
47825,5420,set_statement,Done,,,Q1956444,"Q1956444|P8814|""13002355-n"""
47825,5421,set_statement,Done,,,Q1956444,"Q1956444|P5063|""i104979"""
47825,5422,set_statement,Done,,,Q4749920,"Q4749920|P8814|""13002551-n"""
47825,5423,set_statement,Done,,,Q4749920,"Q4749920|P5063|""i104980"""
47825,5424,set_statement,Done,,,Q3926088,"Q3926088|P8814|""13002863-n"""
47825,5425,set_statement,Done,,,Q3926088,"Q3926088|P5063|""i104982"""
47825,5426,set_statement,Done,,,Q15241144,"Q15241144|P8814|""13003977-n"""
47825,5427,set_statement,Done,,,Q15241144,"Q15241144|P5063|""i104989"""
47825,5428,set_statement,Done,,,Q724130,"Q724130|P8814|""13004164-n"""
47825,5429,set_statement,Done,,,Q724130,"Q724130|P5063|""i104990"""
47825,5430,set_statement,Done,,,Q2466809,"Q2466809|P8814|""13006844-n"""
47825,5431,set_statement,Done,,,Q2466809,"Q2466809|P5063|""i105007"""
47825,5432,set_statement,Done,,,Q159023,"Q159023|P8814|""13007097-n"""
47825,5433,set_statement,Done,,,Q159023,"Q159023|P5063|""i105009"""
47825,5434,set_statement,Done,,,Q6543292,"Q6543292|P8814|""13007618-n"""
47825,5435,set_statement,Done,,,Q6543292,"Q6543292|P5063|""i105011"""
47825,5436,set_statement,Done,,,Q133589,"Q133589|P8814|""13008412-n"""
47825,5437,set_statement,Done,,,Q133589,"Q133589|P5063|""i105015"""
47825,5438,set_statement,Done,,,Q615824,"Q615824|P8814|""13008594-n"""
47825,5439,set_statement,Done,,,Q615824,"Q615824|P5063|""i105016"""
47825,5440,set_statement,Done,,,Q3052493,"Q3052493|P8814|""13009463-n"""
47825,5441,set_statement,Done,,,Q3052493,"Q3052493|P5063|""i105021"""
47825,5442,set_statement,Done,,,Q7353702,"Q7353702|P8814|""13009618-n"""
47825,5443,set_statement,Done,,,Q7353702,"Q7353702|P5063|""i105022"""
47825,5444,set_statement,Done,,,Q111721087,"Q111721087|P8814|""13010222-n"""
47825,5445,set_statement,Done,,,Q111721087,"Q111721087|P5063|""i105026"""
47825,5446,set_statement,Done,,,Q121799,"Q121799|P8814|""13010499-n"""
47825,5447,set_statement,Done,,,Q121799,"Q121799|P5063|""i105027"""
47825,5448,set_statement,Done,,,Q3442095,"Q3442095|P8814|""13011167-n"""
47825,5449,set_statement,Done,,,Q3442095,"Q3442095|P5063|""i105031"""
47825,5450,set_statement,Done,,,Q2573345,"Q2573345|P8814|""13012248-n"""
47825,5451,set_statement,Done,,,Q2573345,"Q2573345|P5063|""i105036"""
47825,5452,set_statement,Done,,,Q21004311,"Q21004311|P8814|""13018890-n"""
47825,5453,set_statement,Done,,,Q21004311,"Q21004311|P5063|""i105057"""
47825,5454,set_statement,Done,,,Q2033960,"Q2033960|P8814|""13022503-n"""
47825,5455,set_statement,Done,,,Q2033960,"Q2033960|P5063|""i105067"""
47825,5456,set_statement,Done,,,Q213938,"Q213938|P8814|""13023193-n"""
47825,5457,set_statement,Done,,,Q213938,"Q213938|P5063|""i105070"""
47825,5458,set_statement,Done,,,Q922335,"Q922335|P8814|""13024920-n"""
47825,5459,set_statement,Done,,,Q922335,"Q922335|P5063|""i105080"""
47825,5460,set_statement,Done,,,Q2521208,"Q2521208|P8814|""13025926-n"""
47825,5461,set_statement,Done,,,Q2521208,"Q2521208|P5063|""i105085"""
47825,5462,set_statement,Done,,,Q289890,"Q289890|P8814|""13026328-n"""
47825,5463,set_statement,Done,,,Q289890,"Q289890|P5063|""i105087"""
47825,5464,set_statement,Done,,,Q1520016,"Q1520016|P8814|""13027501-n"""
47825,5465,set_statement,Done,,,Q1520016,"Q1520016|P5063|""i105093"""
47825,5466,set_statement,Done,,,Q852065,"Q852065|P8814|""13027955-n"""
47825,5467,set_statement,Done,,,Q852065,"Q852065|P5063|""i105096"""
47825,5468,set_statement,Done,,,Q584812,"Q584812|P8814|""13028530-n"""
47825,5469,set_statement,Done,,,Q584812,"Q584812|P5063|""i105099"""
47825,5470,set_statement,Done,,,Q216110,"Q216110|P8814|""13030540-n"""
47825,5471,set_statement,Done,,,Q216110,"Q216110|P5063|""i105109"""
47825,5472,set_statement,Done,,,Q831743,"Q831743|P8814|""13030824-n"""
47825,5473,set_statement,Done,,,Q831743,"Q831743|P5063|""i105110"""
47825,5474,set_statement,Done,,,Q1362608,"Q1362608|P8814|""13030979-n"""
47825,5475,set_statement,Done,,,Q1362608,"Q1362608|P5063|""i105111"""
47825,5476,set_statement,Done,,,Q2099,"Q2099|P8814|""13032790-n"""
47825,5477,set_statement,Done,,,Q2099,"Q2099|P5063|""i105120"""
47825,5478,set_statement,Done,,,Q10557717,"Q10557717|P8814|""13033373-n"""
47825,5479,set_statement,Done,,,Q10557717,"Q10557717|P5063|""i105123"""
47825,5480,set_statement,Done,,,Q604880,"Q604880|P8814|""13033595-n"""
47825,5481,set_statement,Done,,,Q604880,"Q604880|P5063|""i105124"""
47825,5482,set_statement,Done,,,Q3041757,"Q3041757|P8814|""13035800-n"""
47825,5483,set_statement,Done,,,Q3041757,"Q3041757|P5063|""i105136"""
47825,5484,set_statement,Done,,,Q2998103,"Q2998103|P8814|""13035989-n"""
47825,5485,set_statement,Done,,,Q2998103,"Q2998103|P5063|""i105137"""
47825,5486,set_statement,Done,,,Q105187047,"Q105187047|P8814|""13036586-n"""
47825,5487,set_statement,Done,,,Q105187047,"Q105187047|P5063|""i105140"""
47825,5488,set_statement,Done,,,Q10716674,"Q10716674|P8814|""13039509-n"""
47825,5489,set_statement,Done,,,Q10716674,"Q10716674|P5063|""i105155"""
47825,5490,set_statement,Done,,,Q1199784,"Q1199784|P8814|""13039777-n"""
47825,5491,set_statement,Done,,,Q1199784,"Q1199784|P5063|""i105157"""
47825,5492,set_statement,Done,,,Q1156750,"Q1156750|P8814|""13039962-n"""
47825,5493,set_statement,Done,,,Q1156750,"Q1156750|P5063|""i105158"""
47825,5494,set_statement,Done,,,Q1765838,"Q1765838|P8814|""13042838-n"""
47825,5495,set_statement,Done,,,Q1765838,"Q1765838|P5063|""i105172"""
47825,5496,set_statement,Done,,,Q2303475,"Q2303475|P8814|""13044543-n"""
47825,5497,set_statement,Done,,,Q2303475,"Q2303475|P5063|""i105179"""
47825,5498,set_statement,Done,,,Q1069627,"Q1069627|P8814|""13045523-n"""
47825,5499,set_statement,Done,,,Q1069627,"Q1069627|P5063|""i105184"""
47825,5500,set_statement,Done,,,Q5147886,"Q5147886|P8814|""13045727-n"""
47825,5501,set_statement,Done,,,Q5147886,"Q5147886|P5063|""i105185"""
47825,5502,set_statement,Done,,,Q1146293,"Q1146293|P8814|""13046181-n"""
47825,5503,set_statement,Done,,,Q1146293,"Q1146293|P5063|""i105187"""
47825,5504,set_statement,Done,,,Q1317935,"Q1317935|P8814|""13047099-n"""
47825,5505,set_statement,Done,,,Q1317935,"Q1317935|P5063|""i105192"""
47825,5506,set_statement,Done,,,Q132180,"Q132180|P8814|""13047289-n"""
47825,5507,set_statement,Done,,,Q132180,"Q132180|P5063|""i105193"""
47825,5508,set_statement,Done,,,Q135266,"Q135266|P8814|""13047523-n"""
47825,5509,set_statement,Done,,,Q135266,"Q135266|P5063|""i105194"""
47825,5510,set_statement,Done,,,Q10491525,"Q10491525|P8814|""13047809-n"""
47825,5511,set_statement,Done,,,Q10491525,"Q10491525|P5063|""i105195"""
47825,5512,set_statement,Done,,,Q33373960,"Q33373960|P8814|""13047950-n"""
47825,5513,set_statement,Done,,,Q33373960,"Q33373960|P5063|""i105196"""
47825,5514,set_statement,Done,,,Q335130,"Q335130|P8814|""13048135-n"""
47825,5515,set_statement,Done,,,Q335130,"Q335130|P5063|""i105197"""
47825,5516,set_statement,Done,,,Q7783988,"Q7783988|P8814|""13048430-n"""
47825,5517,set_statement,Done,,,Q7783988,"Q7783988|P5063|""i105199"""
47825,5518,set_statement,Done,,,Q133607,"Q133607|P8814|""13048830-n"""
47825,5519,set_statement,Done,,,Q133607,"Q133607|P5063|""i105201"""
47825,5520,set_statement,Done,,,Q660555,"Q660555|P8814|""13050706-n"""
47825,5521,set_statement,Done,,,Q660555,"Q660555|P5063|""i105209"""
47825,5522,set_statement,Done,,,Q656782,"Q656782|P8814|""13052450-n"""
47825,5523,set_statement,Done,,,Q656782,"Q656782|P5063|""i105219"""
47825,5524,set_statement,Done,,,Q4111634,"Q4111634|P8814|""13055191-n"""
47825,5525,set_statement,Done,,,Q4111634,"Q4111634|P5063|""i105231"""
47825,5526,set_statement,Done,,,Q2453095,"Q2453095|P8814|""13055713-n"""
47825,5527,set_statement,Done,,,Q2453095,"Q2453095|P5063|""i105234"""
47825,5528,set_statement,Done,,,Q5281455,"Q5281455|P8814|""13057352-n"""
47825,5529,set_statement,Done,,,Q5281455,"Q5281455|P5063|""i105242"""
47825,5530,set_statement,Done,,,Q580989,"Q580989|P8814|""13057884-n"""
47825,5531,set_statement,Done,,,Q580989,"Q580989|P5063|""i105245"""
47825,5532,set_statement,Done,,,Q811147,"Q811147|P8814|""13059704-n"""
47825,5533,set_statement,Done,,,Q811147,"Q811147|P5063|""i105253"""
47825,5534,set_statement,Done,,,Q21220172,"Q21220172|P8814|""13061731-n"""
47825,5535,set_statement,Done,,,Q21220172,"Q21220172|P5063|""i105261"""
47825,5536,set_statement,Done,,,Q1637675,"Q1637675|P8814|""13061932-n"""
47825,5537,set_statement,Done,,,Q1637675,"Q1637675|P5063|""i105262"""
47825,5538,set_statement,Done,,,Q9184296,"Q9184296|P8814|""13062485-n"""
47825,5539,set_statement,Done,,,Q9184296,"Q9184296|P5063|""i105265"""
47825,5540,set_statement,Done,,,Q27990016,"Q27990016|P8814|""13063274-n"""
47825,5541,set_statement,Done,,,Q27990016,"Q27990016|P5063|""i105269"""
47825,5542,set_statement,Done,,,Q913940,"Q913940|P8814|""13063454-n"""
47825,5543,set_statement,Done,,,Q913940,"Q913940|P5063|""i105270"""
47825,5544,set_statement,Done,,,Q3268477,"Q3268477|P8814|""13064024-n"""
47825,5545,set_statement,Done,,,Q3268477,"Q3268477|P5063|""i105273"""
47825,5546,set_statement,Done,,,Q1335970,"Q1335970|P8814|""13064506-n"""
47825,5547,set_statement,Done,,,Q1335970,"Q1335970|P5063|""i105275"""
47825,5548,set_statement,Done,,,Q1549736,"Q1549736|P8814|""13064909-n"""
47825,5549,set_statement,Done,,,Q1549736,"Q1549736|P5063|""i105277"""
47825,5550,set_statement,Done,,,Q3100041,"Q3100041|P8814|""13065301-n"""
47825,5551,set_statement,Done,,,Q3100041,"Q3100041|P5063|""i105279"""
47825,5552,set_statement,Done,,,Q10420904,"Q10420904|P8814|""13066594-n"""
47825,5553,set_statement,Done,,,Q10420904,"Q10420904|P5063|""i105285"""
47825,5554,set_statement,Done,,,Q123439032,"Q123439032|P8814|""13067045-n"""
47825,5555,set_statement,Done,,,Q123439032,"Q123439032|P5063|""i105288"""
47825,5556,set_statement,Done,,,Q76854,"Q76854|P8814|""13067272-n"""
47825,5557,set_statement,Done,,,Q76854,"Q76854|P5063|""i105289"""
47825,5558,set_statement,Done,,,Q1316092,"Q1316092|P8814|""13067647-n"""
47825,5559,set_statement,Done,,,Q1316092,"Q1316092|P5063|""i105291"""
47825,5560,set_statement,Done,,,Q31270304,"Q31270304|P8814|""13067771-n"""
47825,5561,set_statement,Done,,,Q31270304,"Q31270304|P5063|""i105292"""
47825,5562,set_statement,Done,,,Q62749439,"Q62749439|P8814|""13068466-n"""
47825,5563,set_statement,Done,,,Q62749439,"Q62749439|P5063|""i105295"""
47825,5564,set_statement,Done,,,Q10573574,"Q10573574|P8814|""13068972-n"""
47825,5565,set_statement,Done,,,Q10573574,"Q10573574|P5063|""i105297"""
47825,5566,set_statement,Done,,,Q1939318,"Q1939318|P8814|""13069426-n"""
47825,5567,set_statement,Done,,,Q1939318,"Q1939318|P5063|""i105299"""
47825,5568,set_statement,Done,,,Q2858281,"Q2858281|P8814|""13070045-n"""
47825,5569,set_statement,Done,,,Q2858281,"Q2858281|P5063|""i105302"""
47825,5570,set_statement,Done,,,Q1073187,"Q1073187|P8814|""13071315-n"""
47825,5571,set_statement,Done,,,Q1073187,"Q1073187|P5063|""i105306"""
47825,5572,set_statement,Done,,,Q80595,"Q80595|P8814|""13072626-n"""
47825,5573,set_statement,Done,,,Q80595,"Q80595|P5063|""i105313"""
47825,5574,set_statement,Done,,,Q1548736,"Q1548736|P8814|""13073191-n"""
47825,5575,set_statement,Done,,,Q1548736,"Q1548736|P5063|""i105316"""
47825,5576,set_statement,Done,,,Q931058,"Q931058|P8814|""13073947-n"""
47825,5577,set_statement,Done,,,Q931058,"Q931058|P5063|""i105319"""
47825,5578,set_statement,Done,,,Q3010372,"Q3010372|P8814|""13074210-n"""
47825,5579,set_statement,Done,,,Q3010372,"Q3010372|P5063|""i105320"""
47825,5580,set_statement,Done,,,Q2524023,"Q2524023|P8814|""13074576-n"""
47825,5581,set_statement,Done,,,Q2524023,"Q2524023|P5063|""i105322"""
47825,5582,set_statement,Done,,,Q57418268,"Q57418268|P8814|""13078605-n"""
47825,5583,set_statement,Done,,,Q57418268,"Q57418268|P5063|""i105339"""
47825,5584,set_statement,Done,,,Q1831149,"Q1831149|P8814|""13079556-n"""
47825,5585,set_statement,Done,,,Q1831149,"Q1831149|P5063|""i105344"""
47825,5586,set_statement,Done,,,Q1338220,"Q1338220|P8814|""13079899-n"""
47825,5587,set_statement,Done,,,Q1338220,"Q1338220|P5063|""i105346"""
47825,5588,set_statement,Done,,,Q206636,"Q206636|P8814|""13081211-n"""
47825,5589,set_statement,Done,,,Q206636,"Q206636|P5063|""i105353"""
47825,5590,set_statement,Done,,,Q557221,"Q557221|P8814|""13081449-n"""
47825,5591,set_statement,Done,,,Q557221,"Q557221|P5063|""i105354"""
47825,5592,set_statement,Done,,,Q206627,"Q206627|P8814|""13081672-n"""
47825,5593,set_statement,Done,,,Q206627,"Q206627|P5063|""i105355"""
47825,5594,set_statement,Done,,,Q892462,"Q892462|P8814|""13082681-n"""
47825,5595,set_statement,Done,,,Q892462,"Q892462|P5063|""i105360"""
47825,5596,set_statement,Done,,,Q1633488,"Q1633488|P8814|""13083032-n"""
47825,5597,set_statement,Done,,,Q1633488,"Q1633488|P5063|""i105362"""
47825,5598,set_statement,Done,,,Q10657222,"Q10657222|P8814|""13083806-n"""
47825,5599,set_statement,Done,,,Q10657222,"Q10657222|P5063|""i105366"""
47825,5600,set_statement,Done,,,Q10580133,"Q10580133|P8814|""13084544-n"""
47825,5601,set_statement,Done,,,Q10580133,"Q10580133|P5063|""i105370"""
47825,5602,set_statement,Done,,,Q3272185,"Q3272185|P8814|""13085975-n"""
47825,5603,set_statement,Done,,,Q3272185,"Q3272185|P5063|""i105378"""
47825,5604,set_statement,Done,,,Q10692511,"Q10692511|P8814|""13086462-n"""
47825,5605,set_statement,Done,,,Q10692511,"Q10692511|P5063|""i105380"""
47825,5606,set_statement,Done,,,Q594740,"Q594740|P8814|""13086662-n"""
47825,5607,set_statement,Done,,,Q594740,"Q594740|P5063|""i105381"""
47825,5608,set_statement,Done,,,Q3233983,"Q3233983|P8814|""13087391-n"""
47825,5609,set_statement,Done,,,Q3233983,"Q3233983|P5063|""i105384"""
47825,5610,set_statement,Done,,,Q2361375,"Q2361375|P8814|""13087563-n"""
47825,5611,set_statement,Done,,,Q2361375,"Q2361375|P5063|""i105385"""
47825,5612,set_statement,Done,,,Q626766,"Q626766|P8814|""13088833-n"""
47825,5613,set_statement,Done,,,Q626766,"Q626766|P5063|""i105392"""
47825,5614,set_statement,Done,,,Q7900813,"Q7900813|P8814|""13089325-n"""
47825,5615,set_statement,Done,,,Q7900813,"Q7900813|P5063|""i105395"""
47825,5616,set_statement,Done,,,Q10665828,"Q10665828|P8814|""13090108-n"""
47825,5617,set_statement,Done,,,Q10665828,"Q10665828|P5063|""i105399"""
47825,5618,set_statement,Done,,,Q520530,"Q520530|P8814|""13091468-n"""
47825,5619,set_statement,Done,,,Q520530,"Q520530|P5063|""i105404"""
47825,5620,set_statement,Done,,,Q622043,"Q622043|P8814|""13091789-n"""
47825,5621,set_statement,Done,,,Q622043,"Q622043|P5063|""i105406"""
47825,5622,set_statement,Done,,,Q62523353,"Q62523353|P8814|""13093971-n"""
47825,5623,set_statement,Done,,,Q62523353,"Q62523353|P5063|""i105417"""
47825,5624,set_statement,Done,,,Q5235841,"Q5235841|P8814|""13094286-n"""
47825,5625,set_statement,Done,,,Q5235841,"Q5235841|P5063|""i105419"""
47825,5626,set_statement,Done,,,Q1498027,"Q1498027|P8814|""13096941-n"""
47825,5627,set_statement,Done,,,Q1498027,"Q1498027|P5063|""i105432"""
47825,5628,set_statement,Done,,,Q21229502,"Q21229502|P8814|""13098893-n"""
47825,5629,set_statement,Done,,,Q21229502,"Q21229502|P5063|""i105441"""
47825,5630,set_statement,Done,,,Q310925,"Q310925|P8814|""13099243-n"""
47825,5631,set_statement,Done,,,Q310925,"Q310925|P5063|""i105442"""
47825,5632,set_statement,Done,,,Q639799,"Q639799|P8814|""13099412-n"""
47825,5633,set_statement,Done,,,Q639799,"Q639799|P5063|""i105443"""
47825,5634,set_statement,Done,,,Q3320779,"Q3320779|P8814|""13099569-n"""
47825,5635,set_statement,Done,,,Q3320779,"Q3320779|P5063|""i105444"""
47825,5636,set_statement,Done,,,Q10446583,"Q10446583|P8814|""13100535-n"""
47825,5637,set_statement,Done,,,Q10446583,"Q10446583|P5063|""i105449"""
47825,5638,set_statement,Done,,,Q843136,"Q843136|P8814|""13100713-n"""
47825,5639,set_statement,Done,,,Q843136,"Q843136|P5063|""i105450"""
47825,5640,set_statement,Done,,,Q10431073,"Q10431073|P8814|""13100934-n"""
47825,5641,set_statement,Done,,,Q10431073,"Q10431073|P5063|""i105451"""
47825,5642,set_statement,Done,,,Q16628379,"Q16628379|P8814|""13101231-n"""
47825,5643,set_statement,Done,,,Q16628379,"Q16628379|P5063|""i105453"""
47825,5644,set_statement,Done,,,Q2066868,"Q2066868|P8814|""13101434-n"""
47825,5645,set_statement,Done,,,Q2066868,"Q2066868|P5063|""i105454"""
47825,5646,set_statement,Done,,,Q2119178,"Q2119178|P8814|""13102129-n"""
47825,5647,set_statement,Done,,,Q2119178,"Q2119178|P5063|""i105458"""
47825,5648,set_statement,Done,,,Q131672,"Q131672|P8814|""13102538-n"""
47825,5649,set_statement,Done,,,Q131672,"Q131672|P5063|""i105460"""
47825,5650,set_statement,Done,,,Q2716477,"Q2716477|P8814|""13103053-n"""
47825,5651,set_statement,Done,,,Q2716477,"Q2716477|P5063|""i105463"""
47825,5652,set_statement,Done,,,Q10614405,"Q10614405|P8814|""13103471-n"""
47825,5653,set_statement,Done,,,Q10614405,"Q10614405|P5063|""i105465"""
47825,5654,set_statement,Done,,,Q3952473,"Q3952473|P8814|""13103589-n"""
47825,5655,set_statement,Done,,,Q3952473,"Q3952473|P5063|""i105466"""
47825,5656,set_statement,Done,,,Q156083,"Q156083|P8814|""13161476-n"""
47825,5657,set_statement,Done,,,Q156083,"Q156083|P5063|""i105702"""
47825,5658,set_statement,Done,,,Q141273,"Q141273|P8814|""13164403-n"""
47825,5659,set_statement,Done,,,Q141273,"Q141273|P5063|""i105717"""
47825,5660,set_statement,Done,,,Q191019,"Q191019|P8814|""13165288-n"""
47825,5661,set_statement,Done,,,Q191019,"Q191019|P5063|""i105722"""
47825,5662,set_statement,Done,,,Q157587,"Q157587|P8814|""13168802-n"""
47825,5663,set_statement,Done,,,Q157587,"Q157587|P5063|""i105742"""
47825,5664,set_statement,Done,,,Q27287,"Q27287|P8814|""13169385-n"""
47825,5665,set_statement,Done,,,Q27287,"Q27287|P5063|""i105745"""
47825,5666,set_statement,Done,,,Q156522,"Q156522|P8814|""13169574-n"""
47825,5667,set_statement,Done,,,Q156522,"Q156522|P5063|""i105746"""
47825,5668,set_statement,Done,,,Q157072,"Q157072|P8814|""13172345-n"""
47825,5669,set_statement,Done,,,Q157072,"Q157072|P5063|""i105760"""
47825,5670,set_statement,Done,,,Q18200394,"Q18200394|P8814|""13172980-n"""
47825,5671,set_statement,Done,,,Q18200394,"Q18200394|P5063|""i105763"""
47825,5672,set_statement,Done,,,Q162194,"Q162194|P8814|""13173369-n"""
47825,5673,set_statement,Done,,,Q162194,"Q162194|P5063|""i105765"""
47825,5674,set_statement,Done,,,Q21026831,"Q21026831|P8814|""13190117-n"""
47825,5675,set_statement,Done,,,Q21026831,"Q21026831|P5063|""i105864"""
47825,5676,set_statement,Done,,,Q834805,"Q834805|P8814|""13190572-n"""
47825,5677,set_statement,Done,,,Q834805,"Q834805|P5063|""i105865"""
47825,5678,set_statement,Done,,,Q2264971,"Q2264971|P8814|""13190958-n"""
47825,5679,set_statement,Done,,,Q2264971,"Q2264971|P5063|""i105866"""
47825,5680,set_statement,Done,,,Q429586,"Q429586|P8814|""13191184-n"""
47825,5681,set_statement,Done,,,Q429586,"Q429586|P5063|""i105867"""
47825,5682,set_statement,Done,,,Q19385821,"Q19385821|P8814|""13192345-n"""
47825,5683,set_statement,Done,,,Q19385821,"Q19385821|P5063|""i105873"""
47825,5684,set_statement,Done,,,Q849350,"Q849350|P8814|""13193005-n"""
47825,5685,set_statement,Done,,,Q849350,"Q849350|P5063|""i105877"""
47825,5686,set_statement,Done,,,Q4692851,"Q4692851|P8814|""13195104-n"""
47825,5687,set_statement,Done,,,Q4692851,"Q4692851|P5063|""i105885"""
47825,5688,set_statement,Done,,,Q4566572,"Q4566572|P8814|""13195413-n"""
47825,5689,set_statement,Done,,,Q4566572,"Q4566572|P5063|""i105887"""
47825,5690,set_statement,Done,,,Q5814402,"Q5814402|P8814|""13196222-n"""
47825,5691,set_statement,Done,,,Q5814402,"Q5814402|P5063|""i105891"""
47825,5692,set_statement,Done,,,Q3020925,"Q3020925|P8814|""13196382-n"""
47825,5693,set_statement,Done,,,Q3020925,"Q3020925|P5063|""i105892"""
47825,5694,set_statement,Done,,,Q1803403,"Q1803403|P8814|""13197099-n"""
47825,5695,set_statement,Done,,,Q1803403,"Q1803403|P5063|""i105896"""
47825,5696,set_statement,Done,,,Q87298442,"Q87298442|P8814|""13197421-n"""
47825,5697,set_statement,Done,,,Q87298442,"Q87298442|P5063|""i105898"""
47825,5698,set_statement,Done,,,Q2618227,"Q2618227|P8814|""13197771-n"""
47825,5699,set_statement,Done,,,Q2618227,"Q2618227|P5063|""i105900"""
47825,5700,set_statement,Done,,,Q4250979,"Q4250979|P8814|""13199005-n"""
47825,5701,set_statement,Done,,,Q4250979,"Q4250979|P5063|""i105906"""
47825,5702,set_statement,Done,,,Q17188414,"Q17188414|P8814|""13199398-n"""
47825,5703,set_statement,Done,,,Q17188414,"Q17188414|P5063|""i105908"""
47825,5704,set_statement,Done,,,Q17186486,"Q17186486|P8814|""13199781-n"""
47825,5705,set_statement,Done,,,Q17186486,"Q17186486|P5063|""i105910"""
47825,5706,set_statement,Done,,,Q3735428,"Q3735428|P8814|""13200114-n"""
47825,5707,set_statement,Done,,,Q3735428,"Q3735428|P5063|""i105912"""
47825,5708,set_statement,Done,,,Q19387804,"Q19387804|P8814|""13200308-n"""
47825,5709,set_statement,Done,,,Q19387804,"Q19387804|P5063|""i105913"""
47825,5710,set_statement,Done,,,Q1137402,"Q1137402|P8814|""13200870-n"""
47825,5711,set_statement,Done,,,Q1137402,"Q1137402|P5063|""i105916"""
47825,5712,set_statement,Done,,,Q5347305,"Q5347305|P8814|""13201202-n"""
47825,5713,set_statement,Done,,,Q5347305,"Q5347305|P5063|""i105917"""
47825,5714,set_statement,Done,,,Q12840797,"Q12840797|P8814|""13202514-n"""
47825,5715,set_statement,Done,,,Q12840797,"Q12840797|P5063|""i105923"""
47825,5716,set_statement,Done,,,Q1968640,"Q1968640|P8814|""13204149-n"""
47825,5717,set_statement,Done,,,Q1968640,"Q1968640|P5063|""i105933"""
47825,5718,set_statement,Done,,,Q17278592,"Q17278592|P8814|""13204567-n"""
47825,5719,set_statement,Done,,,Q17278592,"Q17278592|P5063|""i105935"""
47825,5720,set_statement,Done,,,Q17166649,"Q17166649|P8814|""13204772-n"""
47825,5721,set_statement,Done,,,Q17166649,"Q17166649|P5063|""i105936"""
47825,5722,set_statement,Done,,,Q17166671,"Q17166671|P8814|""13205062-n"""
47825,5723,set_statement,Done,,,Q17166671,"Q17166671|P5063|""i105938"""
47825,5724,set_statement,Done,,,Q932153,"Q932153|P8814|""13205390-n"""
47825,5725,set_statement,Done,,,Q932153,"Q932153|P5063|""i105940"""
47825,5726,set_statement,Done,,,Q3424741,"Q3424741|P8814|""13206718-n"""
47825,5727,set_statement,Done,,,Q3424741,"Q3424741|P5063|""i105946"""
47825,5728,set_statement,Done,,,Q732221,"Q732221|P8814|""13207098-n"""
47825,5729,set_statement,Done,,,Q732221,"Q732221|P5063|""i105948"""
47825,5730,set_statement,Done,,,Q138772,"Q138772|P8814|""13208502-n"""
47825,5731,set_statement,Done,,,Q138772,"Q138772|P5063|""i105955"""
47825,5732,set_statement,Done,,,Q358326,"Q358326|P8814|""13209871-n"""
47825,5733,set_statement,Done,,,Q358326,"Q358326|P5063|""i105962"""
47825,5734,set_statement,Done,,,Q1802726,"Q1802726|P8814|""13210120-n"""
47825,5735,set_statement,Done,,,Q1802726,"Q1802726|P5063|""i105963"""
47825,5736,set_statement,Done,,,Q133239,"Q133239|P8814|""13211367-n"""
47825,5737,set_statement,Done,,,Q133239,"Q133239|P5063|""i105969"""
47825,5738,set_statement,Done,,,Q138838,"Q138838|P8814|""13211815-n"""
47825,5739,set_statement,Done,,,Q138838,"Q138838|P5063|""i105971"""
47825,5740,set_statement,Done,,,Q143760,"Q143760|P8814|""13212216-n"""
47825,5741,set_statement,Done,,,Q143760,"Q143760|P5063|""i105973"""
47825,5742,set_statement,Done,,,Q1335106,"Q1335106|P8814|""13213796-n"""
47825,5743,set_statement,Done,,,Q1335106,"Q1335106|P5063|""i105979"""
47825,5744,set_statement,Done,,,Q881825,"Q881825|P8814|""13216445-n"""
47825,5745,set_statement,Done,,,Q881825,"Q881825|P5063|""i105993"""
47825,5746,set_statement,Done,,,Q8767703,"Q8767703|P8814|""13217840-n"""
47825,5747,set_statement,Done,,,Q8767703,"Q8767703|P5063|""i106000"""
47825,5748,set_statement,Done,,,Q6494975,"Q6494975|P8814|""13218568-n"""
47825,5749,set_statement,Done,,,Q6494975,"Q6494975|P5063|""i106004"""
47825,5750,set_statement,Done,,,Q304969,"Q304969|P8814|""13218698-n"""
47825,5751,set_statement,Done,,,Q304969,"Q304969|P5063|""i106005"""
47825,5752,set_statement,Done,,,Q17167662,"Q17167662|P8814|""13219252-n"""
47825,5753,set_statement,Done,,,Q17167662,"Q17167662|P5063|""i106007"""
47825,5754,set_statement,Done,,,Q5590498,"Q5590498|P8814|""13219626-n"""
47825,5755,set_statement,Done,,,Q5590498,"Q5590498|P5063|""i106009"""
47825,5756,set_statement,Done,,,Q608099,"Q608099|P8814|""13220343-n"""
47825,5757,set_statement,Done,,,Q608099,"Q608099|P5063|""i106012"""
47825,5758,set_statement,Done,,,Q7379335,"Q7379335|P8814|""13221704-n"""
47825,5759,set_statement,Done,,,Q7379335,"Q7379335|P5063|""i106019"""
47825,5760,set_statement,Done,,,Q7692798,"Q7692798|P8814|""13222137-n"""
47825,5761,set_statement,Done,,,Q7692798,"Q7692798|P5063|""i106021"""
47825,5762,set_statement,Done,,,Q138776,"Q138776|P8814|""13223647-n"""
47825,5763,set_statement,Done,,,Q138776,"Q138776|P5063|""i106029"""
47825,5764,set_statement,Done,,,Q1339138,"Q1339138|P8814|""13223831-n"""
47825,5765,set_statement,Done,,,Q1339138,"Q1339138|P5063|""i106030"""
47825,5766,set_statement,Done,,,Q9023570,"Q9023570|P8814|""13224013-n"""
47825,5767,set_statement,Done,,,Q9023570,"Q9023570|P5063|""i106031"""
47825,5768,set_statement,Done,,,Q33137959,"Q33137959|P8814|""13224149-n"""
47825,5769,set_statement,Done,,,Q33137959,"Q33137959|P5063|""i106032"""
47825,5770,set_statement,Done,,,Q11986775,"Q11986775|P8814|""13224303-n"""
47825,5771,set_statement,Done,,,Q11986775,"Q11986775|P5063|""i106033"""
47825,5772,set_statement,Done,,,Q769399,"Q769399|P8814|""13224449-n"""
47825,5773,set_statement,Done,,,Q769399,"Q769399|P5063|""i106034"""
47825,5774,set_statement,Done,,,Q87293338,"Q87293338|P8814|""13224606-n"""
47825,5775,set_statement,Done,,,Q87293338,"Q87293338|P5063|""i106035"""
47825,5776,set_statement,Done,,,Q15474808,"Q15474808|P8814|""13224740-n"""
47825,5777,set_statement,Done,,,Q15474808,"Q15474808|P5063|""i106036"""
47825,5778,set_statement,Done,,,Q4797690,"Q4797690|P8814|""13225380-n"""
47825,5779,set_statement,Done,,,Q4797690,"Q4797690|P5063|""i106039"""
47825,5780,set_statement,Done,,,Q178400,"Q178400|P8814|""13226899-n"""
47825,5781,set_statement,Done,,,Q178400,"Q178400|P5063|""i106045"""
47825,5782,set_statement,Done,,,Q673823,"Q673823|P8814|""13227482-n"""
47825,5783,set_statement,Done,,,Q673823,"Q673823|P5063|""i106048"""
47825,5784,set_statement,Done,,,Q2628740,"Q2628740|P8814|""13229366-n"""
47825,5785,set_statement,Done,,,Q2628740,"Q2628740|P5063|""i106057"""
47825,5786,set_statement,Done,,,Q9297166,"Q9297166|P8814|""13230545-n"""
47825,5787,set_statement,Done,,,Q9297166,"Q9297166|P5063|""i106063"""
47825,5788,set_statement,Done,,,Q2121229,"Q2121229|P8814|""13230904-n"""
47825,5789,set_statement,Done,,,Q2121229,"Q2121229|P5063|""i106065"""
47825,5790,set_statement,Done,,,Q2472635,"Q2472635|P8814|""13232077-n"""
47825,5791,set_statement,Done,,,Q2472635,"Q2472635|P5063|""i106071"""
47825,5792,set_statement,Done,,,Q2572537,"Q2572537|P8814|""13232203-n"""
47825,5793,set_statement,Done,,,Q2572537,"Q2572537|P5063|""i106072"""
47825,5794,set_statement,Done,,,Q654247,"Q654247|P8814|""13232414-n"""
47825,5795,set_statement,Done,,,Q654247,"Q654247|P5063|""i106073"""
47825,5796,set_statement,Done,,,Q2637071,"Q2637071|P8814|""13233649-n"""
47825,5797,set_statement,Done,,,Q2637071,"Q2637071|P5063|""i106079"""
47825,5798,set_statement,Done,,,Q15708883,"Q15708883|P8814|""13235543-n"""
47825,5799,set_statement,Done,,,Q15708883,"Q15708883|P5063|""i106089"""
47825,5800,set_statement,Done,,,Q6755059,"Q6755059|P8814|""13235961-n"""
47825,5801,set_statement,Done,,,Q6755059,"Q6755059|P5063|""i106091"""
47825,5802,set_statement,Done,,,Q5214890,"Q5214890|P8814|""13236697-n"""
47825,5803,set_statement,Done,,,Q5214890,"Q5214890|P5063|""i106095"""
47825,5804,set_statement,Done,,,Q99233195,"Q99233195|P8814|""13236834-n"""
47825,5805,set_statement,Done,,,Q99233195,"Q99233195|P5063|""i106096"""
47825,5806,set_statement,Done,,,Q500230,"Q500230|P8814|""13237373-n"""
47825,5807,set_statement,Done,,,Q500230,"Q500230|P5063|""i106098"""
47825,5808,set_statement,Done,,,Q139732,"Q139732|P8814|""13237571-n"""
47825,5809,set_statement,Done,,,Q139732,"Q139732|P5063|""i106099"""
47825,5810,set_statement,Done,,,Q35134940,"Q35134940|P8814|""13238111-n"""
47825,5811,set_statement,Done,,,Q35134940,"Q35134940|P5063|""i106102"""
47825,5812,set_statement,Done,,,Q35145312,"Q35145312|P8814|""13238522-n"""
47825,5813,set_statement,Done,,,Q35145312,"Q35145312|P5063|""i106104"""
47825,5814,set_statement,Done,,,Q116724894,"Q116724894|P8814|""13239012-n"""
47825,5815,set_statement,Done,,,Q116724894,"Q116724894|P5063|""i106107"""
47825,5816,set_statement,Done,,,Q18645387,"Q18645387|P8814|""13239179-n"""
47825,5817,set_statement,Done,,,Q18645387,"Q18645387|P5063|""i106108"""
47825,5818,set_statement,Done,,,Q18643199,"Q18643199|P8814|""13239402-n"""
47825,5819,set_statement,Done,,,Q18643199,"Q18643199|P5063|""i106109"""
47825,5820,set_statement,Done,,,Q5384600,"Q5384600|P8814|""13239620-n"""
47825,5821,set_statement,Done,,,Q5384600,"Q5384600|P5063|""i106110"""
47825,5822,set_statement,Done,,,Q517643,"Q517643|P8814|""13239965-n"""
47825,5823,set_statement,Done,,,Q517643,"Q517643|P5063|""i106112"""
47825,5824,set_statement,Done,,,Q1149748,"Q1149748|P8814|""13241740-n"""
47825,5825,set_statement,Done,,,Q1149748,"Q1149748|P5063|""i106121"""
47825,5826,set_statement,Done,,,Q2577942,"Q2577942|P8814|""13243125-n"""
47825,5827,set_statement,Done,,,Q2577942,"Q2577942|P5063|""i106127"""
47825,5828,set_statement,Done,,,Q624488,"Q624488|P8814|""13243567-n"""
47825,5829,set_statement,Done,,,Q624488,"Q624488|P5063|""i106129"""
47825,5830,set_statement,Done,,,Q7062996,"Q7062996|P8814|""13244984-n"""
47825,5831,set_statement,Done,,,Q7062996,"Q7062996|P5063|""i106138"""
47825,5832,set_statement,Done,,,Q2716448,"Q2716448|P8814|""13245154-n"""
47825,5833,set_statement,Done,,,Q2716448,"Q2716448|P5063|""i106139"""
47825,5834,set_statement,Done,,,Q7170041,"Q7170041|P8814|""13246627-n"""
47825,5835,set_statement,Done,,,Q7170041,"Q7170041|P5063|""i106147"""
47825,5836,set_statement,Done,,,Q12840695,"Q12840695|P8814|""13246853-n"""
47825,5837,set_statement,Done,,,Q12840695,"Q12840695|P5063|""i106148"""
47825,5838,set_statement,Done,,,Q1349611,"Q1349611|P8814|""13247424-n"""
47825,5839,set_statement,Done,,,Q1349611,"Q1349611|P5063|""i106151"""
47825,5840,set_statement,Done,,,Q5199019,"Q5199019|P8814|""13249590-n"""
47825,5841,set_statement,Done,,,Q5199019,"Q5199019|P5063|""i106162"""
47825,5842,set_statement,Done,,,Q17195659,"Q17195659|P8814|""13249765-n"""
47825,5843,set_statement,Done,,,Q17195659,"Q17195659|P5063|""i106163"""
47825,5844,set_statement,Done,,,Q17197780,"Q17197780|P8814|""13250125-n"""
47825,5845,set_statement,Done,,,Q17197780,"Q17197780|P5063|""i106165"""
47825,5846,set_statement,Done,,,Q17195704,"Q17195704|P8814|""13250645-n"""
47825,5847,set_statement,Done,,,Q17195704,"Q17195704|P5063|""i106168"""
47825,5848,set_statement,Done,,,Q2698282,"Q2698282|P8814|""13251319-n"""
47825,5849,set_statement,Done,,,Q2698282,"Q2698282|P5063|""i106171"""
47825,5850,set_statement,Done,,,Q952036,"Q952036|P8814|""13252334-n"""
47825,5851,set_statement,Done,,,Q952036,"Q952036|P5063|""i106176"""
47825,5852,set_statement,Done,,,Q61653739,"Q61653739|P8814|""13253413-n"""
47825,5853,set_statement,Done,,,Q61653739,"Q61653739|P5063|""i106181"""
47825,5854,set_statement,Done,,,Q156689,"Q156689|P8814|""13253910-n"""
47825,5855,set_statement,Done,,,Q156689,"Q156689|P5063|""i106183"""
47825,5856,set_statement,Done,,,Q148954,"Q148954|P8814|""13256845-n"""
47825,5857,set_statement,Done,,,Q148954,"Q148954|P5063|""i106197"""
47825,5858,set_statement,Done,,,Q285262,"Q285262|P8814|""13257252-n"""
47825,5859,set_statement,Done,,,Q285262,"Q285262|P5063|""i106199"""
47825,5860,set_statement,Done,,,Q811624,"Q811624|P8814|""13258241-n"""
47825,5861,set_statement,Done,,,Q811624,"Q811624|P5063|""i106205"""
47825,5862,set_statement,Done,,,Q1117141,"Q1117141|P8814|""13258686-n"""
47825,5863,set_statement,Done,,,Q1117141,"Q1117141|P5063|""i106207"""
47825,5864,set_statement,Done,,,Q158135,"Q158135|P8814|""13260369-n"""
47825,5865,set_statement,Done,,,Q158135,"Q158135|P5063|""i106215"""
