Q134684,P8814,01354094-n
Q134684,P5063,i42431
Q180556,P8814,01354329-n
Q180556,P5063,i42432
Q115944464,P8814,01356573-n
Q115944464,P5063,i42439
Q2462359,P8814,01356790-n
Q2462359,P5063,i42440
Q830142,P8814,01356965-n
Q830142,P5063,i42441
Q116698041,P8814,01358727-n
Q116698041,P5063,i42446
Q149098,P8814,01359100-n
Q149098,P5063,i42447
Q21447348,P8814,01360776-n
Q21447348,P5063,i42455
Q1771045,P8814,01361711-n
Q1771045,P5063,i42459
Q15489312,P8814,01362129-n
Q15489312,P5063,i42462
Q133966,P8814,01362971-n
Q133966,P5063,i42467
Q138058,P8814,01363353-n
Q138058,P5063,i42468
Q131143,P8814,01363578-n
Q131143,P5063,i42469
Q7041456,P8814,01364614-n
Q7041456,P5063,i42475
Q146274,P8814,01364837-n
Q146274,P5063,i42476
Q134834,P8814,01365410-n
Q134834,P5063,i42480
Q2421263,P8814,01365640-n
Q2421263,P5063,i42481
Q7577827,P8814,01366064-n
Q7577827,P5063,i42484
Q4840030,P8814,01367228-n
Q4840030,P5063,i42492
Q62895839,P8814,01367963-n
Q62895839,P5063,i42495
Q1003460,P8814,01368325-n
Q1003460,P5063,i42497
Q15932755,P8814,01368656-n
Q15932755,P5063,i42499
Q380136,P8814,01370071-n
Q380136,P5063,i42506
Q140004,P8814,01372460-n
Q140004,P5063,i42519
Q136644,P8814,01373554-n
Q136644,P5063,i42526
Q13474598,P8814,01375013-n
Q13474598,P5063,i42534
Q846309,P8814,01375185-n
Q846309,P5063,i42535
Q3869074,P8814,01375913-n
Q3869074,P5063,i42539
Q136808,P8814,01376081-n
Q136808,P5063,i42540
Q3331319,P8814,01379442-n
Q3331319,P5063,i42559
Q99299816,P8814,01380547-n
Q99299816,P5063,i42568
Q21226524,P8814,01380778-n
Q21226524,P5063,i42569
Q26271235,P8814,01380987-n
Q26271235,P5063,i42570
Q1365581,P8814,01381441-n
Q1365581,P5063,i42572
Q1954952,P8814,01381757-n
Q1954952,P5063,i42573
Q578677,P8814,01382277-n
Q578677,P5063,i42576
Q110107986,P8814,01384914-n
Q110107986,P5063,i42590
Q2113650,P8814,01389135-n
Q2113650,P5063,i42613
Q9358965,P8814,01391633-n
Q9358965,P5063,i42619
Q6088705,P8814,01391829-n
Q6088705,P5063,i42620
Q21400186,P8814,01392516-n
Q21400186,P5063,i42622
Q968988,P8814,01393268-n
Q968988,P5063,i42626
Q113942,P8814,01394574-n
Q113942,P5063,i42634
Q175868,P8814,01396245-n
Q175868,P5063,i42644
Q21447806,P8814,01396514-n
Q21447806,P5063,i42646
Q2442353,P8814,01396834-n
Q2442353,P5063,i42648
Q27212391,P8814,01397542-n
Q27212391,P5063,i42653
Q1202152,P8814,01399099-n
Q1202152,P5063,i42661
Q1763065,P8814,01403216-n
Q1763065,P5063,i42684
Q745912,P8814,01403413-n
Q745912,P5063,i42685
Q2878349,P8814,01403532-n
Q2878349,P5063,i42686
Q11065859,P8814,01403937-n
Q11065859,P5063,i42688
Q18674107,P8814,01404158-n
Q18674107,P5063,i42689
Q16034614,P8814,01408083-n
Q16034614,P5063,i42712
Q2356588,P8814,01408903-n
Q2356588,P5063,i42717
Q2132226,P8814,01409067-n
Q2132226,P5063,i42718
Q132609,P8814,01410106-n
Q132609,P5063,i42723
Q1367727,P8814,01410894-n
Q1367727,P5063,i42726
Q1109330,P8814,01411188-n
Q1109330,P5063,i42728
Q654492,P8814,01411706-n
Q654492,P5063,i42731
Q310495,P8814,01411885-n
Q310495,P5063,i42732
Q133008,P8814,01412306-n
Q133008,P5063,i42734
Q497859,P8814,01412581-n
Q497859,P5063,i42735
Q150137,P8814,01412971-n
Q150137,P5063,i42737
Q4271430,P8814,01413677-n
Q4271430,P5063,i42742
Q1188910,P8814,01414197-n
Q1188910,P5063,i42745
Q15211115,P8814,01414368-n
Q15211115,P5063,i42746
Q1208690,P8814,01414726-n
Q1208690,P5063,i42748
Q14920463,P8814,01414920-n
Q14920463,P5063,i42749
Q1559048,P8814,01415120-n
Q1559048,P5063,i42750
Q860112,P8814,01415566-n
Q860112,P5063,i42752
Q3011489,P8814,01415712-n
Q3011489,P5063,i42753
Q1307414,P8814,01415829-n
Q1307414,P5063,i42754
Q14759694,P8814,01417143-n
Q14759694,P5063,i42762
Q18509172,P8814,01417482-n
Q18509172,P5063,i42764
Q7321257,P8814,01417627-n
Q7321257,P5063,i42765
Q2717889,P8814,01417897-n
Q2717889,P5063,i42767
Q2104475,P8814,01418034-n
Q2104475,P5063,i42768
Q21447017,P8814,01419682-n
Q21447017,P5063,i42775
Q3342595,P8814,01420194-n
Q3342595,P5063,i42777
Q15241090,P8814,01420448-n
Q15241090,P5063,i42779
Q147258,P8814,01420623-n
Q147258,P5063,i42780
Q21446496,P8814,01421435-n
Q21446496,P5063,i42785
Q55706286,P8814,01421723-n
Q55706286,P5063,i42787
Q87188765,P8814,01422085-n
Q87188765,P5063,i42789
Q2963624,P8814,01422641-n
Q2963624,P5063,i42793
Q1759900,P8814,01422805-n
Q1759900,P5063,i42794
Q309497,P8814,01422955-n
Q309497,P5063,i42795
Q488032,P8814,01423805-n
Q488032,P5063,i42800
Q3967020,P8814,01424137-n
Q3967020,P5063,i42802
Q1147204,P8814,01425476-n
Q1147204,P5063,i42808
Q795581,P8814,01425642-n
Q795581,P5063,i42809
Q18692916,P8814,01426105-n
Q18692916,P5063,i42812
Q21446124,P8814,01426398-n
Q21446124,P5063,i42814
Q5638270,P8814,01427579-n
Q5638270,P5063,i42821
Q18618857,P8814,01427977-n
Q18618857,P5063,i42824
Q797656,P8814,01428142-n
Q797656,P5063,i42825
Q3178497,P8814,01428624-n
Q3178497,P5063,i42828
Q2658061,P8814,01428801-n
Q2658061,P5063,i42829
Q137449,P8814,01429107-n
Q137449,P5063,i42831
Q21445641,P8814,01429646-n
Q21445641,P5063,i42834
Q132652,P8814,01429882-n
Q132652,P5063,i42836
Q3694990,P8814,01430188-n
Q3694990,P5063,i42838
Q35047,P8814,01441361-n
Q35047,P5063,i42851
Q282584,P8814,01442985-n
Q282584,P5063,i42858
Q15963609,P8814,01443296-n
Q15963609,P5063,i42860
Q312225,P8814,01443590-n
Q312225,P5063,i42862
Q2521639,P8814,01444266-n
Q2521639,P5063,i42866
Q18650996,P8814,01444696-n
Q18650996,P5063,i42869
Q302677,P8814,01445232-n
Q302677,P5063,i42873
Q310652,P8814,01445767-n
Q310652,P5063,i42877
Q237800,P8814,01446039-n
Q237800,P5063,i42879
Q16631805,P8814,01446639-n
Q16631805,P5063,i42883
Q18926800,P8814,01446805-n
Q18926800,P5063,i42884
Q2271225,P8814,01447814-n
Q2271225,P5063,i42889
Q2707493,P8814,01448639-n
Q2707493,P5063,i42895
Q2359231,P8814,01449642-n
Q2359231,P5063,i42900
Q310951,P8814,01451137-n
Q310951,P5063,i42909
Q107269289,P8814,01452227-n
Q107269289,P5063,i42915
Q11784877,P8814,01452498-n
Q11784877,P5063,i42917
Q749596,P8814,01452722-n
Q749596,P5063,i42919
Q1335080,P8814,01452922-n
Q1335080,P5063,i42920
Q1346261,P8814,01454165-n
Q1346261,P5063,i42927
Q2489985,P8814,01454692-n
Q2489985,P5063,i42930
Q768334,P8814,01455137-n
Q768334,P5063,i42933
Q1476897,P8814,01455274-n
Q1476897,P5063,i42934
Q1960850,P8814,01455595-n
Q1960850,P5063,i42936
Q5036326,P8814,01455971-n
Q5036326,P5063,i42939
Q145289,P8814,01456232-n
Q145289,P5063,i42941
Q14364531,P8814,01456493-n
Q14364531,P5063,i42943
Q9260095,P8814,01456901-n
Q9260095,P5063,i42944
Q134491,P8814,01457782-n
Q134491,P5063,i42949
Q213534,P8814,01458233-n
Q213534,P5063,i42952
Q606703,P8814,01458627-n
Q606703,P5063,i42954
Q1824775,P8814,01458937-n
Q1824775,P5063,i42956
Q10672751,P8814,01459580-n
Q10672751,P5063,i42960
Q610041,P8814,01460217-n
Q610041,P5063,i42964
Q107268725,P8814,01470316-n
Q107268725,P5063,i43019
Q190090,P8814,01471173-n
Q190090,P5063,i43023
Q610887,P8814,01471863-n
Q610887,P5063,i43027
Q3470198,P8814,01472227-n
Q3470198,P5063,i43029
Q4923287,P8814,01472527-n
Q4923287,P5063,i43031
Q26206847,P8814,01472928-n
Q26206847,P5063,i43034
Q21444273,P8814,01473227-n
Q21444273,P5063,i43036
Q34613085,P8814,01478776-n
Q34613085,P5063,i43059
Q150893,P8814,01479470-n
Q150893,P5063,i43062
Q3377629,P8814,01480386-n
Q3377629,P5063,i43067
Q740209,P8814,01481457-n
Q740209,P5063,i43072
Q20859372,P8814,01481970-n
Q20859372,P5063,i43076
Q25371,P8814,01482977-n
Q25371,P5063,i43082
Q19240,P8814,01483844-n
Q19240,P5063,i43087
Q311682,P8814,01485528-n
Q311682,P5063,i43094
Q35077862,P8814,01486011-n
Q35077862,P5063,i43097
Q137078,P8814,01486348-n
Q137078,P5063,i43099
Q171298,P8814,01486621-n
Q171298,P5063,i43101
Q2947096,P8814,01487714-n
Q2947096,P5063,i43108
Q16542604,P8814,01487947-n
Q16542604,P5063,i43109
Q17280257,P8814,01488314-n
Q17280257,P5063,i43111
Q17283693,P8814,01489347-n
Q17283693,P5063,i43117
Q17284129,P8814,01490555-n
Q17284129,P5063,i43123
Q48191,P8814,01491180-n
Q48191,P5063,i43127
Q312359,P8814,01491916-n
Q312359,P5063,i43129
Q15695051,P8814,01493526-n
Q15695051,P5063,i43137
Q2186811,P8814,01493876-n
Q2186811,P5063,i43139
Q608028,P8814,01494161-n
Q608028,P5063,i43141
Q756279,P8814,01494632-n
Q756279,P5063,i43144
Q2061110,P8814,01494853-n
Q2061110,P5063,i43145
Q2806074,P8814,01495653-n
Q2806074,P5063,i43150
Q1245778,P8814,01496007-n
Q1245778,P5063,i43152
Q208490,P8814,01496829-n
Q208490,P5063,i43157
Q132998,P8814,01496980-n
Q132998,P5063,i43158
Q15207726,P8814,01497833-n
Q15207726,P5063,i43163
Q756731,P8814,01497981-n
Q756731,P5063,i43164
Q190736,P8814,01499585-n
Q190736,P5063,i43171
Q683945,P8814,01499919-n
Q683945,P5063,i43173
Q3122687,P8814,01501218-n
Q3122687,P5063,i43181
Q2825690,P8814,01501902-n
Q2825690,P5063,i43185
Q1428166,P8814,01502236-n
Q1428166,P5063,i43187
Q16354702,P8814,01502539-n
Q16354702,P5063,i43189
Q1536199,P8814,01503001-n
Q1536199,P5063,i43191
Q837104,P8814,01503636-n
Q837104,P5063,i43195
Q19776304,P8814,01519128-n
Q19776304,P5063,i43223
Q19622300,P8814,01519519-n
Q19622300,P5063,i43225
Q840849,P8814,01520988-n
Q840849,P5063,i43232
Q1569770,P8814,01521205-n
Q1569770,P5063,i43233
Q19173,P8814,01521687-n
Q19173,P5063,i43236
Q756871,P8814,01521869-n
Q756871,P5063,i43237
Q858264,P8814,01522360-n
Q858264,P5063,i43240
Q11085824,P8814,01522699-n
Q11085824,P5063,i43242
Q3621064,P8814,01522925-n
Q3621064,P5063,i43243
Q19171,P8814,01523838-n
Q19171,P5063,i43248
Q6090573,P8814,01524243-n
Q6090573,P5063,i43250
Q3605955,P8814,01524621-n
Q3605955,P5063,i43252
Q214508,P8814,01524788-n
Q214508,P5063,i43253
Q2638301,P8814,01524946-n
Q2638301,P5063,i43254
Q15865426,P8814,01525430-n
Q15865426,P5063,i43257
Q899705,P8814,01525593-n
Q899705,P5063,i43258
Q3924795,P8814,01529696-n
Q3924795,P5063,i43273
Q378278,P8814,01530415-n
Q378278,P5063,i43278
Q160835,P8814,01531677-n
Q160835,P5063,i43286
Q5261336,P8814,01534748-n
Q5261336,P5063,i43299
Q843168,P8814,01535305-n
Q843168,P5063,i43302
Q339517,P8814,01536421-n
Q339517,P5063,i43309
Q10808271,P8814,01537646-n
Q10808271,P5063,i43317
Q955626,P8814,01538483-n
Q955626,P5063,i43322
Q1073612,P8814,01539115-n
Q1073612,P5063,i43326
Q609717,P8814,01540001-n
Q609717,P5063,i43331
Q1073197,P8814,01541139-n
Q1073197,P5063,i43338
Q10749446,P8814,01541416-n
Q10749446,P5063,i43340
Q868144,P8814,01543338-n
Q868144,P5063,i43352
Q310865,P8814,01543610-n
Q310865,P5063,i43354
Q858444,P8814,01543902-n
Q858444,P5063,i43356
Q1093619,P8814,01545700-n
Q1093619,P5063,i43367
Q3467715,P8814,01545913-n
Q3467715,P5063,i43369
Q1094968,P8814,01546149-n
Q1094968,P5063,i43371
Q1079034,P8814,01546708-n
Q1079034,P5063,i43375
Q13167346,P8814,01547185-n
Q13167346,P5063,i43378
Q909836,P8814,01547518-n
Q909836,P5063,i43380
Q13170975,P8814,01547944-n
Q13170975,P5063,i43383
Q12809511,P8814,01548393-n
Q12809511,P5063,i43386
Q868932,P8814,01551955-n
Q868932,P5063,i43403
Q15881075,P8814,01552674-n
Q15881075,P5063,i43408
Q1195360,P8814,01554190-n
Q1195360,P5063,i43417
Q1079212,P8814,01554556-n
Q1079212,P5063,i43419
Q859561,P8814,01554833-n
Q859561,P5063,i43421
Q429074,P8814,01555295-n
Q429074,P5063,i43424
Q461021,P8814,01555597-n
Q461021,P5063,i43426
Q1002963,P8814,01556021-n
Q1002963,P5063,i43428
Q375593,P8814,01556261-n
Q375593,P5063,i43430
Q539321,P8814,01556520-n
Q539321,P5063,i43432
Q903934,P8814,01556952-n
Q903934,P5063,i43435
Q3389415,P8814,01557466-n
Q3389415,P5063,i43438
Q1088541,P8814,01558681-n
Q1088541,P5063,i43444
Q10770214,P8814,01561935-n
Q10770214,P5063,i43460
Q906092,P8814,01563152-n
Q906092,P5063,i43468
Q1088544,P8814,01563700-n
Q1088544,P5063,i43472
Q240088,P8814,01563959-n
Q240088,P5063,i43474
Q855800,P8814,01564757-n
Q855800,P5063,i43480
Q187014,P8814,01565225-n
Q187014,P5063,i43483
Q208716,P8814,01566220-n
Q208716,P5063,i43488
Q15931206,P8814,01567271-n
Q15931206,P5063,i43494
Q214627,P8814,01567879-n
Q214627,P5063,i43498
Q637716,P8814,01568121-n
Q637716,P5063,i43500
Q10826912,P8814,01569150-n
Q10826912,P5063,i43507
Q739200,P8814,01569529-n
Q739200,P5063,i43509
Q980233,P8814,01570171-n
Q980233,P5063,i43511
Q13571873,P8814,01571134-n
Q13571873,P5063,i43517
Q10772647,P8814,01572354-n
Q10772647,P5063,i43524
Q179333,P8814,01573610-n
Q179333,P5063,i43533
Q1080561,P8814,01573938-n
Q1080561,P5063,i43535
Q1424573,P8814,01574815-n
Q1424573,P5063,i43539
Q1431050,P8814,01575551-n
Q1431050,P5063,i43544
Q1821411,P8814,01576124-n
Q1821411,P5063,i43548
Q10756454,P8814,01576416-n
Q10756454,P5063,i43550
Q612008,P8814,01576911-n
Q612008,P5063,i43553
Q2003332,P8814,01577911-n
Q2003332,P5063,i43560
Q2417877,P8814,01578853-n
Q2417877,P5063,i43566
Q185237,P8814,01579147-n
Q185237,P5063,i43568
Q259424,P8814,01580727-n
Q259424,P5063,i43577
Q826027,P8814,01583285-n
Q826027,P5063,i43593
Q953996,P8814,01583682-n
Q953996,P5063,i43596
Q1951909,P8814,01584248-n
Q1951909,P5063,i43599
Q373682,P8814,01585266-n
Q373682,P5063,i43607
Q2718273,P8814,01585684-n
Q2718273,P5063,i43609
Q10763400,P8814,01586277-n
Q10763400,P5063,i43613
Q3888717,P8814,01587170-n
Q3888717,P5063,i43617
Q867629,P8814,01587635-n
Q867629,P5063,i43620
Q10812327,P8814,01588218-n
Q10812327,P5063,i43624
Q11848605,P8814,01588531-n
Q11848605,P5063,i43626
Q753221,P8814,01589182-n
Q753221,P5063,i43630
Q2498241,P8814,01589432-n
Q2498241,P5063,i43631
Q2165737,P8814,01589789-n
Q2165737,P5063,i43633
Q10757040,P8814,01590047-n
Q10757040,P5063,i43635
Q430477,P8814,01590354-n
Q430477,P5063,i43637
Q537702,P8814,01590813-n
Q537702,P5063,i43640
Q621253,P8814,01591230-n
Q621253,P5063,i43642
Q10730467,P8814,01591499-n
Q10730467,P5063,i43644
Q205938,P8814,01591766-n
Q205938,P5063,i43646
Q1991437,P8814,01592223-n
Q1991437,P5063,i43648
Q10826827,P8814,01592683-n
Q10826827,P5063,i43651
Q719380,P8814,01594551-n
Q719380,P5063,i43661
Q16070731,P8814,01595533-n
Q16070731,P5063,i43667
Q10745525,P8814,01595797-n
Q10745525,P5063,i43669
Q10736288,P8814,01596064-n
Q10736288,P5063,i43671
Q180423,P8814,01596346-n
Q180423,P5063,i43673
Q39861,P8814,01596798-n
Q39861,P5063,i43676
Q261763,P8814,01597971-n
Q261763,P5063,i43682
Q310857,P8814,01598482-n
Q310857,P5063,i43685
Q901041,P8814,01598783-n
Q901041,P5063,i43687
Q665719,P8814,01599120-n
Q665719,P5063,i43689
Q842378,P8814,01599402-n
Q842378,P5063,i43691
Q2483684,P8814,01599528-n
Q2483684,P5063,i43692
Q225353,P8814,01600192-n
Q225353,P5063,i43696
Q171052,P8814,01601073-n
Q171052,P5063,i43701
Q14437812,P8814,01602838-n
Q14437812,P5063,i43712
Q10809555,P8814,01603550-n
Q10809555,P5063,i43716
Q860867,P8814,01603909-n
Q860867,P5063,i43718
Q15631675,P8814,01604191-n
Q15631675,P5063,i43720
Q192575,P8814,01604560-n
Q192575,P5063,i43722
Q11897625,P8814,01605957-n
Q11897625,P5063,i43731
Q208940,P8814,01606119-n
Q208940,P5063,i43732
Q25370,P8814,01607266-n
Q25370,P5063,i43738
Q6377551,P8814,01610727-n
Q6377551,P5063,i43755
Q10758200,P8814,01611575-n
Q10758200,P5063,i43760
Q207796,P8814,01612190-n
Q207796,P5063,i43764
Q867544,P8814,01613067-n
Q867544,P5063,i43769
Q21744,P8814,01613399-n
Q21744,P5063,i43771
Q1238727,P8814,01615444-n
Q1238727,P5063,i43782
Q15138218,P8814,01616550-n
Q15138218,P5063,i43788
Q30085,P8814,01616836-n
Q30085,P5063,i43790
Q147403,P8814,01617410-n
Q147403,P5063,i43794
Q28240,P8814,01618466-n
Q28240,P5063,i43800
Q3893145,P8814,01618590-n
Q3893145,P5063,i43801
Q13649293,P8814,01619930-n
Q13649293,P5063,i43808
Q3347141,P8814,01620274-n
Q3347141,P5063,i43810
Q13428439,P8814,01620590-n
Q13428439,P5063,i43812
Q2346527,P8814,01620861-n
Q2346527,P5063,i43814
Q15042109,P8814,01620997-n
Q15042109,P5063,i43815
Q184858,P8814,01621312-n
Q184858,P5063,i43817
Q15042113,P8814,01622316-n
Q15042113,P5063,i43822
Q10763377,P8814,01622644-n
Q10763377,P5063,i43824
Q14786570,P8814,01622923-n
Q14786570,P5063,i43826
Q15734727,P8814,01623216-n
Q15734727,P5063,i43828
Q26012,P8814,01624355-n
Q26012,P5063,i43833
Q663507,P8814,01624635-n
Q663507,P5063,i43834
Q832329,P8814,01625925-n
Q832329,P5063,i43843
Q10822188,P8814,01627047-n
Q10822188,P5063,i43851
Q648422,P8814,01627348-n
Q648422,P5063,i43853
Q18088155,P8814,01627628-n
Q18088155,P5063,i43855
Q27112,P8814,01627916-n
Q27112,P5063,i43857
Q132802,P8814,01630427-n
Q132802,P5063,i43864
Q131475,P8814,01630789-n
Q131475,P5063,i43866
Q319469,P8814,01631526-n
Q319469,P5063,i43870
Q310391,P8814,01633174-n
Q310391,P5063,i43877
Q754032,P8814,01635688-n
Q754032,P5063,i43894
Q2120568,P8814,01635891-n
Q2120568,P5063,i43895
Q922164,P8814,01636219-n
Q922164,P5063,i43897
Q743692,P8814,01636590-n
Q743692,P5063,i43899
Q2743186,P8814,01636733-n
Q2743186,P5063,i43900
Q14547873,P8814,01637325-n
Q14547873,P5063,i43904
Q2256290,P8814,01638605-n
Q2256290,P5063,i43911
Q2698057,P8814,01639316-n
Q2698057,P5063,i43915
Q2698192,P8814,01639625-n
Q2698192,P5063,i43917
Q786876,P8814,01640119-n
Q786876,P5063,i43920
Q11841073,P8814,01641123-n
Q11841073,P5063,i43926
Q240755,P8814,01641593-n
Q240755,P5063,i43929
Q53636,P8814,01642010-n
Q53636,P5063,i43932
Q72738,P8814,01643208-n
Q72738,P5063,i43935
Q55475,P8814,01645312-n
Q55475,P5063,i43946
Q2101311,P8814,01646015-n
Q2101311,P5063,i43950
Q2501775,P8814,01646328-n
Q2501775,P5063,i43952
Q56065,P8814,01646745-n
Q56065,P5063,i43954
Q945221,P8814,01646886-n
Q945221,P5063,i43955
Q2925426,P8814,01647340-n
Q2925426,P5063,i43958
Q55477,P8814,01647734-n
Q55477,P5063,i43960
Q55372,P8814,01648275-n
Q55372,P5063,i43963
Q639022,P8814,01648775-n
Q639022,P5063,i43965
Q1762264,P8814,01650642-n
Q1762264,P5063,i43978
Q1515577,P8814,01651135-n
Q1515577,P5063,i43981
Q2317066,P8814,01651634-n
Q2317066,P5063,i43984
Q53696,P8814,01652589-n
Q53696,P5063,i43989
Q826861,P8814,01653150-n
Q826861,P5063,i43991
Q481983,P8814,01654011-n
Q481983,P5063,i43996
Q3410266,P8814,01654804-n
Q3410266,P5063,i44002
Q56057,P8814,01655224-n
Q56057,P5063,i44004
Q523202,P8814,01655491-n
Q523202,P5063,i44005
Q2272745,P8814,01656025-n
Q2272745,P5063,i44008
Q2351631,P8814,01656616-n
Q2351631,P5063,i44012
Q33141532,P8814,01656886-n
Q33141532,P5063,i44014
Q1342298,P8814,01657070-n
Q1342298,P5063,i44015
Q913066,P8814,01657757-n
Q913066,P5063,i44019
Q3495411,P8814,01658719-n
Q3495411,P5063,i44023
Q18595307,P8814,01658981-n
Q18595307,P5063,i44024
Q131447,P8814,01659217-n
Q131447,P5063,i44025
Q14566112,P8814,01666300-n
Q14566112,P5063,i44039
Q2938164,P8814,01666580-n
Q2938164,P5063,i44041
Q810578,P8814,01666885-n
Q810578,P5063,i44043
Q14566111,P8814,01667503-n
Q14566111,P5063,i44047
Q2738058,P8814,01667879-n
Q2738058,P5063,i44049
Q11693960,P8814,01668013-n
Q11693960,P5063,i44050
Q650212,P8814,01668402-n
Q650212,P5063,i44052
Q107273008,P8814,01669072-n
Q107273008,P5063,i44056
Q387150,P8814,01669443-n
Q387150,P5063,i44058
Q14566115,P8814,01670600-n
Q14566115,P5063,i44065
Q14566117,P8814,01672168-n
Q14566117,P5063,i44074
Q662605,P8814,01673019-n
Q662605,P5063,i44078
Q1012045,P8814,01673602-n
Q1012045,P5063,i44082
Q374835,P8814,01674515-n
Q374835,P5063,i44087
Q15099738,P8814,01675591-n
Q15099738,P5063,i44093
Q122422,P8814,01676144-n
Q122422,P5063,i44096
Q15872,P8814,01677491-n
Q15872,P5063,i44100
Q1394970,P8814,01677866-n
Q1394970,P5063,i44102
Q2509308,P8814,01678240-n
Q2509308,P5063,i44104
Q849482,P8814,01678605-n
Q849482,P5063,i44106
Q205531,P8814,01679883-n
Q205531,P5063,i44110
Q14179741,P8814,01680254-n
Q14179741,P5063,i44112
Q14422490,P8814,01680554-n
Q14422490,P5063,i44114
Q14422461,P8814,01681163-n
Q14422461,P5063,i44118
Q2427811,P8814,01681528-n
Q2427811,P5063,i44120
Q2707849,P8814,01681819-n
Q2707849,P5063,i44122
Q607912,P8814,01682478-n
Q607912,P5063,i44126
Q2118277,P8814,01682778-n
Q2118277,P5063,i44128
Q613830,P8814,01683841-n
Q613830,P5063,i44134
Q2535475,P8814,01684154-n
Q2535475,P5063,i44136
Q288720,P8814,01684453-n
Q288720,P5063,i44138
Q311348,P8814,01685229-n
Q311348,P5063,i44143
Q26187,P8814,01685677-n
Q26187,P5063,i44146
Q260342,P8814,01686069-n
Q260342,P5063,i44148
Q1073830,P8814,01686653-n
Q1073830,P5063,i44152
Q536460,P8814,01687748-n
Q536460,P5063,i44158
Q1004429,P8814,01688320-n
Q1004429,P5063,i44161
Q191102,P8814,01690082-n
Q191102,P5063,i44171
Q14425550,P8814,01690747-n
Q14425550,P5063,i44175
Q1142794,P8814,01691069-n
Q1142794,P5063,i44177
Q14089811,P8814,01691453-n
Q14089811,P5063,i44179
Q2046334,P8814,01692646-n
Q2046334,P5063,i44186
Q13416819,P8814,01693344-n
Q13416819,P5063,i44190
Q855694,P8814,01693498-n
Q855694,P5063,i44191
Q2851721,P8814,01693726-n
Q2851721,P5063,i44192
Q13033818,P8814,01694025-n
Q13033818,P5063,i44194
Q14177398,P8814,01694166-n
Q14177398,P5063,i44195
Q13417716,P8814,01694423-n
Q13417716,P5063,i44197
Q729412,P8814,01694784-n
Q729412,P5063,i44199
Q312232,P8814,01695661-n
Q312232,P5063,i44204
Q1767161,P8814,01696636-n
Q1767161,P5063,i44209
Q1008080,P8814,01698792-n
Q1008080,P5063,i44220
Q25363,P8814,01698923-n
Q25363,P5063,i44221
Q309495,P8814,01699643-n
Q309495,P5063,i44225
Q6184764,P8814,01700785-n
Q6184764,P5063,i44232
Q11001288,P8814,01701577-n
Q11001288,P5063,i44237
Q271841,P8814,01708358-n
Q271841,P5063,i44274
Q14510,P8814,01708888-n
Q14510,P5063,i44276
Q2569164,P8814,01710074-n
Q2569164,P5063,i44284
Q131547,P8814,01713170-n
Q131547,P5063,i44300
Q11084998,P8814,01713938-n
Q11084998,P5063,i44304
Q131632,P8814,01717890-n
Q131632,P5063,i44325
Q131421,P8814,01721273-n
Q131421,P5063,i44345
Q1941356,P8814,01722758-n
Q1941356,P5063,i44351
Q21646750,P8814,01724045-n
Q21646750,P5063,i44359
Q987588,P8814,01724726-n
Q987588,P5063,i44363
Q21446884,P8814,01725900-n
Q21446884,P5063,i44370
Q1095663,P8814,01727111-n
Q1095663,P5063,i44377
Q14427058,P8814,01731379-n
Q14427058,P5063,i44396
Q2698783,P8814,01731774-n
Q2698783,P5063,i44398
Q511283,P8814,01732174-n
Q511283,P5063,i44400
Q783773,P8814,01732479-n
Q783773,P5063,i44402
Q2606543,P8814,01733070-n
Q2606543,P5063,i44406
Q226788,P8814,01733320-n
Q226788,P5063,i44408
Q2578729,P8814,01734059-n
Q2578729,P5063,i44413
Q1924850,P8814,01735086-n
Q1924850,P5063,i44419
Q2326607,P8814,01735735-n
Q2326607,P5063,i44423
Q14089080,P8814,01735987-n
Q14089080,P5063,i44425
Q1992326,P8814,01736275-n
Q1992326,P5063,i44427
Q3490685,P8814,01738897-n
Q3490685,P5063,i44442
Q290763,P8814,01739210-n
Q290763,P5063,i44444
Q955683,P8814,01739838-n
Q955683,P5063,i44448
Q310717,P8814,01740816-n
Q310717,P5063,i44454
Q2345428,P8814,01741606-n
Q2345428,P5063,i44459
Q3022965,P8814,01742646-n
Q3022965,P5063,i44466
Q664781,P8814,01742924-n
Q664781,P5063,i44468
Q339827,P8814,01743034-n
Q339827,P5063,i44469
Q2363493,P8814,01743757-n
Q2363493,P5063,i44473
Q45556,P8814,01744385-n
Q45556,P5063,i44477
Q1023539,P8814,01744951-n
Q1023539,P5063,i44480
Q14423602,P8814,01745321-n
Q14423602,P5063,i44482
Q188622,P8814,01745608-n
Q188622,P5063,i44484
Q271218,P8814,01746428-n
Q271218,P5063,i44489
Q11779559,P8814,01748704-n
Q11779559,P5063,i44500
Q169897,P8814,01749459-n
Q169897,P5063,i44505
Q56171665,P8814,01749785-n
Q56171665,P5063,i44507
Q195268,P8814,01750107-n
Q195268,P5063,i44509
Q220475,P8814,01750380-n
Q220475,P5063,i44511
Q14564444,P8814,01751201-n
Q14564444,P5063,i44516
Q15148378,P8814,01751782-n
Q15148378,P5063,i44519
Q169658,P8814,01752956-n
Q169658,P5063,i44527
Q44512085,P8814,01754262-n
Q44512085,P5063,i44536
Q574527,P8814,01755530-n
Q574527,P5063,i44543
Q73178,P8814,01755995-n
Q73178,P5063,i44546
Q1257508,P8814,01756831-n
Q1257508,P5063,i44550
Q463637,P8814,01757915-n
Q463637,P5063,i44555
Q244198,P8814,01760188-n
Q244198,P5063,i44566
Q468875,P8814,01760660-n
Q468875,P5063,i44569
Q747605,P8814,01772571-n
Q747605,P5063,i44589
Q6122550,P8814,01772904-n
Q6122550,P5063,i44591
Q18511096,P8814,01773608-n
Q18511096,P5063,i44595
Q33134055,P8814,01775423-n
Q33134055,P5063,i44604
Q862644,P8814,01775626-n
Q862644,P5063,i44605
Q1413947,P8814,01775960-n
Q1413947,P5063,i44607
Q385932,P8814,01776893-n
Q385932,P5063,i44612
Q13320847,P8814,01777871-n
Q13320847,P5063,i44618
Q8713,P8814,01778233-n
Q8713,P5063,i44620
Q3111386,P8814,01778520-n
Q3111386,P5063,i44622
Q1429304,P8814,01779187-n
Q1429304,P5063,i44625
Q1951212,P8814,01779673-n
Q1951212,P5063,i44627
Q2714520,P8814,01781625-n
Q2714520,P5063,i44636
Q640684,P8814,01781981-n
Q640684,P5063,i44638
Q1931942,P8814,01782667-n
Q1931942,P5063,i44642
Q853453,P8814,01782943-n
Q853453,P5063,i44644
Q14830884,P8814,01783560-n
Q14830884,P5063,i44648
Q3950491,P8814,01783915-n
Q3950491,P5063,i44650
Q676204,P8814,01784691-n
Q676204,P5063,i44655
Q10616065,P8814,01785019-n
Q10616065,P5063,i44657
Q217512,P8814,01785846-n
Q217512,P5063,i44661
Q244147,P8814,01786025-n
Q244147,P5063,i44662
Q856136,P8814,01788033-n
Q856136,P5063,i44672
Q3476556,P8814,01788173-n
Q3476556,P5063,i44673
Q2664614,P8814,01788472-n
Q2664614,P5063,i44675
Q4039348,P8814,01788689-n
Q4039348,P5063,i44676
Q4039347,P8814,01788860-n
Q4039347,P5063,i44677
Q167367,P8814,01789043-n
Q167367,P5063,i44678
Q19106,P8814,01789520-n
Q19106,P5063,i44680
Q2104567,P8814,01790334-n
Q2104567,P5063,i44685
Q1929002,P8814,01790798-n
Q1929002,P5063,i44687
Q11777078,P8814,01796459-n
Q11777078,P5063,i44724
Q43794,P8814,01796629-n
Q43794,P5063,i44725
Q127565572,P8814,01797101-n
Q127565572,P5063,i44728
Q728995,P8814,01798066-n
Q728995,P5063,i44732
Q162029,P8814,01798863-n
Q162029,P5063,i44738
Q117243536,P8814,01799821-n
Q117243536,P5063,i44745
Q10740725,P8814,01800408-n
Q10740725,P5063,i44749
Q869569,P8814,01802181-n
Q869569,P5063,i44760
Q2415068,P8814,01802683-n
Q2415068,P5063,i44763
Q4120496,P8814,01804012-n
Q4120496,P5063,i44771
Q10731928,P8814,01804394-n
Q10731928,P5063,i44774
Q10789354,P8814,01804674-n
Q10789354,P5063,i44776
Q10730907,P8814,01806189-n
Q10730907,P5063,i44783
Q2718257,P8814,01806405-n
Q2718257,P5063,i44785
Q1869243,P8814,01807437-n
Q1869243,P5063,i44792
Q1080907,P8814,01808087-n
Q1080907,P5063,i44797
Q3917160,P8814,01808333-n
Q3917160,P5063,i44798
Q857531,P8814,01809381-n
Q857531,P5063,i44806
Q732487,P8814,01810342-n
Q732487,P5063,i44812
Q526626,P8814,01810629-n
Q526626,P5063,i44814
Q10803028,P8814,01811088-n
Q10803028,P5063,i44817
Q16724410,P8814,01811630-n
Q16724410,P5063,i44820
Q942816,P8814,01812087-n
Q942816,P5063,i44823
Q17190683,P8814,01812233-n
Q17190683,P5063,i44824
Q12355980,P8814,01812618-n
Q12355980,P5063,i44826
Q28078,P8814,01813107-n
Q28078,P5063,i44829
Q551092,P8814,01813587-n
Q551092,P5063,i44831
Q10811276,P8814,01813745-n
Q10811276,P5063,i44832
Q21446278,P8814,01814035-n
Q21446278,P5063,i44834
Q10856,P8814,01814323-n
Q10856,P5063,i44836
Q905420,P8814,01816452-n
Q905420,P5063,i44848
Q375342,P8814,01816732-n
Q375342,P5063,i44850
Q8424076,P8814,01817776-n
Q8424076,P5063,i44858
Q179983,P8814,01818072-n
Q179983,P5063,i44860
Q1874877,P8814,01818977-n
Q1874877,P5063,i44865
Q31431,P8814,01819276-n
Q31431,P5063,i44867
Q10809423,P8814,01820413-n
Q10809423,P5063,i44872
Q827257,P8814,01821600-n
Q827257,P5063,i44880
Q10801919,P8814,01822241-n
Q10801919,P5063,i44884
Q921139,P8814,01823578-n
Q921139,P5063,i44893
Q10749858,P8814,01824059-n
Q10749858,P5063,i44896
Q10792667,P8814,01824368-n
Q10792667,P5063,i44898
Q183364,P8814,01825064-n
Q183364,P5063,i44902
Q746658,P8814,01825920-n
Q746658,P5063,i44906
Q592593,P8814,01826251-n
Q592593,P5063,i44908
Q1452250,P8814,01826553-n
Q1452250,P5063,i44910
Q548753,P8814,01826868-n
Q548753,P5063,i44912
Q44245,P8814,01828864-n
Q44245,P5063,i44924
Q583551,P8814,01830299-n
Q583551,P5063,i44932
Q10745257,P8814,01830589-n
Q10745257,P5063,i44934
Q183147,P8814,01831355-n
Q183147,P5063,i44939
Q269203,P8814,01831497-n
Q269203,P5063,i44940
Q850627,P8814,01831929-n
Q850627,P5063,i44943
Q15727501,P8814,01833719-n
Q15727501,P5063,i44955
Q26617,P8814,01834571-n
Q26617,P5063,i44960
Q135472,P8814,01835325-n
Q135472,P5063,i44964
Q133554,P8814,01835620-n
Q133554,P5063,i44966
Q31836,P8814,01835924-n
Q31836,P5063,i44968
Q776502,P8814,01836680-n
Q776502,P5063,i44972
Q26125,P8814,01837343-n
Q26125,P5063,i44977
Q198823,P8814,01838225-n
Q198823,P5063,i44981
Q10804997,P8814,01839168-n
Q10804997,P5063,i44987
Q569096,P8814,01839594-n
Q569096,P5063,i44990
Q10821410,P8814,01840004-n
Q10821410,P5063,i44993
Q25934,P8814,01840387-n
Q25934,P5063,i44995
Q921396,P8814,01841862-n
Q921396,P5063,i45001
Q132918,P8814,01842919-n
Q132918,P5063,i45008
Q131901,P8814,01843284-n
Q131901,P5063,i45010
Q926314,P8814,01844456-n
Q926314,P5063,i45018
Q809613,P8814,01844752-n
Q809613,P5063,i45020
Q781348,P8814,01846217-n
Q781348,P5063,i45030
Q14566629,P8814,01846446-n
Q14566629,P5063,i45032
Q945088,P8814,01846766-n
Q945088,P5063,i45034
Q2725371,P8814,01847055-n
Q2725371,P5063,i45036
Q21651,P8814,01847913-n
Q21651,P5063,i45041
Q844705,P8814,01852388-n
Q844705,P5063,i45065
Q310868,P8814,01852676-n
Q310868,P5063,i45067
Q131450,P8814,01854637-n
Q131450,P5063,i45079
Q312236,P8814,01855185-n
Q312236,P5063,i45083
Q2060384,P8814,01856404-n
Q2060384,P5063,i45091
Q13136551,P8814,01857984-n
Q13136551,P5063,i45100
Q183361,P8814,01858866-n
Q183361,P5063,i45105
Q210416,P8814,01859812-n
Q210416,P5063,i45111
Q14786632,P8814,01860803-n
Q14786632,P5063,i45117
Q10733978,P8814,01863354-n
Q10733978,P5063,i45133
Q12902259,P8814,01874885-n
Q12902259,P5063,i45149
Q784836,P8814,01875276-n
Q784836,P5063,i45151
Q3745848,P8814,01875785-n
Q3745848,P5063,i45154
Q21854,P8814,01878358-n
Q21854,P5063,i45166
Q174322,P8814,01880048-n
Q174322,P5063,i45175
Q218873,P8814,01880844-n
Q218873,P5063,i45179
Q429799,P8814,01881141-n
Q429799,P5063,i45181
Q269253,P8814,01881444-n
Q269253,P5063,i45183
Q325064,P8814,01882020-n
Q325064,P5063,i45187
Q10770484,P8814,01882342-n
Q10770484,P5063,i45189
Q23230,P8814,01883578-n
Q23230,P5063,i45198
Q656173,P8814,01884358-n
Q656173,P5063,i45202
Q11110566,P8814,01885013-n
Q11110566,P5063,i45206
Q23133,P8814,01885853-n
Q23133,P5063,i45212
Q379740,P8814,01886403-n
Q379740,P5063,i45214
Q937821,P8814,01887344-n
Q937821,P5063,i45220
Q1754387,P8814,01887673-n
Q1754387,P5063,i45222
Q10795872,P8814,01888008-n
Q10795872,P5063,i45224
Q13166786,P8814,01888365-n
Q13166786,P5063,i45226
Q234792,P8814,01888497-n
Q234792,P5063,i45227
Q104825,P8814,01891969-n
Q104825,P5063,i45243
Q10749625,P8814,01892381-n
Q10749625,P5063,i45245
Q19816787,P8814,01892674-n
Q19816787,P5063,i45247
Q23351,P8814,01892915-n
Q23351,P5063,i45249
Q599385,P8814,01893052-n
Q599385,P5063,i45250
Q867212,P8814,01893359-n
Q867212,P5063,i45252
Q5607349,P8814,01894506-n
Q5607349,P5063,i45259
Q468813,P8814,01894912-n
Q468813,P5063,i45262
Q1352331,P8814,01895517-n
Q1352331,P5063,i45266
Q498993,P8814,01896307-n
Q498993,P5063,i45272
Q15402150,P8814,01897022-n
Q15402150,P5063,i45276
Q33135586,P8814,01897311-n
Q33135586,P5063,i45278
Q18175529,P8814,01897444-n
Q18175529,P5063,i45279
Q4137253,P8814,01910136-n
Q4137253,P5063,i45360
Q3060446,P8814,01910543-n
Q3060446,P5063,i45362
Q976832,P8814,01913912-n
Q976832,P5063,i45377
Q2704401,P8814,01915676-n
Q2704401,P5063,i45387
Q3958000,P8814,01916174-n
Q3958000,P5063,i45391
Q1116222,P8814,01918055-n
Q1116222,P5063,i45401
Q195605,P8814,01919379-n
Q195605,P5063,i45410
Q115770614,P8814,01919808-n
Q115770614,P5063,i45412
Q2710067,P8814,01920392-n
Q2710067,P5063,i45416
Q136620,P8814,01921740-n
Q136620,P5063,i45423
Q131799,P8814,01922145-n
Q131799,P5063,i45426
Q151079,P8814,01922355-n
Q151079,P5063,i45427
Q3826253,P8814,01922819-n
Q3826253,P5063,i45430
Q3005619,P8814,01922943-n
Q3005619,P5063,i45431
Q2947068,P8814,01923376-n
Q2947068,P5063,i45434
Q18518956,P8814,01923580-n
Q18518956,P5063,i45435
Q149121,P8814,01923857-n
Q149121,P5063,i45437
Q4404443,P8814,01926792-n
Q4404443,P5063,i45449
Q2330212,P8814,01927057-n
Q2330212,P5063,i45451
Q19838628,P8814,01929190-n
Q19838628,P5063,i45463
Q141694,P8814,01930306-n
Q141694,P5063,i45470
Q310997,P8814,01930714-n
Q310997,P5063,i45473
Q185631,P8814,01931001-n
Q185631,P5063,i45475
Q15229174,P8814,01931378-n
Q15229174,P5063,i45477
Q17156,P8814,01932429-n
Q17156,P5063,i45482
Q17157,P8814,01932592-n
Q17157,P5063,i45483
Q763856,P8814,01933126-n
Q763856,P5063,i45485
Q310838,P8814,01933313-n
Q310838,P5063,i45486
Q4803791,P8814,01933636-n
Q4803791,P5063,i45488
Q2628603,P8814,01933918-n
Q2628603,P5063,i45490
Q5266809,P8814,01934486-n
Q5266809,P5063,i45494
Q3546007,P8814,01934999-n
Q3546007,P5063,i45497
Q10707022,P8814,01935136-n
Q10707022,P5063,i45498
Q3093248,P8814,01935441-n
Q3093248,P5063,i45500
Q1530508,P8814,01935983-n
Q1530508,P5063,i45503
Q2367224,P8814,01936327-n
Q2367224,P5063,i45505
Q2341780,P8814,01936475-n
Q2341780,P5063,i45506
Q1072243,P8814,01937346-n
Q1072243,P5063,i45510
Q5168736,P8814,01938384-n
Q5168736,P5063,i45515
Q5160275,P8814,01938638-n
Q5160275,P5063,i45516
Q3901901,P8814,01939875-n
Q3901901,P5063,i45522
Q3904449,P8814,01940063-n
Q3904449,P5063,i45523
Q5166500,P8814,01940796-n
Q5166500,P5063,i45527
Q15455059,P8814,01940953-n
Q15455059,P5063,i45528
Q3126001,P8814,01945242-n
Q3126001,P5063,i45542
Q190093,P8814,01945365-n
Q190093,P5063,i45543
Q732932,P8814,01945854-n
Q732932,P5063,i45546
Q2637458,P8814,01946008-n
Q2637458,P5063,i45547
Q858772,P8814,01946395-n
Q858772,P5063,i45549
Q1418257,P8814,01946858-n
Q1418257,P5063,i45552
Q3170508,P8814,01949128-n
Q3170508,P5063,i45565
Q24115,P8814,01949916-n
Q24115,P5063,i45570
Q35083222,P8814,01950254-n
Q35083222,P5063,i45572
Q1563463,P8814,01950515-n
Q1563463,P5063,i45574
Q4882696,P8814,01951558-n
Q4882696,P5063,i45581
Q1043930,P8814,01951836-n
Q1043930,P5063,i45583
Q3168678,P8814,01951971-n
Q3168678,P5063,i45584
Q3076242,P8814,01952325-n
Q3076242,P5063,i45586
Q733595,P8814,01953098-n
Q733595,P5063,i45590
Q618732,P8814,01953593-n
Q618732,P5063,i45592
Q136564,P8814,01953748-n
Q136564,P5063,i45593
Q25094548,P8814,01954113-n
Q25094548,P5063,i45595
Q1033382,P8814,01954486-n
Q1033382,P5063,i45598
Q881848,P8814,01955070-n
Q881848,P5063,i45601
Q1187122,P8814,01955453-n
Q1187122,P5063,i45604
Q2528273,P8814,01957603-n
Q2528273,P5063,i45616
Q29876893,P8814,01959565-n
Q29876893,P5063,i45625
Q3331302,P8814,01959843-n
Q3331302,P5063,i45627
Q1408724,P8814,01960380-n
Q1408724,P5063,i45630
Q1408734,P8814,01960564-n
Q1408734,P5063,i45631
Q910699,P8814,01961431-n
Q910699,P5063,i45636
Q2706031,P8814,01961555-n
Q2706031,P5063,i45637
Q2724253,P8814,01961828-n
Q2724253,P5063,i45639
Q2387255,P8814,01961974-n
Q2387255,P5063,i45640
Q2777123,P8814,01962475-n
Q2777123,P5063,i45643
Q540805,P8814,01964864-n
Q540805,P5063,i45657
Q2852294,P8814,01964991-n
Q2852294,P5063,i45658
Q18590881,P8814,01965303-n
Q18590881,P5063,i45660
Q632636,P8814,01965658-n
Q632636,P5063,i45662
Q737991,P8814,01965777-n
Q737991,P5063,i45663
Q386633,P8814,01966371-n
Q386633,P5063,i45667
Q21132,P8814,01966517-n
Q21132,P5063,i45668
Q1434366,P8814,01967277-n
Q1434366,P5063,i45672
Q1434357,P8814,01967462-n
Q1434357,P5063,i45673
Q1768065,P8814,01967752-n
Q1768065,P5063,i45675
Q4998707,P8814,01968045-n
Q4998707,P5063,i45677
Q14524890,P8814,01969438-n
Q14524890,P5063,i45684
Q2882662,P8814,01970037-n
Q2882662,P5063,i45688
Q3014615,P8814,01970453-n
Q3014615,P5063,i45691
Q611843,P8814,01972671-n
Q611843,P5063,i45703
Q2148313,P8814,01972983-n
Q2148313,P5063,i45705
Q2050688,P8814,01973143-n
Q2050688,P5063,i45706
Q18519392,P8814,01974369-n
Q18519392,P5063,i45713
Q17302119,P8814,01975374-n
Q17302119,P5063,i45720
Q17302116,P8814,01975588-n
Q17302116,P5063,i45721
Q14900832,P8814,01976016-n
Q14900832,P5063,i45723
Q21224730,P8814,01976207-n
Q21224730,P5063,i45724
Q6497159,P8814,01980007-n
Q6497159,P5063,i45738
Q428243,P8814,01980473-n
Q428243,P5063,i45741
Q3399586,P8814,01981765-n
Q3399586,P5063,i45749
Q1329937,P8814,01982694-n
Q1329937,P5063,i45755
Q2791630,P8814,01983112-n
Q2791630,P5063,i45758
Q1861297,P8814,01983634-n
Q1861297,P5063,i45761
Q3363478,P8814,01983778-n
Q3363478,P5063,i45762
Q943664,P8814,01984184-n
Q943664,P5063,i45764
Q2224398,P8814,01984525-n
Q2224398,P5063,i45766
Q33150195,P8814,01985536-n
Q33150195,P5063,i45772
Q11827352,P8814,01985918-n
Q11827352,P5063,i45774
Q33138226,P8814,01986599-n
Q33138226,P5063,i45778
Q10336345,P8814,01986772-n
Q10336345,P5063,i45779
Q2736968,P8814,01987188-n
Q2736968,P5063,i45782
Q1942450,P8814,01987972-n
Q1942450,P5063,i45786
Q309206,P8814,01988308-n
Q309206,P5063,i45788
Q2480027,P8814,01988713-n
Q2480027,P5063,i45791
Q148143,P8814,01989322-n
Q148143,P5063,i45795
Q1404181,P8814,01989869-n
Q1404181,P5063,i45798
Q1269791,P8814,01989994-n
Q1269791,P5063,i45799
Q683918,P8814,01990579-n
Q683918,P5063,i45802
Q3011709,P8814,01990705-n
Q3011709,P5063,i45803
Q1208947,P8814,01991612-n
Q1208947,P5063,i45809
Q3859197,P8814,01991738-n
Q3859197,P5063,i45810
Q601140,P8814,01991895-n
Q601140,P5063,i45811
Q3860707,P8814,01992031-n
Q3860707,P5063,i45812
Q665408,P8814,01992827-n
Q665408,P5063,i45817
Q3012315,P8814,01994330-n
Q3012315,P5063,i45826
Q3012099,P8814,01994636-n
Q3012099,P5063,i45828
Q660684,P8814,01994767-n
Q660684,P5063,i45829
Q21589779,P8814,01995589-n
Q21589779,P5063,i45834
Q3355241,P8814,01995719-n
Q3355241,P5063,i45835
Q3932187,P8814,01996054-n
Q3932187,P5063,i45837
Q3933445,P8814,01996368-n
Q3933445,P5063,i45839
Q853383,P8814,01997791-n
Q853383,P5063,i45846
Q1145843,P8814,01997977-n
Q1145843,P5063,i45847
Q3344541,P8814,01998457-n
Q3344541,P5063,i45850
Q4569752,P8814,01998629-n
Q4569752,P5063,i45851
Q114364,P8814,01998745-n
Q114364,P5063,i45852
Q841641,P8814,02000090-n
Q841641,P5063,i45859
Q266221,P8814,02001121-n
Q266221,P5063,i45865
Q2336729,P8814,02001253-n
Q2336729,P5063,i45866
Q1812499,P8814,02001574-n
Q1812499,P5063,i45868
Q18596606,P8814,02002028-n
Q18596606,P5063,i45871
Q15149876,P8814,02003008-n
Q15149876,P5063,i45875
Q140169,P8814,02003272-n
Q140169,P5063,i45877
Q2352640,P8814,02003418-n
Q2352640,P5063,i45878
Q21716,P8814,02004082-n
Q21716,P5063,i45880
Q6471715,P8814,02005038-n
Q6471715,P5063,i45883
Q3157022,P8814,02006389-n
Q3157022,P5063,i45891
Q990042,P8814,02006648-n
Q990042,P5063,i45893
Q18520791,P8814,02006997-n
Q18520791,P5063,i45895
Q18000303,P8814,02007892-n
Q18000303,P5063,i45900
Q18515513,P8814,02008616-n
Q18515513,P5063,i45904
Q917005,P8814,02008865-n
Q917005,P5063,i45906
Q127162954,P8814,02009164-n
Q127162954,P5063,i45908
Q208488,P8814,02009481-n
Q208488,P5063,i45910
Q107272848,P8814,02009815-n
Q107272848,P5063,i45912
Q21446665,P8814,02012274-n
Q21446665,P5063,i45926
Q947895,P8814,02012798-n
Q947895,P5063,i45929
Q133003,P8814,02013246-n
Q133003,P5063,i45932
Q10749386,P8814,02013810-n
Q10749386,P5063,i45936
Q739050,P8814,02014322-n
Q739050,P5063,i45939
Q244078,P8814,02014717-n
Q244078,P5063,i45942
Q25557,P8814,02014960-n
Q25557,P5063,i45944
Q25365,P8814,02015369-n
Q25365,P5063,i45945
Q47549,P8814,02015688-n
Q47549,P5063,i45947
Q12785142,P8814,02016016-n
Q12785142,P5063,i45949
Q2261506,P8814,02016715-n
Q2261506,P5063,i45953
Q10748080,P8814,02017060-n
Q10748080,P5063,i45955
Q289873,P8814,02018339-n
Q289873,P5063,i45962
Q835525,P8814,02018598-n
Q835525,P5063,i45964
Q1137291,P8814,02019747-n
Q1137291,P5063,i45971
Q21446588,P8814,02019989-n
Q21446588,P5063,i45973
Q21445741,P8814,02020261-n
Q21445741,P5063,i45975
Q4288490,P8814,02021698-n
Q4288490,P5063,i45984
Q2194882,P8814,02021962-n
Q2194882,P5063,i45986
Q205320,P8814,02022220-n
Q205320,P5063,i45988
Q1608770,P8814,02022416-n
Q1608770,P5063,i45989
Q10804436,P8814,02023104-n
Q10804436,P5063,i45993
Q10809431,P8814,02023556-n
Q10809431,P5063,i45996
Q2359014,P8814,02027007-n
Q2359014,P5063,i46010
Q13426919,P8814,02027290-n
Q13426919,P5063,i46012
Q10734553,P8814,02029152-n
Q10734553,P5063,i46020
Q310859,P8814,02029452-n
Q310859,P5063,i46022
Q41153518,P8814,02029863-n
Q41153518,P5063,i46025
Q107272785,P8814,02031897-n
Q107272785,P5063,i46038
Q2789944,P8814,02032225-n
Q2789944,P5063,i46040
Q15101016,P8814,02032568-n
Q15101016,P5063,i46042
Q2312123,P8814,02033096-n
Q2312123,P5063,i46046
Q25958002,P8814,02033363-n
Q25958002,P5063,i46048
Q642855,P8814,02033797-n
Q642855,P5063,i46051
Q786045,P8814,02034406-n
Q786045,P5063,i46055
Q10787358,P8814,02035300-n
Q10787358,P5063,i46060
Q215166,P8814,02036098-n
Q215166,P5063,i46066
Q585636,P8814,02036670-n
Q585636,P5063,i46070
Q10748948,P8814,02038499-n
Q10748948,P5063,i46079
Q27042,P8814,02039053-n
Q27042,P5063,i46082
Q286072,P8814,02039202-n
Q286072,P5063,i46083
Q12845592,P8814,02039518-n
Q12845592,P5063,i46085
Q27515,P8814,02039636-n
Q27515,P5063,i46086
Q253776,P8814,02040367-n
Q253776,P5063,i46090
Q10807623,P8814,02042314-n
Q10807623,P5063,i46102
Q145854,P8814,02042596-n
Q145854,P5063,i46104
Q220598,P8814,02042767-n
Q220598,P5063,i46105
Q10803699,P8814,02044996-n
Q10803699,P5063,i46117
Q310848,P8814,02045291-n
Q310848,P5063,i46119
Q17190971,P8814,02046151-n
Q17190971,P5063,i46125
Q212941,P8814,02046313-n
Q212941,P5063,i46126
Q1053111,P8814,02047012-n
Q1053111,P5063,i46130
Q28125230,P8814,02047313-n
Q28125230,P5063,i46132
Q3608921,P8814,02048359-n
Q3608921,P5063,i46138
Q61883572,P8814,02048699-n
Q61883572,P5063,i46140
Q132913,P8814,02049267-n
Q132913,P5063,i46144
Q50698074,P8814,02050896-n
Q50698074,P5063,i46156
Q2814783,P8814,02051168-n
Q2814783,P5063,i46158
Q21666,P8814,02051486-n
Q21666,P5063,i46160
Q20604429,P8814,02051953-n
Q20604429,P5063,i46163
Q1237815,P8814,02052509-n
Q1237815,P5063,i46166
Q11846678,P8814,02054355-n
Q11846678,P5063,i46176
Q15631713,P8814,02055165-n
Q15631713,P5063,i46181
Q203472,P8814,02055293-n
Q203472,P5063,i46182
Q208492,P8814,02055590-n
Q208492,P5063,i46184
Q3901247,P8814,02056374-n
Q3901247,P5063,i46189
Q13168473,P8814,02057030-n
Q13168473,P5063,i46193
Q17189371,P8814,02057488-n
Q17189371,P5063,i46196
Q19264,P8814,02057620-n
Q19264,P5063,i46197
Q12198609,P8814,02057934-n
Q12198609,P5063,i46199
Q609432,P8814,02058745-n
Q609432,P5063,i46203
Q652976,P8814,02059075-n
Q652976,P5063,i46205
Q902912,P8814,02059527-n
Q902912,P5063,i46208
Q591480,P8814,02059862-n
Q591480,P5063,i46210
Q905872,P8814,02061107-n
Q905872,P5063,i46217
Q598979,P8814,02062376-n
Q598979,P5063,i46224
Q311224,P8814,02062669-n
Q311224,P5063,i46226
Q858279,P8814,02062943-n
Q858279,P5063,i46228
Q193404,P8814,02063372-n
Q193404,P5063,i46231
Q10770062,P8814,02063726-n
Q10770062,P5063,i46233
Q2347332,P8814,02064078-n
Q2347332,P5063,i46235
Q18325201,P8814,02064369-n
Q18325201,P5063,i46237
Q782603,P8814,02066169-n
Q782603,P5063,i46245
Q4820658,P8814,02066499-n
Q4820658,P5063,i46247
Q133320,P8814,02067261-n
Q133320,P5063,i46251
Q12771348,P8814,02068252-n
Q12771348,P5063,i46256
Q12778450,P8814,02068739-n
Q12778450,P5063,i46259
Q3382003,P8814,02069753-n
Q3382003,P5063,i46264
Q244293,P8814,02070115-n
Q244293,P5063,i46266
Q193106,P8814,02070594-n
Q193106,P5063,i46269
Q949450,P8814,02071061-n
Q949450,P5063,i46271
Q149069,P8814,02072221-n
Q149069,P5063,i46277
Q15631679,P8814,02073575-n
Q15631679,P5063,i46285
Q459616,P8814,02074158-n
Q459616,P5063,i46289
Q18510798,P8814,02075007-n
Q18510798,P5063,i46294
Q16628343,P8814,02075317-n
Q16628343,P5063,i46296
Q10827895,P8814,02076184-n
Q10827895,P5063,i46301
Q42797,P8814,02076331-n
Q42797,P5063,i46302
Q10978076,P8814,02076866-n
Q10978076,P5063,i46305
Q19817140,P8814,02080811-n
Q19817140,P5063,i46325
Q135911,P8814,02081088-n
Q135911,P5063,i46327
Q18520866,P8814,02081534-n
Q18520866,P5063,i46330
Q878742,P8814,02082358-n
Q878742,P5063,i46334
Q19817285,P8814,02082674-n
Q19817285,P5063,i46336
Q19817175,P8814,02083238-n
Q19817175,P5063,i46340
Q19817156,P8814,02083586-n
Q19817156,P5063,i46342
Q5361186,P8814,02084075-n
Q5361186,P5063,i46345
Q1082523,P8814,02085010-n
Q1082523,P5063,i46351
Q1975774,P8814,02085284-n
Q1975774,P5063,i46353
Q25324,P8814,02085690-n
Q25324,P5063,i46355
Q149892,P8814,02086515-n
Q149892,P5063,i46359
Q19817116,P8814,02118427-n
Q19817116,P5063,i46558
Q12061410,P8814,02119282-n
Q12061410,P5063,i46564
Q1417638,P8814,02120021-n
Q1417638,P5063,i46568
Q10750855,P8814,02120424-n
Q10750855,P5063,i46571
Q18510844,P8814,02120710-n
Q18510844,P5063,i46573
Q185194,P8814,02121506-n
Q185194,P5063,i46578
Q223410,P8814,02122613-n
Q223410,P5063,i46585
Q25265,P8814,02123344-n
Q25265,P5063,i46590
Q677014,P8814,02129603-n
Q677014,P5063,i46628
Q127960,P8814,02130772-n
Q127960,P5063,i46636
Q188717,P8814,02133447-n
Q188717,P5063,i46653
Q134562,P8814,02133728-n
Q134562,P5063,i46655
Q11788,P8814,02134070-n
Q11788,P5063,i46657
Q243359,P8814,02134594-n
Q243359,P5063,i46659
Q17484766,P8814,02136892-n
Q17484766,P5063,i46672
Q19817086,P8814,02138378-n
Q19817086,P5063,i46679
Q19817059,P8814,02138633-n
Q19817059,P5063,i46681
Q19817088,P8814,02139275-n
Q19817088,P5063,i46685
Q43221,P8814,02139553-n
Q43221,P5063,i46687
Q19817081,P8814,02139824-n
Q19817081,P5063,i46689
Q312207,P8814,02140080-n
Q312207,P5063,i46691
Q19817113,P8814,02140975-n
Q19817113,P5063,i46697
Q1241332,P8814,02142566-n
Q1241332,P5063,i46705
Q1754955,P8814,02143009-n
Q1754955,P5063,i46709
Q311701,P8814,02143371-n
Q311701,P5063,i46711
Q1303312,P8814,02145227-n
Q1303312,P5063,i46720
Q10747561,P8814,02145645-n
Q10747561,P5063,i46723
Q604995,P8814,02146246-n
Q604995,P5063,i46727
Q10811563,P8814,02146762-n
Q10811563,P5063,i46730
Q841327,P8814,02147094-n
Q841327,P5063,i46732
Q221073,P8814,02147444-n
Q221073,P5063,i46734
Q1762568,P8814,02148419-n
Q1762568,P5063,i46738
Q116317,P8814,02148716-n
Q116317,P5063,i46740
Q223384,P8814,02149178-n
Q223384,P5063,i46743
Q736473,P8814,02149686-n
Q736473,P5063,i46746
Q10734383,P8814,02150104-n
Q10734383,P5063,i46749
Q10759438,P8814,02151029-n
Q10759438,P5063,i46755
Q607105,P8814,02151949-n
Q607105,P5063,i46761
Q371577,P8814,02152668-n
Q371577,P5063,i46765
Q190691,P8814,02152958-n
Q190691,P5063,i46767
Q10755826,P8814,02153760-n
Q10755826,P5063,i46771
Q754029,P8814,02164389-n
Q754029,P5063,i46830
Q205301,P8814,02164596-n
Q205301,P5063,i46831
Q931119,P8814,02165056-n
Q931119,P5063,i46833
Q1953041,P8814,02165483-n
Q1953041,P5063,i46835
Q22671,P8814,02166634-n
Q22671,P5063,i46841
Q16718297,P8814,02167625-n
Q16718297,P5063,i46843
Q2665200,P8814,02168406-n
Q2665200,P5063,i46847
Q1952379,P8814,02169088-n
Q1952379,P5063,i46851
Q21445747,P8814,02169326-n
Q21445747,P5063,i46853
Q27046,P8814,02169638-n
Q27046,P5063,i46855
Q137381,P8814,02170027-n
Q137381,P5063,i46857
Q25420,P8814,02170773-n
Q25420,P5063,i46862
Q193407,P8814,02171997-n
Q193407,P5063,i46870
Q602990,P8814,02172485-n
Q602990,P5063,i46873
Q220932,P8814,02172921-n
Q220932,P5063,i46875
Q377988,P8814,02173500-n
Q377988,P5063,i46879
Q186946,P8814,02174285-n
Q186946,P5063,i46884
Q771526,P8814,02175039-n
Q771526,P5063,i46887
Q2235787,P8814,02176223-n
Q2235787,P5063,i46895
Q1780303,P8814,02177173-n
Q1780303,P5063,i46900
Q14863800,P8814,02177522-n
Q14863800,P5063,i46902
Q608094,P8814,02178092-n
Q608094,P5063,i46905
Q208786,P8814,02178443-n
Q208786,P5063,i46907
Q327149,P8814,02179720-n
Q327149,P5063,i46915
Q574725,P8814,02180296-n
Q574725,P5063,i46919
Q1382301,P8814,02181215-n
Q1382301,P5063,i46924
Q12379653,P8814,02182081-n
Q12379653,P5063,i46930
Q310770,P8814,02182366-n
Q310770,P5063,i46931
Q3013151,P8814,02182698-n
Q3013151,P5063,i46933
Q467400,P8814,02183394-n
Q467400,P5063,i46936
Q615799,P8814,02183665-n
Q615799,P5063,i46938
Q4273216,P8814,02184251-n
Q4273216,P5063,i46941
Q13167641,P8814,02184515-n
Q13167641,P5063,i46943
Q2926499,P8814,02184872-n
Q2926499,P5063,i46945
Q1645100,P8814,02185150-n
Q1645100,P5063,i46947
Q1431435,P8814,02185448-n
Q1431435,P5063,i46949
Q467392,P8814,02186005-n
Q467392,P5063,i46952
Q26870,P8814,02186349-n
Q26870,P5063,i46954
Q4116982,P8814,02186766-n
Q4116982,P5063,i46956
Q13655191,P8814,02186922-n
Q13655191,P5063,i46957
Q21224264,P8814,02187533-n
Q21224264,P5063,i46961
Q7257036,P8814,02187659-n
Q7257036,P5063,i46962
Q919938,P8814,02187989-n
Q919938,P5063,i46964
Q18095959,P8814,02188346-n
Q18095959,P5063,i46966
Q1946989,P8814,02189051-n
Q1946989,P5063,i46970
Q2120770,P8814,02189238-n
Q2120770,P5063,i46971
Q15631005,P8814,02190079-n
Q15631005,P5063,i46977
Q10479055,P8814,02190411-n
Q10479055,P5063,i46979
Q6797107,P8814,02192187-n
Q6797107,P5063,i46985
Q527224,P8814,02192667-n
Q527224,P5063,i46988
Q145574,P8814,02193300-n
Q145574,P5063,i46991
Q5336147,P8814,02193615-n
Q5336147,P5063,i46993
Q2213438,P8814,02194269-n
Q2213438,P5063,i46997
Q4121093,P8814,02194779-n
Q4121093,P5063,i47000
Q1616496,P8814,02195040-n
Q1616496,P5063,i47002
Q235715,P8814,02195325-n
Q235715,P5063,i47004
Q17415640,P8814,02196009-n
Q17415640,P5063,i47008
Q13553844,P8814,02196148-n
Q13553844,P5063,i47009
Q5196747,P8814,02196451-n
Q5196747,P5063,i47011
Q14698598,P8814,02196607-n
Q14698598,P5063,i47012
Q18108621,P8814,02196730-n
Q18108621,P5063,i47013
Q15629945,P8814,02197066-n
Q15629945,P5063,i47015
Q7078713,P8814,02197251-n
Q7078713,P5063,i47016
Q9295520,P8814,02197539-n
Q9295520,P5063,i47018
Q676390,P8814,02198345-n
Q676390,P5063,i47023
Q837089,P8814,02198648-n
Q837089,P5063,i47025
Q3541211,P8814,02199194-n
Q3541211,P5063,i47028
Q2946369,P8814,02199700-n
Q2946369,P5063,i47031
Q7186141,P8814,02200673-n
Q7186141,P5063,i47037
Q256346,P8814,02200984-n
Q256346,P5063,i47039
Q3007506,P8814,02201648-n
Q3007506,P5063,i47043
Q5638206,P8814,02202004-n
Q5638206,P5063,i47045
Q310911,P8814,02203357-n
Q310911,P5063,i47052
Q14551414,P8814,02205530-n
Q14551414,P5063,i47064
Q228145,P8814,02205660-n
Q228145,P5063,i47065
Q2704714,P8814,02205984-n
Q2704714,P5063,i47067
Q1697984,P8814,02206109-n
Q1697984,P5063,i47068
Q753860,P8814,02206391-n
Q753860,P5063,i47070
Q1709478,P8814,02206736-n
Q1709478,P5063,i47072
Q582991,P8814,02207112-n
Q582991,P5063,i47074
Q7433428,P8814,02207237-n
Q7433428,P5063,i47075
Q3280744,P8814,02208175-n
Q3280744,P5063,i47081
Q22651,P8814,02208548-n
Q22651,P5063,i47083
Q1165550,P8814,02211882-n
Q1165550,P5063,i47099
Q25407,P8814,02212160-n
Q25407,P5063,i47101
Q42274677,P8814,02212407-n
Q42274677,P5063,i47103
Q853287,P8814,02212748-n
Q853287,P5063,i47105
Q4045452,P8814,02213219-n
Q4045452,P5063,i47108
Q530200,P8814,02213751-n
Q530200,P5063,i47111
Q261844,P8814,02213935-n
Q261844,P5063,i47112
Q1460174,P8814,02214425-n
Q1460174,P5063,i47115
Q1955518,P8814,02216619-n
Q1955518,P5063,i47128
Q1524207,P8814,02216855-n
Q1524207,P5063,i47130
Q132833,P8814,02217986-n
Q132833,P5063,i47137
Q139681,P8814,02218148-n
Q139681,P5063,i47138
Q1836615,P8814,02218593-n
Q1836615,P5063,i47141
Q2710050,P8814,02218718-n
Q2710050,P5063,i47142
Q18100234,P8814,02219702-n
Q18100234,P5063,i47148
Q2846870,P8814,02219853-n
Q2846870,P5063,i47149
Q13635343,P8814,02220649-n
Q13635343,P5063,i47153
Q157875,P8814,02223328-n
Q157875,P5063,i47168
Q1075697,P8814,02223612-n
Q1075697,P5063,i47170
Q117160,P8814,02224851-n
Q117160,P5063,i47178
Q13582623,P8814,02225803-n
Q13582623,P5063,i47184
Q1074282,P8814,02226346-n
Q1074282,P5063,i47187
Q1953004,P8814,02226793-n
Q1953004,P5063,i47190
Q11988630,P8814,02226975-n
Q11988630,P5063,i47191
Q6785606,P8814,02227118-n
Q6785606,P5063,i47192
Q4036734,P8814,02228229-n
Q4036734,P5063,i47198
Q7618284,P8814,02229250-n
Q7618284,P5063,i47203
Q15122569,P8814,02229771-n
Q15122569,P5063,i47206
Q6811522,P8814,02230082-n
Q6811522,P5063,i47208
Q727919,P8814,02230425-n
Q727919,P5063,i47210
Q10409546,P8814,02231217-n
Q10409546,P5063,i47214
Q1956922,P8814,02231526-n
Q1956922,P5063,i47216
Q13409318,P8814,02231675-n
Q13409318,P5063,i47217
Q4033254,P8814,02232519-n
Q4033254,P5063,i47222
Q150934,P8814,02233007-n
Q150934,P5063,i47225
Q577953,P8814,02233959-n
Q577953,P5063,i47230
Q282198,P8814,02234582-n
Q282198,P5063,i47234
Q2625244,P8814,02234738-n
Q2625244,P5063,i47235
Q3079510,P8814,02236419-n
Q3079510,P5063,i47243
Q264976,P8814,02236833-n
Q264976,P5063,i47245
Q10431102,P8814,02237371-n
Q10431102,P5063,i47248
Q2593227,P8814,02237730-n
Q2593227,P5063,i47250
Q21069200,P8814,02237973-n
Q21069200,P5063,i47252
Q507307,P8814,02238563-n
Q507307,P5063,i47256
Q7207293,P8814,02240382-n
Q7207293,P5063,i47265
Q3024203,P8814,02240765-n
Q3024203,P5063,i47267
Q1472961,P8814,02241126-n
Q1472961,P5063,i47270
Q10431364,P8814,02241725-n
Q10431364,P5063,i47274
Q10452938,P8814,02243029-n
Q10452938,P5063,i47283
Q3767510,P8814,02243504-n
Q3767510,P5063,i47286
Q6994314,P8814,02245321-n
Q6994314,P5063,i47296
Q1154489,P8814,02245468-n
Q1154489,P5063,i47297
Q5170727,P8814,02245717-n
Q5170727,P5063,i47299
Q3761252,P8814,02246003-n
Q3761252,P5063,i47301
Q10504469,P8814,02246396-n
Q10504469,P5063,i47303
Q768510,P8814,02246659-n
Q768510,P5063,i47305
Q1889325,P8814,02247048-n
Q1889325,P5063,i47307
Q15707964,P8814,02247322-n
Q15707964,P5063,i47309
Q10478309,P8814,02247891-n
Q10478309,P5063,i47313
Q2150614,P8814,02249139-n
Q2150614,P5063,i47318
Q2767258,P8814,02250015-n
Q2767258,P5063,i47324
Q1632202,P8814,02251396-n
Q1632202,P5063,i47332
Q775953,P8814,02251663-n
Q775953,P5063,i47334
Q373290,P8814,02252017-n
Q373290,P5063,i47337
Q1458247,P8814,02252325-n
Q1458247,P5063,i47339
Q18549936,P8814,02252647-n
Q18549936,P5063,i47341
Q677616,P8814,02252785-n
Q677616,P5063,i47342
Q10632934,P8814,02254104-n
Q10632934,P5063,i47349
Q10488197,P8814,02256244-n
Q10488197,P5063,i47362
Q7247417,P8814,02256762-n
Q7247417,P5063,i47365
Q10631863,P8814,02257796-n
Q10631863,P5063,i47372
Q2671139,P8814,02258219-n
Q2671139,P5063,i47375
Q18104594,P8814,02258350-n
Q18104594,P5063,i47376
Q18347690,P8814,02259194-n
Q18347690,P5063,i47381
Q7800449,P8814,02259534-n
Q7800449,P5063,i47383
Q49664,P8814,02259801-n
Q49664,P5063,i47385
Q1949240,P8814,02260717-n
Q1949240,P5063,i47390
Q33134010,P8814,02261562-n
Q33134010,P5063,i47396
Q3430220,P8814,02263275-n
Q3430220,P5063,i47406
Q10563111,P8814,02263938-n
Q10563111,P5063,i47410
Q17560372,P8814,02264282-n
Q17560372,P5063,i47412
Q1194030,P8814,02264976-n
Q1194030,P5063,i47417
Q11787636,P8814,02266500-n
Q11787636,P5063,i47424
Q790667,P8814,02267829-n
Q790667,P5063,i47432
Q1936061,P8814,02268369-n
Q1936061,P5063,i47435
Q929599,P8814,02269671-n
Q929599,P5063,i47443
Q226951,P8814,02272481-n
Q226951,P5063,i47460
Q1066550,P8814,02272978-n
Q1066550,P5063,i47463
Q7783129,P8814,02273462-n
Q7783129,P5063,i47466
Q134098,P8814,02273739-n
Q134098,P5063,i47468
Q3752044,P8814,02274804-n
Q3752044,P5063,i47474
Q7798266,P8814,02275080-n
Q7798266,P5063,i47476
Q1931619,P8814,02275772-n
Q1931619,P5063,i47480
Q3024850,P8814,02275906-n
Q3024850,P5063,i47481
Q28319,P8814,02276197-n
Q28319,P5063,i47483
Q32440,P8814,02278024-n
Q32440,P5063,i47488
Q311218,P8814,02278573-n
Q311218,P5063,i47491
Q1064168,P8814,02279179-n
Q1064168,P5063,i47495
Q612468,P8814,02280208-n
Q612468,P5063,i47501
Q2716199,P8814,02280995-n
Q2716199,P5063,i47506
Q286622,P8814,02281253-n
Q286622,P5063,i47508
Q1083863,P8814,02281356-n
Q1083863,P5063,i47509
Q13135251,P8814,02281779-n
Q13135251,P5063,i47512
Q3013286,P8814,02282094-n
Q3013286,P5063,i47514
Q662991,P8814,02282471-n
Q662991,P5063,i47516
Q997547,P8814,02283497-n
Q997547,P5063,i47521
Q258719,P8814,02284639-n
Q258719,P5063,i47528
Q1354777,P8814,02285368-n
Q1354777,P5063,i47532
Q1311036,P8814,02287019-n
Q1311036,P5063,i47540
Q10768136,P8814,02287165-n
Q10768136,P5063,i47541
Q23072903,P8814,02287704-n
Q23072903,P5063,i47545
Q162734,P8814,02288011-n
Q162734,P5063,i47547
Q1315974,P8814,02288561-n
Q1315974,P5063,i47550
Q5410920,P8814,02288923-n
Q5410920,P5063,i47552
Q140563,P8814,02290128-n
Q140563,P5063,i47559
Q14867415,P8814,02291829-n
Q14867415,P5063,i47568
Q149486,P8814,02292118-n
Q149486,P5063,i47570
Q14846366,P8814,02292497-n
Q14846366,P5063,i47572
Q2473551,P8814,02294043-n
Q2473551,P5063,i47581
Q721100,P8814,02295502-n
Q721100,P5063,i47590
Q778491,P8814,02295787-n
Q778491,P5063,i47592
Q5121983,P8814,02296212-n
Q5121983,P5063,i47594
Q1062824,P8814,02298222-n
Q1062824,P5063,i47605
Q2450100,P8814,02298369-n
Q2450100,P5063,i47606
Q587379,P8814,02299132-n
Q587379,P5063,i47611
Q5105108,P8814,02299408-n
Q5105108,P5063,i47613
Q15647093,P8814,02299779-n
Q15647093,P5063,i47615
Q2492887,P8814,02300287-n
Q2492887,P5063,i47618
Q157683,P8814,02301031-n
Q157683,P5063,i47623
Q134774,P8814,02301485-n
Q134774,P5063,i47625
Q312009,P8814,02302367-n
Q312009,P5063,i47630
Q1325847,P8814,02304434-n
Q1325847,P5063,i47639
Q27868,P8814,02304776-n
Q27868,P5063,i47641
Q134540,P8814,02305505-n
Q134540,P5063,i47645
Q310032,P8814,02305819-n
Q310032,P5063,i47647
Q1759132,P8814,02306100-n
Q1759132,P5063,i47649
Q44776,P8814,02306569-n
Q44776,P5063,i47652
Q135431,P8814,02306881-n
Q135431,P5063,i47654
Q26260766,P8814,02307619-n
Q26260766,P5063,i47658
Q15043775,P8814,02307897-n
Q15043775,P5063,i47660
Q2934200,P8814,02308451-n
Q2934200,P5063,i47663
Q3218309,P8814,02309324-n
Q3218309,P5063,i47667
Q10790185,P8814,02309659-n
Q10790185,P5063,i47669
Q205712,P8814,02318348-n
Q205712,P5063,i47717
Q59256,P8814,02320140-n
Q59256,P5063,i47726
Q21444553,P8814,02321089-n
Q21444553,P5063,i47731
Q2868606,P8814,02321190-n
Q2868606,P5063,i47732
Q1071960,P8814,02322075-n
Q1071960,P5063,i47738
Q631141,P8814,02322341-n
Q631141,P5063,i47740
Q18606085,P8814,02322991-n
Q18606085,P5063,i47744
Q2852646,P8814,02323273-n
Q2852646,P5063,i47746
Q19819363,P8814,02323421-n
Q19819363,P5063,i47747
Q2852647,P8814,02323540-n
Q2852647,P5063,i47748
Q18602072,P8814,02323714-n
Q18602072,P5063,i47749
Q2490529,P8814,02324411-n
Q2490529,P5063,i47753
Q1408044,P8814,02324555-n
Q1408044,P5063,i47754
Q10803279,P8814,02327369-n
Q10803279,P5063,i47770
Q748448,P8814,02327863-n
Q748448,P5063,i47772
Q4364126,P8814,02330922-n
Q4364126,P5063,i47788
Q25916,P8814,02334131-n
Q25916,P5063,i47800
Q39275,P8814,02334612-n
Q39275,P5063,i47802
Q2895175,P8814,02334967-n
Q2895175,P5063,i47804
Q739059,P8814,02335258-n
Q739059,P5063,i47806
Q36396,P8814,02336020-n
Q36396,P5063,i47810
Q930095,P8814,02336731-n
Q930095,P5063,i47815
Q738245,P8814,02336989-n
Q738245,P5063,i47817
Q782974,P8814,02337261-n
Q782974,P5063,i47819
Q193061,P8814,02338001-n
Q193061,P5063,i47825
Q469583,P8814,02340132-n
Q469583,P5063,i47835
Q12829163,P8814,02340681-n
Q12829163,P5063,i47839
Q10797614,P8814,02340971-n
Q10797614,P5063,i47841
Q609460,P8814,02341244-n
Q609460,P5063,i47843
Q50577682,P8814,02343465-n
Q50577682,P5063,i47854
Q539670,P8814,02344457-n
Q539670,P5063,i47860
Q11842375,P8814,02344761-n
Q11842375,P5063,i47862
Q847196,P8814,02345065-n
Q847196,P5063,i47864
Q10750831,P8814,02345379-n
Q10750831,P5063,i47866
Q389919,P8814,02345839-n
Q389919,P5063,i47869
Q517079,P8814,02346285-n
Q517079,P5063,i47872
Q941160,P8814,02346658-n
Q941160,P5063,i47874
Q12263990,P8814,02347865-n
Q12263990,P5063,i47882
Q370070,P8814,02348123-n
Q370070,P5063,i47884
Q339937,P8814,02348542-n
Q339937,P5063,i47887
Q302006,P8814,02349475-n
Q302006,P5063,i47892
Q780143,P8814,02349792-n
Q780143,P5063,i47894
Q10827991,P8814,02350095-n
Q10827991,P5063,i47896
Q732499,P8814,02350688-n
Q732499,P5063,i47900
Q607610,P8814,02351057-n
Q607610,P5063,i47902
Q912104,P8814,02352382-n
Q912104,P5063,i47908
Q922132,P8814,02353189-n
Q922132,P5063,i47913
Q13174621,P8814,02353497-n
Q13174621,P5063,i47915
Q524430,P8814,02353864-n
Q524430,P5063,i47917
Q12256276,P8814,02354338-n
Q12256276,P5063,i47920
Q1072121,P8814,02354827-n
Q1072121,P5063,i47923
Q12263932,P8814,02355689-n
Q12263932,P5063,i47929
Q1094704,P8814,02357122-n
Q1094704,P5063,i47938
Q935907,P8814,02359932-n
Q935907,P5063,i47951
Q199251,P8814,02360393-n
Q199251,P5063,i47954
Q30359,P8814,02361856-n
Q30359,P5063,i47962
Q22364,P8814,02362427-n
Q22364,P5063,i47966
Q5414381,P8814,02362787-n
Q5414381,P5063,i47968
Q1010970,P8814,02363295-n
Q1010970,P5063,i47971
Q1080535,P8814,02365072-n
Q1080535,P5063,i47982
Q1887673,P8814,02366333-n
Q1887673,P5063,i47990
Q10734562,P8814,02366470-n
Q10734562,P5063,i47991
Q685772,P8814,02366873-n
Q685772,P5063,i47993
Q24188433,P8814,02367896-n
Q24188433,P5063,i48000
Q902454,P8814,02368008-n
Q902454,P5063,i48001
Q651787,P8814,02369354-n
Q651787,P5063,i48010
Q10795801,P8814,02369477-n
Q10795801,P5063,i48011
Q650915,P8814,02369783-n
Q650915,P5063,i48013
Q1195501,P8814,02370330-n
Q1195501,P5063,i48016
Q480789,P8814,02370932-n
Q480789,P5063,i48020
Q951670,P8814,02371339-n
Q951670,P5063,i48023
Q750383,P8814,02371664-n
Q750383,P5063,i48025
Q791322,P8814,02371822-n
Q791322,P5063,i48026
Q12259103,P8814,02372076-n
Q12259103,P5063,i48028
Q132815,P8814,02374123-n
Q132815,P5063,i48039
Q2663297,P8814,02374299-n
Q2663297,P5063,i48040
Q25374,P8814,02375745-n
Q25374,P5063,i48049
Q27022,P8814,02376495-n
Q27022,P5063,i48052
Q5762446,P8814,02395362-n
Q5762446,P5063,i48185
Q18511101,P8814,02395676-n
Q18511101,P5063,i48187
Q128001,P8814,02396097-n
Q128001,P5063,i48190
Q10798,P8814,02397896-n
Q10798,P5063,i48198
Q3645260,P8814,02399622-n
Q3645260,P5063,i48209
Q10824139,P8814,02400029-n
Q10824139,P5063,i48212
Q213336,P8814,02400904-n
Q213336,P5063,i48217
Q629680,P8814,02401038-n
Q629680,P5063,i48218
Q237993,P8814,02404313-n
Q237993,P5063,i48230
Q83521,P8814,02410863-n
Q83521,P5063,i48271
Q122848966,P8814,02411549-n
Q122848966,P5063,i48275
Q10822466,P8814,02412015-n
Q10822466,P5063,i48278
Q21441827,P8814,02412348-n
Q21441827,P5063,i48280
Q19817365,P8814,02413721-n
Q19817365,P5063,i48288
Q10732899,P8814,02418617-n
Q10732899,P5063,i48321
Q172923,P8814,02419056-n
Q172923,P5063,i48324
Q1370188,P8814,02421294-n
Q1370188,P5063,i48339
Q912026,P8814,02421863-n
Q912026,P5063,i48343
Q10741556,P8814,02422161-n
Q10741556,P5063,i48345
Q1416078,P8814,02423035-n
Q1416078,P5063,i48348
Q19817358,P8814,02423321-n
Q19817358,P5063,i48350
Q10730701,P8814,02423640-n
Q10730701,P5063,i48352
Q2086371,P8814,02424895-n
Q2086371,P5063,i48360
Q10730799,P8814,02425207-n
Q10730799,P5063,i48362
Q10734306,P8814,02426111-n
Q10734306,P5063,i48368
Q311375,P8814,02426433-n
Q311375,P5063,i48370
Q10740872,P8814,02428039-n
Q10740872,P5063,i48379
Q516624,P8814,02428402-n
Q516624,P5063,i48381
Q3016753,P8814,02428700-n
Q3016753,P5063,i48383
Q2345033,P8814,02428985-n
Q2345033,P5063,i48385
Q550036,P8814,02429983-n
Q550036,P5063,i48391
Q11830630,P8814,02431299-n
Q11830630,P5063,i48400
Q3581369,P8814,02431769-n
Q3581369,P5063,i48402
Q19817351,P8814,02431922-n
Q19817351,P5063,i48403
Q10731891,P8814,02435513-n
Q10731891,P5063,i48423
Q912336,P8814,02435836-n
Q912336,P5063,i48425
Q1043583,P8814,02436057-n
Q1043583,P5063,i48427
Q15303567,P8814,02436427-n
Q15303567,P5063,i48430
Q911770,P8814,02437229-n
Q911770,P5063,i48434
Q3866060,P8814,02437730-n
Q3866060,P5063,i48438
Q10758204,P8814,02438017-n
Q10758204,P5063,i48440
Q1987747,P8814,02438698-n
Q1987747,P5063,i48444
Q19817324,P8814,02439145-n
Q19817324,P5063,i48447
Q135022,P8814,02439444-n
Q135022,P5063,i48449
Q753853,P8814,02440456-n
Q753853,P5063,i48455
Q2703941,P8814,02441083-n
Q2703941,P5063,i48459
Q186154,P8814,02441405-n
Q186154,P5063,i48461
Q1872039,P8814,02441917-n
Q1872039,P5063,i48464
Q10808040,P8814,02446314-n
Q10808040,P5063,i48487
Q446882,P8814,02447278-n
Q446882,P5063,i48494
Q5832825,P8814,02447907-n
Q5832825,P5063,i48498
Q11950979,P8814,02450222-n
Q11950979,P5063,i48511
Q1345042,P8814,02450527-n
Q1345042,P5063,i48513
Q13564654,P8814,02450831-n
Q13564654,P5063,i48515
Q1366503,P8814,02451133-n
Q1366503,P5063,i48517
Q11906411,P8814,02451385-n
Q11906411,P5063,i48519
Q16894566,P8814,02451691-n
Q16894566,P5063,i48521
Q25606482,P8814,02452095-n
Q25606482,P5063,i48524
Q756008,P8814,02452213-n
Q756008,P5063,i48525
Q15631638,P8814,02453923-n
Q15631638,P5063,i48536
Q47867,P8814,02456750-n
Q47867,P5063,i48553
Q902499,P8814,02457288-n
Q902499,P5063,i48555
Q1080942,P8814,02457630-n
Q1080942,P5063,i48557
Q10759617,P8814,02458215-n
Q10759617,P5063,i48561
Q10808428,P8814,02458518-n
Q10808428,P5063,i48563
Q19816366,P8814,02458778-n
Q19816366,P5063,i48565
Q4999415,P8814,02459136-n
Q4999415,P5063,i48567
Q15407789,P8814,02459407-n
Q15407789,P5063,i48569
Q3259942,P8814,02460217-n
Q3259942,P5063,i48573
Q511079,P8814,02460387-n
Q511079,P5063,i48574
Q784732,P8814,02460987-n
Q784732,P5063,i48577
Q310387,P8814,02461306-n
Q310387,P5063,i48579
Q1749282,P8814,02461632-n
Q1749282,P5063,i48581
Q206538,P8814,02462439-n
Q206538,P5063,i48586
Q10795875,P8814,02462906-n
Q10795875,P5063,i48588
Q19816375,P8814,02463315-n
Q19816375,P5063,i48590
Q9027425,P8814,02464187-n
Q9027425,P5063,i48595
Q25397,P8814,02464332-n
Q25397,P5063,i48596
Q7380,P8814,02472219-n
Q7380,P5063,i48645
Q56425569,P8814,02478705-n
Q56425569,P5063,i48674
Q131637,P8814,02480521-n
Q131637,P5063,i48685
Q14516253,P8814,02481047-n
Q14516253,P5063,i48688
Q138078,P8814,02481170-n
Q138078,P5063,i48689
Q18604603,P8814,02481836-n
Q18604603,P5063,i48693
Q3396223,P8814,02482527-n
Q3396223,P5063,i48697
Q36611,P8814,02483304-n
Q36611,P5063,i48701
Q80174,P8814,02484260-n
Q80174,P5063,i48707
Q185939,P8814,02485451-n
Q185939,P5063,i48713
Q1962797,P8814,02486195-n
Q1962797,P5063,i48717
Q182968,P8814,02486546-n
Q182968,P5063,i48719
Q1070855,P8814,02488496-n
Q1070855,P5063,i48728
Q10758998,P8814,02488769-n
Q10758998,P5063,i48730
Q798426,P8814,02489418-n
Q798426,P5063,i48735
Q857471,P8814,02490780-n
Q857471,P5063,i48744
Q3336165,P8814,02491691-n
Q3336165,P5063,i48750
Q574338,P8814,02492661-n
Q574338,P5063,i48754
Q19826010,P8814,02493317-n
Q19826010,P5063,i48758
Q25384537,P8814,02493595-n
Q25384537,P5063,i48760
Q425707,P8814,02494221-n
Q425707,P5063,i48764
Q8447051,P8814,02494537-n
Q8447051,P5063,i48765
Q469636,P8814,02494871-n
Q469636,P5063,i48767
Q841159,P8814,02495464-n
Q841159,P5063,i48771
Q1048171,P8814,02495740-n
Q1048171,P5063,i48773
Q203649,P8814,02496021-n
Q203649,P5063,i48775
Q258244,P8814,02496304-n
Q258244,P5063,i48777
Q309200,P8814,02496605-n
Q309200,P5063,i48779
Q1061113,P8814,02496888-n
Q1061113,P5063,i48781
Q231550,P8814,02497169-n
Q231550,P5063,i48783
Q10809520,P8814,02498077-n
Q10809520,P5063,i48787
Q2340126,P8814,02500181-n
Q2340126,P5063,i48796
Q12358399,P8814,02500463-n
Q12358399,P5063,i48798
Q368623,P8814,02500986-n
Q368623,P5063,i48801
Q3259581,P8814,02501251-n
Q3259581,P5063,i48802
Q74941,P8814,02501519-n
Q74941,P5063,i48804
Q1019157,P8814,02502065-n
Q1019157,P5063,i48808
Q285214,P8814,02502331-n
Q285214,P5063,i48810
Q175626,P8814,02502621-n
Q175626,P5063,i48812
Q19816385,P8814,02502775-n
Q19816385,P5063,i48813
Q1064408,P8814,02503103-n
Q1064408,P5063,i48815
Q60205,P8814,02504063-n
Q60205,P5063,i48820
Q183383,P8814,02504716-n
Q183383,P5063,i48824
Q11762767,P8814,02504843-n
Q11762767,P5063,i48825
Q10751360,P8814,02504988-n
Q10751360,P5063,i48826
Q2372824,P8814,02505944-n
Q2372824,P5063,i48831
Q310746,P8814,02506499-n
Q310746,P5063,i48834
Q185038,P8814,02506954-n
Q185038,P5063,i48837
Q2701841,P8814,02507973-n
Q2701841,P5063,i48843
Q192272,P8814,02508440-n
Q192272,P5063,i48846
Q132604,P8814,02509261-n
Q132604,P5063,i48850
Q10808340,P8814,02511702-n
Q10808340,P5063,i48863
Q148628,P8814,02512036-n
Q148628,P5063,i48865
Q19817309,P8814,02512325-n
Q19817309,P5063,i48867
Q104468335,P8814,02512696-n
Q104468335,P5063,i48869
Q535979,P8814,02512871-n
Q535979,P5063,i48870
Q503788,P8814,02516829-n
Q503788,P5063,i48891
Q3218487,P8814,02518041-n
Q3218487,P5063,i48897
Q133019,P8814,02518191-n
Q133019,P5063,i48898
Q3544436,P8814,02519058-n
Q3544436,P5063,i48902
Q782345,P8814,02519625-n
Q782345,P5063,i48906
Q150645,P8814,02520809-n
Q150645,P5063,i48911
Q1883238,P8814,02521119-n
Q1883238,P5063,i48913
Q578666,P8814,02521444-n
Q578666,P5063,i48915
Q601085,P8814,02521621-n
Q601085,P5063,i48916
Q18677545,P8814,02522646-n
Q18677545,P5063,i48923
Q663380,P8814,02523022-n
Q663380,P5063,i48925
Q2141569,P8814,02523616-n
Q2141569,P5063,i48929
Q208028,P8814,02524547-n
Q208028,P5063,i48934
Q248924,P8814,02524878-n
Q248924,P5063,i48935
Q11777489,P8814,02525621-n
Q11777489,P5063,i48940
Q15278263,P8814,02525969-n
Q15278263,P5063,i48942
Q17379593,P8814,02526381-n
Q17379593,P5063,i48945
Q733110,P8814,02527055-n
Q733110,P5063,i48949
Q2067751,P8814,02527442-n
Q2067751,P5063,i48952
Q1042112,P8814,02527643-n
Q1042112,P5063,i48954
Q13171457,P8814,02527918-n
Q13171457,P5063,i48956
Q766678,P8814,02528174-n
Q766678,P5063,i48958
Q212239,P8814,02529117-n
Q212239,P5063,i48963
Q9154612,P8814,02529304-n
Q9154612,P5063,i48964
Q126476679,P8814,02531165-n
Q126476679,P5063,i48973
Q14266423,P8814,02531580-n
Q14266423,P5063,i48974
Q22106396,P8814,02531742-n
Q22106396,P5063,i48975
Q27141,P8814,02532146-n
Q27141,P5063,i48977
Q344999,P8814,02532925-n
Q344999,P5063,i48981
Q107268960,P8814,02533993-n
Q107268960,P5063,i48987
Q4844347,P8814,02534134-n
Q4844347,P5063,i48988
Q209907,P8814,02534451-n
Q209907,P5063,i48990
Q15694866,P8814,02535706-n
Q15694866,P5063,i48997
Q13403032,P8814,02536055-n
Q13403032,P5063,i48999
Q192662,P8814,02536339-n
Q192662,P5063,i49001
Q281043,P8814,02536667-n
Q281043,P5063,i49003
Q310436,P8814,02537980-n
Q310436,P5063,i49011
Q782971,P8814,02541361-n
Q782971,P5063,i49028
Q311392,P8814,02541882-n
Q311392,P5063,i49030
Q2701013,P8814,02543268-n
Q2701013,P5063,i49038
Q18748434,P8814,02543770-n
Q18748434,P5063,i49041
Q15220778,P8814,02544062-n
Q15220778,P5063,i49043
Q1759766,P8814,02544214-n
Q1759766,P5063,i49044
Q3279738,P8814,02544793-n
Q3279738,P5063,i49048
Q2669163,P8814,02544914-n
Q2669163,P5063,i49049
Q2183754,P8814,02545435-n
Q2183754,P5063,i49052
Q12782074,P8814,02546717-n
Q12782074,P5063,i49060
Q546243,P8814,02547385-n
Q546243,P5063,i49064
Q1766674,P8814,02547591-n
Q1766674,P5063,i49065
Q135567,P8814,02548018-n
Q135567,P5063,i49067
Q16607623,P8814,02548200-n
Q16607623,P5063,i49068
Q2697754,P8814,02549504-n
Q2697754,P5063,i49077
Q643135,P8814,02550759-n
Q643135,P5063,i49083
Q867549,P8814,02551153-n
Q867549,P5063,i49085
Q329667,P8814,02552164-n
Q329667,P5063,i49091
Q1342872,P8814,02553947-n
Q1342872,P5063,i49101
Q3475985,P8814,02554125-n
Q3475985,P5063,i49102
Q61882741,P8814,02555368-n
Q61882741,P5063,i49106
Q19917281,P8814,02555525-n
Q19917281,P5063,i49107
Q797543,P8814,02558645-n
Q797543,P5063,i49113
Q2372331,P8814,02558826-n
Q2372331,P5063,i49114
Q746136,P8814,02559254-n
Q746136,P5063,i49116
Q600262,P8814,02559664-n
Q600262,P5063,i49118
Q107270743,P8814,02560092-n
Q107270743,P5063,i49121
Q2195856,P8814,02560710-n
Q2195856,P5063,i49125
Q134421,P8814,02560981-n
Q134421,P5063,i49127
Q35079527,P8814,02561611-n
Q35079527,P5063,i49131
Q3332482,P8814,02562237-n
Q3332482,P5063,i49135
Q2140510,P8814,02562605-n
Q2140510,P5063,i49137
Q787185,P8814,02563014-n
Q787185,P5063,i49140
Q1987393,P8814,02563454-n
Q1987393,P5063,i49142
Q251730,P8814,02566128-n
Q251730,P5063,i49157
Q605688,P8814,02568956-n
Q605688,P5063,i49172
Q2494913,P8814,02570115-n
Q2494913,P5063,i49178
Q281106,P8814,02570957-n
Q281106,P5063,i49183
Q1071020,P8814,02571267-n
Q1071020,P5063,i49185
Q284420,P8814,02571782-n
Q284420,P5063,i49188
Q2286852,P8814,02572669-n
Q2286852,P5063,i49194
Q1970835,P8814,02572943-n
Q1970835,P5063,i49196
Q2479995,P8814,02573665-n
Q2479995,P5063,i49200
Q2964100,P8814,02574117-n
Q2964100,P5063,i49203
Q728422,P8814,02574614-n
Q728422,P5063,i49206
Q773694,P8814,02575000-n
Q773694,P5063,i49208
Q779231,P8814,02575259-n
Q779231,P5063,i49210
Q2534510,P8814,02575706-n
Q2534510,P5063,i49213
Q12809595,P8814,02576037-n
Q12809595,P5063,i49215
Q10351126,P8814,02576194-n
Q10351126,P5063,i49216
Q13035888,P8814,02576549-n
Q13035888,P5063,i49218
Q14250612,P8814,02576724-n
Q14250612,P5063,i49219
Q239771,P8814,02577282-n
Q239771,P5063,i49222
Q2709145,P8814,02577799-n
Q2709145,P5063,i49224
Q107270439,P8814,02578086-n
Q107270439,P5063,i49226
Q139783,P8814,02579091-n
Q139783,P5063,i49230
Q15240873,P8814,02579922-n
Q15240873,P5063,i49235
Q2963482,P8814,02580454-n
Q2963482,P5063,i49239
Q671979,P8814,02580756-n
Q671979,P5063,i49241
Q1093514,P8814,02581235-n
Q1093514,P5063,i49244
Q17141301,P8814,02582686-n
Q17141301,P5063,i49253
Q745504,P8814,02583622-n
Q745504,P5063,i49259
Q903235,P8814,02583920-n
Q903235,P5063,i49261
Q13170001,P8814,02584434-n
Q13170001,P5063,i49264
Q1053062,P8814,02585222-n
Q1053062,P5063,i49269
Q33135518,P8814,02585550-n
Q33135518,P5063,i49271
Q134548,P8814,02586399-n
Q134548,P5063,i49276
Q132910,P8814,02586635-n
Q132910,P5063,i49278
Q972721,P8814,02586956-n
Q972721,P5063,i49280
Q1770703,P8814,02588760-n
Q1770703,P5063,i49289
Q849160,P8814,02589013-n
Q849160,P5063,i49291
Q139141,P8814,02589496-n
Q139141,P5063,i49293
Q2212925,P8814,02590391-n
Q2212925,P5063,i49298
Q772044,P8814,02591210-n
Q772044,P5063,i49302
Q432412,P8814,02593835-n
Q432412,P5063,i49317
Q1654733,P8814,02594123-n
Q1654733,P5063,i49319
Q2623566,P8814,02594387-n
Q2623566,P5063,i49321
Q13217680,P8814,02594874-n
Q13217680,P5063,i49324
Q2729463,P8814,02595237-n
Q2729463,P5063,i49326
Q19851071,P8814,02595496-n
Q19851071,P5063,i49328
Q1980894,P8814,02595983-n
Q1980894,P5063,i49331
Q216634,P8814,02596493-n
Q216634,P5063,i49334
Q145353,P8814,02597847-n
Q145353,P5063,i49340
Q14718316,P8814,02598199-n
Q14718316,P5063,i49342
Q2260146,P8814,02598532-n
Q2260146,P5063,i49344
Q2705026,P8814,02599222-n
Q2705026,P5063,i49348
Q2478227,P8814,02599518-n
Q2478227,P5063,i49350
Q135256,P8814,02599803-n
Q135256,P5063,i49352
Q17152657,P8814,02601068-n
Q17152657,P5063,i49359
Q14721204,P8814,02601377-n
Q14721204,P5063,i49361
Q1289177,P8814,02602765-n
Q1289177,P5063,i49369
Q2265003,P8814,02603287-n
Q2265003,P5063,i49372
Q2636021,P8814,02605250-n
Q2636021,P5063,i49383
Q13166704,P8814,02605600-n
Q13166704,P5063,i49385
Q193921,P8814,02605804-n
Q193921,P5063,i49386
Q1130631,P8814,02606644-n
Q1130631,P5063,i49391
Q637670,P8814,02607287-n
Q637670,P5063,i49395
Q596898,P8814,02607441-n
Q596898,P5063,i49396
Q762409,P8814,02608439-n
Q762409,P5063,i49402
Q501720,P8814,02608824-n
Q501720,P5063,i49405
Q934789,P8814,02609220-n
Q934789,P5063,i49407
Q6193348,P8814,02609556-n
Q6193348,P5063,i49409
Q132841,P8814,02609975-n
Q132841,P5063,i49412
Q370454,P8814,02610781-n
Q370454,P5063,i49416
Q134935,P8814,02611338-n
Q134935,P5063,i49420
Q137133,P8814,02611799-n
Q137133,P5063,i49423
Q50376969,P8814,02612096-n
Q50376969,P5063,i49425
Q1928709,P8814,02616064-n
Q1928709,P5063,i49448
Q3951720,P8814,02616317-n
Q3951720,P5063,i49450
Q2371271,P8814,02616918-n
Q2371271,P5063,i49454
Q2704983,P8814,02617787-n
Q2704983,P5063,i49459
Q300929,P8814,02619659-n
Q300929,P5063,i49471
Q620717,P8814,02620319-n
Q620717,P5063,i49475
Q107271202,P8814,02620586-n
Q107271202,P5063,i49477
Q695712,P8814,02620874-n
Q695712,P5063,i49479
Q2624613,P8814,02621002-n
Q2624613,P5063,i49480
Q662601,P8814,02622039-n
Q662601,P5063,i49486
Q1651138,P8814,02622663-n
Q1651138,P5063,i49490
Q15207743,P8814,02622948-n
Q15207743,P5063,i49492
Q732534,P8814,02623073-n
Q732534,P5063,i49493
Q1093168,P8814,02623456-n
Q1093168,P5063,i49495
Q648200,P8814,02624049-n
Q648200,P5063,i49499
Q14265654,P8814,02624760-n
Q14265654,P5063,i49503
Q12816990,P8814,02625038-n
Q12816990,P5063,i49505
Q3593412,P8814,02627007-n
Q3593412,P5063,i49514
Q17152321,P8814,02627762-n
Q17152321,P5063,i49518
Q2346039,P8814,02629220-n
Q2346039,P5063,i49526
Q250377,P8814,02631097-n
Q250377,P5063,i49535
Q17152354,P8814,02631486-n
Q17152354,P5063,i49537
Q567749,P8814,02632065-n
Q567749,P5063,i49540
Q14182864,P8814,02632211-n
Q14182864,P5063,i49541
Q30961,P8814,02632682-n
Q30961,P5063,i49543
Q517091,P8814,02634529-n
Q517091,P5063,i49554
Q1817202,P8814,02634869-n
Q1817202,P5063,i49556
Q16573319,P8814,02634989-n
Q16573319,P5063,i49557
Q2714710,P8814,02636474-n
Q2714710,P5063,i49565
Q1887029,P8814,02636786-n
Q1887029,P5063,i49567
Q2116400,P8814,02637347-n
Q2116400,P5063,i49571
Q559345,P8814,02637940-n
Q559345,P5063,i49575
Q1989044,P8814,02638089-n
Q1989044,P5063,i49576
Q270322,P8814,02639296-n
Q270322,P5063,i49584
Q2029813,P8814,02639967-n
Q2029813,P5063,i49588
Q141948,P8814,02641465-n
Q141948,P5063,i49596
Q4064288,P8814,02641590-n
Q4064288,P5063,i49597
Q858011,P8814,02641942-n
Q858011,P5063,i49599
Q18521053,P8814,02642416-n
Q18521053,P5063,i49602
Q181871,P8814,02642723-n
Q181871,P5063,i49604
Q174020,P8814,02643083-n
Q174020,P5063,i49606
Q506144,P8814,02643693-n
Q506144,P5063,i49609
Q208777,P8814,02644238-n
Q208777,P5063,i49612
Q13396094,P8814,02646343-n
Q13396094,P5063,i49622
Q149077,P8814,02646619-n
Q149077,P5063,i49624
Q513998,P8814,02647597-n
Q513998,P5063,i49630
Q134913,P8814,02647773-n
Q134913,P5063,i49631
Q107269468,P8814,02648747-n
Q107269468,P5063,i49637
Q4057200,P8814,02649007-n
Q4057200,P5063,i49639
Q18001776,P8814,02649138-n
Q18001776,P5063,i49640
Q1030003,P8814,02650133-n
Q1030003,P5063,i49646
Q1449104,P8814,02650804-n
Q1449104,P5063,i49650
Q2183433,P8814,02651712-n
Q2183433,P5063,i49656
Q1072599,P8814,02652030-n
Q1072599,P5063,i49658
Q14506504,P8814,02652912-n
Q14506504,P5063,i49662
Q1951787,P8814,02654042-n
Q1951787,P5063,i49669
Q16538599,P8814,02654635-n
Q16538599,P5063,i49672
Q211837,P8814,02654965-n
Q211837,P5063,i49674
Q35016,P8814,02655989-n
Q35016,P5063,i49678
Q948098,P8814,02656285-n
Q948098,P5063,i49680
Q56847,P8814,02656595-n
Q56847,P5063,i49682
Q82855,P8814,02657239-n
Q82855,P5063,i49686
Q1809104,P8814,02658324-n
Q1809104,P5063,i49692
Q2690499,P8814,02658801-n
Q2690499,P5063,i49695
Q1178471,P8814,02659180-n
Q1178471,P5063,i49698
Q572495,P8814,02661011-n
Q572495,P5063,i49706
Q849396,P8814,02661300-n
Q849396,P5063,i49708
Q549006,P8814,02662297-n
Q549006,P5063,i49714
Q2697230,P8814,02663042-n
Q2697230,P5063,i49719
Q838524,P8814,02663399-n
Q838524,P5063,i49722
Q5404893,P8814,02664395-n
Q5404893,P5063,i49727
Q2491501,P8814,02664711-n
Q2491501,P5063,i49729
Q2705790,P8814,02665318-n
Q2705790,P5063,i49733
Q2499212,P8814,02665716-n
Q2499212,P5063,i49736
Q531725,P8814,02666766-n
Q531725,P5063,i49742
Q3014512,P8814,02667141-n
Q3014512,P5063,i49745
Q14672291,P8814,02667453-n
Q14672291,P5063,i49747
Q224890,P8814,02667749-n
Q224890,P5063,i49749
Q65159628,P8814,09009061-n
Q65159628,P5063,i83914
Q1423009,P8814,10826216-n
Q1423009,P5063,i94235
Q164720,P8814,11351058-n
Q164720,P5063,i97099
Q5696912,P8814,11558792-n
Q5696912,P5063,i98233
Q1050205,P8814,11559033-n
Q1050205,P5063,i98234
Q831482,P8814,11559386-n
Q831482,P5063,i98237
Q2846441,P8814,11560126-n
Q2846441,P5063,i98240
Q140344,P8814,11560451-n
Q140344,P5063,i98242
Q141514,P8814,11560681-n
Q141514,P5063,i98243
Q17277039,P8814,11561198-n
Q17277039,P5063,i98246
Q140324,P8814,11561421-n
Q140324,P5063,i98247
Q146228,P8814,11561562-n
Q146228,P5063,i98248
Q1138673,P8814,11562164-n
Q1138673,P5063,i98251
Q16111747,P8814,11562792-n
Q16111747,P5063,i98254
Q139099,P8814,11563880-n
Q139099,P5063,i98259
Q138798,P8814,11564053-n
Q138798,P5063,i98260
Q147918,P8814,11564582-n
Q147918,P5063,i98263
Q5625083,P8814,11615763-n
Q5625083,P5063,i98330
Q1011212,P8814,11616937-n
Q1011212,P5063,i98333
Q2705562,P8814,11617296-n
Q2705562,P5063,i98334
Q2056554,P8814,11617577-n
Q2056554,P5063,i98335
Q10376735,P8814,11618375-n
Q10376735,P5063,i98338
Q8342894,P8814,11618551-n
Q8342894,P5063,i98339
Q10780833,P8814,11619442-n
Q10780833,P5063,i98344
Q15044266,P8814,11619616-n
Q15044266,P5063,i98345
Q5605610,P8814,11620145-n
Q5605610,P5063,i98347
Q11773804,P8814,11621122-n
Q11773804,P5063,i98350
Q133329,P8814,11621938-n
Q133329,P5063,i98354
Q132823,P8814,11624676-n
Q132823,P5063,i98368
Q15050378,P8814,11624844-n
Q15050378,P5063,i98369
Q15617175,P8814,11625149-n
Q15617175,P5063,i98371
Q573940,P8814,11625355-n
Q573940,P5063,i98372
Q3840994,P8814,11625847-n
Q3840994,P5063,i98374
Q16050271,P8814,11626159-n
Q16050271,P5063,i98376
Q1329304,P8814,11627522-n
Q1329304,P5063,i98380
Q14107023,P8814,11627843-n
Q14107023,P5063,i98381
Q101680,P8814,11628190-n
Q101680,P5063,i98382
Q12024,P8814,11628506-n
Q12024,P5063,i98383
Q25618,P8814,11639201-n
Q25618,P5063,i98432
Q128550,P8814,11643439-n
Q128550,P5063,i98454
Q158771,P8814,11648735-n
Q158771,P5063,i98482
Q1543178,P8814,11649662-n
Q1543178,P5063,i98487
Q146037,P8814,11649952-n
Q146037,P5063,i98489
Q1368777,P8814,11653245-n
Q1368777,P5063,i98502
Q1072934,P8814,11653567-n
Q1072934,P5063,i98504
Q765246,P8814,11654977-n
Q765246,P5063,i98512
Q12323064,P8814,11656519-n
Q12323064,P5063,i98519
Q2340419,P8814,11659353-n
Q2340419,P5063,i98534
Q1825748,P8814,11660314-n
Q1825748,P5063,i98539
Q14707792,P8814,11661726-n
Q14707792,P5063,i98545
Q147392,P8814,11662239-n
Q147392,P5063,i98547
Q13091238,P8814,11663363-n
Q13091238,P5063,i98552
Q12317810,P8814,11665163-n
Q12317810,P5063,i98561
Q217697,P8814,11665722-n
Q217697,P5063,i98565
Q933520,P8814,11669068-n
Q933520,P5063,i98582
Q429944,P8814,11669463-n
Q429944,P5063,i98584
Q33138051,P8814,11670048-n
Q33138051,P5063,i98587
Q134249,P8814,11670200-n
Q134249,P5063,i98588
Q1482244,P8814,11674575-n
Q1482244,P5063,i98610
Q133717,P8814,11675118-n
Q133717,P5063,i98613
Q3216153,P8814,11676215-n
Q3216153,P5063,i98618
Q135762,P8814,11677425-n
Q135762,P5063,i98624
Q13077228,P8814,11678214-n
Q13077228,P5063,i98628
Q138257,P8814,11679323-n
Q138257,P5063,i98634
Q13080853,P8814,11679519-n
Q13080853,P5063,i98635
Q13080891,P8814,11679951-n
Q13080891,P5063,i98637
Q520165,P8814,11680360-n
Q520165,P5063,i98639
Q3065538,P8814,11680572-n
Q3065538,P5063,i98640
Q99048207,P8814,11680988-n
Q99048207,P5063,i98642
Q2697797,P8814,11681299-n
Q2697797,P5063,i98643
Q27355,P8814,11681658-n
Q27355,P5063,i98645
Q13052844,P8814,11683215-n
Q13052844,P5063,i98652
Q13080832,P8814,11683587-n
Q13080832,P5063,i98654
Q10788836,P8814,11683900-n
Q10788836,P5063,i98656
Q835097,P8814,11684264-n
Q835097,P5063,i98657
Q149461,P8814,11684752-n
Q149461,P5063,i98659
Q220025,P8814,11714035-n
Q220025,P5063,i98797
Q3264724,P8814,11716282-n
Q3264724,P5063,i98808
Q1331220,P8814,11716807-n
Q1331220,P5063,i98811
Q2234889,P8814,11717245-n
Q2234889,P5063,i98814
Q155949,P8814,11717627-n
Q155949,P5063,i98816
Q2671028,P8814,11718902-n
Q2671028,P5063,i98822
Q157379,P8814,11719752-n
Q157379,P5063,i98826
Q732308,P8814,11720384-n
Q732308,P5063,i98829
Q867622,P8814,11720870-n
Q867622,P5063,i98832
Q12012524,P8814,11722372-n
Q12012524,P5063,i98839
Q858028,P8814,11723035-n
Q858028,P5063,i98843
Q840758,P8814,11723468-n
Q840758,P5063,i98845
Q2603764,P8814,11723674-n
Q2603764,P5063,i98846
Q21188,P8814,11724404-n
Q21188,P5063,i98849
Q27282,P8814,11724870-n
Q27282,P5063,i98851
Q311790,P8814,11726390-n
Q311790,P5063,i98859
Q18337957,P8814,11726589-n
Q18337957,P5063,i98860
Q132039,P8814,11727098-n
Q132039,P5063,i98862
Q15933047,P8814,11728137-n
Q15933047,P5063,i98868
Q120228,P8814,11728650-n
Q120228,P5063,i98870
Q5492045,P8814,11728911-n
Q5492045,P5063,i98871
Q157017,P8814,11729919-n
Q157017,P5063,i98876
Q157236,P8814,11732622-n
Q157236,P5063,i98888
Q855116,P8814,11733296-n
Q855116,P5063,i98891
Q1152946,P8814,11734097-n
Q1152946,P5063,i98895
Q161214,P8814,11734429-n
Q161214,P5063,i98897
Q148650,P8814,11735087-n
Q148650,P5063,i98900
Q146628,P8814,11735676-n
Q146628,P5063,i98902
Q4095708,P8814,11738990-n
Q4095708,P5063,i98919
Q3360397,P8814,11739380-n
Q3360397,P5063,i98921
Q145869,P8814,11739937-n
Q145869,P5063,i98924
Q15976207,P8814,11747038-n
Q15976207,P5063,i98959
Q148547,P8814,11748445-n
Q148547,P5063,i98966
Q135562,P8814,11752330-n
Q135562,P5063,i98986
Q157591,P8814,11752778-n
Q157591,P5063,i98988
Q160107,P8814,11753326-n
Q160107,P5063,i98990
Q157775,P8814,11753893-n
Q157775,P5063,i98993
Q157505,P8814,11755341-n
Q157505,P5063,i99001
Q9005595,P8814,11755794-n
Q9005595,P5063,i99003
Q1007528,P8814,11756291-n
Q1007528,P5063,i99005
Q5968671,P8814,11756685-n
Q5968671,P5063,i99007
Q7835851,P8814,11759301-n
Q7835851,P5063,i99021
Q161588,P8814,11759668-n
Q161588,P5063,i99023
Q749412,P8814,11760278-n
Q749412,P5063,i99026
Q2106238,P8814,11761124-n
Q2106238,P5063,i99030
Q843892,P8814,11761293-n
Q843892,P5063,i99031
Q16879998,P8814,11762644-n
Q16879998,P5063,i99038
Q13107376,P8814,11763000-n
Q13107376,P5063,i99040
Q13070310,P8814,11763214-n
Q13070310,P5063,i99041
Q156169,P8814,11763578-n
Q156169,P5063,i99043
Q131661,P8814,11766693-n
Q131661,P5063,i99056
Q44448,P8814,11767245-n
Q44448,P5063,i99059
Q4979921,P8814,11769405-n
Q4979921,P5063,i99065
Q5062982,P8814,11769931-n
Q5062982,P5063,i99068
Q3061312,P8814,11774405-n
Q3061312,P5063,i99092
Q311423,P8814,11782706-n
Q311423,P5063,i99129
Q6710182,P8814,11783175-n
Q6710182,P5063,i99131
Q135404,P8814,11783942-n
Q135404,P5063,i99135
Q2717810,P8814,11784700-n
Q2717810,P5063,i99139
Q133422,P8814,11785568-n
Q133422,P5063,i99142
Q133242,P8814,11787665-n
Q133242,P5063,i99150
Q1822458,P8814,11788711-n
Q1822458,P5063,i99155
Q913594,P8814,11789471-n
Q913594,P5063,i99158
Q2475725,P8814,11790482-n
Q2475725,P5063,i99163
Q478077,P8814,11790995-n
Q478077,P5063,i99165
Q3311674,P8814,11791438-n
Q3311674,P5063,i99167
Q1050790,P8814,11792623-n
Q1050790,P5063,i99173
Q15972122,P8814,11793171-n
Q15972122,P5063,i99175
Q218123,P8814,11794748-n
Q218123,P5063,i99182
Q310915,P8814,11796806-n
Q310915,P5063,i99192
Q1549062,P8814,11797834-n
Q1549062,P5063,i99196
Q161121,P8814,11800270-n
Q161121,P5063,i99205
Q133284,P8814,11804792-n
Q133284,P5063,i99227
Q2447519,P8814,11805569-n
Q2447519,P5063,i99230
Q1521382,P8814,11805944-n
Q1521382,P5063,i99232
Q1945962,P8814,11806486-n
Q1945962,P5063,i99235
Q310882,P8814,11806834-n
Q310882,P5063,i99237
Q738915,P8814,11807860-n
Q738915,P5063,i99242
Q1295844,P8814,11809005-n
Q1295844,P5063,i99248
Q1784347,P8814,11809395-n
Q1784347,P5063,i99250
Q11799321,P8814,11810708-n
Q11799321,P5063,i99258
Q578875,P8814,11811093-n
Q578875,P5063,i99260
Q13077266,P8814,11811915-n
Q13077266,P5063,i99265
Q2624761,P8814,11812288-n
Q2624761,P5063,i99267
Q7233044,P8814,11813067-n
Q7233044,P5063,i99271
Q2448411,P8814,11813501-n
Q2448411,P5063,i99273
Q14293890,P8814,11814736-n
Q14293890,P5063,i99280
Q161458,P8814,11815835-n
Q161458,P5063,i99285
Q163015,P8814,11816243-n
Q163015,P5063,i99287
Q9377653,P8814,11816787-n
Q9377653,P5063,i99290
Q193335,P8814,11817213-n
Q193335,P5063,i99292
Q7213683,P8814,11819989-n
Q7213683,P5063,i99305
Q1973300,P8814,11821268-n
Q1973300,P5063,i99311
Q156446,P8814,11821507-n
Q156446,P5063,i99312
Q156212,P8814,11821716-n
Q156212,P5063,i99313
Q157019,P8814,11823587-n
Q157019,P5063,i99323
Q132628,P8814,11823746-n
Q132628,P5063,i99324
Q21808,P8814,11824551-n
Q21808,P5063,i99326
Q25995,P8814,11825073-n
Q25995,P5063,i99328
Q148897,P8814,11825849-n
Q148897,P5063,i99330
Q161948,P8814,11830659-n
Q161948,P5063,i99357
Q164172,P8814,11831028-n
Q164172,P5063,i99359
Q158863,P8814,11831777-n
Q158863,P5063,i99363
Q163073,P8814,11832827-n
Q163073,P5063,i99368
Q10348998,P8814,11834299-n
Q10348998,P5063,i99374
Q157500,P8814,11834909-n
Q157500,P5063,i99377
Q158561,P8814,11835293-n
Q158561,P5063,i99379
Q163048,P8814,11837798-n
Q163048,P5063,i99391
Q161470,P8814,11838984-n
Q161470,P5063,i99397
Q156219,P8814,11839414-n
Q156219,P5063,i99399
Q143939,P8814,11840220-n
Q143939,P5063,i99402
Q2639601,P8814,11841884-n
Q2639601,P5063,i99410
Q133932,P8814,11842636-n
Q133932,P5063,i99414
Q155931,P8814,11843026-n
Q155931,P5063,i99416
Q1446121,P8814,11846457-n
Q1446121,P5063,i99432
Q1672624,P8814,11846885-n
Q1672624,P5063,i99434
Q17377912,P8814,11847468-n
Q17377912,P5063,i99437
Q2094045,P8814,11847638-n
Q2094045,P5063,i99438
Q157881,P8814,11848244-n
Q157881,P5063,i99441
Q158343,P8814,11852199-n
Q158343,P5063,i99460
Q159525,P8814,11854617-n
Q159525,P5063,i99473
Q156227,P8814,11856275-n
Q156227,P5063,i99482
Q10338319,P8814,11856606-n
Q10338319,P5063,i99483
Q312349,P8814,11857025-n
Q312349,P5063,i99485
Q950253,P8814,11858735-n
Q950253,P5063,i99493
Q158323,P8814,11859766-n
Q158323,P5063,i99498
Q135334,P8814,11861530-n
Q135334,P5063,i99506
Q14915568,P8814,11861837-n
Q14915568,P5063,i99508
Q131642,P8814,11864178-n
Q131642,P5063,i99515
Q8175886,P8814,11864672-n
Q8175886,P5063,i99517
Q5317148,P8814,11865120-n
Q5317148,P5063,i99519
Q131641,P8814,11867883-n
Q131641,P5063,i99534
Q133985,P8814,11868084-n
Q133985,P5063,i99535
Q133297,P8814,11868310-n
Q133297,P5063,i99536
Q133960,P8814,11868722-n
Q133960,P5063,i99538
Q14931532,P8814,11869079-n
Q14931532,P5063,i99540
Q132102,P8814,11869486-n
Q132102,P5063,i99542
Q133563,P8814,11871217-n
Q133563,P5063,i99551
Q10859058,P8814,11871570-n
Q10859058,P5063,i99553
Q131724,P8814,11872724-n
Q131724,P5063,i99560
Q132870,P8814,11874113-n
Q132870,P5063,i99566
Q15710811,P8814,11874701-n
Q15710811,P5063,i99569
Q5390212,P8814,11876524-n
Q5390212,P5063,i99577
Q1348619,P8814,11876740-n
Q1348619,P5063,i99578
Q3004024,P8814,11877284-n
Q3004024,P5063,i99581
Q160046,P8814,11881270-n
Q160046,P5063,i99598
Q10373941,P8814,11882558-n
Q10373941,P5063,i99604
Q138395,P8814,11883067-n
Q138395,P5063,i99606
Q2206636,P8814,11884833-n
Q2206636,P5063,i99613
Q35146354,P8814,11885071-n
Q35146354,P5063,i99614
Q2277970,P8814,11887539-n
Q2277970,P5063,i99627
Q14559266,P8814,11891385-n
Q14559266,P5063,i99639
Q157892,P8814,11891763-n
Q157892,P5063,i99641
Q157396,P8814,11892385-n
Q157396,P5063,i99644
Q157614,P8814,11893865-n
Q157614,P5063,i99652
Q599498,P8814,11895176-n
Q599498,P5063,i99658
Q158349,P8814,11900687-n
Q158349,P5063,i99686
Q163520,P8814,11901079-n
Q163520,P5063,i99688
Q157786,P8814,11901532-n
Q157786,P5063,i99690
Q9397832,P8814,11902032-n
Q9397832,P5063,i99693
Q11913648,P8814,11903606-n
Q11913648,P5063,i99701
Q162902,P8814,11904667-n
Q162902,P5063,i99706
Q162770,P8814,11905136-n
Q162770,P5063,i99708
Q158032,P8814,11905617-n
Q158032,P5063,i99710
Q162865,P8814,11906849-n
Q162865,P5063,i99716
Q165206,P8814,11907257-n
Q165206,P5063,i99718
Q3303714,P8814,11909090-n
Q3303714,P5063,i99726
Q3767758,P8814,11909547-n
Q3767758,P5063,i99728
Q157382,P8814,11910316-n
Q157382,P5063,i99732
Q146217,P8814,11910798-n
Q146217,P5063,i99735
Q2713145,P8814,11911192-n
Q2713145,P5063,i99737
Q2593152,P8814,11911519-n
Q2593152,P5063,i99739
Q2914608,P8814,11912307-n
Q2914608,P5063,i99743
Q945619,P8814,11913920-n
Q945619,P5063,i99751
Q7431603,P8814,11916449-n
Q7431603,P5063,i99764
Q150072,P8814,11916834-n
Q150072,P5063,i99766
Q158183,P8814,11917373-n
Q158183,P5063,i99769
Q2708462,P8814,11917811-n
Q2708462,P5063,i99771
Q5392954,P8814,11918229-n
Q5392954,P5063,i99773
Q5734076,P8814,11919901-n
Q5734076,P5063,i99782
Q15985041,P8814,11920064-n
Q15985041,P5063,i99783
Q12723971,P8814,11923994-n
Q12723971,P5063,i99801
Q18603090,P8814,11925705-n
Q18603090,P5063,i99810
Q158826,P8814,11926053-n
Q158826,P5063,i99812
Q16325285,P8814,11926458-n
Q16325285,P5063,i99814
Q1029455,P8814,11927736-n
Q1029455,P5063,i99821
Q18335946,P8814,11928900-n
Q18335946,P5063,i99827
Q156610,P8814,11929517-n
Q156610,P5063,i99831
Q25400,P8814,11932060-n
Q25400,P5063,i99842
Q87140572,P8814,11937655-n
Q87140572,P5063,i99850
Q65707888,P8814,11939701-n
Q65707888,P5063,i99860
Q828427,P8814,11941336-n
Q828427,P5063,i99868
Q602788,P8814,11942418-n
Q602788,P5063,i99874
Q847930,P8814,11943485-n
Q847930,P5063,i99881
Q2714312,P8814,11944296-n
Q2714312,P5063,i99885
Q2290011,P8814,11945609-n
Q2290011,P5063,i99891
Q133909,P8814,11946189-n
Q133909,P5063,i99894
Q15985096,P8814,11948085-n
Q15985096,P5063,i99903
Q156421,P8814,11948370-n
Q156421,P5063,i99905
Q517130,P8814,11952225-n
Q517130,P5063,i99923
Q133834,P8814,11958434-n
Q133834,P5063,i99967
Q4940265,P8814,11961730-n
Q4940265,P5063,i99985
Q87176002,P8814,11962188-n
Q87176002,P5063,i99987
Q4965994,P8814,11962613-n
Q4965994,P5063,i99989
Q1445138,P8814,11963344-n
Q1445138,P5063,i99993
Q12358274,P8814,11964293-n
Q12358274,P5063,i99998
Q1427205,P8814,11969686-n
Q1427205,P5063,i100026
Q5580003,P8814,11971854-n
Q5580003,P5063,i100036
Q5162107,P8814,11976239-n
Q5162107,P5063,i100059
Q828737,P8814,11976677-n
Q828737,P5063,i100061
Q476937,P8814,11978381-n
Q476937,P5063,i100069
Q1807600,P8814,11978785-n
Q1807600,P5063,i100071
Q5182455,P8814,11979211-n
Q5182455,P5063,i100073
Q727610,P8814,11979573-n
Q727610,P5063,i100075
Q19070,P8814,11979958-n
Q19070,P5063,i100077
Q16029211,P8814,11981009-n
Q16029211,P5063,i100082
Q4157859,P8814,11981412-n
Q4157859,P5063,i100084
Q2698290,P8814,11981735-n
Q2698290,P5063,i100086
Q1642983,P8814,11982577-n
Q1642983,P5063,i100090
Q650106,P8814,11982969-n
Q650106,P5063,i100092
Q5359423,P8814,11983322-n
Q5359423,P5063,i100094
Q5371629,P8814,11983627-n
Q5371629,P5063,i100096
Q3232518,P8814,11985523-n
Q3232518,P5063,i100105
Q745253,P8814,11985847-n
Q745253,P5063,i100107
Q1123970,P8814,11988573-n
Q1123970,P5063,i100120
Q338143,P8814,11989879-n
Q338143,P5063,i100126
Q1415764,P8814,11990446-n
Q1415764,P5063,i100129
Q2711348,P8814,11992610-n
Q2711348,P5063,i100141
Q2702875,P8814,11993628-n
Q2702875,P5063,i100146
Q2392615,P8814,11996322-n
Q2392615,P5063,i100159
Q5687694,P8814,11997184-n
Q5687694,P5063,i100163
Q28195,P8814,12000557-n
Q28195,P5063,i100180
Q5221176,P8814,12001336-n
Q5221176,P5063,i100184
Q970748,P8814,12001783-n
Q970748,P5063,i100186
Q2605211,P8814,12003193-n
Q2605211,P5063,i100192
Q2464876,P8814,12003629-n
Q2464876,P5063,i100194
Q9005567,P8814,12004208-n
Q9005567,P5063,i100197
Q5220402,P8814,12008191-n
Q5220402,P5063,i100217
Q614059,P8814,12008425-n
Q614059,P5063,i100218
Q27909,P8814,12009243-n
Q27909,P5063,i100222
Q10317683,P8814,12011273-n
Q10317683,P5063,i100232
Q1580155,P8814,12011549-n
Q1580155,P5063,i100234
Q1156814,P8814,12012462-n
Q1156814,P5063,i100238
Q3132945,P8814,12012809-n
Q3132945,P5063,i100240
Q254419,P8814,12013143-n
Q254419,P5063,i100242
Q547333,P8814,12013476-n
Q547333,P5063,i100244
Q27618,P8814,12015296-n
Q27618,P5063,i100253
Q5487724,P8814,12017261-n
Q5487724,P5063,i100262
Q28104,P8814,12019117-n
Q28104,P5063,i100270
Q2713153,P8814,12019924-n
Q2713153,P5063,i100274
Q3004070,P8814,12020427-n
Q3004070,P5063,i100276
Q3236767,P8814,12021078-n
Q3236767,P5063,i100279
Q2709984,P8814,12022034-n
Q2709984,P5063,i100283
Q5230471,P8814,12024779-n
Q5230471,P5063,i100296
Q87178995,P8814,12025617-n
Q87178995,P5063,i100300
Q671075,P8814,12025969-n
Q671075,P5063,i100302
Q16269373,P8814,12026338-n
Q16269373,P5063,i100304
Q310366,P8814,12026550-n
Q310366,P5063,i100305
Q1638845,P8814,12030085-n
Q1638845,P5063,i100321
Q2530127,P8814,12030927-n
Q2530127,P5063,i100325
Q209596,P8814,12031536-n
Q209596,P5063,i100328
Q7454921,P8814,12034280-n
Q7454921,P5063,i100341
Q729352,P8814,12035545-n
Q729352,P5063,i100347
Q1521997,P8814,12035853-n
Q1521997,P5063,i100349
Q2711319,P8814,12039659-n
Q2711319,P5063,i100372
Q16269591,P8814,12040517-n
Q16269591,P5063,i100376
Q147552,P8814,12040857-n
Q147552,P5063,i100378
Q5234663,P8814,12045488-n
Q5234663,P5063,i100397
Q136941,P8814,12046318-n
Q136941,P5063,i100400
Q2708411,P8814,12046775-n
Q2708411,P5063,i100402
Q7842001,P8814,12048333-n
Q7842001,P5063,i100409
Q2297615,P8814,12049795-n
Q2297615,P5063,i100415
Q87140608,P8814,12050948-n
Q87140608,P5063,i100420
Q5221410,P8814,12052684-n
Q5221410,P5063,i100428
Q599518,P8814,12055297-n
Q599518,P5063,i100440
Q155802,P8814,12057002-n
Q155802,P5063,i100449
Q1771937,P8814,12059993-n
Q1771937,P5063,i100464
Q21139,P8814,12065040-n
Q21139,P5063,i100474
Q20846,P8814,12065473-n
Q20846,P5063,i100476
Q20815,P8814,12065821-n
Q20815,P5063,i100478
Q133789,P8814,12066164-n
Q133789,P5063,i100480
Q133743,P8814,12067089-n
Q133743,P5063,i100485
Q13398625,P8814,12069881-n
Q13398625,P5063,i100500
Q133751,P8814,12070265-n
Q133751,P5063,i100502
Q134020,P8814,12071754-n
Q134020,P5063,i100509
Q161295,P8814,12072522-n
Q161295,P5063,i100512
Q163537,P8814,12073607-n
Q163537,P5063,i100517
Q599025,P8814,12079980-n
Q599025,P5063,i100544
Q133719,P8814,12080352-n
Q133719,P5063,i100546
Q87201444,P8814,12080881-n
Q87201444,P5063,i100548
Q133786,P8814,12081317-n
Q133786,P5063,i100550
Q133728,P8814,12082350-n
Q133728,P5063,i100554
Q2670108,P8814,12083567-n
Q2670108,P5063,i100560
Q2372901,P8814,12084388-n
Q2372901,P5063,i100564
Q162057,P8814,12084684-n
Q162057,P5063,i100565
Q3906361,P8814,12085315-n
Q3906361,P5063,i100568
Q3291967,P8814,12089325-n
Q3291967,P5063,i100586
Q157544,P8814,12095179-n
Q157544,P5063,i100613
Q133897,P8814,12096882-n
Q133897,P5063,i100622
Q1300407,P8814,12097563-n
Q1300407,P5063,i100625
Q132709,P8814,12098006-n
Q132709,P5063,i100627
Q161849,P8814,12098233-n
Q161849,P5063,i100628
Q1989603,P8814,12099455-n
Q1989603,P5063,i100634
Q2673653,P8814,12100700-n
Q2673653,P5063,i100640
Q134246,P8814,12101523-n
Q134246,P5063,i100644
Q1300371,P8814,12101989-n
Q1300371,P5063,i100646
Q3308291,P8814,12102858-n
Q3308291,P5063,i100650
Q138016,P8814,12103265-n
Q138016,P5063,i100652
Q163541,P8814,12103840-n
Q163541,P5063,i100655
Q7840728,P8814,12105986-n
Q7840728,P5063,i100665
Q141307,P8814,12107925-n
Q141307,P5063,i100675
Q161220,P8814,12108167-n
Q161220,P5063,i100676
Q157115,P8814,12110835-n
Q157115,P5063,i100690
Q14565146,P8814,12114286-n
Q14565146,P5063,i100708
Q161260,P8814,12117315-n
Q161260,P5063,i100727
Q159796,P8814,12117530-n
Q159796,P5063,i100728
Q2059792,P8814,12118263-n
Q2059792,P5063,i100732
Q156141,P8814,12118444-n
Q156141,P5063,i100733
Q158399,P8814,12119182-n
Q158399,P5063,i100737
Q157375,P8814,12119737-n
Q157375,P5063,i100740
Q132048,P8814,12120073-n
Q132048,P5063,i100742
Q309936,P8814,12120320-n
Q309936,P5063,i100743
Q28502,P8814,12120899-n
Q28502,P5063,i100746
Q43238,P8814,12121055-n
Q43238,P5063,i100747
Q1764888,P8814,12125131-n
Q1764888,P5063,i100758
Q162731,P8814,12125460-n
Q162731,P5063,i100760
Q161137,P8814,12127057-n
Q161137,P5063,i100768
Q165263,P8814,12129706-n
Q165263,P5063,i100781
Q146760,P8814,12130236-n
Q146760,P5063,i100784
Q15102508,P8814,12133005-n
Q15102508,P5063,i100801
Q430325,P8814,12133988-n
Q430325,P5063,i100807
Q2147082,P8814,12134743-n
Q2147082,P5063,i100811
Q941632,P8814,12135498-n
Q941632,P5063,i100815
Q959222,P8814,12136080-n
Q959222,P5063,i100818
Q1047931,P8814,12136784-n
Q1047931,P5063,i100821
Q163915,P8814,12137398-n
Q163915,P5063,i100825
Q163965,P8814,12138024-n
Q163965,P5063,i100829
Q1072892,P8814,12139429-n
Q1072892,P5063,i100835
Q161088,P8814,12140464-n
Q161088,P5063,i100842
Q2731014,P8814,12141329-n
Q2731014,P5063,i100846
Q157515,P8814,12142641-n
Q157515,P5063,i100853
Q1542804,P8814,12144875-n
Q1542804,P5063,i100866
Q690633,P8814,12146299-n
Q690633,P5063,i100874
Q934037,P8814,12147428-n
Q934037,P5063,i100881
Q157573,P8814,12150042-n
Q157573,P5063,i100895
Q2708217,P8814,12153849-n
Q2708217,P5063,i100913
Q12111,P8814,12157461-n
Q12111,P5063,i100931
Q159038,P8814,12159884-n
Q159038,P5063,i100944
Q2603825,P8814,12160654-n
Q2603825,P5063,i100948
Q12106,P8814,12162407-n
Q12106,P5063,i100957
Q542456,P8814,12164089-n
Q542456,P5063,i100966
Q831681,P8814,12166319-n
Q831681,P5063,i100978
Q2700649,P8814,12168596-n
Q2700649,P5063,i100990
Q2718894,P8814,12169127-n
Q2718894,P5063,i100993
Q161224,P8814,12170964-n
Q161224,P5063,i101001
Q158501,P8814,12172331-n
Q158501,P5063,i101007
Q159220,P8814,12173386-n
Q159220,P5063,i101013
Q161871,P8814,12173910-n
Q161871,P5063,i101016
Q157075,P8814,12176825-n
Q157075,P5063,i101032
Q1196275,P8814,12177001-n
Q1196275,P5063,i101033
Q8314,P8814,12177793-n
Q8314,P5063,i101038
Q5339301,P8814,12178665-n
Q5339301,P5063,i101042
Q132239,P8814,12184166-n
Q132239,P5063,i101066
Q148758,P8814,12184732-n
Q148758,P5063,i101069
Q547938,P8814,12188266-n
Q547938,P5063,i101087
Q10726796,P8814,12188643-n
Q10726796,P5063,i101089
Q156551,P8814,12190293-n
Q156551,P5063,i101097
Q132638,P8814,12193232-n
Q132638,P5063,i101107
Q1148371,P8814,12193924-n
Q1148371,P5063,i101110
Q3626558,P8814,12195259-n
Q3626558,P5063,i101116
Q719312,P8814,12196314-n
Q719312,P5063,i101121
Q157124,P8814,12198109-n
Q157124,P5063,i101130
Q956342,P8814,12201664-n
Q956342,P5063,i101145
Q3773987,P8814,12202368-n
Q3773987,P5063,i101148
Q1415570,P8814,12202931-n
Q1415570,P5063,i101151
Q3335868,P8814,12204854-n
Q3335868,P5063,i101161
Q9060360,P8814,12205595-n
Q9060360,P5063,i101165
Q311463,P8814,12206633-n
Q311463,P5063,i101170
Q5219981,P8814,12207547-n
Q5219981,P5063,i101174
Q1149349,P8814,12208637-n
Q1149349,P5063,i101179
Q2006755,P8814,12209502-n
Q2006755,P5063,i101183
Q719028,P8814,12209810-n
Q719028,P5063,i101184
Q157991,P8814,12210137-n
Q157991,P5063,i101186
Q284019,P8814,12210758-n
Q284019,P5063,i101189
Q2309085,P8814,12211229-n
Q2309085,P5063,i101191
Q6022764,P8814,12211592-n
Q6022764,P5063,i101193
Q5221618,P8814,12212482-n
Q5221618,P5063,i101198
Q131280,P8814,12212890-n
Q131280,P5063,i101200
Q29128,P8814,12213239-n
Q29128,P5063,i101201
Q2372406,P8814,12213975-n
Q2372406,P5063,i101205
Q10333250,P8814,12214481-n
Q10333250,P5063,i101207
Q1071125,P8814,12215293-n
Q1071125,P5063,i101211
Q427914,P8814,12218657-n
Q427914,P5063,i101227
Q3312735,P8814,12219547-n
Q3312735,P5063,i101231
Q148716,P8814,12220081-n
Q148716,P5063,i101234
Q368955,P8814,12220832-n
Q368955,P5063,i101238
Q2702537,P8814,12221264-n
Q2702537,P5063,i101240
Q15814211,P8814,12221683-n
Q15814211,P5063,i101242
Q162078,P8814,12221973-n
Q162078,P5063,i101244
Q127849,P8814,12223229-n
Q127849,P5063,i101250
Q15813022,P8814,12224922-n
Q15813022,P5063,i101258
Q80212,P8814,12225442-n
Q80212,P5063,i101261
Q87302332,P8814,12225825-n
Q87302332,P5063,i101263
Q14856870,P8814,12233714-n
Q14856870,P5063,i101269
Q157228,P8814,12234152-n
Q157228,P5063,i101271
Q2711732,P8814,12234762-n
Q2711732,P5063,i101272
Q2705208,P8814,12236545-n
Q2705208,P5063,i101280
Q3355974,P8814,12236899-n
Q3355974,P5063,i101282
Q3104697,P8814,12237353-n
Q3104697,P5063,i101284
Q1545761,P8814,12237728-n
Q1545761,P5063,i101286
Q141826,P8814,12239138-n
Q141826,P5063,i101293
Q9017763,P8814,12240012-n
Q9017763,P5063,i101297
Q2712665,P8814,12240392-n
Q2712665,P5063,i101299
Q159466,P8814,12240764-n
Q159466,P5063,i101301
Q138331,P8814,12242851-n
Q138331,P5063,i101312
Q2261590,P8814,12244826-n
Q2261590,P5063,i101322
Q474620,P8814,12245039-n
Q474620,P5063,i101323
Q21737,P8814,12246526-n
Q21737,P5063,i101330
Q975872,P8814,12246839-n
Q975872,P5063,i101331
Q206998,P8814,12247737-n
Q206998,P5063,i101333
Q2846938,P8814,12249799-n
Q2846938,P5063,i101344
Q19888183,P8814,12253200-n
Q19888183,P5063,i101360
Q6983007,P8814,12253927-n
Q6983007,P5063,i101364
Q574564,P8814,12254276-n
Q574564,P5063,i101366
Q3502448,P8814,12254693-n
Q3502448,P5063,i101368
Q24156,P8814,12255030-n
Q24156,P5063,i101370
Q1626776,P8814,12255780-n
Q1626776,P5063,i101374
Q2001352,P8814,12258823-n
Q2001352,P5063,i101388
Q3502252,P8814,12259617-n
Q3502252,P5063,i101392
Q6980968,P8814,12260852-n
Q6980968,P5063,i101398
Q2664959,P8814,12261232-n
Q2664959,P5063,i101400
Q32269,P8814,12262216-n
Q32269,P5063,i101404
Q15940594,P8814,12262804-n
Q15940594,P5063,i101407
Q2417381,P8814,12263185-n
Q2417381,P5063,i101409
Q132967,P8814,12263809-n
Q132967,P5063,i101412
Q157454,P8814,12270338-n
Q157454,P5063,i101442
Q7179462,P8814,12271391-n
Q7179462,P5063,i101447
Q14565066,P8814,12271654-n
Q14565066,P5063,i101449
Q9064979,P8814,12272094-n
Q9064979,P5063,i101451
Q2333338,P8814,12273137-n
Q2333338,P5063,i101456
Q218908,P8814,12274531-n
Q218908,P5063,i101463
Q2593020,P8814,12274995-n
Q2593020,P5063,i101465
Q73917,P8814,12275603-n
Q73917,P5063,i101468
Q14302093,P8814,12275969-n
Q14302093,P5063,i101470
Q49733,P8814,12276176-n
Q49733,P5063,i101471
Q157528,P8814,12276451-n
Q157528,P5063,i101472
Q1552593,P8814,12277657-n
Q1552593,P5063,i101478
Q159496,P8814,12278437-n
Q159496,P5063,i101482
Q1411022,P8814,12278897-n
Q1411022,P5063,i101484
Q15940528,P8814,12279639-n
Q15940528,P5063,i101487
Q15940650,P8814,12280132-n
Q15940650,P5063,i101489
Q21881,P8814,12280538-n
Q21881,P5063,i101491
Q145977,P8814,12280725-n
Q145977,P5063,i101492
Q25403,P8814,12281110-n
Q25403,P5063,i101493
Q137054,P8814,12285138-n
Q137054,P5063,i101512
Q218274,P8814,12286417-n
Q218274,P5063,i101519
Q12004,P8814,12288613-n
Q12004,P5063,i101532
Q25243,P8814,12301403-n
Q25243,P5063,i101587
Q25239,P8814,12304498-n
Q25239,P5063,i101600
Q85332884,P8814,12306889-n
Q85332884,P5063,i101612
Q158513,P8814,12307098-n
Q158513,P5063,i101613
Q311254,P8814,12308705-n
Q311254,P5063,i101621
Q2008610,P8814,12308939-n
Q2008610,P5063,i101622
Q21754,P8814,12310261-n
Q21754,P5063,i101629
Q157216,P8814,12310633-n
Q157216,P5063,i101630
Q3314768,P8814,12312802-n
Q3314768,P5063,i101641
Q8962722,P8814,12313172-n
Q8962722,P5063,i101643
Q2984595,P8814,12318195-n
Q2984595,P5063,i101666
Q6801770,P8814,12318520-n
Q6801770,P5063,i101668
Q163970,P8814,12319300-n
Q163970,P5063,i101672
Q1068569,P8814,12319682-n
Q1068569,P5063,i101674
Q2616418,P8814,12319942-n
Q2616418,P5063,i101675
Q155966,P8814,12320505-n
Q155966,P5063,i101677
Q11798074,P8814,12320958-n
Q11798074,P5063,i101678
Q296910,P8814,12321142-n
Q296910,P5063,i101679
Q615000,P8814,12322434-n
Q615000,P5063,i101686
Q128887,P8814,12323866-n
Q128887,P5063,i101694
Q618810,P8814,12329920-n
Q618810,P5063,i101727
Q1512683,P8814,12330367-n
Q1512683,P5063,i101729
Q9001832,P8814,12332793-n
Q9001832,P5063,i101742
Q1795386,P8814,12332922-n
Q1795386,P5063,i101743
Q2696900,P8814,12334663-n
Q2696900,P5063,i101749
Q148479,P8814,12334832-n
Q148479,P5063,i101750
Q148463,P8814,12335169-n
Q148463,P5063,i101751
Q183543,P8814,12336817-n
Q183543,P5063,i101759
Q7139851,P8814,12338128-n
Q7139851,P5063,i101767
Q2697385,P8814,12338280-n
Q2697385,P5063,i101768
Q2453469,P8814,12338681-n
Q2453469,P5063,i101770
Q1420126,P8814,12342876-n
Q1420126,P5063,i101789
Q9371647,P8814,12343404-n
Q9371647,P5063,i101792
Q44002,P8814,12343928-n
Q44002,P5063,i101793
Q260261,P8814,12345273-n
Q260261,P5063,i101800
Q2705317,P8814,12345610-n
Q2705317,P5063,i101802
Q156326,P8814,12346014-n
Q156326,P5063,i101804
Q161929,P8814,12347726-n
Q161929,P5063,i101813
Q5608540,P8814,12347924-n
Q5608540,P5063,i101814
Q2899339,P8814,12348235-n
Q2899339,P5063,i101816
Q156022,P8814,12348543-n
Q156022,P5063,i101818
Q775229,P8814,12349537-n
Q775229,P5063,i101823
Q165152,P8814,12350853-n
Q165152,P5063,i101829
Q975998,P8814,12351932-n
Q975998,P5063,i101836
Q83638494,P8814,12352939-n
Q83638494,P5063,i101841
Q87289773,P8814,12353235-n
Q87289773,P5063,i101843
Q204564,P8814,12360489-n
Q204564,P5063,i101883
Q158100,P8814,12361929-n
Q158100,P5063,i101890
Q740873,P8814,12366012-n
Q740873,P5063,i101911
Q131521,P8814,12366226-n
Q131521,P5063,i101912
Q156109,P8814,12366696-n
Q156109,P5063,i101914
Q3487223,P8814,12368007-n
Q3487223,P5063,i101921
Q648380,P8814,12369291-n
Q648380,P5063,i101928
Q2464325,P8814,12369608-n
Q2464325,P5063,i101929
Q1100242,P8814,12370008-n
Q1100242,P5063,i101931
Q7320496,P8814,12370433-n
Q7320496,P5063,i101933
Q99438741,P8814,12370751-n
Q99438741,P5063,i101935
Q160012,P8814,12370950-n
Q160012,P5063,i101936
Q156525,P8814,12372492-n
Q156525,P5063,i101945
Q8666090,P8814,12372667-n
Q8666090,P5063,i101946
Q147867,P8814,12374585-n
Q147867,P5063,i101955
Q932196,P8814,12375366-n
Q932196,P5063,i101958
Q163563,P8814,12376111-n
Q163563,P5063,i101961
Q33551,P8814,12376772-n
Q33551,P5063,i101964
Q150572,P8814,12377185-n
Q150572,P5063,i101966
Q2607361,P8814,12378319-n
Q2607361,P5063,i101971
Q312218,P8814,12378690-n
Q312218,P5063,i101973
Q99394804,P8814,12379543-n
Q99394804,P5063,i101976
Q2279424,P8814,12380095-n
Q2279424,P5063,i101977
Q161189,P8814,12380251-n
Q161189,P5063,i101978
Q756019,P8814,12383361-n
Q756019,P5063,i101993
Q2709465,P8814,12384097-n
Q2709465,P5063,i101996
Q158185,P8814,12387639-n
Q158185,P5063,i102014
Q156935,P8814,12387823-n
Q156935,P5063,i102015
Q3237856,P8814,12390901-n
Q3237856,P5063,i102029
Q131304,P8814,12392428-n
Q131304,P5063,i102036
Q131345,P8814,12393878-n
Q131345,P5063,i102043
Q3137293,P8814,12396899-n
Q3137293,P5063,i102057
Q580593,P8814,12397467-n
Q580593,P5063,i102060
Q132419,P8814,12397845-n
Q132419,P5063,i102062
Q778168,P8814,12398326-n
Q778168,P5063,i102065
Q610295,P8814,12398597-n
Q610295,P5063,i102066
Q611140,P8814,12399063-n
Q611140,P5063,i102068
Q2234756,P8814,12399795-n
Q2234756,P5063,i102071
Q1284309,P8814,12400714-n
Q1284309,P5063,i102075
Q9017548,P8814,12401114-n
Q9017548,P5063,i102077
Q1209796,P8814,12401838-n
Q1209796,P5063,i102081
Q133319,P8814,12403001-n
Q133319,P5063,i102086
Q573859,P8814,12403216-n
Q573859,P5063,i102087
Q157164,P8814,12403590-n
Q157164,P5063,i102089
Q161244,P8814,12406556-n
Q161244,P5063,i102105
Q156060,P8814,12407718-n
Q156060,P5063,i102111
Q3309645,P8814,12411431-n
Q3309645,P5063,i102130
Q3015095,P8814,12411628-n
Q3015095,P5063,i102131
Q156332,P8814,12412262-n
Q156332,P5063,i102134
Q2130176,P8814,12413460-n
Q2130176,P5063,i102139
Q2706200,P8814,12414044-n
Q2706200,P5063,i102142
Q139118,P8814,12414459-n
Q139118,P5063,i102144
Q7222652,P8814,12415378-n
Q7222652,P5063,i102149
Q374148,P8814,12416234-n
Q374148,P5063,i102153
Q156338,P8814,12416772-n
Q156338,P5063,i102156
Q44789,P8814,12419495-n
Q44789,P5063,i102167
Q600114,P8814,12424367-n
Q600114,P5063,i102189
Q2801817,P8814,12424819-n
Q2801817,P5063,i102191
Q156311,P8814,12425448-n
Q156311,P5063,i102194
Q131113,P8814,12425714-n
Q131113,P5063,i102195
Q945999,P8814,12430710-n
Q945999,P5063,i102219
Q53478,P8814,12431220-n
Q53478,P5063,i102221
Q155941,P8814,12431589-n
Q155941,P5063,i102222
Q19286980,P8814,12436416-n
Q19286980,P5063,i102247
Q134748,P8814,12438191-n
Q134748,P5063,i102256
Q2357709,P8814,12438570-n
Q2357709,P5063,i102258
Q124864,P8814,12438861-n
Q124864,P5063,i102260
Q155848,P8814,12439185-n
Q155848,P5063,i102262
Q161577,P8814,12439722-n
Q161577,P5063,i102264
Q891753,P8814,12440097-n
Q891753,P5063,i102266
Q159042,P8814,12442904-n
Q159042,P5063,i102280
Q131282,P8814,12443256-n
Q131282,P5063,i102282
Q4308690,P8814,12443436-n
Q4308690,P5063,i102283
Q53480,P8814,12444070-n
Q53480,P5063,i102286
Q5194627,P8814,12446605-n
Q5194627,P5063,i102288
Q14554991,P8814,12451383-n
Q14554991,P5063,i102312
Q1806950,P8814,12456765-n
Q1806950,P5063,i102340
Q660752,P8814,12458551-n
Q660752,P5063,i102349
Q16868575,P8814,12459482-n
Q16868575,P5063,i102353
Q158937,P8814,12459905-n
Q158937,P5063,i102355
Q13835212,P8814,12460633-n
Q13835212,P5063,i102358
Q2858279,P8814,12460890-n
Q2858279,P5063,i102359
Q157167,P8814,12461128-n
Q157167,P5063,i102360
Q2853420,P8814,12461374-n
Q2853420,P5063,i102361
Q14554941,P8814,12462275-n
Q14554941,P5063,i102365
Q382873,P8814,12463370-n
Q382873,P5063,i102370
Q1429377,P8814,12463649-n
Q1429377,P5063,i102371
Q2710558,P8814,12464052-n
Q2710558,P5063,i102373
Q137543,P8814,12464434-n
Q137543,P5063,i102375
Q2711355,P8814,12464766-n
Q2711355,P5063,i102377
Q4951022,P8814,12465171-n
Q4951022,P5063,i102379
Q93201,P8814,12474526-n
Q93201,P5063,i102420
Q186181,P8814,12475606-n
Q186181,P5063,i102427
Q1454851,P8814,12476292-n
Q1454851,P5063,i102430
Q10375920,P8814,12476783-n
Q10375920,P5063,i102432
Q2668294,P8814,12477755-n
Q2668294,P5063,i102436
Q623347,P8814,12478024-n
Q623347,P5063,i102437
Q13833438,P8814,12478507-n
Q13833438,P5063,i102439
Q159311,P8814,12479553-n
Q159311,P5063,i102445
Q161151,P8814,12481054-n
Q161151,P5063,i102452
Q10388250,P8814,12482906-n
Q10388250,P5063,i102462
Q157234,P8814,12483827-n
Q157234,P5063,i102467
Q2721029,P8814,12485408-n
Q2721029,P5063,i102475
Q331169,P8814,12485612-n
Q331169,P5063,i102476
Q136216,P8814,12485826-n
Q136216,P5063,i102477
Q767448,P8814,12486539-n
Q767448,P5063,i102480
Q2707469,P8814,12486955-n
Q2707469,P5063,i102482
Q165315,P8814,12490441-n
Q165315,P5063,i102498
Q1023651,P8814,12491655-n
Q1023651,P5063,i102503
Q1065926,P8814,12493516-n
Q1065926,P5063,i102511
Q161152,P8814,12494511-n
Q161152,P5063,i102516
Q2623950,P8814,12495333-n
Q2623950,P5063,i102520
Q2630221,P8814,12495955-n
Q2630221,P5063,i102523
Q311670,P8814,12496098-n
Q311670,P5063,i102524
Q218221,P8814,12496541-n
Q218221,P5063,i102526
Q1543189,P8814,12498788-n
Q1543189,P5063,i102535
Q158009,P8814,12499808-n
Q158009,P5063,i102539
Q139062,P8814,12500326-n
Q139062,P5063,i102542
Q2346876,P8814,12500738-n
Q2346876,P5063,i102544
Q161177,P8814,12504918-n
Q161177,P5063,i102564
Q12179906,P8814,12505117-n
Q12179906,P5063,i102565
Q500842,P8814,12505627-n
Q500842,P5063,i102567
Q1757681,P8814,12505836-n
Q1757681,P5063,i102568
Q87179161,P8814,12506028-n
Q87179161,P5063,i102569
Q134232,P8814,12506316-n
Q134232,P5063,i102571
Q155951,P8814,12506759-n
Q155951,P5063,i102573
Q161100,P8814,12506902-n
Q161100,P5063,i102574
Q4348640,P8814,12507237-n
Q4348640,P5063,i102576
Q2677138,P8814,12507899-n
Q2677138,P5063,i102580
Q608215,P8814,12508626-n
Q608215,P5063,i102582
Q3279279,P8814,12510835-n
Q3279279,P5063,i102592
Q287313,P8814,12511176-n
Q287313,P5063,i102594
Q135604,P8814,12511705-n
Q135604,P5063,i102597
Q16326803,P8814,12514204-n
Q16326803,P5063,i102608
Q2948035,P8814,12514620-n
Q2948035,P5063,i102610
Q161250,P8814,12516014-n
Q161250,P5063,i102616
Q429179,P8814,12516712-n
Q429179,P5063,i102619
Q1826576,P8814,12517997-n
Q1826576,P5063,i102624
Q14566708,P8814,12521540-n
Q14566708,P5063,i102638
Q2615411,P8814,12522042-n
Q2615411,P5063,i102640
Q3310152,P8814,12525537-n
Q3310152,P5063,i102647
Q2576870,P8814,12526492-n
Q2576870,P5063,i102651
Q751134,P8814,12527119-n
Q751134,P5063,i102654
Q2537603,P8814,12527741-n
Q2537603,P5063,i102657
Q3322044,P8814,12530702-n
Q3322044,P5063,i102673
Q3239959,P8814,12531074-n
Q3239959,P5063,i102675
Q849443,P8814,12532208-n
Q849443,P5063,i102680
Q10438724,P8814,12532965-n
Q10438724,P5063,i102684
Q964986,P8814,12534829-n
Q964986,P5063,i102692
Q5104990,P8814,12535307-n
Q5104990,P5063,i102694
Q1306236,P8814,12535724-n
Q1306236,P5063,i102696
Q2472930,P8814,12537758-n
Q2472930,P5063,i102707
Q157674,P8814,12538810-n
Q157674,P5063,i102712
Q2716243,P8814,12545023-n
Q2716243,P5063,i102741
Q3466310,P8814,12546480-n
Q3466310,P5063,i102748
Q5280036,P8814,12547451-n
Q5280036,P5063,i102753
Q526727,P8814,12547896-n
Q526727,P5063,i102755
Q1340386,P8814,12548074-n
Q1340386,P5063,i102756
Q311395,P8814,12552513-n
Q311395,P5063,i102776
Q157830,P8814,12553225-n
Q157830,P5063,i102779
Q861520,P8814,12554093-n
Q861520,P5063,i102783
Q148973,P8814,12554958-n
Q148973,P5063,i102787
Q133632,P8814,12555606-n
Q133632,P5063,i102790
Q310648,P8814,12556325-n
Q310648,P5063,i102794
Q1308636,P8814,12556960-n
Q1308636,P5063,i102797
Q16625423,P8814,12557942-n
Q16625423,P5063,i102802
Q1017395,P8814,12563154-n
Q1017395,P5063,i102825
Q1756340,P8814,12565151-n
Q1756340,P5063,i102834
Q3645698,P8814,12565595-n
Q3645698,P5063,i102836
Q589643,P8814,12571473-n
Q589643,P5063,i102864
Q2872596,P8814,12573819-n
Q2872596,P5063,i102874
Q1424322,P8814,12574747-n
Q1424322,P5063,i102878
Q1361402,P8814,12575574-n
Q1361402,P5063,i102882
Q9059394,P8814,12579407-n
Q9059394,P5063,i102901
Q2037012,P8814,12579807-n
Q2037012,P5063,i102903
Q388267,P8814,12582201-n
Q388267,P5063,i102915
Q5222889,P8814,12582925-n
Q5222889,P5063,i102918
Q2717831,P8814,12584072-n
Q2717831,P5063,i102924
Q3310331,P8814,12584418-n
Q3310331,P5063,i102926
Q2699268,P8814,12587821-n
Q2699268,P5063,i102941
Q309213,P8814,12590631-n
Q309213,P5063,i102954
Q14566707,P8814,12591699-n
Q14566707,P5063,i102958
Q1610712,P8814,12592526-n
Q1610712,P5063,i102962
Q2465131,P8814,12593583-n
Q2465131,P5063,i102968
Q732394,P8814,12594265-n
Q732394,P5063,i102972
Q147337,P8814,12595594-n
Q147337,P5063,i102979
Q132634,P8814,12597505-n
Q132634,P5063,i102989
Q2083913,P8814,12599990-n
Q2083913,P5063,i102997
Q7933846,P8814,12600341-n
Q7933846,P5063,i102999
Q261903,P8814,12600952-n
Q261903,P5063,i103002
Q1096533,P8814,12601978-n
Q1096533,P5063,i103008
Q3642755,P8814,12604277-n
Q3642755,P5063,i103015
Q157289,P8814,12604805-n
Q157289,P5063,i103018
Q142023,P8814,12605320-n
Q142023,P5063,i103021
Q141226,P8814,12605731-n
Q141226,P5063,i103023
Q137815,P8814,12608127-n
Q137815,P5063,i103036
Q13099531,P8814,12608447-n
Q13099531,P5063,i103038
Q135429,P8814,12608917-n
Q135429,P5063,i103041
Q87148432,P8814,12609750-n
Q87148432,P5063,i103045
Q7609983,P8814,12610878-n
Q7609983,P5063,i103051
Q132712,P8814,12611603-n
Q132712,P5063,i103056
Q312187,P8814,12612284-n
Q312187,P5063,i103060
Q16060743,P8814,12612658-n
Q16060743,P5063,i103062
Q10341267,P8814,12613112-n
Q10341267,P5063,i103064
Q132826,P8814,12617767-n
Q132826,P5063,i103089
Q16060807,P8814,12618094-n
Q16060807,P5063,i103091
Q142326,P8814,12618401-n
Q142326,P5063,i103093
Q1748235,P8814,12619170-n
Q1748235,P5063,i103097
Q923240,P8814,12621178-n
Q923240,P5063,i103106
Q156117,P8814,12621335-n
Q156117,P5063,i103107
Q271400,P8814,12621649-n
Q271400,P5063,i103108
Q7217716,P8814,12623611-n
Q7217716,P5063,i103117
Q157264,P8814,12624545-n
Q157264,P5063,i103122
Q131613,P8814,12626076-n
Q131613,P5063,i103129
Q157498,P8814,12627558-n
Q157498,P5063,i103138
Q156529,P8814,12627668-n
Q156529,P5063,i103139
Q147316,P8814,12627959-n
Q147316,P5063,i103140
Q13701399,P8814,12629208-n
Q13701399,P5063,i103145
Q131609,P8814,12629381-n
Q131609,P5063,i103146
Q131516,P8814,12629539-n
Q131516,P5063,i103147
Q131321,P8814,12629702-n
Q131321,P5063,i103148
Q725748,P8814,12630399-n
Q725748,P5063,i103151
Q1112837,P8814,12631694-n
Q1112837,P5063,i103158
Q2720121,P8814,12632004-n
Q2720121,P5063,i103159
Q156025,P8814,12632576-n
Q156025,P5063,i103162
Q157350,P8814,12632781-n
Q157350,P5063,i103163
Q156029,P8814,12633674-n
Q156029,P5063,i103169
Q643368,P8814,12634729-n
Q643368,P5063,i103174
Q164297,P8814,12635723-n
Q164297,P5063,i103180
Q156233,P8814,12636188-n
Q156233,P5063,i103183
Q163477,P8814,12637586-n
Q163477,P5063,i103189
Q862544,P8814,12637901-n
Q862544,P5063,i103191
Q2494235,P8814,12638500-n
Q2494235,P5063,i103194
Q21037,P8814,12639097-n
Q21037,P5063,i103197
Q21895,P8814,12639703-n
Q21895,P5063,i103200
Q46299,P8814,12640067-n
Q46299,P5063,i103201
Q264427,P8814,12643414-n
Q264427,P5063,i103217
Q157616,P8814,12645010-n
Q157616,P5063,i103225
Q2719919,P8814,12645634-n
Q2719919,P5063,i103229
Q13418162,P8814,12649633-n
Q13418162,P5063,i103247
Q123279,P8814,12649948-n
Q123279,P5063,i103249
Q2655434,P8814,12653636-n
Q2655434,P5063,i103268
Q148723,P8814,12656868-n
Q148723,P5063,i103283
Q1070845,P8814,12657191-n
Q1070845,P5063,i103285
Q7234870,P8814,12658080-n
Q7234870,P5063,i103289
Q2505501,P8814,12665225-n
Q2505501,P5063,i103324
Q14566635,P8814,12665474-n
Q14566635,P5063,i103325
Q2102991,P8814,12680491-n
Q2102991,P5063,i103401
Q156569,P8814,12680770-n
Q156569,P5063,i103402
Q5024620,P8814,12682634-n
Q5024620,P5063,i103410
Q2963804,P8814,12682984-n
Q2963804,P5063,i103412
Q3236710,P8814,12689125-n
Q3236710,P5063,i103442
Q2719941,P8814,12689493-n
Q2719941,P5063,i103444
Q9059889,P8814,12689918-n
Q9059889,P5063,i103446
Q904250,P8814,12690402-n
Q904250,P5063,i103448
Q2473658,P8814,12691319-n
Q2473658,P5063,i103453
Q156301,P8814,12691918-n
Q156301,P5063,i103456
Q158261,P8814,12692290-n
Q158261,P5063,i103457
Q2697991,P8814,12692659-n
Q2697991,P5063,i103459
Q139038,P8814,12693604-n
Q139038,P5063,i103464
Q5114721,P8814,12693939-n
Q5114721,P5063,i103466
Q3312339,P8814,12700473-n
Q3312339,P5063,i103497
Q156665,P8814,12702815-n
Q156665,P5063,i103508
Q14272,P8814,12705401-n
Q14272,P5063,i103521
Q155945,P8814,12705975-n
Q155945,P5063,i103522
Q162920,P8814,12709287-n
Q162920,P5063,i103538
Q157231,P8814,12710402-n
Q157231,P5063,i103543
Q158138,P8814,12710569-n
Q158138,P5063,i103544
Q161237,P8814,12711149-n
Q161237,P5063,i103547
Q1648255,P8814,12713084-n
Q1648255,P5063,i103556
Q2261600,P8814,12713794-n
Q2261600,P5063,i103560
Q2703020,P8814,12714351-n
Q2703020,P5063,i103564
Q156846,P8814,12714495-n
Q156846,P5063,i103565
Q768283,P8814,12714954-n
Q768283,P5063,i103568
Q158979,P8814,12715468-n
Q158979,P5063,i103571
Q2703639,P8814,12716521-n
Q2703639,P5063,i103574
Q162792,P8814,12717782-n
Q162792,P5063,i103579
Q13055458,P8814,12718121-n
Q13055458,P5063,i103581
Q133937,P8814,12718643-n
Q133937,P5063,i103584
Q134051,P8814,12719665-n
Q134051,P5063,i103590
Q11983219,P8814,12719917-n
Q11983219,P5063,i103592
Q133418,P8814,12720538-n
Q133418,P5063,i103596
Q2697430,P8814,12720979-n
Q2697430,P5063,i103599
Q2235097,P8814,12721591-n
Q2235097,P5063,i103603
Q132073,P8814,12721938-n
Q132073,P5063,i103605
Q9284783,P8814,12722661-n
Q9284783,P5063,i103608
Q156360,P8814,12725396-n
Q156360,P5063,i103622
Q146030,P8814,12727404-n
Q146030,P5063,i103631
Q165250,P8814,12727800-n
Q165250,P5063,i103632
Q21396652,P8814,12732909-n
Q21396652,P5063,i103655
Q2643074,P8814,12733248-n
Q2643074,P5063,i103657
Q106090,P8814,12733580-n
Q106090,P5063,i103659
Q147050,P8814,12735310-n
Q147050,P5063,i103667
Q156679,P8814,12736329-n
Q156679,P5063,i103672
Q3308399,P8814,12736926-n
Q3308399,P5063,i103674
Q2293602,P8814,12738674-n
Q2293602,P5063,i103682
Q163937,P8814,12740037-n
Q163937,P5063,i103689
Q158271,P8814,12740215-n
Q158271,P5063,i103690
Q155982,P8814,12741292-n
Q155982,P5063,i103695
Q245426,P8814,12741653-n
Q245426,P5063,i103696
Q1949708,P8814,12742117-n
Q1949708,P5063,i103698
Q2521134,P8814,12743644-n
Q2521134,P5063,i103706
Q1017217,P8814,12744206-n
Q1017217,P5063,i103709
Q158487,P8814,12744745-n
Q158487,P5063,i103712
Q36050,P8814,12744961-n
Q36050,P5063,i103713
Q25356,P8814,12751962-n
Q25356,P5063,i103744
Q21851,P8814,12755206-n
Q21851,P5063,i103760
Q327639,P8814,12755482-n
Q327639,P5063,i103761
Q5150546,P8814,12756824-n
Q5150546,P5063,i103767
Q87151592,P8814,12757215-n
Q87151592,P5063,i103769
Q156691,P8814,12758143-n
Q156691,P5063,i103774
Q163517,P8814,12758505-n
Q163517,P5063,i103775
Q15102057,P8814,12759240-n
Q15102057,P5063,i103779
Q145544,P8814,12759619-n
Q145544,P5063,i103781
Q144322,P8814,12760355-n
Q144322,P5063,i103784
Q26316,P8814,12760956-n
Q26316,P5063,i103787
Q27147,P8814,12761274-n
Q27147,P5063,i103788
Q1021709,P8814,12762801-n
Q1021709,P5063,i103795
Q2702934,P8814,12763306-n
Q2702934,P5063,i103797
Q655597,P8814,12765037-n
Q655597,P5063,i103807
Q2697447,P8814,12765920-n
Q2697447,P5063,i103811
Q156680,P8814,12766548-n
Q156680,P5063,i103814
Q135336,P8814,12768323-n
Q135336,P5063,i103823
Q811662,P8814,12768721-n
Q811662,P5063,i103825
Q1227342,P8814,12776819-n
Q1227342,P5063,i103864
Q156589,P8814,12779399-n
Q156589,P5063,i103882
Q11690375,P8814,12781482-n
Q11690375,P5063,i103891
Q35987,P8814,12782231-n
Q35987,P5063,i103895
Q10360410,P8814,12783005-n
Q10360410,P5063,i103899
Q786249,P8814,12785463-n
Q786249,P5063,i103910
Q311460,P8814,12786439-n
Q311460,P5063,i103914
Q1777115,P8814,12787001-n
Q1777115,P5063,i103917
Q635009,P8814,12788711-n
Q635009,P5063,i103923
Q158752,P8814,12788937-n
Q158752,P5063,i103924
Q157386,P8814,12790190-n
Q157386,P5063,i103932
Q165258,P8814,12791037-n
Q165258,P5063,i103936
Q158981,P8814,12792841-n
Q158981,P5063,i103945
Q14566630,P8814,12793179-n
Q14566630,P5063,i103946
Q59922303,P8814,12793317-n
Q59922303,P5063,i103947
Q87145833,P8814,12794094-n
Q87145833,P5063,i103951
Q2105812,P8814,12794248-n
Q2105812,P5063,i103952
Q309947,P8814,12794887-n
Q309947,P5063,i103955
Q160364,P8814,12795651-n
Q160364,P5063,i103959
Q598477,P8814,12795985-n
Q598477,P5063,i103961
Q588797,P8814,12796972-n
Q588797,P5063,i103966
Q133714,P8814,12797151-n
Q133714,P5063,i103967
Q14914658,P8814,12799686-n
Q14914658,P5063,i103981
Q15582088,P8814,12801612-n
Q15582088,P5063,i103989
Q1758059,P8814,12802001-n
Q1758059,P5063,i103991
Q217530,P8814,12802574-n
Q217530,P5063,i103994
Q156185,P8814,12802868-n
Q156185,P5063,i103996
Q12311673,P8814,12803534-n
Q12311673,P5063,i103999
Q13107254,P8814,12804361-n
Q13107254,P5063,i104003
Q2946333,P8814,12805303-n
Q2946333,P5063,i104008
Q2181577,P8814,12805498-n
Q2181577,P5063,i104009
Q155938,P8814,12805870-n
Q155938,P5063,i104011
Q158253,P8814,12806072-n
Q158253,P5063,i104012
Q156609,P8814,12808325-n
Q156609,P5063,i104024
Q5045752,P8814,12810159-n
Q5045752,P5063,i104032
Q3932024,P8814,12810527-n
Q3932024,P5063,i104034
Q3310749,P8814,12812299-n
Q3310749,P5063,i104042
Q2543932,P8814,12812801-n
Q2543932,P5063,i104044
Q143754,P8814,12816952-n
Q143754,P5063,i104061
Q157593,P8814,12817377-n
Q157593,P5063,i104063
Q13099524,P8814,12817973-n
Q13099524,P5063,i104066
Q17442513,P8814,12818453-n
Q17442513,P5063,i104068
Q13390024,P8814,12819879-n
Q13390024,P5063,i104075
Q13390019,P8814,12823747-n
Q13390019,P5063,i104091
Q15704941,P8814,12824976-n
Q15704941,P5063,i104096
Q41387,P8814,12825381-n
Q41387,P5063,i104098
Q171425,P8814,12827030-n
Q171425,P5063,i104106
Q157168,P8814,12829693-n
Q157168,P5063,i104117
Q2713077,P8814,12832054-n
Q2713077,P5063,i104128
Q53475,P8814,12832616-n
Q53475,P5063,i104131
Q1936027,P8814,12833425-n
Q1936027,P5063,i104135
Q162036,P8814,12833784-n
Q162036,P5063,i104137
Q213453,P8814,12834153-n
Q213453,P5063,i104139
Q158072,P8814,12835177-n
Q158072,P5063,i104144
Q16744460,P8814,12835820-n
Q16744460,P5063,i104148
Q1321860,P8814,12836194-n
Q1321860,P5063,i104150
Q26568,P8814,12836685-n
Q26568,P5063,i104153
Q149122,P8814,12837119-n
Q149122,P5063,i104154
Q2354690,P8814,12837513-n
Q2354690,P5063,i104156
Q716132,P8814,12838907-n
Q716132,P5063,i104164
Q157711,P8814,12840320-n
Q157711,P5063,i104171
Q5222530,P8814,12840713-n
Q5222530,P5063,i104173
Q765547,P8814,12842017-n
Q765547,P5063,i104180
Q9052508,P8814,12843044-n
Q9052508,P5063,i104185
Q145777,P8814,12843924-n
Q145777,P5063,i104190
Q161173,P8814,12847155-n
Q161173,P5063,i104206
Q156686,P8814,12849859-n
Q156686,P5063,i104220
Q590832,P8814,12851734-n
Q590832,P5063,i104229
Q159407,P8814,12854101-n
Q159407,P5063,i104242
Q3053009,P8814,12855956-n
Q3053009,P5063,i104251
Q147134,P8814,12856338-n
Q147134,P5063,i104253
Q7187096,P8814,12858403-n
Q7187096,P5063,i104264
Q53476,P8814,12858787-n
Q53476,P5063,i104266
Q158853,P8814,12862446-n
Q158853,P5063,i104281
Q164026,P8814,12864604-n
Q164026,P5063,i104292
Q17114803,P8814,12865457-n
Q17114803,P5063,i104296
Q161675,P8814,12867629-n
Q161675,P5063,i104306
Q604345,P8814,12868014-n
Q604345,P5063,i104308
Q3776462,P8814,12868509-n
Q3776462,P5063,i104310
Q146675,P8814,12869630-n
Q146675,P5063,i104316
Q952840,P8814,12871478-n
Q952840,P5063,i104326
Q2836393,P8814,12872433-n
Q2836393,P5063,i104331
Q10323229,P8814,12873690-n
Q10323229,P5063,i104338
Q920402,P8814,12875203-n
Q920402,P5063,i104346
Q2916241,P8814,12878354-n
Q2916241,P5063,i104362
Q5223309,P8814,12880248-n
Q5223309,P5063,i104372
Q303820,P8814,12880633-n
Q303820,P5063,i104374
Q7168518,P8814,12881602-n
Q7168518,P5063,i104379
Q2702592,P8814,12882511-n
Q2702592,P5063,i104384
Q855490,P8814,12883408-n
Q855490,P5063,i104389
Q148652,P8814,12883786-n
Q148652,P5063,i104391
Q157151,P8814,12885123-n
Q157151,P5063,i104398
Q431310,P8814,12889008-n
Q431310,P5063,i104419
Q156294,P8814,12889394-n
Q156294,P5063,i104421
Q131224,P8814,12891152-n
Q131224,P5063,i104430
Q161952,P8814,12892752-n
Q161952,P5063,i104439
Q53477,P8814,12894406-n
Q53477,P5063,i104446
Q156192,P8814,12894991-n
Q156192,P5063,i104449
Q161187,P8814,12895189-n
Q161187,P5063,i104450
Q47334,P8814,12895402-n
Q47334,P5063,i104451
Q137309,P8814,12895756-n
Q137309,P5063,i104453
Q53473,P8814,12896792-n
Q53473,P5063,i104458
Q7217568,P8814,12898779-n
Q7217568,P5063,i104466
Q311122,P8814,12900479-n
Q311122,P5063,i104474
Q1828247,P8814,12902189-n
Q1828247,P5063,i104482
Q4108065,P8814,12903081-n
Q4108065,P5063,i104486
Q4691145,P8814,12904493-n
Q4691145,P5063,i104493
Q809265,P8814,12905283-n
Q809265,P5063,i104497
Q146555,P8814,12913854-n
Q146555,P5063,i104532
Q1364444,P8814,12923057-n
Q1364444,P5063,i104570
Q14944340,P8814,12923647-n
Q14944340,P5063,i104573
Q286158,P8814,12924554-n
Q286158,P5063,i104578
Q158510,P8814,12924908-n
Q158510,P5063,i104580
Q3268411,P8814,12925480-n
Q3268411,P5063,i104583
Q12339542,P8814,12926415-n
Q12339542,P5063,i104587
Q3339559,P8814,12927686-n
Q3339559,P5063,i104594
Q158663,P8814,12930901-n
Q158663,P5063,i104611
Q1431469,P8814,12934112-n
Q1431469,P5063,i104627
Q136929,P8814,12934405-n
Q136929,P5063,i104629
Q3500355,P8814,12934808-n
Q3500355,P5063,i104631
Q156960,P8814,12935193-n
Q156960,P5063,i104633
Q132645,P8814,12935990-n
Q132645,P5063,i104637
Q664810,P8814,12936160-n
Q664810,P5063,i104638
Q4687573,P8814,12936785-n
Q4687573,P5063,i104641
Q156584,P8814,12937695-n
Q156584,P5063,i104646
Q157606,P8814,12944599-n
Q157606,P5063,i104677
Q9069137,P8814,12945212-n
Q9069137,P5063,i104680
Q2711979,P8814,12945744-n
Q2711979,P5063,i104682
Q152986,P8814,12946154-n
Q152986,P5063,i104684
Q10347160,P8814,12948681-n
Q10347160,P5063,i104696
Q5220377,P8814,12949450-n
Q5220377,P5063,i104700
Q156574,P8814,12949821-n
Q156574,P5063,i104702
Q2274537,P8814,12951869-n
Q2274537,P5063,i104710
Q2542121,P8814,12952209-n
Q2542121,P5063,i104712
Q745445,P8814,12953292-n
Q745445,P5063,i104718
Q2284228,P8814,12953924-n
Q2284228,P5063,i104721
Q149079,P8814,12955128-n
Q149079,P5063,i104728
Q6491516,P8814,12956217-n
Q6491516,P5063,i104734
Q2511981,P8814,12957473-n
Q2511981,P5063,i104740
Q27030,P8814,12959657-n
Q27030,P5063,i104751
Q327106,P8814,12960424-n
Q327106,P5063,i104755
Q2701345,P8814,12960820-n
Q2701345,P5063,i104757
Q2737226,P8814,12961538-n
Q2737226,P5063,i104761
Q310933,P8814,12963030-n
Q310933,P5063,i104769
Q588740,P8814,12963690-n
Q588740,P5063,i104773
Q592341,P8814,12964998-n
Q592341,P5063,i104780
Q4361719,P8814,12965350-n
Q4361719,P5063,i104782
Q943721,P8814,12965720-n
Q943721,P5063,i104784
Q161403,P8814,12966848-n
Q161403,P5063,i104790
Q162931,P8814,12967192-n
Q162931,P5063,i104791
Q284644,P8814,12969609-n
Q284644,P5063,i104803
Q135212,P8814,12969738-n
Q135212,P5063,i104804
Q156682,P8814,12970482-n
Q156682,P5063,i104808
Q159559,P8814,12970715-n
Q159559,P5063,i104809
Q161504,P8814,12971261-n
Q161504,P5063,i104812
Q543142,P8814,12971744-n
Q543142,P5063,i104815
Q1066700,P8814,12972225-n
Q1066700,P5063,i104818
Q2704784,P8814,12972782-n
Q2704784,P5063,i104821
Q843318,P8814,12973612-n
Q843318,P5063,i104826
Q1427328,P8814,12973839-n
Q1427328,P5063,i104827
Q3978390,P8814,12975394-n
Q3978390,P5063,i104834
Q7431556,P8814,12975738-n
Q7431556,P5063,i104836
Q3353348,P8814,12976399-n
Q3353348,P5063,i104839
Q2491168,P8814,12976789-n
Q2491168,P5063,i104841
Q6894349,P8814,12977551-n
Q6894349,P5063,i104845
Q1115420,P8814,12978058-n
Q1115420,P5063,i104848
Q2363141,P8814,12978227-n
Q2363141,P5063,i104849
Q1813370,P8814,12978900-n
Q1813370,P5063,i104853
Q867194,P8814,12979532-n
Q867194,P5063,i104857
Q836341,P8814,12979681-n
Q836341,P5063,i104858
Q19384228,P8814,12979986-n
Q19384228,P5063,i104860
Q1128633,P8814,12980131-n
Q1128633,P5063,i104861
Q767431,P8814,12980562-n
Q767431,P5063,i104863
Q740217,P8814,12980727-n
Q740217,P5063,i104864
Q934008,P8814,12983900-n
Q934008,P5063,i104884
Q1755354,P8814,12984067-n
Q1755354,P5063,i104885
Q5396379,P8814,12984254-n
Q5396379,P5063,i104886
Q143039,P8814,12984556-n
Q143039,P5063,i104888
Q4429008,P8814,12984890-n
Q4429008,P5063,i104889
Q309943,P8814,12985081-n
Q309943,P5063,i104890
Q3144255,P8814,12985969-n
Q3144255,P5063,i104895
Q1755367,P8814,12987146-n
Q1755367,P5063,i104902
Q1625602,P8814,12987341-n
Q1625602,P5063,i104903
Q134490,P8814,12988041-n
Q134490,P5063,i104907
Q5709958,P8814,12988416-n
Q5709958,P5063,i104909
Q2292808,P8814,12988536-n
Q2292808,P5063,i104910
Q10706187,P8814,12991139-n
Q10706187,P5063,i104923
Q1339567,P8814,12991917-n
Q1339567,P5063,i104927
Q874176,P8814,12992384-n
Q874176,P5063,i104929
Q3543148,P8814,12993389-n
Q3543148,P5063,i104934
Q141280,P8814,12993578-n
Q141280,P5063,i104935
Q3268436,P8814,12993726-n
Q3268436,P5063,i104936
Q1257561,P8814,12995046-n
Q1257561,P5063,i104943
Q4532109,P8814,12995217-n
Q4532109,P5063,i104944
Q4532108,P8814,12995422-n
Q4532108,P5063,i104945
Q19830063,P8814,12996368-n
Q19830063,P5063,i104949
Q17146891,P8814,12997149-n
Q17146891,P5063,i104953
Q21445833,P8814,12998056-n
Q21445833,P5063,i104957
Q1137709,P8814,12998325-n
Q1137709,P5063,i104958
Q10452650,P8814,12998992-n
Q10452650,P5063,i104961
Q882055,P8814,12999141-n
Q882055,P5063,i104962
Q10431050,P8814,12999414-n
Q10431050,P5063,i104963
Q9174248,P8814,12999586-n
Q9174248,P5063,i104964
Q10687374,P8814,12999729-n
Q10687374,P5063,i104965
Q10687375,P8814,12999889-n
Q10687375,P5063,i104966
Q134922,P8814,13000390-n
Q134922,P5063,i104969
Q1650703,P8814,13001412-n
Q1650703,P5063,i104974
Q1956444,P8814,13002355-n
Q1956444,P5063,i104979
Q4749920,P8814,13002551-n
Q4749920,P5063,i104980
Q3926088,P8814,13002863-n
Q3926088,P5063,i104982
Q15241144,P8814,13003977-n
Q15241144,P5063,i104989
Q724130,P8814,13004164-n
Q724130,P5063,i104990
Q2466809,P8814,13006844-n
Q2466809,P5063,i105007
Q159023,P8814,13007097-n
Q159023,P5063,i105009
Q6543292,P8814,13007618-n
Q6543292,P5063,i105011
Q133589,P8814,13008412-n
Q133589,P5063,i105015
Q615824,P8814,13008594-n
Q615824,P5063,i105016
Q3052493,P8814,13009463-n
Q3052493,P5063,i105021
Q7353702,P8814,13009618-n
Q7353702,P5063,i105022
Q111721087,P8814,13010222-n
Q111721087,P5063,i105026
Q121799,P8814,13010499-n
Q121799,P5063,i105027
Q3442095,P8814,13011167-n
Q3442095,P5063,i105031
Q2573345,P8814,13012248-n
Q2573345,P5063,i105036
Q21004311,P8814,13018890-n
Q21004311,P5063,i105057
Q2033960,P8814,13022503-n
Q2033960,P5063,i105067
Q213938,P8814,13023193-n
Q213938,P5063,i105070
Q922335,P8814,13024920-n
Q922335,P5063,i105080
Q2521208,P8814,13025926-n
Q2521208,P5063,i105085
Q289890,P8814,13026328-n
Q289890,P5063,i105087
Q1520016,P8814,13027501-n
Q1520016,P5063,i105093
Q852065,P8814,13027955-n
Q852065,P5063,i105096
Q584812,P8814,13028530-n
Q584812,P5063,i105099
Q216110,P8814,13030540-n
Q216110,P5063,i105109
Q831743,P8814,13030824-n
Q831743,P5063,i105110
Q1362608,P8814,13030979-n
Q1362608,P5063,i105111
Q2099,P8814,13032790-n
Q2099,P5063,i105120
Q10557717,P8814,13033373-n
Q10557717,P5063,i105123
Q604880,P8814,13033595-n
Q604880,P5063,i105124
Q3041757,P8814,13035800-n
Q3041757,P5063,i105136
Q2998103,P8814,13035989-n
Q2998103,P5063,i105137
Q105187047,P8814,13036586-n
Q105187047,P5063,i105140
Q10716674,P8814,13039509-n
Q10716674,P5063,i105155
Q1199784,P8814,13039777-n
Q1199784,P5063,i105157
Q1156750,P8814,13039962-n
Q1156750,P5063,i105158
Q1765838,P8814,13042838-n
Q1765838,P5063,i105172
Q2303475,P8814,13044543-n
Q2303475,P5063,i105179
Q1069627,P8814,13045523-n
Q1069627,P5063,i105184
Q5147886,P8814,13045727-n
Q5147886,P5063,i105185
Q1146293,P8814,13046181-n
Q1146293,P5063,i105187
Q1317935,P8814,13047099-n
Q1317935,P5063,i105192
Q132180,P8814,13047289-n
Q132180,P5063,i105193
Q135266,P8814,13047523-n
Q135266,P5063,i105194
Q10491525,P8814,13047809-n
Q10491525,P5063,i105195
Q33373960,P8814,13047950-n
Q33373960,P5063,i105196
Q335130,P8814,13048135-n
Q335130,P5063,i105197
Q7783988,P8814,13048430-n
Q7783988,P5063,i105199
Q133607,P8814,13048830-n
Q133607,P5063,i105201
Q660555,P8814,13050706-n
Q660555,P5063,i105209
Q656782,P8814,13052450-n
Q656782,P5063,i105219
Q4111634,P8814,13055191-n
Q4111634,P5063,i105231
Q2453095,P8814,13055713-n
Q2453095,P5063,i105234
Q5281455,P8814,13057352-n
Q5281455,P5063,i105242
Q580989,P8814,13057884-n
Q580989,P5063,i105245
Q811147,P8814,13059704-n
Q811147,P5063,i105253
Q21220172,P8814,13061731-n
Q21220172,P5063,i105261
Q1637675,P8814,13061932-n
Q1637675,P5063,i105262
Q9184296,P8814,13062485-n
Q9184296,P5063,i105265
Q27990016,P8814,13063274-n
Q27990016,P5063,i105269
Q913940,P8814,13063454-n
Q913940,P5063,i105270
Q3268477,P8814,13064024-n
Q3268477,P5063,i105273
Q1335970,P8814,13064506-n
Q1335970,P5063,i105275
Q1549736,P8814,13064909-n
Q1549736,P5063,i105277
Q3100041,P8814,13065301-n
Q3100041,P5063,i105279
Q10420904,P8814,13066594-n
Q10420904,P5063,i105285
Q123439032,P8814,13067045-n
Q123439032,P5063,i105288
Q76854,P8814,13067272-n
Q76854,P5063,i105289
Q1316092,P8814,13067647-n
Q1316092,P5063,i105291
Q31270304,P8814,13067771-n
Q31270304,P5063,i105292
Q62749439,P8814,13068466-n
Q62749439,P5063,i105295
Q10573574,P8814,13068972-n
Q10573574,P5063,i105297
Q1939318,P8814,13069426-n
Q1939318,P5063,i105299
Q2858281,P8814,13070045-n
Q2858281,P5063,i105302
Q1073187,P8814,13071315-n
Q1073187,P5063,i105306
Q80595,P8814,13072626-n
Q80595,P5063,i105313
Q1548736,P8814,13073191-n
Q1548736,P5063,i105316
Q931058,P8814,13073947-n
Q931058,P5063,i105319
Q3010372,P8814,13074210-n
Q3010372,P5063,i105320
Q2524023,P8814,13074576-n
Q2524023,P5063,i105322
Q57418268,P8814,13078605-n
Q57418268,P5063,i105339
Q1831149,P8814,13079556-n
Q1831149,P5063,i105344
Q1338220,P8814,13079899-n
Q1338220,P5063,i105346
Q206636,P8814,13081211-n
Q206636,P5063,i105353
Q557221,P8814,13081449-n
Q557221,P5063,i105354
Q206627,P8814,13081672-n
Q206627,P5063,i105355
Q892462,P8814,13082681-n
Q892462,P5063,i105360
Q1633488,P8814,13083032-n
Q1633488,P5063,i105362
Q10657222,P8814,13083806-n
Q10657222,P5063,i105366
Q10580133,P8814,13084544-n
Q10580133,P5063,i105370
Q3272185,P8814,13085975-n
Q3272185,P5063,i105378
Q10692511,P8814,13086462-n
Q10692511,P5063,i105380
Q594740,P8814,13086662-n
Q594740,P5063,i105381
Q3233983,P8814,13087391-n
Q3233983,P5063,i105384
Q2361375,P8814,13087563-n
Q2361375,P5063,i105385
Q626766,P8814,13088833-n
Q626766,P5063,i105392
Q7900813,P8814,13089325-n
Q7900813,P5063,i105395
Q10665828,P8814,13090108-n
Q10665828,P5063,i105399
Q520530,P8814,13091468-n
Q520530,P5063,i105404
Q622043,P8814,13091789-n
Q622043,P5063,i105406
Q62523353,P8814,13093971-n
Q62523353,P5063,i105417
Q5235841,P8814,13094286-n
Q5235841,P5063,i105419
Q1498027,P8814,13096941-n
Q1498027,P5063,i105432
Q21229502,P8814,13098893-n
Q21229502,P5063,i105441
Q310925,P8814,13099243-n
Q310925,P5063,i105442
Q639799,P8814,13099412-n
Q639799,P5063,i105443
Q3320779,P8814,13099569-n
Q3320779,P5063,i105444
Q10446583,P8814,13100535-n
Q10446583,P5063,i105449
Q843136,P8814,13100713-n
Q843136,P5063,i105450
Q10431073,P8814,13100934-n
Q10431073,P5063,i105451
Q16628379,P8814,13101231-n
Q16628379,P5063,i105453
Q2066868,P8814,13101434-n
Q2066868,P5063,i105454
Q2119178,P8814,13102129-n
Q2119178,P5063,i105458
Q131672,P8814,13102538-n
Q131672,P5063,i105460
Q2716477,P8814,13103053-n
Q2716477,P5063,i105463
Q10614405,P8814,13103471-n
Q10614405,P5063,i105465
Q3952473,P8814,13103589-n
Q3952473,P5063,i105466
Q156083,P8814,13161476-n
Q156083,P5063,i105702
Q141273,P8814,13164403-n
Q141273,P5063,i105717
Q191019,P8814,13165288-n
Q191019,P5063,i105722
Q157587,P8814,13168802-n
Q157587,P5063,i105742
Q27287,P8814,13169385-n
Q27287,P5063,i105745
Q156522,P8814,13169574-n
Q156522,P5063,i105746
Q157072,P8814,13172345-n
Q157072,P5063,i105760
Q18200394,P8814,13172980-n
Q18200394,P5063,i105763
Q162194,P8814,13173369-n
Q162194,P5063,i105765
Q21026831,P8814,13190117-n
Q21026831,P5063,i105864
Q834805,P8814,13190572-n
Q834805,P5063,i105865
Q2264971,P8814,13190958-n
Q2264971,P5063,i105866
Q429586,P8814,13191184-n
Q429586,P5063,i105867
Q19385821,P8814,13192345-n
Q19385821,P5063,i105873
Q849350,P8814,13193005-n
Q849350,P5063,i105877
Q4692851,P8814,13195104-n
Q4692851,P5063,i105885
Q4566572,P8814,13195413-n
Q4566572,P5063,i105887
Q5814402,P8814,13196222-n
Q5814402,P5063,i105891
Q3020925,P8814,13196382-n
Q3020925,P5063,i105892
Q1803403,P8814,13197099-n
Q1803403,P5063,i105896
Q87298442,P8814,13197421-n
Q87298442,P5063,i105898
Q2618227,P8814,13197771-n
Q2618227,P5063,i105900
Q4250979,P8814,13199005-n
Q4250979,P5063,i105906
Q17188414,P8814,13199398-n
Q17188414,P5063,i105908
Q17186486,P8814,13199781-n
Q17186486,P5063,i105910
Q3735428,P8814,13200114-n
Q3735428,P5063,i105912
Q19387804,P8814,13200308-n
Q19387804,P5063,i105913
Q1137402,P8814,13200870-n
Q1137402,P5063,i105916
Q5347305,P8814,13201202-n
Q5347305,P5063,i105917
Q12840797,P8814,13202514-n
Q12840797,P5063,i105923
Q1968640,P8814,13204149-n
Q1968640,P5063,i105933
Q17278592,P8814,13204567-n
Q17278592,P5063,i105935
Q17166649,P8814,13204772-n
Q17166649,P5063,i105936
Q17166671,P8814,13205062-n
Q17166671,P5063,i105938
Q932153,P8814,13205390-n
Q932153,P5063,i105940
Q3424741,P8814,13206718-n
Q3424741,P5063,i105946
Q732221,P8814,13207098-n
Q732221,P5063,i105948
Q138772,P8814,13208502-n
Q138772,P5063,i105955
Q358326,P8814,13209871-n
Q358326,P5063,i105962
Q1802726,P8814,13210120-n
Q1802726,P5063,i105963
Q133239,P8814,13211367-n
Q133239,P5063,i105969
Q138838,P8814,13211815-n
Q138838,P5063,i105971
Q143760,P8814,13212216-n
Q143760,P5063,i105973
Q1335106,P8814,13213796-n
Q1335106,P5063,i105979
Q881825,P8814,13216445-n
Q881825,P5063,i105993
Q8767703,P8814,13217840-n
Q8767703,P5063,i106000
Q6494975,P8814,13218568-n
Q6494975,P5063,i106004
Q304969,P8814,13218698-n
Q304969,P5063,i106005
Q17167662,P8814,13219252-n
Q17167662,P5063,i106007
Q5590498,P8814,13219626-n
Q5590498,P5063,i106009
Q608099,P8814,13220343-n
Q608099,P5063,i106012
Q7379335,P8814,13221704-n
Q7379335,P5063,i106019
Q7692798,P8814,13222137-n
Q7692798,P5063,i106021
Q138776,P8814,13223647-n
Q138776,P5063,i106029
Q1339138,P8814,13223831-n
Q1339138,P5063,i106030
Q9023570,P8814,13224013-n
Q9023570,P5063,i106031
Q33137959,P8814,13224149-n
Q33137959,P5063,i106032
Q11986775,P8814,13224303-n
Q11986775,P5063,i106033
Q769399,P8814,13224449-n
Q769399,P5063,i106034
Q87293338,P8814,13224606-n
Q87293338,P5063,i106035
Q15474808,P8814,13224740-n
Q15474808,P5063,i106036
Q4797690,P8814,13225380-n
Q4797690,P5063,i106039
Q178400,P8814,13226899-n
Q178400,P5063,i106045
Q673823,P8814,13227482-n
Q673823,P5063,i106048
Q2628740,P8814,13229366-n
Q2628740,P5063,i106057
Q9297166,P8814,13230545-n
Q9297166,P5063,i106063
Q2121229,P8814,13230904-n
Q2121229,P5063,i106065
Q2472635,P8814,13232077-n
Q2472635,P5063,i106071
Q2572537,P8814,13232203-n
Q2572537,P5063,i106072
Q654247,P8814,13232414-n
Q654247,P5063,i106073
Q2637071,P8814,13233649-n
Q2637071,P5063,i106079
Q15708883,P8814,13235543-n
Q15708883,P5063,i106089
Q6755059,P8814,13235961-n
Q6755059,P5063,i106091
Q5214890,P8814,13236697-n
Q5214890,P5063,i106095
Q99233195,P8814,13236834-n
Q99233195,P5063,i106096
Q500230,P8814,13237373-n
Q500230,P5063,i106098
Q139732,P8814,13237571-n
Q139732,P5063,i106099
Q35134940,P8814,13238111-n
Q35134940,P5063,i106102
Q35145312,P8814,13238522-n
Q35145312,P5063,i106104
Q116724894,P8814,13239012-n
Q116724894,P5063,i106107
Q18645387,P8814,13239179-n
Q18645387,P5063,i106108
Q18643199,P8814,13239402-n
Q18643199,P5063,i106109
Q5384600,P8814,13239620-n
Q5384600,P5063,i106110
Q517643,P8814,13239965-n
Q517643,P5063,i106112
Q1149748,P8814,13241740-n
Q1149748,P5063,i106121
Q2577942,P8814,13243125-n
Q2577942,P5063,i106127
Q624488,P8814,13243567-n
Q624488,P5063,i106129
Q7062996,P8814,13244984-n
Q7062996,P5063,i106138
Q2716448,P8814,13245154-n
Q2716448,P5063,i106139
Q7170041,P8814,13246627-n
Q7170041,P5063,i106147
Q12840695,P8814,13246853-n
Q12840695,P5063,i106148
Q1349611,P8814,13247424-n
Q1349611,P5063,i106151
Q5199019,P8814,13249590-n
Q5199019,P5063,i106162
Q17195659,P8814,13249765-n
Q17195659,P5063,i106163
Q17197780,P8814,13250125-n
Q17197780,P5063,i106165
Q17195704,P8814,13250645-n
Q17195704,P5063,i106168
Q2698282,P8814,13251319-n
Q2698282,P5063,i106171
Q952036,P8814,13252334-n
Q952036,P5063,i106176
Q61653739,P8814,13253413-n
Q61653739,P5063,i106181
Q156689,P8814,13253910-n
Q156689,P5063,i106183
Q148954,P8814,13256845-n
Q148954,P5063,i106197
Q285262,P8814,13257252-n
Q285262,P5063,i106199
Q811624,P8814,13258241-n
Q811624,P5063,i106205
Q1117141,P8814,13258686-n
Q1117141,P5063,i106207
Q158135,P8814,13260369-n
Q158135,P5063,i106215
